date|source|issue_title|related_content|keywords|description|source_url|image_url
2026-10-05|YouTube 반응|돈과 동료 사이에서 무너진 동키 관련 YouTube 화제 영상|돈과 동료 사이에서 무너진 동키|영화,웨이브,공식채널,wavve,돈과,동료,사이에서,무너진,동키,커뮤니티2,바로,보기,https,site,naver,com|'돈과 동료 사이에서 무너진 동키' 영상이 공개 4일 기준 조회수 921,969회, 좋아요 2,460개, 댓글 585개를 기록. 일평균 조회수 약 230,492회. 채널: wavve 웨이브. 수집 경로: 공식채널:wavve. 영상 유형: 일반 영상.|https://www.youtube.com/watch?v=IVNE4qIccWI|https://i.ytimg.com/vi/IVNE4qIccWI/hqdefault.jpg
2026-10-05|YouTube 반응|아씨를 잃고 울던 몸종, 대문 밖에서 기다린 남자 #스캔들 관련 YouTube 화제 영상|아씨를 잃고 울던 몸종, 대문 밖에서 기다린 남자 #스캔들|드라마,넷플릭스,해석,결말,검색,아씨를,잃고,울던,몸종,대문,밖에서,기다린,남자,스캔들,무비두밥,은실|'아씨를 잃고 울던 몸종, 대문 밖에서 기다린 남자 #스캔들' 영상이 공개 6일 기준 조회수 1,831,788회, 좋아요 6,929개, 댓글 185개를 기록. 일평균 조회수 약 305,298회. 채널: 무비두밥. 수집 경로: 검색:드라마 결말 해석. 영상 유형: 일반 영상.|https://www.youtube.com/watch?v=Yf42_FA9zJM|https://i.ytimg.com/vi/Yf42_FA9zJM/hqdefault.jpg
2026-10-05|YouTube 반응|우리 임직원들이 화가 많이 났어요 관련 YouTube 화제 영상|우리 임직원들이 화가 많이 났어요|예능,넷플릭스,공개,공식채널,우리,임직원들이,화가,많이,났어요,대환장,기안장,시즌2,주인장답지,않던,기안84,연경이|"'우리 임직원들이 화가 많이 났어요 | 대환장 기안장 시즌2 | 넷플릭스' 영상이 공개 2일 기준 조회수 416,988회, 좋아요 4,987개, 댓글 423개를 기록. 일평균 조회수 약 208,494회. 채널: Netflix Korea 넷플릭스 코리아. 수집 경로: 공식채널:Netflix Korea. 영상 유형: 일반 영상."|https://www.youtube.com/watch?v=0M8B8WKTwvI|https://i.ytimg.com/vi/0M8B8WKTwvI/hqdefault.jpg
2026-10-05|KOBIS 박스오피스|암살자(들) 일일 박스오피스 1위|암살자(들)|영화,박스오피스,흥행,암살자|2026-10-04 KOBIS 일별 박스오피스 1위. 일일 관객 188,468명, 누적 관객 2,233,963명, 매출 점유율 27.0%. 전일 대비 순위 변화 +1.|https://www.kobis.or.kr/kobis/business/stat/boxs/findDailyBoxOfficeList.do|
2026-10-05|KOBIS 박스오피스|극장판 치이카와: 인어 섬의 비밀 일일 박스오피스 2위|극장판 치이카와: 인어 섬의 비밀|영화,박스오피스,흥행,극장판,치이카와,인어,섬의,비밀|2026-10-04 KOBIS 일별 박스오피스 2위. 일일 관객 141,155명, 누적 관객 604,764명, 매출 점유율 21.1%. 전일 대비 순위 변화 -1.|https://www.kobis.or.kr/kobis/business/stat/boxs/findDailyBoxOfficeList.do|
2026-10-05|KOBIS 박스오피스|타짜: 벨제붑의 노래 일일 박스오피스 3위|타짜: 벨제붑의 노래|영화,박스오피스,흥행,타짜,벨제붑의,노래|2026-10-04 KOBIS 일별 박스오피스 3위. 일일 관객 128,717명, 누적 관객 1,365,648명, 매출 점유율 19.1%. 전일 대비 순위 변화 +0.|https://www.kobis.or.kr/kobis/business/stat/boxs/findDailyBoxOfficeList.do|
2026-10-05|KOBIS 박스오피스|오디세이 일일 박스오피스 4위|오디세이|영화,박스오피스,흥행,오디세이|2026-10-04 KOBIS 일별 박스오피스 4위. 일일 관객 52,985명, 누적 관객 11,998,206명, 매출 점유율 10.3%. 전일 대비 순위 변화 +0.|https://www.kobis.or.kr/kobis/business/stat/boxs/findDailyBoxOfficeList.do|
2026-10-05|KOBIS 박스오피스|부활남: 더 레드 일일 박스오피스 5위|부활남: 더 레드|영화,박스오피스,흥행,부활남,레드|2026-10-04 KOBIS 일별 박스오피스 5위. 일일 관객 44,727명, 누적 관객 189,802명, 매출 점유율 6.6%. 전일 대비 순위 변화 +0.|https://www.kobis.or.kr/kobis/business/stat/boxs/findDailyBoxOfficeList.do|
2026-10-05|KOBIS 박스오피스|가능한 사랑 일일 박스오피스 6위|가능한 사랑|영화,박스오피스,흥행,가능한,사랑|2026-10-04 KOBIS 일별 박스오피스 6위. 일일 관객 26,554명, 누적 관객 230,483명, 매출 점유율 4.1%. 전일 대비 순위 변화 +0.|https://www.kobis.or.kr/kobis/business/stat/boxs/findDailyBoxOfficeList.do|
2026-10-05|KOBIS 박스오피스|인턴 일일 박스오피스 7위|인턴|영화,박스오피스,흥행,인턴|2026-10-04 KOBIS 일별 박스오피스 7위. 일일 관객 13,744명, 누적 관객 834,866명, 매출 점유율 2.2%. 전일 대비 순위 변화 +1.|https://www.kobis.or.kr/kobis/business/stat/boxs/findDailyBoxOfficeList.do|
2026-10-05|KOBIS 박스오피스|디거 일일 박스오피스 8위|디거|영화,박스오피스,흥행,디거|2026-10-04 KOBIS 일별 박스오피스 8위. 일일 관객 13,113명, 누적 관객 28,551명, 매출 점유율 2.0%. 전일 대비 순위 변화 -1.|https://www.kobis.or.kr/kobis/business/stat/boxs/findDailyBoxOfficeList.do|
2026-10-05|KOBIS 박스오피스|옵세션 일일 박스오피스 9위|옵세션|영화,박스오피스,흥행,옵세션|2026-10-04 KOBIS 일별 박스오피스 9위. 일일 관객 12,871명, 누적 관객 916,738명, 매출 점유율 2.1%. 전일 대비 순위 변화 +0.|https://www.kobis.or.kr/kobis/business/stat/boxs/findDailyBoxOfficeList.do|
2026-10-05|KOBIS 박스오피스|어벤져스: 엔드게임 앙코르 일일 박스오피스 10위|어벤져스: 엔드게임 앙코르|영화,박스오피스,흥행,어벤져스,엔드게임,앙코르|2026-10-04 KOBIS 일별 박스오피스 10위. 일일 관객 10,652명, 누적 관객 148,743명, 매출 점유율 1.9%. 전일 대비 순위 변화 +0.|https://www.kobis.or.kr/kobis/business/stat/boxs/findDailyBoxOfficeList.do|
2026-10-05|Netflix Top 10|The Ultimate Duo 넷플릭스 한국 Top 10 1위|The Ultimate Duo|OTT,넷플릭스,신작,랭킹,Ultimate,Duo,Films|Netflix 공식 국가별 주간 Top 10에서 한국 1위. 카테고리: Films. 누적 Top 10 진입 1주. 집계 주간: 2026-09-27.|https://www.netflix.com/unsupportedbrowser|
2026-10-05|Netflix Top 10|Kian’s Bizarre B&B: Season 1 넷플릭스 한국 Top 10 10위|Kian’s Bizarre B&B|OTT,넷플릭스,신작,랭킹,Kian,Bizarre,Season,TV|Netflix 공식 국가별 주간 Top 10에서 한국 10위. 카테고리: TV. 누적 Top 10 진입 6주. 집계 주간: 2026-09-27.|https://www.netflix.com/tudum/top10|
2026-10-05|Netflix Top 10|The Scandal: Limited Series 넷플릭스 한국 Top 10 2위|The Scandal|OTT,넷플릭스,신작,랭킹,Scandal,Limited,Series,TV|Netflix 공식 국가별 주간 Top 10에서 한국 2위. 카테고리: TV. 누적 Top 10 진입 2주. 집계 주간: 2026-09-27.|https://www.netflix.com/unsupportedbrowser|
2026-10-05|Netflix Top 10|OK! Madam 넷플릭스 한국 Top 10 2위|OK! Madam|OTT,넷플릭스,신작,랭킹,OK,Madam,Films|Netflix 공식 국가별 주간 Top 10에서 한국 2위. 카테고리: Films. 누적 Top 10 진입 4주. 집계 주간: 2026-09-27.|https://www.netflix.com/unsupportedbrowser|
2026-10-05|Netflix Top 10|Black Bag 넷플릭스 한국 Top 10 3위|Black Bag|OTT,넷플릭스,신작,랭킹,Black,Bag,Films|Netflix 공식 국가별 주간 Top 10에서 한국 3위. 카테고리: Films. 누적 Top 10 진입 2주. 집계 주간: 2026-09-27.|https://www.netflix.com/tudum/top10|
2026-10-05|Netflix Top 10|Four Hands, Two Sonatas: Limited Series 넷플릭스 한국 Top 10 3위|Four Hands, Two Sonatas|OTT,넷플릭스,신작,랭킹,Four,Hands,Two,Sonatas,Limited,Series,TV|Netflix 공식 국가별 주간 Top 10에서 한국 3위. 카테고리: TV. 누적 Top 10 진입 5주. 집계 주간: 2026-09-27.|https://www.netflix.com/unsupportedbrowser|
2026-10-05|Netflix Top 10|Mousetrap: Limited Series 넷플릭스 한국 Top 10 4위|Mousetrap|OTT,넷플릭스,신작,랭킹,Mousetrap,Limited,Series,TV|Netflix 공식 국가별 주간 Top 10에서 한국 4위. 카테고리: TV. 누적 Top 10 진입 5주. 집계 주간: 2026-09-27.|https://www.netflix.com/tudum/top10|
2026-10-05|Netflix Top 10|Shelter 넷플릭스 한국 Top 10 4위|Shelter|OTT,넷플릭스,신작,랭킹,Shelter,Films|Netflix 공식 국가별 주간 Top 10에서 한국 4위. 카테고리: Films. 누적 Top 10 진입 5주. 집계 주간: 2026-09-27.|https://www.netflix.com/tudum/top10|
2026-10-05|Netflix Top 10|I am Solo: Part 33 넷플릭스 한국 Top 10 5위|I am Solo|OTT,넷플릭스,신작,랭킹,am,Solo,Part,33,TV|Netflix 공식 국가별 주간 Top 10에서 한국 5위. 카테고리: TV. 누적 Top 10 진입 8주. 집계 주간: 2026-09-27.|https://www.netflix.com/tudum/top10|
2026-10-05|Netflix Top 10|Tenet 넷플릭스 한국 Top 10 5위|Tenet|OTT,넷플릭스,신작,랭킹,Tenet,Films|Netflix 공식 국가별 주간 Top 10에서 한국 5위. 카테고리: Films. 누적 Top 10 진입 2주. 집계 주간: 2026-09-27.|https://www.netflix.com/tudum/top10|
2026-10-05|Netflix Top 10|UNABOMBER 넷플릭스 한국 Top 10 6위|UNABOMBER|OTT,넷플릭스,신작,랭킹,UNABOMBER,Films|Netflix 공식 국가별 주간 Top 10에서 한국 6위. 카테고리: Films. 누적 Top 10 진입 1주. 집계 주간: 2026-09-27.|https://www.netflix.com/tudum/top10|
2026-10-05|Netflix Top 10|Monster: The Lizzie Borden Story: Season 1 넷플릭스 한국 Top 10 6위|Monster: The Lizzie Borden Story|OTT,넷플릭스,신작,랭킹,Monster,Lizzie,Borden,Story,Season,TV|Netflix 공식 국가별 주간 Top 10에서 한국 6위. 카테고리: TV. 누적 Top 10 진입 1주. 집계 주간: 2026-09-27.|https://www.netflix.com/tudum/top10|
2026-10-05|Netflix Top 10|Troy 넷플릭스 한국 Top 10 7위|Troy|OTT,넷플릭스,신작,랭킹,Troy,Films|Netflix 공식 국가별 주간 Top 10에서 한국 7위. 카테고리: Films. 누적 Top 10 진입 3주. 집계 주간: 2026-09-27.|https://www.netflix.com/tudum/top10|
2026-10-05|Netflix Top 10|I'm SOLO, Love goes on: 2026 Part 2 넷플릭스 한국 Top 10 7위|I'm SOLO, Love goes on|OTT,넷플릭스,신작,랭킹,SOLO,Love,goes,on,2026,Part,TV|Netflix 공식 국가별 주간 Top 10에서 한국 7위. 카테고리: TV. 누적 Top 10 진입 7주. 집계 주간: 2026-09-27.|https://www.netflix.com/tudum/top10|
2026-10-05|Netflix Top 10|Teach You a Lesson: Limited Series 넷플릭스 한국 Top 10 8위|Teach You a Lesson|OTT,넷플릭스,신작,랭킹,Teach,You,Lesson,Limited,Series,TV|Netflix 공식 국가별 주간 Top 10에서 한국 8위. 카테고리: TV. 누적 Top 10 진입 11주. 집계 주간: 2026-09-27.|https://www.netflix.com/tudum/top10|
2026-10-05|Netflix Top 10|Demon Slayer: Kimetsu no Yaiba Infinity Castle I 넷플릭스 한국 Top 10 8위|Demon Slayer: Kimetsu no Yaiba Infinity Castle I|OTT,넷플릭스,신작,랭킹,Demon,Slayer,Kimetsu,no,Yaiba,Infinity,Castle,Films|Netflix 공식 국가별 주간 Top 10에서 한국 8위. 카테고리: Films. 누적 Top 10 진입 8주. 집계 주간: 2026-09-27.|https://www.netflix.com/tudum/top10|
2026-10-05|Netflix Top 10|K-Shaman: True Horror Stories: Season 2 넷플릭스 한국 Top 10 9위|K-Shaman: True Horror Stories|OTT,넷플릭스,신작,랭킹,Shaman,True,Horror,Stories,Season,TV|Netflix 공식 국가별 주간 Top 10에서 한국 9위. 카테고리: TV. 누적 Top 10 진입 2주. 집계 주간: 2026-09-27.|https://www.netflix.com/tudum/top10|
2026-10-05|Netflix Top 10|The Warriors 넷플릭스 한국 Top 10 9위|The Warriors|OTT,넷플릭스,신작,랭킹,Warriors,Films|Netflix 공식 국가별 주간 Top 10에서 한국 9위. 카테고리: Films. 누적 Top 10 진입 2주. 집계 주간: 2026-09-27.|https://www.netflix.com/tudum/top10|
2026-10-05|Netflix Top 10|Clash of the Titans 넷플릭스 한국 Top 10 10위|Clash of the Titans|OTT,넷플릭스,신작,랭킹,Clash,of,Titans,Films|Netflix 공식 국가별 주간 Top 10에서 한국 10위. 카테고리: Films. 누적 Top 10 진입 1주. 집계 주간: 2026-09-27.|https://www.netflix.com/tudum/top10|
2026-10-04|YouTube 반응|암살자들 논란, 당신이 몰랐던 11가지 사실 관련 YouTube 화제 영상|암살자들 논란, 당신이 몰랐던 11가지 사실|영화,검색,암살자들,논란,당신이,11가지,사실,악인전,인물소개,박정희,육영수,음원,출처,Music,provided,by|'암살자들 논란, 당신이 몰랐던 11가지 사실' 영상이 공개 4일 기준 조회수 474,872회, 좋아요 4,224개, 댓글 1,613개를 기록. 일평균 조회수 약 118,718회. 채널: 악인전 - 인물소개. 수집 경로: 검색:영화 요약. 영상 유형: 일반 영상.|https://www.youtube.com/watch?v=Ye5PnbJLFq8|https://i.ytimg.com/vi/Ye5PnbJLFq8/hqdefault.jpg
2026-10-04|YouTube 반응|귀에 이명 올 거 같은데요? 관련 YouTube 화제 영상|귀에 이명 올 거 같은데요?|티빙,공식채널,TVING,귀에,이명,같은데요,로또1등도출근합니다,절대,대리님,화나게,하지,않을,거예요,바로가기,https,tving|"'귀에 이명 올 거 같은데요? | TVING | #로또1등도출근합니다' 영상이 공개 5일 기준 조회수 1,160,364회, 좋아요 12,409개, 댓글 744개를 기록. 일평균 조회수 약 232,073회. 채널: TVING 티빙. 수집 경로: 공식채널:TVING. 영상 유형: 일반 영상."|https://www.youtube.com/watch?v=i8CB7oYcCwI|https://i.ytimg.com/vi/i8CB7oYcCwI/hqdefault.jpg
2026-10-04|YouTube 반응|직장인들 시즌3 관련 YouTube 화제 영상|직장인들 시즌3|결말,공식채널,Coupang,Play,애기야,박신양,팝업,가자,직장인들,시즌3,6화,쿠팡플레이,굿즈도,체험도,알바생도,예측불가|'애기야, 박신양 팝업 가자 [직장인들 시즌3] 6화 하이라이트' 영상이 공개 3일 기준 조회수 1,135,661회, 좋아요 619개, 댓글 116개를 기록. 일평균 조회수 약 378,554회. 채널: 쿠팡플레이 Coupang Play. 수집 경로: 공식채널:Coupang Play. 영상 유형: 일반 영상.|https://www.youtube.com/watch?v=oCfGhXREooQ|https://i.ytimg.com/vi/oCfGhXREooQ/hqdefault.jpg
2026-10-04|온라인 화제·뉴스|‘부활남’ 개봉 첫 주, 한국영화 1위 - bntnews.co.kr|부활남|영화,신작,개봉,부활남,한국영화,1위,bntnews,co,kr|‘부활남’ 개봉 첫 주, 한국영화 1위 bntnews.co.kr|https://news.google.com/rss/articles/CBMiZEFVX3lxTE9tbkYxbXllcms4WnlVaTRDUlhvYnRZTDV2Q1VuX1FHRUpIdjZuSF9Lc0diYy15SjBCZVpnbXNFc1c3N1JrSzhIV1FGQjBCMTBpSmlqTGliaGgyZVBzYktIS0VnTTM?oc=5&hl=ko&gl=KR&ceid=KR:ko|https://lh3.googleusercontent.com/J6_coFbogxhRI9iM864NL_liGXvsQp2AupsKei7z0cNNfDvGUmWUy20nuUhkREQyrpY4bEeIBuc=s0-w300-rw
2026-10-03|YouTube 반응|미스터리 수사반 OST 관련 YouTube 화제 영상|미스터리 수사반 OST|공개,애니,수사,인기,미스터리,수사반,OST,잠뜰,Trace,My,Shadow,Minecraft,TV,수사반2,my,shadow|"'[미스터리 수사반 OST] 잠뜰 - Trace My Shadow | Official Minecraft M/V' 영상이 공개 4일 기준 조회수 614,460회, 좋아요 35,784개, 댓글 3,731개를 기록. 일평균 조회수 약 153,615회. 채널: 잠뜰 TV. 수집 경로: 한국 인기 영상. 영상 유형: 일반 영상."|https://www.youtube.com/watch?v=wTaWNVKfo8o|https://i.ytimg.com/vi/wTaWNVKfo8o/hqdefault.jpg
2026-10-03|YouTube 반응|천재인 딸을 엄마가 두려워 하는 이유 관련 YouTube 화제 영상|천재인 딸을 엄마가 두려워 하는 이유|드라마,영화,넷플릭스,티빙,쇼츠,결말,반전,출연,명장면,검색,천재인,딸을,엄마가,두려워,하는,이유|'천재인 딸을 엄마가 두려워 하는 이유' 영상이 공개 5일 기준 조회수 2,433,632회, 좋아요 33,165개, 댓글 858개를 기록. 일평균 조회수 약 486,726회. 채널: 몰입한방. 수집 경로: 검색:영화 요약. 영상 유형: 쇼츠/숏폼 후보.|https://www.youtube.com/watch?v=83_x-sbRhHQ|https://i.ytimg.com/vi/83_x-sbRhHQ/hqdefault.jpg
2026-10-03|YouTube 반응|비전퀘스트 관련 YouTube 화제 영상|비전퀘스트|영화,디즈니플러스,공개,명장면,인기,비전퀘스트,메인,MarvelKorea,돌아온,비전,이제는,자신의,진짜,모습을,찾아,나설|'[비전퀘스트] 메인 예고편' 영상이 공개 4일 기준 조회수 1,016,079회, 좋아요 5,215개, 댓글 906개를 기록. 일평균 조회수 약 254,020회. 채널: MarvelKorea. 수집 경로: 한국 인기 영상. 영상 유형: 일반 영상.|https://www.youtube.com/watch?v=_uC7fyA37Ts|https://i.ytimg.com/vi/_uC7fyA37Ts/hqdefault.jpg
2026-10-03|YouTube 반응|1-2회 미리보기 관련 YouTube 화제 영상|1-2회 미리보기|드라마,공식채널,SBS,Drama,2회,미리보기,첫방송,닥터X,스페셜,방송,오늘부터,집도,시작합니다,스브스,하얀,마피아의|"'[1-2회 미리보기] 첫방송 D-7 | ＜닥터X＞ 1-2회 미리보기 스페셜 방송 ‘오늘부터 집도 시작합니다’' 영상이 공개 4일 기준 조회수 1,488,042회, 좋아요 3,127개, 댓글 382개를 기록. 일평균 조회수 약 372,010회. 채널: SBS 스브스 Drama. 수집 경로: 공식채널:SBS Drama. 영상 유형: 일반 영상."|https://www.youtube.com/watch?v=uTDhdmwrb5o|https://i.ytimg.com/vi/uTDhdmwrb5o/hqdefault.jpg
2026-10-03|YouTube 반응|암살자(들) 관련 YouTube 화제 영상|암살자(들)|영화,검색,암살자,분노하신,분들은,보세요,황현필,한국사,역사,암살자들,문세광,박정희,육영수,박근혜,박해일|'영화 '암살자(들)'에 분노하신 분들은 보세요' 영상이 공개 5일 기준 조회수 246,744회, 좋아요 7,959개, 댓글 1,309개를 기록. 일평균 조회수 약 49,349회. 채널: 황현필 한국사. 수집 경로: 검색:영화 요약. 영상 유형: 일반 영상.|https://www.youtube.com/watch?v=FOkz3gE0MT4|https://i.ytimg.com/vi/FOkz3gE0MT4/hqdefault.jpg
2026-10-03|YouTube 반응|푸른길 관련 YouTube 화제 영상|푸른길|드라마,넷플릭스,신작,공개,범죄,공식채널,푸른길,공개일,발표,11월,20일,넷플릭스에서,시청하세요,https,www,netflix|"'푸른길 | 공개일 발표 | 넷플릭스' 영상이 공개 4일 기준 조회수 895,064회, 좋아요 2,979개, 댓글 538개를 기록. 일평균 조회수 약 223,766회. 채널: Netflix Korea 넷플릭스 코리아. 수집 경로: 공식채널:Netflix Korea. 영상 유형: 일반 영상."|https://www.youtube.com/watch?v=MbGEecJCKD8|https://i.ytimg.com/vi/MbGEecJCKD8/hqdefault.jpg
2026-10-03|KOBIS 박스오피스|레지던트 이블: 0번째 밤 일일 박스오피스 10위|레지던트 이블: 0번째 밤|영화,박스오피스,흥행,레지던트,이블,0번째|2026-10-02 KOBIS 일별 박스오피스 10위. 일일 관객 2,900명, 누적 관객 203,366명, 매출 점유율 1.1%. 전일 대비 순위 변화 -1.|https://www.kobis.or.kr/kobis/business/stat/boxs/findDailyBoxOfficeList.do|
2026-10-03|온라인 화제·뉴스|전 세계서 옷 갈아입는 K-콘텐츠…예능·드라마 현지화 봇물 - 연합뉴스|전 세계서 옷 갈아입는 K-콘텐츠…예능·드라마 현지화 봇물|드라마,예능,콘텐츠,리메이크,제작,확정,세계서,갈아입는,현지화,봇물,연합뉴스|전 세계서 옷 갈아입는 K-콘텐츠…예능·드라마 현지화 봇물 연합뉴스|https://news.google.com/rss/articles/CBMiYEFVX3lxTFBMYUMzRl9QU2hBVkI0SDdmMmlWaGhza0JaWFZNRmFRM2pIZHNkT3VKS09xSUhseUFaNHl5ZFBXckhHWlpNeE1LTlZHSnAxREpvVV9WWDEyWk1aUGJvYVVCWdIBYEFVX3lxTFBMYUMzRl9QU2hBVkI0SDdmMmlWaGhza0JaWFZNRmFRM2pIZHNkT3VKS09xSUhseUFaNHl5ZFBXckhHWlpNeE1LTlZHSnAxREpvVV9WWDEyWk1aUGJvYVVCWQ?oc=5&hl=ko&gl=KR&ceid=KR:ko|https://lh3.googleusercontent.com/J6_coFbogxhRI9iM864NL_liGXvsQp2AupsKei7z0cNNfDvGUmWUy20nuUhkREQyrpY4bEeIBuc=s0-w300-rw
2026-10-02|YouTube 반응|드럼(통 속의 진실) 관련 YouTube 화제 영상|드럼(통 속의 진실)|영화,공개,인기,드럼,속의,진실,메인,NBE,뉴스,막히는,일촉즉발의,페이크,다큐,드디어,베일,벗은|'[드럼(통 속의 진실)] 메인 예고편' 영상이 공개 5일 기준 조회수 809,392회, 좋아요 26,797개, 댓글 3,982개를 기록. 일평균 조회수 약 161,878회. 채널: NBE 뉴스. 수집 경로: 한국 인기 영상. 영상 유형: 일반 영상.|https://www.youtube.com/watch?v=sDWMZtc7p1Y|https://i.ytimg.com/vi/sDWMZtc7p1Y/hqdefault.jpg
2026-10-02|YouTube 반응|연개소문 관련 YouTube 화제 영상|연개소문|드라마,공식채널,KBS,Drama,연개소문,티저,나의,끝으로,고구려의,혼을,깨우겠나이다,문무,방송,11월,14일,Copyright|"'[연개소문 티저] 나의 이 칼 끝으로 고구려의 혼을 깨우겠나이다 [문무] | KBS 방송' 영상이 공개 5일 기준 조회수 1,517,348회, 좋아요 3,654개, 댓글 2,439개를 기록. 일평균 조회수 약 303,470회. 채널: KBS Drama. 수집 경로: 공식채널:KBS Drama. 영상 유형: 쇼츠/숏폼 후보."|https://www.youtube.com/watch?v=kSwaaggOO2E|https://i.ytimg.com/vi/kSwaaggOO2E/hqdefault.jpg
2026-10-02|YouTube 반응|꿀알바 관련 YouTube 화제 영상|꿀알바|드라마,넷플릭스,신작,공포,인기,공식채널,꿀알바,티저,10월,30일,넷플릭스에서,시청하세요,https,www,netflix,com|"'꿀알바 | 공식 티저 예고편 | 넷플릭스' 영상이 공개 4일 기준 조회수 1,445,771회, 좋아요 4,889개, 댓글 771개를 기록. 일평균 조회수 약 361,443회. 채널: Netflix Korea 넷플릭스 코리아. 수집 경로: 한국 인기 영상 / 공식채널:Netflix Korea. 영상 유형: 일반 영상."|https://www.youtube.com/watch?v=kucWTDH7bX4|https://i.ytimg.com/vi/kucWTDH7bX4/hqdefault.jpg
2026-10-02|YouTube 반응|폭설 관련 YouTube 화제 영상|폭설|인기,폭설,1차,김윤석,구교환,11월,극장,개봉,쇼박스,SHOWBOX,폭설로,고립된,기차역,모든,때문이었다,확정|"'[폭설] 1차 예고편 | 김윤석 X 구교환 11월 극장 개봉!' 영상이 공개 5일 기준 조회수 1,574,315회, 좋아요 3,098개, 댓글 646개를 기록. 일평균 조회수 약 314,863회. 채널: 쇼박스 SHOWBOX. 수집 경로: 한국 인기 영상. 영상 유형: 쇼츠/숏폼 후보."|https://www.youtube.com/watch?v=vTPZxufbdUs|https://i.ytimg.com/vi/vTPZxufbdUs/hqdefault.jpg
2026-10-02|YouTube 반응|기안에게 김연경이 필요한 이유 관련 YouTube 화제 영상|기안에게 김연경이 필요한 이유|예능,넷플릭스,공식채널,기안에게,김연경이,필요한,이유,대환장,기안장,시즌2,대환장기안장2,채널,구독,https,vo,la|"'기안에게 김연경이 필요한 이유 | 대환장 기안장 시즌2' 영상이 공개 6일 기준 조회수 1,253,089회, 좋아요 4,137개, 댓글 151개를 기록. 일평균 조회수 약 208,848회. 채널: Netflix Korea 넷플릭스 코리아. 수집 경로: 공식채널:Netflix Korea. 영상 유형: 쇼츠/숏폼 후보."|https://www.youtube.com/watch?v=nxM2tkCclGc|https://i.ytimg.com/vi/nxM2tkCclGc/hqdefault.jpg
2026-10-02|YouTube 반응|저희 형 너무 미워하지 마세요 관련 YouTube 화제 영상|저희 형 너무 미워하지 마세요|티빙,공식채널,TVING,저희,너무,미워하지,마세요,로또1등도출근합니다,친형제가,이럴,있음,바로가기,https,tving,onelink,me|"'저희 형 너무 미워하지 마세요 | TVING | #로또1등도출근합니다' 영상이 공개 2일 기준 조회수 391,153회, 좋아요 3,371개, 댓글 167개를 기록. 일평균 조회수 약 195,576회. 채널: TVING 티빙. 수집 경로: 공식채널:TVING. 영상 유형: 일반 영상."|https://www.youtube.com/watch?v=78BaRtIWfvs|https://i.ytimg.com/vi/78BaRtIWfvs/hqdefault.jpg
2026-10-01|YouTube 반응|스스로 자폭한 베트남 그라운드 최신 근황 ㅋㅋㅋㅋㅋ 관련 YouTube 화제 영상|스스로 자폭한 베트남 그라운드 최신 근황 ㅋㅋㅋㅋㅋ|유튜브,리뷰,인기,스스로,자폭한,베트남,그라운드,최신,근황,지존조세,생방송,치지직,링크,https,chzzk,naver|'스스로 자폭한 베트남 그라운드 최신 근황 ㅋㅋㅋㅋㅋ' 영상이 공개 6일 기준 조회수 985,884회, 좋아요 6,580개, 댓글 2,573개를 기록. 일평균 조회수 약 164,314회. 채널: 지존조세. 수집 경로: 한국 인기 영상. 영상 유형: 일반 영상.|https://www.youtube.com/watch?v=2PAdkadYIOE|https://i.ytimg.com/vi/2PAdkadYIOE/hqdefault.jpg
2026-10-01|YouTube 반응|PLAVE BIRTHDAY GIFT 관련 YouTube 화제 영상|PLAVE BIRTHDAY GIFT|아이돌,인기,PLAVE,BIRTHDAY,GIFT,예준,NOT,CUTE,ANYMORE,원곡,아일릿,ILLIT,플레이브,Covered,by,YEJUN|'[PLAVE BIRTHDAY GIFT] 예준 'NOT CUTE ANYMORE' (원곡 : 아일릿 (ILLIT))' 영상이 공개 6일 기준 조회수 295,863회, 좋아요 24,666개, 댓글 1,708개를 기록. 일평균 조회수 약 49,310회. 채널: PLAVE 플레이브. 수집 경로: 한국 인기 영상. 영상 유형: 일반 영상.|https://www.youtube.com/watch?v=zi5M68Inemc|https://i.ytimg.com/vi/zi5M68Inemc/hqdefault.jpg
2026-10-01|YouTube 반응|백기태가 살아있다는 결정적인 증거 관련 YouTube 화제 영상|백기태가 살아있다는 결정적인 증거|드라마,디즈니플러스,해석,결말,검색,백기태가,살아있다는,결정적인,증거,메이드인코리아2,메이드인코리아시즌2,메이드인코리아,드라마아,메이드,시즌2,디즈니플러스에서|"'백기태가 살아있다는 결정적인 증거 | #메이드인코리아2 #메이드인코리아시즌2 #메이드인코리아' 영상이 공개 7일 기준 조회수 2,474,149회, 좋아요 11,131개, 댓글 977개를 기록. 일평균 조회수 약 353,450회. 채널: 드라마아. 수집 경로: 검색:드라마 결말 해석. 영상 유형: 쇼츠/숏폼 후보."|https://www.youtube.com/watch?v=OH1G5Dt-fyc|https://i.ytimg.com/vi/OH1G5Dt-fyc/hqdefault.jpg
2026-10-01|YouTube 반응|유재석이 화나면 생기는 일 관련 YouTube 화제 영상|유재석이 화나면 생기는 일|예능,쇼츠,유튜브,클립,랭킹,명장면,검색,유재석이,화나면,생기는,웃음랭킹,후배들,앞에서,갑자기,버럭하는,유재석|'유재석이 화나면 생기는 일' 영상이 공개 7일 기준 조회수 3,142,869회, 좋아요 28,630개, 댓글 543개를 기록. 일평균 조회수 약 448,981회. 채널: 웃음랭킹. 수집 경로: 검색:예능 명장면 쇼츠. 영상 유형: 쇼츠/숏폼 후보.|https://www.youtube.com/watch?v=WRf5m2s71IM|https://i.ytimg.com/vi/WRf5m2s71IM/hqdefault.jpg
2026-10-01|YouTube 반응|e스포츠 관련 YouTube 화제 영상|e스포츠|인기,e스포츠,대만,격파,대한민국,vs,아이치,나고야,아시안게임,SPOTV,아시아,순간,NOW에서,https,www,spotvnow|"'[e스포츠] 대만 격파! 대한민국 vs 대만 하이라이트 | 아이치-나고야 아시안게임' 영상이 공개 3일 기준 조회수 583,931회, 좋아요 1,443개, 댓글 412개를 기록. 일평균 조회수 약 194,644회. 채널: SPOTV. 수집 경로: 한국 인기 영상. 영상 유형: 일반 영상."|https://www.youtube.com/watch?v=VfvAptGwj8A|https://i.ytimg.com/vi/VfvAptGwj8A/hqdefault.jpg
2026-10-01|KOBIS 박스오피스|이방인 박스오피스 신규 진입 10위|이방인|영화,박스오피스,흥행,이방인|2026-09-30 KOBIS 일별 박스오피스 10위. 일일 관객 1,637명, 누적 관객 3,723명, 매출 점유율 0.4%. 신규 진입.|https://www.kobis.or.kr/kobis/business/stat/boxs/findDailyBoxOfficeList.do|
2026-10-01|OTT 공식 신작|이 영화들이 나와? 10월 넷플릭스 공개예정 영화 추천 10편 : 네이버 블로그 - Naver Blog||영화,넷플릭스,신작,공개,예정,영화들이,나와,10월,공개예정,추천,10편,네이버,블로그,Naver,Blog|이 영화들이 나와? 10월 넷플릭스 공개예정 영화 추천 10편 : 네이버 블로그 Naver Blog|https://blog.naver.com/PostView.naver?blogId=gomsolvie&logNo=224428221551&redirect=Dlog|https://blogthumb.pstatic.net/MjAyNjEwMDFfMTA2/MDAxNzkwODMxMDcyNTM2.CGneyGv521SO7ZKKCW7E7xUPAAM1ih-u1GZ39QU0cjsg.2BE5VfoaQqoo8DCZhhVyGuPaskJ2npvPG-1MZ6KBCpgg.JPEG/SE-3dab6284-5ed8-4d02-ae5a-1feb538848be.jpg?type=w2
2026-10-01|OTT 공식 신작|이 영화들이 나와? 10월 넷플릭스 공개예정 영화 추천 10편 - blog.naver.com||영화,넷플릭스,신작,공개,예정,영화들이,나와,10월,공개예정,추천,10편,blog,naver,com|이 영화들이 나와? 10월 넷플릭스 공개예정 영화 추천 10편 blog.naver.com|https://news.google.com/rss/articles/CBMikAFBVV95cUxOeVNoQXFaX0RNeGVUc0UwSlBYV0d4UmdlamVsU3NxeHdWbGk5dzFsOFE0UTB2MTNnWlYwcTBEdV9oNjFlaWZqMlRLMWgyWHE0NHdkSVJ4MG9wYk0xMXZEYjJhYkVRaUxaX1IzZ0RFd3FLVzdYcHNINVA5by1rcUFtc2lnN2Zabjd3RGJsNXluejE?oc=5&hl=ko&gl=KR&ceid=KR:ko|https://lh3.googleusercontent.com/J6_coFbogxhRI9iM864NL_liGXvsQp2AupsKei7z0cNNfDvGUmWUy20nuUhkREQyrpY4bEeIBuc=s0-w300-rw
2026-09-30|YouTube 반응|암살자들 관련 YouTube 화제 영상|암살자들|영화,검색,암살자들,숨긴,진실,GROUND,그라운드씨,콘텐츠,무단,전재,재배포를,금합니다,멤버십,가입,근현대사정주행,정치|'영화 '암살자들'이 숨긴 충격적 진실' 영상이 공개 6일 기준 조회수 775,698회, 좋아요 26,047개, 댓글 2,691개를 기록. 일평균 조회수 약 129,283회. 채널: GROUND C 그라운드씨. 수집 경로: 검색:영화 요약. 영상 유형: 일반 영상.|https://www.youtube.com/watch?v=wPtvFKGOtIs|https://i.ytimg.com/vi/wPtvFKGOtIs/hqdefault.jpg
2026-09-30|YouTube 반응|1회 선공개 관련 YouTube 화제 영상|1회 선공개|드라마,공개,명장면,공식채널,SBS,Drama,1회,선공개,의사이기만,인간들,너네,진짜,후져,부패한,의료진에게,거침없이|"'[1회 선공개] ""의사이기만 한 인간들 너네 진짜 후져"" 부패한 의료진에게 거침없이 팩폭 퍼붓는 김지원! #닥터X #SBSCatch' 영상이 공개 6일 기준 조회수 1,402,922회, 좋아요 3,398개, 댓글 480개를 기록. 일평균 조회수 약 233,820회. 채널: SBS Catch. 수집 경로: 공식채널:SBS Drama. 영상 유형: 일반 영상."|https://www.youtube.com/watch?v=8KAkh-b0Xeg|https://i.ytimg.com/vi/8KAkh-b0Xeg/hqdefault.jpg
2026-09-30|YouTube 반응|아는 관련 YouTube 화제 영상|아는|공개,결말,인기,엔플라잉,Flying,아는,Our,Ending,Special,Clip,Pre,Release,Single,Apple,Music,https|'엔플라잉 (N.Flying) '아는 결말 (Our Ending)' Special Clip' 영상이 공개 4일 기준 조회수 559,359회, 좋아요 4,985개, 댓글 325개를 기록. 일평균 조회수 약 139,840회. 채널: N.Flying (엔플라잉). 수집 경로: 한국 인기 영상. 영상 유형: 일반 영상.|https://www.youtube.com/watch?v=4-05oQzlu70|https://i.ytimg.com/vi/4-05oQzlu70/hqdefault.jpg
2026-09-30|YouTube 반응|메이드인코리아 시즌 2 관련 YouTube 화제 영상|메이드인코리아 시즌 2|드라마,라인업,리뷰,해석,결말,검색,백기태가,살아있다고,메이드인코리아,시즌,인물별,Feat,매드무비,MadMovie,안녕하세요,매드무비입니다|"'""백기태가 살아있다고..?🔥"" 드라마 《메이드인코리아 시즌 2》인물별 결말 해석 리뷰(Feat. 시즌 3)' 영상이 공개 4일 기준 조회수 408,710회, 좋아요 764개, 댓글 565개를 기록. 일평균 조회수 약 102,178회. 채널: 매드무비 : MadMovie. 수집 경로: 검색:드라마 결말 해석. 영상 유형: 일반 영상."|https://www.youtube.com/watch?v=CgP-6OiJuhs|https://i.ytimg.com/vi/CgP-6OiJuhs/hqdefault.jpg
2026-09-30|온라인 화제·뉴스|와이톤, 알리바바 티몰 글로벌 2년 연속 수상… 중국 커머스 사업 확대 - Chosunbiz|와이톤, 알리바바 티몰 글로벌 2년 연속 수상|콘텐츠,수상,해외,반응,와이톤,알리바바,티몰,글로벌,2년,연속,중국,커머스,사업,확대,Chosunbiz|와이톤, 알리바바 티몰 글로벌 2년 연속 수상… 중국 커머스 사업 확대 Chosunbiz|https://biz.chosun.com/industry/business_info/2026/09/30/ACTECAPJG5C37GJ5OQ4HMSL5LU/|https://biz.chosun.com/resizer/v2/WL7MQLMGQRBOBCLAY5TT6JC53M.jpg?auth=a4f73c9cd910c736d3c3c02ae97ba8dd5d83d1213066ed98152ccf40db8b2718&width=573&height=300&smart=true
2026-09-30|YouTube 반응|메이드 인 코리아 시즌2 관련 YouTube 화제 영상|메이드 인 코리아 시즌2|디즈니플러스,공식채널,Disney,Plus,우리는,운명공동체잖아,메이드,시즌2,6회,디즈니,플러스,이미,무너진,신뢰의,아니,한번도|"'우리는 운명공동체잖아! | [메이드 인 코리아 시즌2] 6회 | 디즈니+' 영상이 공개 6일 기준 조회수 1,228,124회, 좋아요 806개, 댓글 43개를 기록. 일평균 조회수 약 204,687회. 채널: Disney Plus Korea 디즈니 플러스 코리아. 수집 경로: 공식채널:Disney Plus Korea. 영상 유형: 일반 영상."|https://www.youtube.com/watch?v=Q7MR-UtWR-4|https://i.ytimg.com/vi/Q7MR-UtWR-4/hqdefault.jpg
2026-09-30|YouTube 반응|팡이요, 메이플스토리 관련 YouTube 화제 영상|팡이요, 메이플스토리|유튜브,인기,1초,만에,3000억을,버는,남자,팡이요,메이플스토리,풀버전은,SOOP,방송국,VOD에,자동,업로드가,됩니다|'1초 만에 3000억을 버는 남자 ㄷㄷ [팡이요, 메이플스토리]' 영상이 공개 2일 기준 조회수 305,603회, 좋아요 897개, 댓글 130개를 기록. 일평균 조회수 약 152,802회. 채널: 팡이요. 수집 경로: 한국 인기 영상. 영상 유형: 일반 영상.|https://www.youtube.com/watch?v=-JH7uZFB1-I|https://i.ytimg.com/vi/-JH7uZFB1-I/hqdefault.jpg
2026-09-30|YouTube 반응|5:1 청문회 폭격 대상=피트 관련 YouTube 화제 영상|5:1 청문회 폭격 대상=피트|영화,웨이브,공식채널,wavve,청문회,폭격,대상,피트,커뮤니티2,바로,보기,https,site,naver,com,2fV22|'5:1 청문회 폭격 대상=피트' 영상이 공개 5일 기준 조회수 196,200회, 좋아요 943개, 댓글 558개를 기록. 일평균 조회수 약 39,240회. 채널: wavve 웨이브. 수집 경로: 공식채널:wavve. 영상 유형: 일반 영상.|https://www.youtube.com/watch?v=33f5-KlRFks|https://i.ytimg.com/vi/33f5-KlRFks/hqdefault.jpg
2026-09-30|YouTube 반응|곽튜브 본캐 폭풍현질 갑니다 드디어 떴다!!!!! 관련 YouTube 화제 영상|곽튜브 본캐 폭풍현질 갑니다 드디어 떴다!!!!!|인기,곽튜브,본캐,폭풍현질,갑니다,드디어,떴다,두치와뿌꾸,파일썬,이용하기,사이트,https,www,filesun,com,쿠폰번호|'곽튜브 본캐 폭풍현질 갑니다 드디어 떴다!!!!!' 영상이 공개 2일 기준 조회수 231,787회, 좋아요 733개, 댓글 157개를 기록. 일평균 조회수 약 115,894회. 채널: 두치와뿌꾸. 수집 경로: 한국 인기 영상. 영상 유형: 일반 영상.|https://www.youtube.com/watch?v=baKToesC2XM|https://i.ytimg.com/vi/baKToesC2XM/hqdefault.jpg
2026-09-30|KOBIS 박스오피스|스파이더맨: 브랜드 뉴 데이 일일 박스오피스 9위|스파이더맨: 브랜드 뉴 데이|영화,박스오피스,흥행,스파이더맨,브랜드,데이|2026-09-29 KOBIS 일별 박스오피스 9위. 일일 관객 2,362명, 누적 관객 9,036,863명, 매출 점유율 1.0%. 전일 대비 순위 변화 +0.|https://www.kobis.or.kr/kobis/business/stat/boxs/findDailyBoxOfficeList.do|
2026-09-30|KOBIS 박스오피스|아버지의 집밥 박스오피스 2계단 상승해 10위|아버지의 집밥|영화,박스오피스,흥행,아버지의,집밥|2026-09-29 KOBIS 일별 박스오피스 10위. 일일 관객 991명, 누적 관객 14,256명, 매출 점유율 0.4%. 전일 대비 순위 변화 +2.|https://www.kobis.or.kr/kobis/business/stat/boxs/findDailyBoxOfficeList.do|
2026-09-29|Netflix Top 10|Vanishing Point 넷플릭스 한국 Top 10 4위|Vanishing Point|OTT,넷플릭스,신작,랭킹,Vanishing,Point,Films|Netflix 공식 국가별 주간 Top 10에서 한국 4위. 카테고리: Films. 누적 Top 10 진입 2주. 집계 주간: 2026-09-20.|https://www.netflix.com/unsupportedbrowser|
2026-09-29|Netflix Top 10|Margaux 넷플릭스 한국 Top 10 5위|Margaux|OTT,넷플릭스,신작,랭킹,Margaux,Films|Netflix 공식 국가별 주간 Top 10에서 한국 5위. 카테고리: Films. 누적 Top 10 진입 1주. 집계 주간: 2026-09-20.|https://www.netflix.com/unsupportedbrowser|
2026-09-29|Netflix Top 10|My Secretary: My Genie Secretary 넷플릭스 한국 Top 10 6위|My Secretary|OTT,넷플릭스,신작,랭킹,My,Secretary,Genie,TV|Netflix 공식 국가별 주간 Top 10에서 한국 6위. 카테고리: TV. 누적 Top 10 진입 4주. 집계 주간: 2026-09-20.|https://www.netflix.com/unsupportedbrowser|
2026-09-29|Netflix Top 10|Hercules 넷플릭스 한국 Top 10 7위|Hercules|OTT,넷플릭스,신작,랭킹,Hercules,Films|Netflix 공식 국가별 주간 Top 10에서 한국 7위. 카테고리: Films. 누적 Top 10 진입 2주. 집계 주간: 2026-09-20.|https://www.netflix.com/unsupportedbrowser|
2026-09-29|Netflix Top 10|The Early Spring: Season 1 넷플릭스 한국 Top 10 8위|The Early Spring|OTT,넷플릭스,신작,랭킹,Early,Spring,Season,TV|Netflix 공식 국가별 주간 Top 10에서 한국 8위. 카테고리: TV. 누적 Top 10 진입 3주. 집계 주간: 2026-09-20.|https://www.netflix.com/unsupportedbrowser|
2026-09-29|Netflix Top 10|One Way Trip 넷플릭스 한국 Top 10 8위|One Way Trip|OTT,넷플릭스,신작,랭킹,One,Way,Trip,Films|Netflix 공식 국가별 주간 Top 10에서 한국 8위. 카테고리: Films. 누적 Top 10 진입 1주. 집계 주간: 2026-09-20.|https://www.netflix.com/unsupportedbrowser|
2026-09-29|Netflix Top 10|Choir of God: Anthem 넷플릭스 한국 Top 10 9위|Choir of God: Anthem|OTT,넷플릭스,신작,랭킹,Choir,of,God,Anthem,Films|Netflix 공식 국가별 주간 Top 10에서 한국 9위. 카테고리: Films. 누적 Top 10 진입 4주. 집계 주간: 2026-09-20.|https://www.netflix.com/unsupportedbrowser|
2026-09-29|Netflix Top 10|Physical 100: Italy: Season 1 넷플릭스 한국 Top 10 10위|Physical 100: Italy|OTT,넷플릭스,신작,랭킹,Physical,100,Italy,Season,TV|Netflix 공식 국가별 주간 Top 10에서 한국 10위. 카테고리: TV. 누적 Top 10 진입 2주. 집계 주간: 2026-09-20.|https://www.netflix.com/unsupportedbrowser|
2026-09-29|온라인 화제·뉴스|"""1000만 영화를 내리라고?""…'오디세이' 닥친 초유의 상황 - 한국경제"|1000만 영화를 내리라고?|영화,신작,개봉,1000만,영화를,내리라고,오디세이,닥친,초유의,상황,한국경제|"""1000만 영화를 내리라고?""…'오디세이' 닥친 초유의 상황 한국경제"|https://www.hankyung.com/article/202609289880i|https://img.hankyung.com/photo/202609/01.45577501.1.jpg
2026-09-29|온라인 화제·뉴스|"""가난하게 컸어?"" 공민정, 제대로 터졌다…4년 만에 역주행→'SNL' 이어 '신병4' 활약 - 텐아시아"|가난하게 컸어?|드라마,영화,화제,역주행,가난하게,컸어,공민정,제대로,터졌다,4년,만에,SNL,이어,신병4,활약,텐아시아|"""가난하게 컸어?"" 공민정, 제대로 터졌다…4년 만에 역주행→'SNL' 이어 '신병4' 활약 텐아시아"|https://www.tenasia.co.kr/article/2026092912634|https://img.tenasia.co.kr/photo/202609/BF.45866372.1.jpg
2026-09-29|온라인 화제·뉴스|"""1000만 영화를 내리라고?""…'오디세이' 닥친 초유의 상황 - 한국경제"|1000만 영화를 내리라고?|영화,신작,개봉,1000만,영화를,내리라고,오디세이,닥친,초유의,상황,한국경제|"""1000만 영화를 내리라고?""…'오디세이' 닥친 초유의 상황 한국경제"|https://news.google.com/rss/articles/CBMiWkFVX3lxTE5YalZxSHdBdHpqWWZSTXhLQUxUMnRMZ2JrUTR2Nkd1Q25CV20zRnUwdGY1SlExX2JDbU1EVW5RcDNiemtweWNHSDZKZDRuZXhCSzM2bm01c2Rqdw?oc=5&hl=ko&gl=KR&ceid=KR:ko|https://lh3.googleusercontent.com/J6_coFbogxhRI9iM864NL_liGXvsQp2AupsKei7z0cNNfDvGUmWUy20nuUhkREQyrpY4bEeIBuc=s0-w300-rw
2026-09-29|온라인 화제·뉴스|"""가난하게 컸어?"" 공민정, 제대로 터졌다…4년 만에 역주행→'SNL' 이어 '신병4' 활약 - 텐아시아"|가난하게 컸어?|드라마,영화,화제,역주행,가난하게,컸어,공민정,제대로,터졌다,4년,만에,SNL,이어,신병4,활약,텐아시아|"""가난하게 컸어?"" 공민정, 제대로 터졌다…4년 만에 역주행→'SNL' 이어 '신병4' 활약 텐아시아"|https://news.google.com/rss/articles/CBMiW0FVX3lxTE1VblZ2WkE1SVN5QV9xNHk5ZjVWUTVlNVlnUVZNMjVQcV9FcWp0WExPbEtFd3BfdV9nMng2S25ta0dXTFhndUJRVElzcEhKYXdnZzBDZWZXeWRsbHc?oc=5&hl=ko&gl=KR&ceid=KR:ko|https://lh3.googleusercontent.com/J6_coFbogxhRI9iM864NL_liGXvsQp2AupsKei7z0cNNfDvGUmWUy20nuUhkREQyrpY4bEeIBuc=s0-w300-rw
2026-09-28|YouTube 반응|진짜 망해버린 베그 최신 근황 관련 YouTube 화제 영상|진짜 망해버린 베그 최신 근황|인기,진짜,망해버린,베그,최신,근황,영래기,배틀그라운드,배그,크래프톤,치지직,방송,https,chzzk,naver,com|'진짜 망해버린 베그 최신 근황' 영상이 공개 6일 기준 조회수 1,391,296회, 좋아요 9,301개, 댓글 8,089개를 기록. 일평균 조회수 약 231,883회. 채널: 영래기. 수집 경로: 한국 인기 영상. 영상 유형: 일반 영상.|https://www.youtube.com/watch?v=t-A0pOjg5i8|https://i.ytimg.com/vi/t-A0pOjg5i8/hqdefault.jpg
2026-09-28|YouTube 반응|≪움직이는 성 키우기≫ 관련 YouTube 화제 영상|≪움직이는 성 키우기≫|리뷰,인기,움직이는,키우기,2000개가,극찬,도파민,개미쳤습니다,혜안,혜안의,지기는,업로드,문의메일,zxcv34276,gmail,com|'≪움직이는 성 키우기≫ 리뷰 2000개가 극찬!!! 도파민 개미쳤습니다' 영상이 공개 6일 기준 조회수 1,400,676회, 좋아요 7,956개, 댓글 508개를 기록. 일평균 조회수 약 233,446회. 채널: 혜안. 수집 경로: 한국 인기 영상. 영상 유형: 일반 영상.|https://www.youtube.com/watch?v=nCJcwO4H8Es|https://i.ytimg.com/vi/nCJcwO4H8Es/hqdefault.jpg
2026-09-28|YouTube 반응|와, 무자비하게 잘하네! 관련 YouTube 화제 영상|와, 무자비하게 잘하네!|인기,무자비하게,잘하네,넘사벽,11살,뿌요뿌요,만났습니다,뿌이커,탄생,한일전,무림,고수,직관해보니,SBS,나고야체크인,EP|"'""와, 무자비하게 잘하네!"" 넘사벽 11살 '뿌요뿌요 신' 만났습니다..'뿌이커 탄생?' 한일전 무림 고수 직관해보니 / SBS / 나고야체크인 EP.9' 영상이 공개 6일 기준 조회수 1,112,821회, 좋아요 2,261개, 댓글 743개를 기록. 일평균 조회수 약 185,470회. 채널: SBS 뉴스. 수집 경로: 한국 인기 영상. 영상 유형: 일반 영상."|https://www.youtube.com/watch?v=AKbfuJGN5nM|https://i.ytimg.com/vi/AKbfuJGN5nM/hqdefault.jpg
2026-09-28|YouTube 반응|대기업 면접 도중 장인어른 만남 #미미미누 #예능 관련 YouTube 화제 영상|대기업 면접 도중 장인어른 만남 #미미미누 #예능|예능,리뷰,검색,대기업,면접,도중,장인어른,만남,미미미누,예능다락방|'대기업 면접 도중 장인어른 만남 #미미미누 #예능' 영상이 공개 7일 기준 조회수 5,678,176회, 좋아요 39,146개, 댓글 412개를 기록. 일평균 조회수 약 811,168회. 채널: 예능다락방. 수집 경로: 검색:한국 예능 리뷰. 영상 유형: 쇼츠/숏폼 후보.|https://www.youtube.com/watch?v=pN6AuJhm6iY|https://i.ytimg.com/vi/pN6AuJhm6iY/hqdefault.jpg
2026-09-28|온라인 화제·뉴스|넷플릭스 치트키 꺼냈다…첫방 전부터 남녀 주인공 케미로 반응 터진 한국 드라마 - 위키트리|넷플릭스 치트키 꺼냈다|드라마,넷플릭스,신작,공개,첫방,치트키,꺼냈다,전부터,남녀,주인공,케미로,반응,터진,위키트리|넷플릭스 치트키 꺼냈다…첫방 전부터 남녀 주인공 케미로 반응 터진 한국 드라마 위키트리|https://www.wikitree.co.kr/articles/1162455|https://cdnweb01.wikitree.co.kr/webdata/editor/202609/28/202609281423312214.jpg
2026-09-28|온라인 화제·뉴스|넷플릭스 치트키 꺼냈다…첫방 전부터 남녀 주인공 케미로 반응 터진 한국 드라마 - 위키트리|넷플릭스 치트키 꺼냈다|드라마,넷플릭스,신작,공개,첫방,치트키,꺼냈다,전부터,남녀,주인공,케미로,반응,터진,위키트리|넷플릭스 치트키 꺼냈다…첫방 전부터 남녀 주인공 케미로 반응 터진 한국 드라마 위키트리|https://news.google.com/rss/articles/CBMiVkFVX3lxTE16UVRSS1hrU2dLTHNlZVdqN1B2V0F4OFVxc3JHN3A2MWhNVFAyNG9ldmRTRFB1RnV6X2hJYlFSVzhEQUZwZVdTRlRFUDJLTUNiSEtRR09n?oc=5&hl=ko&gl=KR&ceid=KR:ko|https://lh3.googleusercontent.com/J6_coFbogxhRI9iM864NL_liGXvsQp2AupsKei7z0cNNfDvGUmWUy20nuUhkREQyrpY4bEeIBuc=s0-w300-rw
2026-09-27|YouTube 반응|Stuck 관련 YouTube 화제 영상|Stuck|인기,ENHYPEN,엔하이픈,Stuck,Special,Clip,채널,CHANNEL,WEBSITE,https,com,Weverse,www,weverse,io,enhypen|'ENHYPEN (엔하이픈) ‘Stuck’ (Special Clip)' 영상이 공개 6일 기준 조회수 1,871,921회, 좋아요 183,488개, 댓글 10,305개를 기록. 일평균 조회수 약 311,987회. 채널: ENHYPEN. 수집 경로: 한국 인기 영상. 영상 유형: 일반 영상.|https://www.youtube.com/watch?v=X42ixwTgUJk|https://i.ytimg.com/vi/X42ixwTgUJk/hqdefault.jpg
2026-09-27|YouTube 반응|더 커뮤니티2: 보이지 않는 손 관련 YouTube 화제 영상|더 커뮤니티2: 보이지 않는 손|영화,웨이브,공식채널,wavve,커뮤니티2,보이지,않는,혼자,의심한,거잖아,피트의,배신에,결국,폭발해버린,지니,6화|"'[더 커뮤니티2: 보이지 않는 손] ""혼자 의심한 거잖아!"" 피트의 배신에 결국 폭발해버린 지니ㅣ6화 하이라이트 | 웨이브 오리지널' 영상이 공개 6일 기준 조회수 516,728회, 좋아요 2,488개, 댓글 2,392개를 기록. 일평균 조회수 약 86,121회. 채널: wavve 웨이브. 수집 경로: 공식채널:wavve. 영상 유형: 일반 영상."|https://www.youtube.com/watch?v=38h5bXM6QmM|https://i.ytimg.com/vi/38h5bXM6QmM/hqdefault.jpg
2026-09-27|YouTube 반응|직장인들 관련 YouTube 화제 영상|직장인들|공식채널,Coupang,Play,무한상사에서,과장과,차장,직장인들,5화,쿠팡플레이,전설이,정총무와,238번,훈련병,직장인들로,재출근,합니다|'무한상사에서 온 정 과장과 박 차장?! [직장인들] 5화 하이라이트' 영상이 공개 6일 기준 조회수 1,541,512회, 좋아요 2,728개, 댓글 431개를 기록. 일평균 조회수 약 256,919회. 채널: 쿠팡플레이 Coupang Play. 수집 경로: 공식채널:Coupang Play. 영상 유형: 일반 영상.|https://www.youtube.com/watch?v=NEytRpYruR0|https://i.ytimg.com/vi/NEytRpYruR0/hqdefault.jpg
2026-09-27|YouTube 반응|동생이 형을 배신한 이유 #메이드인코리아2 관련 YouTube 화제 영상|동생이 형을 배신한 이유 #메이드인코리아2|드라마,영화,해석,결말,검색,동생이,형을,배신한,이유,메이드인코리아2,M플릭스,출처,디즈니,메이드인코리아,시즌2,현빈|'동생이 형을 배신한 이유 #메이드인코리아2' 영상이 공개 7일 기준 조회수 1,487,272회, 좋아요 10,426개, 댓글 2,233개를 기록. 일평균 조회수 약 212,467회. 채널: M플릭스. 수집 경로: 검색:영화 결말 해석. 영상 유형: 쇼츠/숏폼 후보.|https://www.youtube.com/watch?v=PscjKKeU7Og|https://i.ytimg.com/vi/PscjKKeU7Og/hqdefault.jpg
2026-09-27|YouTube 반응|우리 모두가 아는 뜨거운 그 맛 #응답하라1994 # 관련 YouTube 화제 영상|우리 모두가 아는 뜨거운 그 맛 #응답하라1994 #|드라마,영화,쇼츠,명장면,검색,우리,모두가,아는,뜨거운,응답하라1994,드라마명장면,코미디,성나정,성동일,유정란,계란찜|'우리 모두가 아는 뜨거운 그 맛 #응답하라1994 #명장면 #드라마명장면 #코미디 #성나정 #성동일 #유정란 #계란찜 #웃긴영상 #쇼츠 #병아리 #통닭' 영상이 공개 7일 기준 조회수 3,397,785회, 좋아요 28,141개, 댓글 196개를 기록. 일평균 조회수 약 485,398회. 채널: 추억블루투스. 수집 경로: 검색:영화 명장면 쇼츠. 영상 유형: 쇼츠/숏폼 후보.|https://www.youtube.com/watch?v=ZOlCEpmrosE|https://i.ytimg.com/vi/ZOlCEpmrosE/hqdefault.jpg
2026-09-27|KOBIS 박스오피스|바다 탐험대 옥토넛 어보브 앤 비욘드 : 두근두근 대자연 어드벤처 일일 박스오피스 10위|바다 탐험대 옥토넛 어보브 앤 비욘드 : 두근두근 대자연 어드벤처|영화,박스오피스,흥행,바다,탐험대,옥토넛,어보브,비욘드,두근두근,대자연,어드벤처|2026-09-26 KOBIS 일별 박스오피스 10위. 일일 관객 4,880명, 누적 관객 13,254명, 매출 점유율 0.5%. 전일 대비 순위 변화 +0.|https://www.kobis.or.kr/kobis/business/stat/boxs/findDailyBoxOfficeList.do|
2026-09-27|온라인 화제·뉴스|[영화]바다 위 신화적 모험... 영화 신작 ‘오디세이’ 화려한 할리우드 라인업으로 한국 상륙 - 미술여행신문|영화|영화,신작,라인업,여행,개봉,바다,신화적,모험,오디세이,화려한,할리우드,라인업으로,상륙,미술여행신문|[영화]바다 위 신화적 모험... 영화 신작 ‘오디세이’ 화려한 할리우드 라인업으로 한국 상륙 미술여행신문|http://www.misulin.co.kr/news/articleView.html?idxno=4894|
2026-09-27|온라인 화제·뉴스|베트남 크리에이터 초청, 서울서 K-뷰티 체험 - 주간신문씨엠엔|베트남 크리에이터 초청, 서울서 K-뷰티 체험|콘텐츠,수상,해외,반응,베트남,크리에이터,초청,서울서,뷰티,체험,주간신문씨엠엔|베트남 크리에이터 초청, 서울서 K-뷰티 체험 주간신문씨엠엔|https://www.cmn.co.kr/mobile/sub_view.asp?news_idx=51071|http://www.cmn.co.kr/webupload/ckeditor/images/20260927_113024_0260189_re.jpg
2026-09-26|YouTube 반응|죽여놓고 대는 핑계가 x같다고 관련 YouTube 화제 영상|죽여놓고 대는 핑계가 x같다고|영화,웨이브,공식채널,wavve,죽여놓고,대는,핑계가,x같다고,커뮤니티2,바로,보기,https,site,naver,com,2fV22|'죽여놓고 대는 핑계가 x같다고' 영상이 공개 6일 기준 조회수 1,293,936회, 좋아요 4,784개, 댓글 1,278개를 기록. 일평균 조회수 약 215,656회. 채널: wavve 웨이브. 수집 경로: 공식채널:wavve. 영상 유형: 일반 영상.|https://www.youtube.com/watch?v=yXV8BfKA1hM|https://i.ytimg.com/vi/yXV8BfKA1hM/hqdefault.jpg
2026-09-26|YouTube 반응|기안장 정신 창시자 김석진 관련 YouTube 화제 영상|기안장 정신 창시자 김석진|예능,넷플릭스,공식채널,기안장,정신,창시자,김석진,대환장,시즌2,대환장기안장2,채널,구독,https,vo,la,j7zAG|"'기안장 정신 창시자 김석진 | 대환장 기안장 시즌2' 영상이 공개 7일 기준 조회수 2,499,501회, 좋아요 7,383개, 댓글 106개를 기록. 일평균 조회수 약 357,072회. 채널: Netflix Korea 넷플릭스 코리아. 수집 경로: 공식채널:Netflix Korea. 영상 유형: 쇼츠/숏폼 후보."|https://www.youtube.com/watch?v=g0fxXUA6exc|https://i.ytimg.com/vi/g0fxXUA6exc/hqdefault.jpg
2026-09-26|YouTube 반응|스캔들 관련 YouTube 화제 영상|스캔들|드라마,영화,넷플릭스,리뷰,해석,결말,몰아보기,검색,재료,낭비,대참사,스캔들,분석,필름그린,오늘,준비한|'재료 낭비 “대참사”🔥 《스캔들》 분석 해석 리뷰' 영상이 공개 5일 기준 조회수 399,547회, 좋아요 1,679개, 댓글 759개를 기록. 일평균 조회수 약 79,909회. 채널: 필름그린. 수집 경로: 검색:드라마 결말 해석. 영상 유형: 일반 영상.|https://www.youtube.com/watch?v=iu1oeFHpDSg|https://i.ytimg.com/vi/iu1oeFHpDSg/hqdefault.jpg
2026-09-26|YouTube 반응|더 커뮤니티2: 보이지 않는 손 관련 YouTube 화제 영상|더 커뮤니티2: 보이지 않는 손|영화,웨이브,공개,공식채널,wavve,커뮤니티2,보이지,않는,원조,결렬,홀로,남겨진,피트,블루팀의,운명은,6화|"'[더 커뮤니티2: 보이지 않는 손] 원조 결렬 속 홀로 남겨진 피트! 블루팀의 운명은? | 6화 선공개 | 웨이브 오리지널' 영상이 공개 3일 기준 조회수 133,850회, 좋아요 693개, 댓글 716개를 기록. 일평균 조회수 약 44,617회. 채널: wavve 웨이브. 수집 경로: 공식채널:wavve. 영상 유형: 일반 영상."|https://www.youtube.com/watch?v=00OOkw9Otqs|https://i.ytimg.com/vi/00OOkw9Otqs/hqdefault.jpg
2026-09-25|YouTube 반응|DO IT LIKE THIS 관련 YouTube 화제 영상|DO IT LIKE THIS|OTT,인기,ALLDAY,PROJECT,DO,IT,LIKE,THIS,THEBLACKLABEL,https,orcd,co,ALLDAYPROJECTCRASH,Dance,watch,me|'ALLDAY PROJECT - ‘DO IT LIKE THIS’ M/V' 영상이 공개 6일 기준 조회수 6,492,624회, 좋아요 0개, 댓글 4,363개를 기록. 일평균 조회수 약 1,082,104회. 채널: THEBLACKLABEL. 수집 경로: 한국 인기 영상. 영상 유형: 일반 영상.|https://www.youtube.com/watch?v=KQM9hYlMXsI|https://i.ytimg.com/vi/KQM9hYlMXsI/hqdefault.jpg
2026-09-25|YouTube 반응|메이드 인 코리아 시즌2 관련 YouTube 화제 영상|메이드 인 코리아 시즌2|디즈니플러스,공식채널,Disney,Plus,학수표,음소거,메이드,시즌2,5회,디즈니,플러스,회사에서,화가,학수처럼,아무리,나더라도|"'학수표 음소거 욕🤬 | [메이드 인 코리아 시즌2] 5회 | 디즈니+' 영상이 공개 6일 기준 조회수 2,130,098회, 좋아요 1,437개, 댓글 88개를 기록. 일평균 조회수 약 355,016회. 채널: Disney Plus Korea 디즈니 플러스 코리아. 수집 경로: 공식채널:Disney Plus Korea. 영상 유형: 일반 영상."|https://www.youtube.com/watch?v=_nmLoCji5yo|https://i.ytimg.com/vi/_nmLoCji5yo/hqdefault.jpg
2026-09-25|YouTube 반응|80억 명을 죽인 최악의 학살자를 구원하라 관련 YouTube 화제 영상|80억 명을 죽인 최악의 학살자를 구원하라|영화,인기,80억,명을,죽인,최악의,학살자를,구원하라,스타크래프트,자유의,날개,한눈에,보기,GCL,지씨엘,게임명|"'""80억 명을 죽인 최악의 학살자를 구원하라"" | 스타크래프트 2 자유의 날개 스토리 한눈에 보기' 영상이 공개 6일 기준 조회수 677,941회, 좋아요 4,069개, 댓글 841개를 기록. 일평균 조회수 약 112,990회. 채널: GCL 지씨엘. 수집 경로: 한국 인기 영상. 영상 유형: 일반 영상."|https://www.youtube.com/watch?v=Vv4FshI8lwU|https://i.ytimg.com/vi/Vv4FshI8lwU/hqdefault.jpg
2026-09-25|YouTube 반응|≪메이드 인 코리아 시즌2≫ 마지막 영상.. 관련 YouTube 화제 영상|≪메이드 인 코리아 시즌2≫ 마지막 영상..|드라마,영화,공개,해석,결말,명장면,검색,메이드,시즌2,마지막,지무비,Movie,메이드인코리아2,디즈니,오리지널,시리즈|'≪메이드 인 코리아 시즌2≫ 마지막 영상..' 영상이 공개 6일 기준 조회수 1,732,227회, 좋아요 5,623개, 댓글 250개를 기록. 일평균 조회수 약 288,704회. 채널: 지무비 : G Movie. 수집 경로: 검색:드라마 결말 해석. 영상 유형: 일반 영상.|https://www.youtube.com/watch?v=UCrJoSbAuKQ|https://i.ytimg.com/vi/UCrJoSbAuKQ/hqdefault.jpg
2026-09-25|YouTube 반응|말도 많고 탈도 많은 나고야 아시안 게임의 상황 관련 YouTube 화제 영상|말도 많고 탈도 많은 나고야 아시안 게임의 상황|예능,리뷰,여행,검색,말도,많고,탈도,많은,나고야,아시안,게임의,상황,박가네,일본에,사는,한일부부가|'말도 많고 탈도 많은 나고야 아시안 게임의 상황' 영상이 공개 7일 기준 조회수 1,143,394회, 좋아요 13,649개, 댓글 1,851개를 기록. 일평균 조회수 약 163,342회. 채널: ぱく家(박가네). 수집 경로: 검색:한국 예능 리뷰. 영상 유형: 일반 영상.|https://www.youtube.com/watch?v=D9Qfi4DU_FI|https://i.ytimg.com/vi/D9Qfi4DU_FI/hqdefault.jpg
2026-09-25|YouTube 반응|대환장 기안장 관련 YouTube 화제 영상|대환장 기안장|드라마,예능,영화,넷플릭스,신작,공식채널,이번,시리즈,대환장,기안장,시즌2,9월,22일,넷플릭스에서,시청하세요,https|'이번 주 넷플릭스 신작 시리즈 《대환장 기안장》 시즌2' 영상이 공개 5일 기준 조회수 1,258,942회, 좋아요 2,647개, 댓글 65개를 기록. 일평균 조회수 약 251,788회. 채널: Netflix Korea 넷플릭스 코리아. 수집 경로: 공식채널:Netflix Korea. 영상 유형: 쇼츠/숏폼 후보.|https://www.youtube.com/watch?v=hBJl0HBVatY|https://i.ytimg.com/vi/hBJl0HBVatY/hqdefault.jpg
2026-09-25|YouTube 반응|KOR vs VIE 2차전 관련 YouTube 화제 영상|KOR vs VIE 2차전|공식채널,Disney,Plus,KOR,vs,VIE,2차전,한화생명,초청,리그,오브,레전드,국가대표,평가전,디즈니,플러스|"'KOR vs VIE 2차전 하이라이트 | 한화생명 초청 리그 오브 레전드 국가대표 평가전 | 디즈니+' 영상이 공개 5일 기준 조회수 323,602회, 좋아요 973개, 댓글 797개를 기록. 일평균 조회수 약 64,720회. 채널: Disney Plus Korea 디즈니 플러스 코리아. 수집 경로: 공식채널:Disney Plus Korea. 영상 유형: 일반 영상."|https://www.youtube.com/watch?v=uCDHn52Da-Q|https://i.ytimg.com/vi/uCDHn52Da-Q/hqdefault.jpg
2026-09-24|YouTube 반응|배틀그라운드 망했다 관련 YouTube 화제 영상|배틀그라운드 망했다|유튜브,리뷰,인기,배틀그라운드,망했다,지존조세,생방송,치지직,링크,https,chzzk,naver,com,b9a295ea982b0f1e879e5cb646e4e23f,문의,tusim|'배틀그라운드 망했다' 영상이 공개 7일 기준 조회수 790,390회, 좋아요 6,583개, 댓글 2,893개를 기록. 일평균 조회수 약 112,913회. 채널: 지존조세. 수집 경로: 한국 인기 영상. 영상 유형: 일반 영상.|https://www.youtube.com/watch?v=jHpuEGZ8fbo|https://i.ytimg.com/vi/jHpuEGZ8fbo/hqdefault.jpg
2026-09-24|YouTube 반응|와.. 진짜 개미쳤습니다.. ≪어벤져스 관련 YouTube 화제 영상|와.. 진짜 개미쳤습니다.. ≪어벤져스|영화,유튜브,인기,진짜,개미쳤습니다,어벤져스,엔드게임,앙코르,쿠키,3개,모든,떡밥,스포일러,무비띵크,Movie,Think|'와.. 진짜 개미쳤습니다.. ≪어벤져스: 엔드게임 앙코르≫ 쿠키 영상 3개 & 모든 떡밥 스포일러 총정리' 영상이 공개 6일 기준 조회수 2,703,240회, 좋아요 9,794개, 댓글 1,257개를 기록. 일평균 조회수 약 450,540회. 채널: 무비띵크_Movie Think. 수집 경로: 한국 인기 영상. 영상 유형: 일반 영상.|https://www.youtube.com/watch?v=C-NKIKiQCNE|https://i.ytimg.com/vi/C-NKIKiQCNE/hqdefault.jpg
2026-09-24|YouTube 반응|Dear my crazy soulmate 관련 YouTube 화제 영상|Dear my crazy soulmate|SNS,인기,IU,Dear,my,crazy,soulmate,Live,Clip,이지금,아이유,YouTube,https,www,youtube,com|'IU 'Dear my crazy soulmate' Live Clip' 영상이 공개 5일 기준 조회수 3,136,689회, 좋아요 42,938개, 댓글 1,664개를 기록. 일평균 조회수 약 627,338회. 채널: 이지금 [IU Official]. 수집 경로: 한국 인기 영상. 영상 유형: 일반 영상.|https://www.youtube.com/watch?v=3RwRrxiG5j4|https://i.ytimg.com/vi/3RwRrxiG5j4/hqdefault.jpg
2026-09-24|YouTube 반응|중정 이제 한물갔잖아?#메이드인코리아2 관련 YouTube 화제 영상|중정 이제 한물갔잖아?#메이드인코리아2|드라마,예능,영화,OTT,넷플릭스,디즈니플러스,리뷰,검색,중정,이제,한물갔잖아,메이드인코리아2,라마의드라마,디즈니플러스에서,상영,중인|'중정 이제 한물갔잖아?#메이드인코리아2' 영상이 공개 5일 기준 조회수 874,739회, 좋아요 5,461개, 댓글 804개를 기록. 일평균 조회수 약 174,948회. 채널: 라마의드라마. 수집 경로: 검색:한국 드라마 리뷰. 영상 유형: 쇼츠/숏폼 후보.|https://www.youtube.com/watch?v=XxESEsLgZA4|https://i.ytimg.com/vi/XxESEsLgZA4/hqdefault.jpg
2026-09-24|YouTube 반응|나나에게 모든 진실을 털어 놓는 지창욱#스캔들 관련 YouTube 화제 영상|나나에게 모든 진실을 털어 놓는 지창욱#스캔들|드라마,넷플릭스,해석,결말,로맨스,검색,나나에게,모든,진실을,털어,놓는,지창욱,스캔들,멜로컷,손예진,나나|'나나에게 모든 진실을 털어 놓는 지창욱#스캔들' 영상이 공개 7일 기준 조회수 1,441,089회, 좋아요 6,254개, 댓글 508개를 기록. 일평균 조회수 약 205,870회. 채널: 멜로컷. 수집 경로: 검색:드라마 결말 해석. 영상 유형: 쇼츠/숏폼 후보.|https://www.youtube.com/watch?v=rFRHaqz55_s|https://i.ytimg.com/vi/rFRHaqz55_s/hqdefault.jpg
2026-09-24|KOBIS 박스오피스|포가튼 아일랜드 박스오피스 신규 진입 10위|포가튼 아일랜드|영화,박스오피스,흥행,포가튼,아일랜드|2026-09-23 KOBIS 일별 박스오피스 10위. 일일 관객 2,270명, 누적 관객 18,047명, 매출 점유율 0.5%. 신규 진입.|https://www.kobis.or.kr/kobis/business/stat/boxs/findDailyBoxOfficeList.do|
2026-09-23|YouTube 반응|문 열고 들어가는 것부터 쉽지 않은 2호점🏠 관련 YouTube 화제 영상|문 열고 들어가는 것부터 쉽지 않은 2호점🏠|예능,넷플릭스,공식채널,열고,들어가는,것부터,쉽지,않은,2호점,대환장,기안장,시즌2,거대한,숙소에,압도된,임직원들|"'문 열고 들어가는 것부터 쉽지 않은 2호점🏠 | 대환장 기안장 시즌2 | 넷플릭스' 영상이 공개 5일 기준 조회수 754,979회, 좋아요 2,779개, 댓글 476개를 기록. 일평균 조회수 약 150,996회. 채널: Netflix Korea 넷플릭스 코리아. 수집 경로: 공식채널:Netflix Korea. 영상 유형: 일반 영상."|https://www.youtube.com/watch?v=viBSSahidFI|https://i.ytimg.com/vi/viBSSahidFI/hqdefault.jpg
2026-09-23|YouTube 반응|하승진의 말말말 관련 YouTube 화제 영상|하승진의 말말말|예능,리뷰,반전,검색,하승진의,말말말,일본,안방에서,12년,만의,금메달,2026,아시안게임,스탐,대한민국,남자|'[하승진의 말말말] 일본 안방에서 12년 만의 금메달!! l 2026 아시안게임' 영상이 공개 4일 기준 조회수 546,507회, 좋아요 3,708개, 댓글 373개를 기록. 일평균 조회수 약 136,627회. 채널: 스탐. 수집 경로: 검색:한국 예능 리뷰. 영상 유형: 일반 영상.|https://www.youtube.com/watch?v=e38mHPZuUDI|https://i.ytimg.com/vi/e38mHPZuUDI/hqdefault.jpg
2026-09-23|KOBIS 박스오피스|시간을 달리는 소녀 박스오피스 2계단 상승해 6위|시간을 달리는 소녀|영화,박스오피스,흥행,시간을,달리는,소녀|2026-09-22 KOBIS 일별 박스오피스 6위. 일일 관객 1,930명, 누적 관객 136,226명, 매출 점유율 1.5%. 전일 대비 순위 변화 +2.|https://www.kobis.or.kr/kobis/business/stat/boxs/findDailyBoxOfficeList.do|
2026-09-23|KOBIS 박스오피스|더 드라마 박스오피스 2계단 상승해 7위|더 드라마|드라마,영화,박스오피스,흥행|2026-09-22 KOBIS 일별 박스오피스 7위. 일일 관객 1,570명, 누적 관객 83,097명, 매출 점유율 1.2%. 전일 대비 순위 변화 +2.|https://www.kobis.or.kr/kobis/business/stat/boxs/findDailyBoxOfficeList.do|
2026-09-23|KOBIS 박스오피스|호프 박스오피스 6계단 상승해 8위|호프|영화,박스오피스,흥행,호프|2026-09-22 KOBIS 일별 박스오피스 8위. 일일 관객 1,200명, 누적 관객 4,584,115명, 매출 점유율 1.0%. 전일 대비 순위 변화 +6.|https://www.kobis.or.kr/kobis/business/stat/boxs/findDailyBoxOfficeList.do|
2026-09-23|KOBIS 박스오피스|아이유 콘서트 : 더 위닝 일일 박스오피스 9위|아이유 콘서트 : 더 위닝|영화,박스오피스,흥행,아이유,콘서트,위닝|2026-09-22 KOBIS 일별 박스오피스 9위. 일일 관객 985명, 누적 관객 87,389명, 매출 점유율 1.5%. 전일 대비 순위 변화 +1.|https://www.kobis.or.kr/kobis/business/stat/boxs/findDailyBoxOfficeList.do|
2026-09-23|온라인 화제·뉴스|추석 앞두고 한국 영화 기대작 잇따라 개봉...‘인턴’부터 ‘가능한 사랑’까지 흥행 경쟁 - 레디앙|인턴|영화,신작,경쟁,흥행,개봉,추석,앞두고,기대작,잇따라,인턴,부터,가능한,사랑,까지,레디앙|추석 앞두고 한국 영화 기대작 잇따라 개봉...‘인턴’부터 ‘가능한 사랑’까지 흥행 경쟁 레디앙|https://www.redian.org/news/articleView.html?idxno=257367|https://cdn.redian.org/news/thumbnail/202609/257367_64088_1747_v150.jpg
2026-09-23|온라인 화제·뉴스|개봉 첫날부터 터졌다…실관람객 평점 '10점' 난리 난 역대급 한국 영화 - 위키트리|10점|영화,신작,개봉,첫날부터,터졌다,실관람객,평점,10점,난리,역대급,위키트리|개봉 첫날부터 터졌다…실관람객 평점 '10점' 난리 난 역대급 한국 영화 위키트리|https://www.wikitree.co.kr/articles/1161657|https://cdnweb01.wikitree.co.kr/webdata/editor/202609/23/202609231502082368.jpg
2026-09-23|온라인 화제·뉴스|“짧아서 더 치열하다”…추석 극장가, 한국영화 3파전에 ‘어벤져스’ 귀환 - 직썰|짧아서 더 치열하다|영화,신작,개봉,짧아서,치열하다,추석,극장가,한국영화,3파전에,어벤져스,귀환,직썰|“짧아서 더 치열하다”…추석 극장가, 한국영화 3파전에 ‘어벤져스’ 귀환 직썰|https://www.ziksir.com/news/articleView.html?idxno=147412|https://cdn.ziksir.com/news/thumbnail/202609/147412_167000_2415_v150.jpg
2026-09-22|YouTube 반응|최악의 운영으로 망해버린 베그 대회 근황 관련 YouTube 화제 영상|최악의 운영으로 망해버린 베그 대회 근황|인기,최악의,운영으로,망해버린,베그,대회,근황,영래기,배틀그라운드,배그,크래프톤,치지직,방송,https,chzzk,naver|'최악의 운영으로 망해버린 베그 대회 근황' 영상이 공개 6일 기준 조회수 1,639,707회, 좋아요 12,280개, 댓글 11,310개를 기록. 일평균 조회수 약 273,284회. 채널: 영래기. 수집 경로: 한국 인기 영상. 영상 유형: 일반 영상.|https://www.youtube.com/watch?v=81tw4OLtYOA|https://i.ytimg.com/vi/81tw4OLtYOA/hqdefault.jpg
2026-09-22|YouTube 반응|술래게임 관련 YouTube 화제 영상|술래게임|디즈니플러스,공개,공식채널,Disney,Plus,술래게임,1회,풀버전,최초공개,디즈니,플러스,역대급,스케일,극한의,도파민,메인|"'술래게임 | 1회 풀버전 최초공개 | 디즈니+' 영상이 공개 6일 기준 조회수 917,295회, 좋아요 3,441개, 댓글 868개를 기록. 일평균 조회수 약 152,882회. 채널: Disney Plus Korea 디즈니 플러스 코리아. 수집 경로: 공식채널:Disney Plus Korea. 영상 유형: 일반 영상."|https://www.youtube.com/watch?v=VEToVzEkA4U|https://i.ytimg.com/vi/VEToVzEkA4U/hqdefault.jpg
2026-09-22|YouTube 반응|더 커뮤니티2: 보이지 않는 손 관련 YouTube 화제 영상|더 커뮤니티2: 보이지 않는 손|영화,웨이브,공식채널,wavve,커뮤니티2,보이지,않는,피트를,흔든,마이야르의,달콤한,속삭임,5화,오리지널,바로,보기|"'[더 커뮤니티2: 보이지 않는 손] 피트를 흔든 마이야르의 달콤한 속삭임😏🍯ㅣ5화 하이라이트 | 웨이브 오리지널' 영상이 공개 4일 기준 조회수 148,231회, 좋아요 1,002개, 댓글 809개를 기록. 일평균 조회수 약 37,058회. 채널: wavve 웨이브. 수집 경로: 공식채널:wavve. 영상 유형: 일반 영상."|https://www.youtube.com/watch?v=ZHS7EQllvXg|https://i.ytimg.com/vi/ZHS7EQllvXg/hqdefault.jpg
2026-09-22|YouTube 반응|포핸즈8화 관련 YouTube 화제 영상|포핸즈8화|드라마,티빙,경쟁,공식채널,tvN,ENT,포핸즈8화,천재,고딩에서,지휘자가,이준영,한국예고,시절,일진이,성인이,후에도|'[#포핸즈8화] 천재 고딩에서 지휘자가 된 이준영💥 한국예고 시절 일진이 성인이 된 후에도 일부러 틀리며 골탕 먹이자 바로 알아차리고 기강 잡는 이준영✨' 영상이 공개 4일 기준 조회수 792,724회, 좋아요 1,588개, 댓글 63개를 기록. 일평균 조회수 약 198,181회. 채널: tvN D ENT. 수집 경로: 공식채널:tvN D ENT. 영상 유형: 일반 영상.|https://www.youtube.com/watch?v=O8Xyy-KEOw4|https://i.ytimg.com/vi/O8Xyy-KEOw4/hqdefault.jpg
2026-09-22|Netflix Top 10|Gandhari 넷플릭스 한국 Top 10 5위|Gandhari|OTT,넷플릭스,신작,랭킹,Gandhari,Films|Netflix 공식 국가별 주간 Top 10에서 한국 5위. 카테고리: Films. 누적 Top 10 진입 1주. 집계 주간: 2026-09-13.|https://www.netflix.com/unsupportedbrowser|
2026-09-22|Netflix Top 10|Badly in Love: Season 2 넷플릭스 한국 Top 10 6위|Badly in Love|OTT,넷플릭스,신작,랭킹,Badly,in,Love,Season,TV|Netflix 공식 국가별 주간 Top 10에서 한국 6위. 카테고리: TV. 누적 Top 10 진입 6주. 집계 주간: 2026-09-13.|https://www.netflix.com/unsupportedbrowser|
2026-09-22|Netflix Top 10|Anaconda 3: Offspring 넷플릭스 한국 Top 10 7위|Anaconda 3: Offspring|OTT,넷플릭스,신작,랭킹,Anaconda,Offspring,Films|Netflix 공식 국가별 주간 Top 10에서 한국 7위. 카테고리: Films. 누적 Top 10 진입 1주. 집계 주간: 2026-09-13.|https://www.netflix.com/unsupportedbrowser|
2026-09-22|Netflix Top 10|Take a Hike!: Season 1 넷플릭스 한국 Top 10 8위|Take a Hike!|OTT,넷플릭스,신작,랭킹,Take,Hike,Season,TV|Netflix 공식 국가별 주간 Top 10에서 한국 8위. 카테고리: TV. 누적 Top 10 진입 4주. 집계 주간: 2026-09-13.|https://www.netflix.com/unsupportedbrowser|
2026-09-22|Netflix Top 10|The Whisper Man 넷플릭스 한국 Top 10 8위|The Whisper Man|OTT,넷플릭스,신작,랭킹,Whisper,Man,Films|Netflix 공식 국가별 주간 Top 10에서 한국 8위. 카테고리: Films. 누적 Top 10 진입 3주. 집계 주간: 2026-09-13.|https://www.netflix.com/unsupportedbrowser|
2026-09-22|Netflix Top 10|The Blind Side 넷플릭스 한국 Top 10 9위|The Blind Side|OTT,넷플릭스,신작,랭킹,Blind,Side,Films|Netflix 공식 국가별 주간 Top 10에서 한국 9위. 카테고리: Films. 누적 Top 10 진입 1주. 집계 주간: 2026-09-13.|https://www.netflix.com/unsupportedbrowser|
2026-09-22|Netflix Top 10|Anacondas: Trail of Blood 넷플릭스 한국 Top 10 10위|Anacondas: Trail of Blood|OTT,넷플릭스,신작,랭킹,Anacondas,Trail,of,Blood,Films|Netflix 공식 국가별 주간 Top 10에서 한국 10위. 카테고리: Films. 누적 Top 10 진입 2주. 집계 주간: 2026-09-13.|https://www.netflix.com/unsupportedbrowser|
2026-09-22|Netflix Top 10|Your Honor: Season 1 넷플릭스 한국 Top 10 10위|Your Honor|OTT,넷플릭스,신작,랭킹,Your,Honor,Season,TV|Netflix 공식 국가별 주간 Top 10에서 한국 10위. 카테고리: TV. 누적 Top 10 진입 4주. 집계 주간: 2026-09-13.|https://www.netflix.com/unsupportedbrowser|
2026-09-22|온라인 화제·뉴스|웨이브 '더 커뮤니티2', TV-OTT 비드라마 화제성 1위 '역주행' - 굿모닝경제|더 커뮤니티2|드라마,영화,OTT,웨이브,화제,역주행,커뮤니티2,TV,비드라마,화제성,1위,굿모닝경제|웨이브 '더 커뮤니티2', TV-OTT 비드라마 화제성 1위 '역주행' 굿모닝경제|https://www.goodkyung.com/news/articleView.html?idxno=291693|https://cdn.goodkyung.com/news/thumbnail/202609/291693_264964_111_v150.jpg
2026-09-22|온라인 화제·뉴스|웨이브 더 커뮤니티2, FUNdex 비드라마 화제성 1위로 ‘역주행 흥행’ - 톱스타뉴스|역주행 흥행|드라마,영화,웨이브,화제,흥행,역주행,커뮤니티2,FUNdex,비드라마,화제성,1위로,톱스타뉴스|웨이브 더 커뮤니티2, FUNdex 비드라마 화제성 1위로 ‘역주행 흥행’ 톱스타뉴스|https://www.topstarnews.net/news/articleView.html?idxno=16206847|https://cdn.topstarnews.net/news/photo/202609/16206847_2033559_4657_crop.jpg
2026-09-21|YouTube 반응|Stray Kids : SKZ-RECORD 관련 YouTube 화제 영상|Stray Kids : SKZ-RECORD|키즈,인기,Felix,다시,사랑한다,말할까,Cover,원곡,김동률,Stray,Kids,SKZ,RECORD,필릭스,스트레이,슼즈|"'Felix ""다시 사랑한다 말할까"" Cover (원곡 : 김동률) | [Stray Kids : SKZ-RECORD]' 영상이 공개 5일 기준 조회수 1,733,419회, 좋아요 266,562개, 댓글 14,326개를 기록. 일평균 조회수 약 346,684회. 채널: Stray Kids. 수집 경로: 한국 인기 영상. 영상 유형: 일반 영상."|https://www.youtube.com/watch?v=uvcpylgYDSU|https://i.ytimg.com/vi/uvcpylgYDSU/hqdefault.jpg
2026-09-21|YouTube 반응|KOR vs VIE 2차전 관련 YouTube 화제 영상|KOR vs VIE 2차전|인기,KOR,vs,VIE,2차전,한화생명,초청,리그,오브,레전드,국가대표,평가전,한국e스포츠협회,2026,아이치,나고야|"'KOR vs VIE 2차전 하이라이트 | 한화생명 초청 리그 오브 레전드 국가대표 평가전' 영상이 공개 5일 기준 조회수 1,151,332회, 좋아요 4,487개, 댓글 2,874개를 기록. 일평균 조회수 약 230,266회. 채널: 한국e스포츠협회. 수집 경로: 한국 인기 영상. 영상 유형: 일반 영상."|https://www.youtube.com/watch?v=DcST-XbCuCI|https://i.ytimg.com/vi/DcST-XbCuCI/hqdefault.jpg
2026-09-21|YouTube 반응|선공개 관련 YouTube 화제 영상|선공개|예능,넷플릭스,공개,리뷰,검색,선공개,옵니다,진짜,크게,돌아온,기안장,2호점,대환장,시즌2,만남을,가진|"'[선공개] 큰 거 옵니다🏠 진짜 크게 돌아온 기안장 2호점 | 대환장 기안장 시즌2 | 넷플릭스' 영상이 공개 5일 기준 조회수 1,026,369회, 좋아요 3,809개, 댓글 389개를 기록. 일평균 조회수 약 205,274회. 채널: Netflix Korea 넷플릭스 코리아. 수집 경로: 검색:한국 예능 리뷰. 영상 유형: 일반 영상."|https://www.youtube.com/watch?v=SufTEG9VHTo|https://i.ytimg.com/vi/SufTEG9VHTo/hqdefault.jpg
2026-09-21|YouTube 반응|전생에 갱이었나... 왜 잘 싸우는 건데?! 관련 YouTube 화제 영상|전생에 갱이었나... 왜 잘 싸우는 건데?!|인기,전생에,갱이었나,싸우는,건데,강튜브,멤버십,가입하기,최저가로,즐기는,강지와,강동부의,시크릿,오마카세,https,www|'전생에 갱이었나... 왜 잘 싸우는 건데?!' 영상이 공개 4일 기준 조회수 450,589회, 좋아요 4,671개, 댓글 403개를 기록. 일평균 조회수 약 112,647회. 채널: 강 지. 수집 경로: 한국 인기 영상. 영상 유형: 일반 영상.|https://www.youtube.com/watch?v=-L1ezEDzA8A|https://i.ytimg.com/vi/-L1ezEDzA8A/hqdefault.jpg
2026-09-20|YouTube 반응|이 별로부터(Unknown Planet) 관련 YouTube 화제 영상|이 별로부터(Unknown Planet)|SNS,인기,IU,별로부터,Unknown,Planet,Live,Clip,이지금,아이유,이별로부터,YouTube,https,www,youtube,com|'IU '이 별로부터(Unknown Planet)' Live Clip' 영상이 공개 8일 기준 조회수 5,299,540회, 좋아요 34,345개, 댓글 2,082개를 기록. 일평균 조회수 약 662,442회. 채널: 이지금 [IU Official]. 수집 경로: 한국 인기 영상. 영상 유형: 일반 영상.|https://www.youtube.com/watch?v=ezRoEK2ttw0|https://i.ytimg.com/vi/ezRoEK2ttw0/hqdefault.jpg
2026-09-20|YouTube 반응|KOR vs USA Esports 1차전 관련 YouTube 화제 영상|KOR vs USA Esports 1차전|인기,KOR,vs,USA,Esports,1차전,한화생명,초청,리그,오브,레전드,국가대표,평가전,한국e스포츠협회,2026,아이치|"'KOR vs USA Esports 1차전 하이라이트 | 한화생명 초청 리그 오브 레전드 국가대표 평가전' 영상이 공개 6일 기준 조회수 1,268,928회, 좋아요 4,732개, 댓글 1,503개를 기록. 일평균 조회수 약 211,488회. 채널: 한국e스포츠협회. 수집 경로: 한국 인기 영상. 영상 유형: 일반 영상."|https://www.youtube.com/watch?v=z0ihuKDvr4U|https://i.ytimg.com/vi/z0ihuKDvr4U/hqdefault.jpg
2026-09-20|YouTube 반응|직장인들 시즌3 관련 YouTube 화제 영상|직장인들 시즌3|공식채널,Coupang,Play,연봉,얼마나,받아요,직장인들,시즌3,4화,쿠팡플레이,DY기획,기강,잡는,조합,출동,주학건설|'연봉 얼마나 받아요? [직장인들 시즌3] 4화 하이라이트' 영상이 공개 6일 기준 조회수 1,885,466회, 좋아요 3,043개, 댓글 255개를 기록. 일평균 조회수 약 314,244회. 채널: 쿠팡플레이 Coupang Play. 수집 경로: 공식채널:Coupang Play. 영상 유형: 일반 영상.|https://www.youtube.com/watch?v=uUW2uyyWzdY|https://i.ytimg.com/vi/uUW2uyyWzdY/hqdefault.jpg
2026-09-20|YouTube 반응|2026 챔피언스 풀 업그레이드 관련 YouTube 화제 영상|2026 챔피언스 풀 업그레이드|리뷰,음악,인기,음악부터,마무리,모션까지,작정하고,만든,26,챔스,스킨,거기다,두가지,버전의,크로마까지,2026|"'음악부터 마무리 모션까지 작정하고 만든 ""26 챔스 스킨""... 거기다 두가지 버전의 크로마까지ㅋㅋㅋㅋ [2026 챔피언스 풀 업그레이드 리뷰]' 영상이 공개 6일 기준 조회수 555,390회, 좋아요 4,857개, 댓글 652개를 기록. 일평균 조회수 약 92,565회. 채널: 김된모. 수집 경로: 한국 인기 영상. 영상 유형: 일반 영상."|https://www.youtube.com/watch?v=yWJRTxpP52M|https://i.ytimg.com/vi/yWJRTxpP52M/hqdefault.jpg
2026-09-20|YouTube 반응|B-CAMP 관련 YouTube 화제 영상|B-CAMP|애니,인기,BAILEY,CAMP,ALLDAY,PROJECT,More,about,https,www,youtube,com,instagram,allday,project,facebook|"'BAILEY ‘B-CAMP’ | ALLDAY PROJECT' 영상이 공개 6일 기준 조회수 490,621회, 좋아요 11,655개, 댓글 666개를 기록. 일평균 조회수 약 81,770회. 채널: ALLDAY PROJECT. 수집 경로: 한국 인기 영상. 영상 유형: 일반 영상."|https://www.youtube.com/watch?v=ooJP6-l_QOs|https://i.ytimg.com/vi/ooJP6-l_QOs/hqdefault.jpg
2026-09-20|YouTube 반응|나루토 관련 YouTube 화제 영상|나루토|인기,이홍기,PLAY,버즈,Buzz,활주,나루토,여는,노래,cover,홍기종기,이횽시간,지금,재생중,이홍기의,목소리를|'이홍기 PLAY ▶ 버즈(Buzz) - 활주 ('나루토' 여는 노래) #cover' 영상이 공개 6일 기준 조회수 385,050회, 좋아요 5,263개, 댓글 558개를 기록. 일평균 조회수 약 64,175회. 채널: 홍기종기 (이홍기). 수집 경로: 한국 인기 영상. 영상 유형: 일반 영상.|https://www.youtube.com/watch?v=v7sfQ90al90|https://i.ytimg.com/vi/v7sfQ90al90/hqdefault.jpg
2026-09-20|온라인 화제·뉴스|저스틴 민 첫 한국 영화 주연작 ‘흐르는 여정’ 10월 28일 개봉 확정 - specialtimes.co.kr|흐르는 여정|영화,신작,개봉,저스틴,주연작,흐르는,여정,10월,28일,확정,specialtimes,co,kr|저스틴 민 첫 한국 영화 주연작 ‘흐르는 여정’ 10월 28일 개봉 확정 specialtimes.co.kr|https://www.specialtimes.co.kr/news/articleView.html?idxno=465211|https://cdn.specialtimes.co.kr/news/thumbnail/202609/465211_460024_1548_v150.jpg
2026-09-19|YouTube 반응|메이드 인 코리아 시즌2 관련 YouTube 화제 영상|메이드 인 코리아 시즌2|드라마,영화,넷플릭스,공개,리뷰,해석,결말,검색,메이드,시즌2,6화,선공개,마지막화에,걸맞게,본격적인,심리전|"'《메이드 인 코리아 시즌2》 5-6화 선공개🔥 마지막화에 걸맞게 본격적인 ""심리전""과 의심되는 ""이중 스파이""까지ㄷㄷ 최종화 떡밥들 총정리🔥 디즈니+ 드라마는 이걸로 종결...' 영상이 공개 5일 기준 조회수 1,777,338회, 좋아요 4,079개, 댓글 896개를 기록. 일평균 조회수 약 355,468회. 채널: 엘플릭스 [LPLIX]. 수집 경로: 검색:한국 드라마 리뷰 / 검색:드라마 결말 해석. 영상 유형: 일반 영상."|https://www.youtube.com/watch?v=_4vTTWUpr0M|https://i.ytimg.com/vi/_4vTTWUpr0M/hqdefault.jpg
2026-09-19|YouTube 반응|멋진 신세계 가 볼 생각 있습니까? 관련 YouTube 화제 영상|멋진 신세계 가 볼 생각 있습니까?|영화,웨이브,공식채널,wavve,멋진,신세계,생각,있습니까,커뮤니티2,바로,보기,https,site,naver,com,2fV22|'멋진 신세계 가 볼 생각 있습니까?' 영상이 공개 5일 기준 조회수 819,839회, 좋아요 2,208개, 댓글 867개를 기록. 일평균 조회수 약 163,968회. 채널: wavve 웨이브. 수집 경로: 공식채널:wavve. 영상 유형: 일반 영상.|https://www.youtube.com/watch?v=RnetBTnYzEY|https://i.ytimg.com/vi/RnetBTnYzEY/hqdefault.jpg
2026-09-19|YouTube 반응|1위 관련 YouTube 화제 영상|1위|드라마,영화,OTT,넷플릭스,신작,공개,리뷰,결말,스릴러,검색,반응,단언컨대,2026년,하반기,1위,인류|"'단언컨대 2026년 하반기 ""1위"".. 🔥인류 역사 최강🔥의 특수부대 이야기를 다룬 레전드 영화' 영상이 공개 4일 기준 조회수 917,925회, 좋아요 1,771개, 댓글 115개를 기록. 일평균 조회수 약 229,481회. 채널: movie trip 무비트립. 수집 경로: 검색:영화 요약 / 검색:OTT 신작 반응. 영상 유형: 일반 영상."|https://www.youtube.com/watch?v=gGztXdfSPmA|https://i.ytimg.com/vi/gGztXdfSPmA/hqdefault.jpg
2026-09-19|YouTube 반응|아침부터 왜 히스테리세요..? 관련 YouTube 화제 영상|아침부터 왜 히스테리세요..?|티빙,공식채널,TVING,아침부터,히스테리세요,로또1등도출근합니다,팀장님,저도,출근,싫어요,짜증,내시는,거예요,바로가기,https,tving|"'아침부터 왜 히스테리세요..? | TVING | #로또1등도출근합니다' 영상이 공개 5일 기준 조회수 736,234회, 좋아요 3,460개, 댓글 362개를 기록. 일평균 조회수 약 147,247회. 채널: TVING 티빙. 수집 경로: 공식채널:TVING. 영상 유형: 쇼츠/숏폼 후보."|https://www.youtube.com/watch?v=lEaEMJSnZL8|https://i.ytimg.com/vi/lEaEMJSnZL8/hqdefault.jpg
2026-09-19|YouTube 반응|... 근데 내 카드는 2차에만 써 관련 YouTube 화제 영상|... 근데 내 카드는 2차에만 써|티빙,공식채널,TVING,근데,카드는,2차에만,로또1등도출근합니다,일단,생색은,내가,낼게,비싼,부장님,카드로,결제해,바로가기|"'... 근데 내 카드는 2차에만 써 | TVING | #로또1등도출근합니다' 영상이 공개 4일 기준 조회수 646,959회, 좋아요 5,555개, 댓글 216개를 기록. 일평균 조회수 약 161,740회. 채널: TVING 티빙. 수집 경로: 공식채널:TVING. 영상 유형: 쇼츠/숏폼 후보."|https://www.youtube.com/watch?v=gFp8Vs5_SjE|https://i.ytimg.com/vi/gFp8Vs5_SjE/hqdefault.jpg
2026-09-19|KOBIS 박스오피스|디지몬 어드벤처 : 운명적 만남 & 우리들의 워 게임! 일일 박스오피스 10위|디지몬 어드벤처 : 운명적 만남 & 우리들의 워 게임!|영화,박스오피스,흥행,디지몬,어드벤처,운명적,만남,우리들의,게임|2026-09-18 KOBIS 일별 박스오피스 10위. 일일 관객 2,005명, 누적 관객 8,313명, 매출 점유율 0.9%. 전일 대비 순위 변화 -1.|https://www.kobis.or.kr/kobis/business/stat/boxs/findDailyBoxOfficeList.do|
2026-09-18|YouTube 반응|사생결단 // 2026 챔피언스 스킨 공개 트레일러 관련 YouTube 화제 영상|사생결단 // 2026 챔피언스 스킨 공개 트레일러|공개,음악,감독,인기,사생결단,2026,챔피언스,스킨,트레일러,발로란트,화려한,연출과,역동적인,전환,효과가,돋보이는|'사생결단 // 2026 챔피언스 스킨 공개 트레일러 - 발로란트' 영상이 공개 4일 기준 조회수 272,209회, 좋아요 2,847개, 댓글 565개를 기록. 일평균 조회수 약 68,052회. 채널: 발로란트. 수집 경로: 한국 인기 영상. 영상 유형: 일반 영상.|https://www.youtube.com/watch?v=1L_YY5ZoztM|https://i.ytimg.com/vi/1L_YY5ZoztM/hqdefault.jpg
2026-09-18|YouTube 반응|어벤져스: 둠스데이 관련 YouTube 화제 영상|어벤져스: 둠스데이|영화,명장면,인기,어벤져스,둠스데이,레고,버전,MarvelKorea,브릭을,하나씩,쌓아,올리며,향한,카운트다운이,시작됩니다,지금|'[어벤져스: 둠스데이] 레고 버전 예고편' 영상이 공개 4일 기준 조회수 570,082회, 좋아요 4,000개, 댓글 250개를 기록. 일평균 조회수 약 142,520회. 채널: MarvelKorea. 수집 경로: 한국 인기 영상. 영상 유형: 일반 영상.|https://www.youtube.com/watch?v=cJUMdxtNoEw|https://i.ytimg.com/vi/cJUMdxtNoEw/hqdefault.jpg
2026-09-18|YouTube 반응|남자는 맞고 시작하는 기다! 관련 YouTube 화제 영상|남자는 맞고 시작하는 기다!|드라마,영화,넷플릭스,쇼츠,결말,반전,출연,명장면,검색,남자는,맞고,시작하는,기다,몰입한방,응답하라,1994|'남자는 맞고 시작하는 기다!' 영상이 공개 6일 기준 조회수 1,525,872회, 좋아요 8,806개, 댓글 79개를 기록. 일평균 조회수 약 254,312회. 채널: 몰입한방. 수집 경로: 검색:드라마 명장면 쇼츠. 영상 유형: 쇼츠/숏폼 후보.|https://www.youtube.com/watch?v=i2-TA1EO8h8|https://i.ytimg.com/vi/i2-TA1EO8h8/hqdefault.jpg
2026-09-18|YouTube 반응|입학 첫 날부터 부산 통 노리는 박정태 관련 YouTube 화제 영상|입학 첫 날부터 부산 통 노리는 박정태|드라마,영화,넷플릭스,쇼츠,결말,반전,출연,명장면,검색,입학,날부터,부산,노리는,박정태,몰입한방,응답하라|'입학 첫 날부터 부산 통 노리는 박정태' 영상이 공개 5일 기준 조회수 1,132,668회, 좋아요 7,177개, 댓글 91개를 기록. 일평균 조회수 약 226,534회. 채널: 몰입한방. 수집 경로: 검색:드라마 명장면 쇼츠 / 검색:영화 명장면 쇼츠. 영상 유형: 쇼츠/숏폼 후보.|https://www.youtube.com/watch?v=LZxll2U1JxQ|https://i.ytimg.com/vi/LZxll2U1JxQ/hqdefault.jpg
2026-09-18|온라인 화제·뉴스|2026년 11월, 어떤 영화들을 극장에서 만나볼까? - Sortir à Paris|2026년 11월, 어떤 영화들을 극장에서 만나볼까?|영화,신작,개봉,2026년,11월,어떤,영화들을,극장에서,만나볼까,Sortir,Paris|2026년 11월, 어떤 영화들을 극장에서 만나볼까? Sortir à Paris|https://www.sortiraparis.com/ko/palieseo-hal-il/yeonghwa-silijeu-chugje/guides/197162-2026nyeon-11wol-e-gaebonghaneun-yeonghwa-eotteon-jagpumdeul-eul-bol-su-iss-eulkka|https://cdn.sortiraparis.com/images/80/88384/557121-pop-corn-et-tickets-de-cinema-symboles-d-une-seance-en-salle.jpg
2026-09-17|YouTube 반응|팡이요, 메이플스토리 관련 YouTube 화제 영상|팡이요, 메이플스토리|유튜브,인기,지금까지,초고자본,제논,육성기를,시청해,주셔서,감사합니다,팡이요,메이플스토리,풀버전은,SOOP,방송국,VOD에,자동|'지금까지 초고자본 제논 육성기를 시청해 주셔서 감사합니다 [팡이요, 메이플스토리]' 영상이 공개 6일 기준 조회수 475,882회, 좋아요 1,276개, 댓글 718개를 기록. 일평균 조회수 약 79,314회. 채널: 팡이요. 수집 경로: 한국 인기 영상. 영상 유형: 일반 영상.|https://www.youtube.com/watch?v=FpVzQFPf4qA|https://i.ytimg.com/vi/FpVzQFPf4qA/hqdefault.jpg
2026-09-17|YouTube 반응|메이드 인 코리아 시즌 2 관련 YouTube 화제 영상|메이드 인 코리아 시즌 2|드라마,영화,넷플릭스,공개,리뷰,검색,메이드,시즌,다음화,떴다,드디어,풀린,현빈의,과거,부터,본격|"'《메이드 인 코리아 시즌 2》 다음화 떴다🔥드디어 풀린 현빈의 ""과거""부터 본격 ""암살전""까지ㄷㄷ 디즈니+ 드라마 왜 이렇게 재밌는데!' 영상이 공개 5일 기준 조회수 1,385,334회, 좋아요 2,893개, 댓글 806개를 기록. 일평균 조회수 약 277,067회. 채널: 엘플릭스 [LPLIX]. 수집 경로: 검색:한국 드라마 리뷰. 영상 유형: 일반 영상."|https://www.youtube.com/watch?v=ush5h815XqI|https://i.ytimg.com/vi/ush5h815XqI/hqdefault.jpg
2026-09-17|YouTube 반응|야수의 심장 관련 YouTube 화제 영상|야수의 심장|영화,OTT,리뷰,명장면,범죄,검색,혼이,담긴,구라를,제대로,때려박은,타짜,마지막,시리즈,벨제붑의,노래|'혼이 담긴 구라를 제대로 때려박은 타짜 마지막 시리즈ㅋㅋ🔥 ≪타짜: 벨제붑의 노래≫ 스티플 잡고도 죽는 ‘야수의 심장’을 가진 남자!' 영상이 공개 7일 기준 조회수 5,753,074회, 좋아요 7,852개, 댓글 1,576개를 기록. 일평균 조회수 약 821,868회. 채널: 씨네포유 cine4u. 수집 경로: 검색:영화 요약. 영상 유형: 일반 영상.|https://www.youtube.com/watch?v=e03Dgo1B6DI|https://i.ytimg.com/vi/e03Dgo1B6DI/hqdefault.jpg
2026-09-17|YouTube 반응|재혼 황후 관련 YouTube 화제 영상|재혼 황후|디즈니플러스,공개,인기,재혼,황후,메인,디즈니,Disney,Plus,플러스,처음으로,사랑을,의심했다,정해진,운명에,머물|"'재혼 황후 | 메인 예고편 | 디즈니+' 영상이 공개 4일 기준 조회수 1,459,345회, 좋아요 4,298개, 댓글 1,050개를 기록. 일평균 조회수 약 364,836회. 채널: Disney Plus Korea 디즈니 플러스 코리아. 수집 경로: 한국 인기 영상. 영상 유형: 일반 영상."|https://www.youtube.com/watch?v=ePBZ8oF-0WI|https://i.ytimg.com/vi/ePBZ8oF-0WI/hqdefault.jpg
2026-09-17|YouTube 반응|한국에선 절대 이해 못 한다는 네이마르의 레전드 근황 관련 YouTube 화제 영상|한국에선 절대 이해 못 한다는 네이마르의 레전드 근황|예능,리뷰,검색,한국에선,절대,이해,한다는,네이마르의,레전드,근황,짧주|'한국에선 절대 이해 못 한다는 네이마르의 레전드 근황' 영상이 공개 7일 기준 조회수 745,928회, 좋아요 5,782개, 댓글 909개를 기록. 일평균 조회수 약 106,561회. 채널: 짧주. 수집 경로: 검색:한국 예능 리뷰. 영상 유형: 쇼츠/숏폼 후보.|https://www.youtube.com/watch?v=HNrnqSiP1Dg|https://i.ytimg.com/vi/HNrnqSiP1Dg/hqdefault.jpg
2026-09-17|온라인 화제·뉴스|추석 극장가 신작 한국 영화 잇따라 개봉 - v.daum.net|추석 극장가 신작 한국 영화 잇따라 개봉|영화,신작,개봉,추석,극장가,잇따라,daum,net|추석 극장가 신작 한국 영화 잇따라 개봉 v.daum.net|https://v.daum.net/v/20260917125121806|https://img1.daumcdn.net/thumb/S1200x630/?fname=https://t1.daumcdn.net/news/202609/17/sbsi/20260917125123291fjfy.jpg
2026-09-17|온라인 화제·뉴스|추석 극장가 신작 한국 영화 잇따라 개봉 - v.daum.net|추석 극장가 신작 한국 영화 잇따라 개봉|영화,신작,개봉,추석,극장가,잇따라,daum,net|추석 극장가 신작 한국 영화 잇따라 개봉 v.daum.net|https://v.daum.net/v/6vbSYGhD3t|https://img1.daumcdn.net/thumb/S1200x630/?fname=https://t1.daumcdn.net/news/202609/17/sbsi/20260917125123291fjfy.jpg
2026-09-17|온라인 화제·뉴스|추석 극장가 신작 한국 영화 잇따라 개봉 - v.daum.net|추석 극장가 신작 한국 영화 잇따라 개봉|영화,신작,개봉,추석,극장가,잇따라,daum,net|추석 극장가 신작 한국 영화 잇따라 개봉 v.daum.net|https://v.daum.net/v/20260917125121806?f=p|https://img1.daumcdn.net/thumb/S1200x630/?fname=https://t1.daumcdn.net/news/202609/17/sbsi/20260917125123291fjfy.jpg
2026-09-16|YouTube 반응|이 별로부터(Unknown Planet) 관련 YouTube 화제 영상|이 별로부터(Unknown Planet)|SNS,인기,IU,별로부터,Unknown,Planet,MV,이지금,Digital,Single,Lyrics,by,아이유,Composed,구름,SUMIN|'IU '이 별로부터(Unknown Planet)' MV' 영상이 공개 5일 기준 조회수 9,957,246회, 좋아요 64,568개, 댓글 4,237개를 기록. 일평균 조회수 약 1,991,449회. 채널: 이지금 [IU Official]. 수집 경로: 한국 인기 영상. 영상 유형: 일반 영상.|https://www.youtube.com/watch?v=nP1xjFX86Po|https://i.ytimg.com/vi/nP1xjFX86Po/hqdefault.jpg
2026-09-16|YouTube 반응|직장인들 시즌3 관련 YouTube 화제 영상|직장인들 시즌3|공식채널,Coupang,Play,무한상사,출신,시니어,인턴,직장인들,시즌3,쿠팡플레이,출근부터,쉬듯,무례한,인턴들,시리즈,시즌|'무한상사 출신 시니어 인턴 [직장인들 시즌3]' 영상이 공개 5일 기준 조회수 1,592,349회, 좋아요 16,824개, 댓글 712개를 기록. 일평균 조회수 약 318,470회. 채널: 쿠팡플레이 Coupang Play. 수집 경로: 공식채널:Coupang Play. 영상 유형: 일반 영상.|https://www.youtube.com/watch?v=849pJt_Rn1g|https://i.ytimg.com/vi/849pJt_Rn1g/hqdefault.jpg
2026-09-16|YouTube 반응|꺾어 관련 YouTube 화제 영상|꺾어|인기,영탁,꺾어,Suit,Dance,수트댄스,Performance,4K,YOUNGTAK,GOGO,1theK,Originals,원더케이,오리지널,SUITDANCE,New1theKOriginal|"'영탁 '꺾어' | Suit Dance | 수트댄스 | Performance | 4K | YOUNGTAK - GOGO' 영상이 공개 5일 기준 조회수 349,635회, 좋아요 8,740개, 댓글 1,472개를 기록. 일평균 조회수 약 69,927회. 채널: 1theK Originals - 원더케이 오리지널. 수집 경로: 한국 인기 영상. 영상 유형: 일반 영상."|https://www.youtube.com/watch?v=bKQ-3FzfEAg|https://i.ytimg.com/vi/bKQ-3FzfEAg/hqdefault.jpg
2026-09-16|YouTube 반응|너말고다른연애 관련 YouTube 화제 영상|너말고다른연애|드라마,예능,영화,리뷰,몰아보기,검색,빨래,설거지,원하는,해주는,서강준,결혼하기,싫은,안은진의,사정,비주얼|'밥 빨래 설거지, '원하는 건 다 해주는 서강준'과 결혼하기 싫은 안은진의 사정, 비주얼 감존살 드라마 [너말고다른연애] 1~2화 몰아보기!' 영상이 공개 5일 기준 조회수 892,428회, 좋아요 3,694개, 댓글 398개를 기록. 일평균 조회수 약 178,486회. 채널: 고몽. 수집 경로: 검색:한국 드라마 리뷰 / 검색:한국 예능 리뷰 / 검색:드라마 몰아보기. 영상 유형: 일반 영상.|https://www.youtube.com/watch?v=Q1-IKsv3z1Q|https://i.ytimg.com/vi/Q1-IKsv3z1Q/hqdefault.jpg
2026-09-16|YouTube 반응|1화 관련 YouTube 화제 영상|1화|드라마,공식채널,KBS,Drama,1화,그렇게,나를,속이고,너를,속였다,10년의,연애가,끝이,서강준,안은진,말고|"'[1화 하이라이트] ＂그렇게 나를 속이고 너를 속였다＂ 10년의 연애가 끝이 난 서강준&안은진 [너 말고 다른 연애] | KBS 260912 방송' 영상이 공개 6일 기준 조회수 907,561회, 좋아요 2,490개, 댓글 424개를 기록. 일평균 조회수 약 151,260회. 채널: KBS Drama. 수집 경로: 공식채널:KBS Drama. 영상 유형: 일반 영상."|https://www.youtube.com/watch?v=xT1Zezgl_1s|https://i.ytimg.com/vi/xT1Zezgl_1s/hqdefault.jpg
2026-09-16|온라인 화제·뉴스|토토 드림하이 파일 확장자와 실행 방식 - actt.org.tt|토토 드림하이 파일 확장자와 실행 방식|콘텐츠,리메이크,제작,확정,토토,드림하이,파일,확장자와,실행,방식,actt,org,tt|토토 드림하이 파일 확장자와 실행 방식 actt.org.tt|https://www.actt.org.tt/404|
2026-09-15|YouTube 반응|MV 관련 YouTube 화제 영상|MV|인기,MV,영탁,YOUNGTAK,꺾어,GOGO,영탁스클럽,YOUNGTAKsClub,3rd,Album,2026,09,14,6PM,KST,정규3집|'[MV] 영탁(YOUNGTAK) '꺾어(GOGO)'' 영상이 공개 5일 기준 조회수 244,922회, 좋아요 9,603개, 댓글 1,833개를 기록. 일평균 조회수 약 48,984회. 채널: 영탁스클럽 YOUNGTAKsClub. 수집 경로: 한국 인기 영상. 영상 유형: 일반 영상.|https://www.youtube.com/watch?v=Ak1cg1ex0NY|https://i.ytimg.com/vi/Ak1cg1ex0NY/hqdefault.jpg
2026-09-15|YouTube 반응|술래게임 관련 YouTube 화제 영상|술래게임|디즈니플러스,공개,서바이벌,공식채널,Disney,Plus,술래게임,메인,디즈니,플러스,술래를,잡지,못하면,사냥,당한다,도파민|"'술래게임 | 메인 예고편 | 디즈니+' 영상이 공개 5일 기준 조회수 1,362,622회, 좋아요 701개, 댓글 242개를 기록. 일평균 조회수 약 272,524회. 채널: Disney Plus Korea 디즈니 플러스 코리아. 수집 경로: 공식채널:Disney Plus Korea. 영상 유형: 일반 영상."|https://www.youtube.com/watch?v=xP-E5CC8SkI|https://i.ytimg.com/vi/xP-E5CC8SkI/hqdefault.jpg
2026-09-15|YouTube 반응|한국인은 절대 혼자보면 안되는 소름돋는 영상ㄷㄷ 관련 YouTube 화제 영상|한국인은 절대 혼자보면 안되는 소름돋는 영상ㄷㄷ|예능,영화,리뷰,공포,검색,한국인은,절대,혼자보면,안되는,소름돋는,뽀구미,혼자,보면,안된다는,영상들을,모아봤습니다|'한국인은 절대 혼자보면 안되는 소름돋는 영상ㄷㄷ' 영상이 공개 7일 기준 조회수 319,996회, 좋아요 3,094개, 댓글 1,174개를 기록. 일평균 조회수 약 45,714회. 채널: 뽀구미. 수집 경로: 검색:한국 예능 리뷰. 영상 유형: 일반 영상.|https://www.youtube.com/watch?v=GXq8Pj0Mo_E|https://i.ytimg.com/vi/GXq8Pj0Mo_E/hqdefault.jpg
2026-09-15|YouTube 반응|≪메이드 인 코리아≫ 시즌2.. 드디어 떴다.. 관련 YouTube 화제 영상|≪메이드 인 코리아≫ 시즌2.. 드디어 떴다..|드라마,영화,공개,결말,검색,메이드,시즌2,드디어,떴다,지무비,Movie,메이드인코리아2,디즈니,오리지널,시리즈,1화|'≪메이드 인 코리아≫ 시즌2.. 드디어 떴다..' 영상이 공개 7일 기준 조회수 2,221,781회, 좋아요 5,812개, 댓글 1,070개를 기록. 일평균 조회수 약 317,397회. 채널: 지무비 : G Movie. 수집 경로: 검색:영화 요약. 영상 유형: 일반 영상.|https://www.youtube.com/watch?v=pbDwqdmKoj4|https://i.ytimg.com/vi/pbDwqdmKoj4/hqdefault.jpg
2026-09-15|Netflix Top 10|The Secret Woman 넷플릭스 한국 Top 10 4위|The Secret Woman|OTT,넷플릭스,신작,랭킹,Secret,Woman,Films|Netflix 공식 국가별 주간 Top 10에서 한국 4위. 카테고리: Films. 누적 Top 10 진입 1주. 집계 주간: 2026-09-06.|https://www.netflix.com/unsupportedbrowser|
2026-09-15|Netflix Top 10|Mobile Suit Gundam Hathaway: The Sorcery of Nymph Circe 넷플릭스 한국 Top 10 6위|Mobile Suit Gundam Hathaway: The Sorcery of Nymph Circe|OTT,넷플릭스,신작,랭킹,Mobile,Suit,Gundam,Hathaway,Sorcery,of,Nymph,Circe,Films|Netflix 공식 국가별 주간 Top 10에서 한국 6위. 카테고리: Films. 누적 Top 10 진입 1주. 집계 주간: 2026-09-06.|https://www.netflix.com/unsupportedbrowser|
2026-09-15|Netflix Top 10|The Magnificent Seven 넷플릭스 한국 Top 10 7위|The Magnificent Seven|OTT,넷플릭스,신작,랭킹,Magnificent,Seven,Films|Netflix 공식 국가별 주간 Top 10에서 한국 7위. 카테고리: Films. 누적 Top 10 진입 1주. 집계 주간: 2026-09-06.|https://www.netflix.com/unsupportedbrowser|
2026-09-15|Netflix Top 10|The Hard Corps 넷플릭스 한국 Top 10 8위|The Hard Corps|OTT,넷플릭스,신작,랭킹,Hard,Corps,Films|Netflix 공식 국가별 주간 Top 10에서 한국 8위. 카테고리: Films. 누적 Top 10 진입 1주. 집계 주간: 2026-09-06.|https://www.netflix.com/unsupportedbrowser|
2026-09-15|Netflix Top 10|Wolf Man 넷플릭스 한국 Top 10 9위|Wolf Man|OTT,넷플릭스,신작,랭킹,Wolf,Man,Films|Netflix 공식 국가별 주간 Top 10에서 한국 9위. 카테고리: Films. 누적 Top 10 진입 1주. 집계 주간: 2026-09-06.|https://www.netflix.com/unsupportedbrowser|
2026-09-15|Netflix Top 10|Our Sticky Love: Limited Series 넷플릭스 한국 Top 10 10위|Our Sticky Love|OTT,넷플릭스,신작,랭킹,Our,Sticky,Love,Limited,Series,TV|Netflix 공식 국가별 주간 Top 10에서 한국 10위. 카테고리: TV. 누적 Top 10 진입 5주. 집계 주간: 2026-09-06.|https://www.netflix.com/unsupportedbrowser|
2026-09-15|온라인 화제·뉴스|베트남 크리에이터가 잇는 K-뷰티…서울 체험서 하노이 현지 홍보까지 - newskorea.ne.kr|베트남 크리에이터가 잇는 K-뷰티|콘텐츠,수상,해외,반응,베트남,크리에이터가,잇는,뷰티,서울,체험서,하노이,현지,홍보까지,newskorea,ne,kr|베트남 크리에이터가 잇는 K-뷰티…서울 체험서 하노이 현지 홍보까지 newskorea.ne.kr|https://www.newskorea.ne.kr/news/articleView.html?idxno=21474|https://cdn.newskorea.ne.kr/news/photo/202609/21474_54407_3312.jpg
2026-09-15|온라인 화제·뉴스|베트남 크리에이터가 먼저 써봤다...K-뷰티 현지 공략 새 공식 - trend-korea.co.kr||콘텐츠,수상,해외,반응,베트남,크리에이터가,먼저,써봤다,뷰티,현지,공략,trend,korea,co,kr|베트남 크리에이터가 먼저 써봤다...K-뷰티 현지 공략 새 공식 trend-korea.co.kr|https://www.trend-korea.co.kr/news/articleView.html?idxno=1989|https://cdn.trend-korea.co.kr/news/photo/202609/1989_2760_1755.jpg
2026-09-14|YouTube 반응|스타크래프트 관련 YouTube 화제 영상|스타크래프트|합류,명장면,인기,스타크래프트,발표,시네마틱,자치령,인류가,가장,위기에,처했을,자치령의,아들과,딸들은,부름에,응답했습니다|"'스타크래프트 | 발표 시네마틱 | 자치령' 영상이 공개 7일 기준 조회수 985,784회, 좋아요 8,907개, 댓글 4,113개를 기록. 일평균 조회수 약 140,826회. 채널: 스타크래프트. 수집 경로: 한국 인기 영상. 영상 유형: 일반 영상."|https://www.youtube.com/watch?v=Gu7_LaU3fgk|https://i.ytimg.com/vi/Gu7_LaU3fgk/hqdefault.jpg
2026-09-14|YouTube 반응|LIVE 관련 YouTube 화제 영상|LIVE|넷플릭스,신작,공개,리뷰,몰아보기,인기,스타,발표,디아블로5,블리즈컨,2026,개막식,LIVE,더큐TV,TheQ,00|'스타 신작 발표! 디아블로5 공개 등... 블리즈컨 2026 개막식 리뷰 [LIVE 하이라이트]' 영상이 공개 6일 기준 조회수 331,326회, 좋아요 1,387개, 댓글 823개를 기록. 일평균 조회수 약 55,221회. 채널: 더큐TV_TheQ. 수집 경로: 한국 인기 영상. 영상 유형: 일반 영상.|https://www.youtube.com/watch?v=aljYQWxZATg|https://i.ytimg.com/vi/aljYQWxZATg/hqdefault.jpg
2026-09-14|YouTube 반응|지금 관련 YouTube 화제 영상|지금|드라마,영화,공개,쇼츠,리뷰,결말,애니,출연,명장면,몰아보기,검색,표학수,마음,잡아주는,백기태,원지안|"'표학수 마음 잡아주는 백기태, 원지안 정우성 현빈 ""지금명장면"" #shorts' 영상이 공개 7일 기준 조회수 1,890,650회, 좋아요 11,281개, 댓글 396개를 기록. 일평균 조회수 약 270,093회. 채널: 지금. 수집 경로: 검색:드라마 명장면 쇼츠. 영상 유형: 쇼츠/숏폼 후보."|https://www.youtube.com/watch?v=i1KXm1j_m4o|https://i.ytimg.com/vi/i1KXm1j_m4o/hqdefault.jpg
2026-09-14|YouTube 반응|개봉조차 못 할 뻔한 한국 영화의 관련 YouTube 화제 영상|개봉조차 못 할 뻔한 한국 영화의|영화,넷플릭스,공개,쇼츠,화제,해석,결말,반전,감독,검색,개봉조차,뻔한,영화의,영화보다,국내,투자자가|'개봉조차 못 할 뻔한 한국 영화의 결말' 영상이 공개 7일 기준 조회수 1,179,438회, 좋아요 11,056개, 댓글 489개를 기록. 일평균 조회수 약 168,491회. 채널: 영화보다. 수집 경로: 검색:영화 결말 해석. 영상 유형: 쇼츠/숏폼 후보.|https://www.youtube.com/watch?v=XhyCJw5sRmE|https://i.ytimg.com/vi/XhyCJw5sRmE/hqdefault.jpg
2026-09-14|YouTube 반응|상남자 강찬석! #신병4 6회 #쇼츠 관련 YouTube 화제 영상|상남자 강찬석! #신병4 6회 #쇼츠|드라마,쇼츠,명장면,검색,상남자,강찬석,신병4,6회,ENA,DRAMA,계급이,오르고,고민도,늘어버린,상병,박민석|'상남자 강찬석! #신병4 6회 #쇼츠' 영상이 공개 7일 기준 조회수 3,121,234회, 좋아요 19,667개, 댓글 804개를 기록. 일평균 조회수 약 445,891회. 채널: ENA DRAMA. 수집 경로: 검색:드라마 명장면 쇼츠. 영상 유형: 쇼츠/숏폼 후보.|https://www.youtube.com/watch?v=mzpHcH3jdwM|https://i.ytimg.com/vi/mzpHcH3jdwM/hqdefault.jpg
2026-09-14|YouTube 반응|신병4 : 사보타주 관련 YouTube 화제 영상|신병4 : 사보타주|드라마,티빙,쇼츠,명장면,검색,EP,새끼들을,취급,군인,집단폭행,사건,두고,대대장,VS,번영회장,기싸움|"'【EP.6-3 l 명장면】 ""내 새끼들을 개 취급ㅋ?"" 군인 집단폭행 사건 두고 💥대대장 VS 번영회장 기싸움💥ㅣ《신병4 : 사보타주》' 영상이 공개 7일 기준 조회수 1,454,347회, 좋아요 2,862개, 댓글 706개를 기록. 일평균 조회수 약 207,764회. 채널: 스튜디오지니. 수집 경로: 검색:드라마 명장면 쇼츠. 영상 유형: 일반 영상."|https://www.youtube.com/watch?v=jiypKNKdgm0|https://i.ytimg.com/vi/jiypKNKdgm0/hqdefault.jpg
2026-09-14|YouTube 반응|로또 1등도 출근합니다 관련 YouTube 화제 영상|로또 1등도 출근합니다|티빙,클립,공식채널,TVING,로또,1등도,출근합니다,팀장,vs,대리,사무실,맞짱,직관한,2화,구경하면서,팝콘도|"'[로또 1등도 출근합니다] 팀장 vs 대리 사무실 맞짱 직관한 썰 | 2화 클립 | TVING' 영상이 공개 5일 기준 조회수 739,252회, 좋아요 1,748개, 댓글 426개를 기록. 일평균 조회수 약 147,850회. 채널: TVING 티빙. 수집 경로: 공식채널:TVING. 영상 유형: 일반 영상."|https://www.youtube.com/watch?v=nmxvKiskElw|https://i.ytimg.com/vi/nmxvKiskElw/hqdefault.jpg
2026-09-14|온라인 화제·뉴스|‘오디세이’ 피해 추석만 기다린 한국 영화들…전도연·박해일·한소희 누가 웃을까 - 한국일보|오디세이|영화,신작,개봉,오디세이,피해,추석만,기다린,영화들,전도연,박해일,한소희,누가,웃을까,한국일보|‘오디세이’ 피해 추석만 기다린 한국 영화들…전도연·박해일·한소희 누가 웃을까 한국일보|https://www.hankookilbo.com/news/article/A2026091113590005115|https://newsimg.hankookilbo.com/2026/09/11/4a41f1cf-411c-48b2-92a4-8b1ec27862cb.jpg
2026-09-13|YouTube 반응|애플 이건 선 넘었지ㄷㄷ 관련 YouTube 화제 영상|애플 이건 선 넘었지ㄷㄷ|영화,공개,유튜브,검색,애플,이건,넘었지,하루,만에,반응,싸하다,뉴스다,JTBC,News,00,우리도|"'""애플 이건 선 넘었지ㄷㄷ"" 공개 하루 만에 반응 '싸하다' #뉴스다 / JTBC News' 영상이 공개 7일 기준 조회수 5,562,744회, 좋아요 9,901개, 댓글 8,221개를 기록. 일평균 조회수 약 794,678회. 채널: JTBC News. 수집 경로: 검색:영화 요약. 영상 유형: 일반 영상."|https://www.youtube.com/watch?v=x-2jN1yitPM|https://i.ytimg.com/vi/x-2jN1yitPM/hqdefault.jpg
2026-09-13|YouTube 반응|직장인들 시즌3 관련 YouTube 화제 영상|직장인들 시즌3|공식채널,Coupang,Play,다들,회사에서,싸우지,마세요,직장인들,시즌3,3화,쿠팡플레이,사건,사고가,끊이지,않는,DY기획|'다들 회사에서 싸우지 마세요 [직장인들 시즌3] 3화 하이라이트' 영상이 공개 4일 기준 조회수 1,435,676회, 좋아요 2,477개, 댓글 398개를 기록. 일평균 조회수 약 358,919회. 채널: 쿠팡플레이 Coupang Play. 수집 경로: 공식채널:Coupang Play. 영상 유형: 일반 영상.|https://www.youtube.com/watch?v=VaI5OWZculU|https://i.ytimg.com/vi/VaI5OWZculU/hqdefault.jpg
2026-09-13|YouTube 반응|원신｜7.1 버전 특별 방송 관련 YouTube 화제 영상|원신｜7.1 버전 특별 방송|여행,인기,원신,버전,특별,방송,여행자,이번,방송의,리딤,코드야,시청해,주신,여러분께,감사드립니다,조만간|'원신｜7.1 버전 특별 방송' 영상이 공개 2일 기준 조회수 212,889회, 좋아요 3,653개, 댓글 471개를 기록. 일평균 조회수 약 106,444회. 채널: 원신. 수집 경로: 한국 인기 영상. 영상 유형: 일반 영상.|https://www.youtube.com/watch?v=woqqdemMAgQ|https://i.ytimg.com/vi/woqqdemMAgQ/hqdefault.jpg
2026-09-13|YouTube 반응|주문력 1만 관련 YouTube 화제 영상|주문력 1만|인기,한대치면,서렌나오는,주문력,1만,초극딜,레나타,무지개맛,Rainbow,Flavor,괴랄한,증강,스킬,아이템,조합들,특별한|'한대치면 서렌나오는 '주문력 1만' 초극딜 레나타' 영상이 공개 2일 기준 조회수 371,520회, 좋아요 932개, 댓글 137개를 기록. 일평균 조회수 약 185,760회. 채널: 무지개맛 Rainbow Flavor. 수집 경로: 한국 인기 영상. 영상 유형: 일반 영상.|https://www.youtube.com/watch?v=7e6wwBnN4M4|https://i.ytimg.com/vi/7e6wwBnN4M4/hqdefault.jpg
2026-09-13|온라인 화제·뉴스|[NB 시선] '유부녀 킬러' 시즌 2 가나요? 최종회 엔딩 보니... - 뉴스버즈|NB 시선|시즌2,후속편,제작,확정,NB,시선,유부녀,킬러,시즌,가나요,최종회,엔딩,보니,뉴스버즈|[NB 시선] '유부녀 킬러' 시즌 2 가나요? 최종회 엔딩 보니... 뉴스버즈|https://www.newsbuzz.co.kr/news/articleView.html?idxno=25117|https://cdn.newsbuzz.co.kr/news/thumbnail/202609/25117_27462_4514_v150.jpg
2026-09-13|온라인 화제·뉴스|글로벌 1위 찍더니 또 터졌다…넷플릭스 ‘8위’ 역주행한 19금 한국 드라마 - 위키트리|8위|드라마,영화,넷플릭스,화제,역주행,글로벌,1위,찍더니,터졌다,8위,역주행한,19금,위키트리|글로벌 1위 찍더니 또 터졌다…넷플릭스 ‘8위’ 역주행한 19금 한국 드라마 위키트리|https://www.wikitree.co.kr/articles/1159227|https://cdnweb01.wikitree.co.kr/webdata/editor/202609/13/202609132158367170.jpg
2026-09-12|YouTube 반응|DANG DANG 관련 YouTube 화제 영상|DANG DANG|아이돌,인기,ALL,OURS,올아워즈,DANG,SIXTH,MINI,ALBUM,UNBOUND,Homepage,https,all,ours,com,twitter|'ALL(H)OURS (올아워즈) ‘DANG DANG’ Official M/V' 영상이 공개 7일 기준 조회수 16,624,685회, 좋아요 14,106개, 댓글 794개를 기록. 일평균 조회수 약 2,374,955회. 채널: 올아워즈 ALL(H)OURS. 수집 경로: 한국 인기 영상. 영상 유형: 일반 영상.|https://www.youtube.com/watch?v=UuoYKHIYq4Q|https://i.ytimg.com/vi/UuoYKHIYq4Q/hqdefault.jpg
2026-09-12|YouTube 반응|音乃瀬奏 - GREATEST (Official MV) 관련 YouTube 화제 영상|音乃瀬奏 - GREATEST (Official MV)|인기,GREATEST,MV,Kanade,Ch,ReGLOSS,1st,20,24,00,21,https,cover,lnk,to,4rvCRp|'音乃瀬奏 - GREATEST (Official MV)' 영상이 공개 8일 기준 조회수 1,265,023회, 좋아요 64,809개, 댓글 5,280개를 기록. 일평균 조회수 약 158,128회. 채널: Kanade Ch. 音乃瀬奏 ‐ ReGLOSS. 수집 경로: 한국 인기 영상. 영상 유형: 일반 영상.|https://www.youtube.com/watch?v=PeitgWu6Yj8|https://i.ytimg.com/vi/PeitgWu6Yj8/hqdefault.jpg
2026-09-12|YouTube 반응|계단청소 알바 왔는데 123층이랍니다 😇🧹 관련 YouTube 화제 영상|계단청소 알바 왔는데 123층이랍니다 😇🧹|예능,리뷰,먹방,검색,계단청소,알바,왔는데,123층이랍니다,롯데월드,타워,워크맨,이준,Workman,우리나라에서,가장,높은|'계단청소 알바 왔는데 123층이랍니다 😇🧹ㅣ롯데월드 타워 계단청소ㅣ워크맨ㅣ이준' 영상이 공개 6일 기준 조회수 1,317,796회, 좋아요 6,176개, 댓글 700개를 기록. 일평균 조회수 약 219,633회. 채널: 워크맨-Workman. 수집 경로: 검색:한국 예능 리뷰. 영상 유형: 일반 영상.|https://www.youtube.com/watch?v=7bmkhG8OPCc|https://i.ytimg.com/vi/7bmkhG8OPCc/hqdefault.jpg
2026-09-12|YouTube 반응|Sparkle 미리 불러 봄 관련 YouTube 화제 영상|Sparkle 미리 불러 봄|영화,인기,Sparkle,미리,불러,로이킴,Roy,Kim,POP,REMAKE,Vol,2026,09,11,Fri,6PM|'Sparkle 미리 불러 봄' 영상이 공개 7일 기준 조회수 665,542회, 좋아요 7,654개, 댓글 562개를 기록. 일평균 조회수 약 95,077회. 채널: 로이킴 Roy Kim. 수집 경로: 한국 인기 영상. 영상 유형: 일반 영상.|https://www.youtube.com/watch?v=90ssj9w_P4I|https://i.ytimg.com/vi/90ssj9w_P4I/hqdefault.jpg
2026-09-12|YouTube 반응|메이드 인 코리아 시즌 2 관련 YouTube 화제 영상|메이드 인 코리아 시즌 2|드라마,영화,넷플릭스,공개,리뷰,검색,메이드,시즌,떴다,대통령,시해,사건,연루된,현빈부터,쿠데타까지,디즈니|"'《메이드 인 코리아 시즌 2》 떴다!!🔥 ""대통령 시해 사건""에 연루된 현빈부터, 쿠데타까지ㄷㄷ 디즈니+ 드라마 스케일 역대급으로 미쳤다' 영상이 공개 7일 기준 조회수 1,566,280회, 좋아요 2,970개, 댓글 427개를 기록. 일평균 조회수 약 223,754회. 채널: 엘플릭스 [LPLIX]. 수집 경로: 검색:한국 드라마 리뷰. 영상 유형: 일반 영상."|https://www.youtube.com/watch?v=4SN5kp_LH-s|https://i.ytimg.com/vi/4SN5kp_LH-s/hqdefault.jpg
2026-09-12|YouTube 반응|대회 감독님이 교오탱 존버단 수장.. 관련 YouTube 화제 영상|대회 감독님이 교오탱 존버단 수장..|감독,인기,대회,감독님이,교오탱,존버단,수장,튜브김민교,비즈니스,문의,creators,iambrand,co,kr,김민교,민교|'대회 감독님이 교오탱 존버단 수장..' 영상이 공개 3일 기준 조회수 619,290회, 좋아요 2,278개, 댓글 188개를 기록. 일평균 조회수 약 206,430회. 채널: 튜브김민교. 수집 경로: 한국 인기 영상. 영상 유형: 일반 영상.|https://www.youtube.com/watch?v=8iSq04OgdiY|https://i.ytimg.com/vi/8iSq04OgdiY/hqdefault.jpg
2026-09-12|YouTube 반응|메이플스토리 맑음 관련 YouTube 화제 영상|메이플스토리 맑음|유튜브,리뷰,인기,메이플스토리,맑음,전직업,대규모,밸런스,패치,9월,하향된,48가지,직업,인게임,캔슬,스킬|'[메이플스토리 맑음] 전직업 대규모 밸런스 패치 (9월) 상/하향된 48가지 직업 인게임 리뷰 (전직업 캔슬 스킬 / 바인드 개선 / 스킬 효율 / 비숍 / 썬콜 / 불독 등)' 영상이 공개 2일 기준 조회수 206,586회, 좋아요 650개, 댓글 257개를 기록. 일평균 조회수 약 103,293회. 채널: 메이플스토리맑음. 수집 경로: 한국 인기 영상. 영상 유형: 일반 영상.|https://www.youtube.com/watch?v=1lhZlQq7iOw|https://i.ytimg.com/vi/1lhZlQq7iOw/hqdefault.jpg
2026-09-12|온라인 화제·뉴스|5개월 만에 또 개봉한다…올해 '595만' 흥행한 감독이 만든 '한국 영화' - 위키트리|595만|영화,신작,감독,흥행,개봉,5개월,만에,개봉한다,올해,595만,흥행한,감독이,만든,위키트리|5개월 만에 또 개봉한다…올해 '595만' 흥행한 감독이 만든 '한국 영화' 위키트리|https://www.wikitree.co.kr/articles/1158304|https://cdnweb01.wikitree.co.kr/webdata/editor/202609/09/202609091154303838.jpg
2026-09-11|YouTube 반응|Dear my crazy soulmate 관련 YouTube 화제 영상|Dear my crazy soulmate|SNS,인기,IU,Dear,my,crazy,soulmate,MV,이지금,Digital,Single,별로부터,2026,09,10,18|'IU 'Dear my crazy soulmate' MV' 영상이 공개 6일 기준 조회수 15,264,654회, 좋아요 202,892개, 댓글 8,738개를 기록. 일평균 조회수 약 2,544,109회. 채널: 이지금 [IU Official]. 수집 경로: 한국 인기 영상. 영상 유형: 일반 영상.|https://www.youtube.com/watch?v=RdUV9Ms5GM4|https://i.ytimg.com/vi/RdUV9Ms5GM4/hqdefault.jpg
2026-09-11|YouTube 반응|축구 감독 출신의 올바른(?) 투수 육성법 관련 YouTube 화제 영상|축구 감독 출신의 올바른(?) 투수 육성법|감독,인기,축구,출신의,올바른,투수,육성법,동수칸TV,고시엔,정복하기,EP,치지직,생방송,https,chzzk,naver|'축구 감독 출신의 올바른(?) 투수 육성법' 영상이 공개 5일 기준 조회수 485,869회, 좋아요 2,220개, 댓글 536개를 기록. 일평균 조회수 약 97,174회. 채널: 동수칸TV. 수집 경로: 한국 인기 영상. 영상 유형: 일반 영상.|https://www.youtube.com/watch?v=tE_jznE7FhY|https://i.ytimg.com/vi/tE_jznE7FhY/hqdefault.jpg
2026-09-11|YouTube 반응|원시 유니는 전설이었다... 관련 YouTube 화제 영상|원시 유니는 전설이었다...|인기,원시,유니는,전설이었다,강튜브,멤버십,가입하기,최저가로,즐기는,강지와,강동부의,시크릿,오마카세,https,www,youtube|'원시 유니는 전설이었다...' 영상이 공개 4일 기준 조회수 481,040회, 좋아요 4,668개, 댓글 331개를 기록. 일평균 조회수 약 120,260회. 채널: 강 지. 수집 경로: 한국 인기 영상. 영상 유형: 일반 영상.|https://www.youtube.com/watch?v=nmMqBDd9EWw|https://i.ytimg.com/vi/nmMqBDd9EWw/hqdefault.jpg
2026-09-11|YouTube 반응|직장인들 시즌3 관련 YouTube 화제 영상|직장인들 시즌3|공식채널,Coupang,Play,후장님,저격하는,박명수,직장인들,시즌3,쿠팡플레이,VS,아찔한,급발진,그리고,하와수를,실물로,있는|'후장님 저격하는 박명수 [직장인들 시즌3]' 영상이 공개 3일 기준 조회수 669,304회, 좋아요 8,176개, 댓글 532개를 기록. 일평균 조회수 약 223,101회. 채널: 쿠팡플레이 Coupang Play. 수집 경로: 공식채널:Coupang Play. 영상 유형: 일반 영상.|https://www.youtube.com/watch?v=a7e5vx_QZbk|https://i.ytimg.com/vi/a7e5vx_QZbk/hqdefault.jpg
2026-09-11|YouTube 반응|나를 충전해줘 관련 YouTube 화제 영상|나를 충전해줘|드라마,넷플릭스,신작,로맨스,인기,공식채널,나를,충전해줘,티저,10월,9일,넷플릭스에서,시청하세요,https,www,netflix|"'나를 충전해줘 | 공식 티저 예고편 | 넷플릭스' 영상이 공개 3일 기준 조회수 489,493회, 좋아요 2,183개, 댓글 225개를 기록. 일평균 조회수 약 163,164회. 채널: Netflix Korea 넷플릭스 코리아. 수집 경로: 한국 인기 영상 / 공식채널:Netflix Korea. 영상 유형: 일반 영상."|https://www.youtube.com/watch?v=fksdxa-ylzE|https://i.ytimg.com/vi/fksdxa-ylzE/hqdefault.jpg
2026-09-11|YouTube 반응|오디세이 10초 관련 YouTube 화제 영상|오디세이 10초|영화,애니,검색,오디세이,10초,짤툰,만화는,무료로,웃겨줍니다,평일은,저녁,6시,주말은,오후,3시,업로드|'오디세이 10초 요약' 영상이 공개 5일 기준 조회수 443,009회, 좋아요 9,275개, 댓글 411개를 기록. 일평균 조회수 약 88,602회. 채널: 짤툰. 수집 경로: 검색:영화 요약. 영상 유형: 쇼츠/숏폼 후보.|https://www.youtube.com/watch?v=5XpMNtm76mw|https://i.ytimg.com/vi/5XpMNtm76mw/hqdefault.jpg
2026-09-11|KOBIS 박스오피스|이누야샤 극장판: 시대를 초월한 마음 일일 박스오피스 6위|이누야샤 극장판: 시대를 초월한 마음|영화,박스오피스,흥행,이누야샤,극장판,시대를,초월한,마음|2026-09-10 KOBIS 일별 박스오피스 6위. 일일 관객 4,083명, 누적 관객 8,894명, 매출 점유율 2.9%. 전일 대비 순위 변화 +0.|https://www.kobis.or.kr/kobis/business/stat/boxs/findDailyBoxOfficeList.do|
2026-09-11|KOBIS 박스오피스|경주기행 박스오피스 2계단 상승해 7위|경주기행|영화,박스오피스,흥행,경주기행|2026-09-10 KOBIS 일별 박스오피스 7위. 일일 관객 3,954명, 누적 관객 315,754명, 매출 점유율 2.2%. 전일 대비 순위 변화 +2.|https://www.kobis.or.kr/kobis/business/stat/boxs/findDailyBoxOfficeList.do|
2026-09-11|KOBIS 박스오피스|싱 어게인 일일 박스오피스 8위|싱 어게인|영화,박스오피스,흥행,어게인|2026-09-10 KOBIS 일별 박스오피스 8위. 일일 관객 3,235명, 누적 관객 74,122명, 매출 점유율 1.8%. 전일 대비 순위 변화 +0.|https://www.kobis.or.kr/kobis/business/stat/boxs/findDailyBoxOfficeList.do|
2026-09-11|KOBIS 박스오피스|비광 박스오피스 4계단 상승해 9위|비광|영화,박스오피스,흥행,비광|2026-09-10 KOBIS 일별 박스오피스 9위. 일일 관객 2,473명, 누적 관객 87,393명, 매출 점유율 1.3%. 전일 대비 순위 변화 +4.|https://www.kobis.or.kr/kobis/business/stat/boxs/findDailyBoxOfficeList.do|
2026-09-11|KOBIS 박스오피스|오아시스: 돈 룩 백 인 앵거 일일 박스오피스 10위|오아시스: 돈 룩 백 인 앵거|영화,박스오피스,흥행,오아시스,앵거|2026-09-10 KOBIS 일별 박스오피스 10위. 일일 관객 2,297명, 누적 관객 6,842명, 매출 점유율 1.5%. 전일 대비 순위 변화 -3.|https://www.kobis.or.kr/kobis/business/stat/boxs/findDailyBoxOfficeList.do|
2026-09-10|YouTube 반응|전세계 누나 관련 YouTube 화제 영상|전세계 누나|드라마,티빙,쇼츠,명장면,검색,전세계,누나,한가인,등장,신병,신병4,드라마추천,드라마쇼츠,STUDIOGENIE,스튜디오지니,계급이|''전세계 누나' 한가인 등장ㄷㄷ?! #신병 #신병4 #드라마추천 #드라마쇼츠 #STUDIOGENIE' 영상이 공개 6일 기준 조회수 1,276,256회, 좋아요 10,692개, 댓글 763개를 기록. 일평균 조회수 약 212,709회. 채널: 스튜디오지니. 수집 경로: 검색:드라마 명장면 쇼츠. 영상 유형: 쇼츠/숏폼 후보.|https://www.youtube.com/watch?v=uAzyFYN8vN4|https://i.ytimg.com/vi/uAzyFYN8vN4/hqdefault.jpg
2026-09-10|YouTube 반응|연애를 시작하고 눈물이 많아진 이유 #영화 #만약에우리 관련 YouTube 화제 영상|연애를 시작하고 눈물이 많아진 이유 #영화 #만약에우리|영화,쇼츠,리뷰,명장면,검색,연애를,시작하고,눈물이,많아진,이유,만약에우리,크크썰,가장,초라했던,그때,눈부셨던|'연애를 시작하고 눈물이 많아진 이유 #영화 #만약에우리' 영상이 공개 7일 기준 조회수 1,885,792회, 좋아요 18,312개, 댓글 227개를 기록. 일평균 조회수 약 269,399회. 채널: 크크썰. 수집 경로: 검색:영화 명장면 쇼츠. 영상 유형: 쇼츠/숏폼 후보.|https://www.youtube.com/watch?v=9N4i7fEM7Sk|https://i.ytimg.com/vi/9N4i7fEM7Sk/hqdefault.jpg
2026-09-10|YouTube 반응|인간병기 관련 YouTube 화제 영상|인간병기|드라마,영화,OTT,넷플릭스,공개,리뷰,결말,스릴러,몰아보기,범죄,검색,조용히,살고있던,인간병기,아내를,건드린|"'조용히 살고있던 ""인간병기""의 아내를 건드린 범죄조직의 최후[결말포함]' 영상이 공개 2일 기준 조회수 422,979회, 좋아요 910개, 댓글 50개를 기록. 일평균 조회수 약 211,490회. 채널: movie trip 무비트립. 수집 경로: 검색:한국 영화 리뷰 / 검색:드라마 몰아보기 / 검색:영화 요약. 영상 유형: 일반 영상."|https://www.youtube.com/watch?v=ARw0J3F8fSE|https://i.ytimg.com/vi/ARw0J3F8fSE/hqdefault.jpg
2026-09-10|KOBIS 박스오피스|딥 워터 박스오피스 24계단 상승해 10위|딥 워터|영화,박스오피스,흥행,워터|2026-09-09 KOBIS 일별 박스오피스 10위. 일일 관객 3,232명, 누적 관객 3,500명, 매출 점유율 1.2%. 전일 대비 순위 변화 +24.|https://www.kobis.or.kr/kobis/business/stat/boxs/findDailyBoxOfficeList.do|
2026-09-10|온라인 화제·뉴스|‘최애의 사원’ 강훈·김혜준, 해피엔딩 결말…최종회 시청률 ‘3.1%’ 유종의 美 - mhnse.com|최애의 사원|드라마,예능,시청률,화제,결말,종영,최애의,사원,강훈,김혜준,해피엔딩,최종회,유종의,mhnse,com|‘최애의 사원’ 강훈·김혜준, 해피엔딩 결말…최종회 시청률 ‘3.1%’ 유종의 美 mhnse.com|https://mhnse.com/news/articleView.html?idxno=1534330|https://cdn.mhnse.com/mhnsports/2026/09/10115431/thumb_ccms_55599.jpg
2026-09-09|YouTube 반응|단체로 뇌 또 또 또 빠진 날 관련 YouTube 화제 영상|단체로 뇌 또 또 또 빠진 날|음악,인기,단체로,빠진,통깡이,스트리머,합방,노가리,상황극,비타민,맛이,다양하네,생방송은,치지직에서,https,chzzk|'단체로 뇌 또 또 또 빠진 날' 영상이 공개 6일 기준 조회수 438,254회, 좋아요 8,115개, 댓글 1,015개를 기록. 일평균 조회수 약 73,042회. 채널: 통깡이. 수집 경로: 한국 인기 영상. 영상 유형: 일반 영상.|https://www.youtube.com/watch?v=CGv7QNmqNxg|https://i.ytimg.com/vi/CGv7QNmqNxg/hqdefault.jpg
2026-09-09|YouTube 반응|하늘땅 별땅 관련 YouTube 화제 영상|하늘땅 별땅|SNS,인기,UNIS,유니스,하늘땅,별땅,Performance,Video,UNI,Story,하늘땅별땅,YouTube,https,youtube,com,Offcl|'UNIS(유니스) '하늘땅 별땅' Performance Video' 영상이 공개 5일 기준 조회수 883,293회, 좋아요 37,785개, 댓글 4,386개를 기록. 일평균 조회수 약 176,659회. 채널: UNIS. 수집 경로: 한국 인기 영상. 영상 유형: 일반 영상.|https://www.youtube.com/watch?v=luTz3QoowrU|https://i.ytimg.com/vi/luTz3QoowrU/hqdefault.jpg
2026-09-09|YouTube 반응|스캔들 관련 YouTube 화제 영상|스캔들|드라마,넷플릭스,신작,공식채널,스캔들,9월,18일,넷플릭스에서,시청하세요,https,www,netflix,com,kr,title,81911390|"'스캔들 | 공식 예고편 | 넷플릭스' 영상이 공개 4일 기준 조회수 721,144회, 좋아요 1,890개, 댓글 461개를 기록. 일평균 조회수 약 180,286회. 채널: Netflix Korea 넷플릭스 코리아. 수집 경로: 공식채널:Netflix Korea. 영상 유형: 일반 영상."|https://www.youtube.com/watch?v=siNk-uYGQ1c|https://i.ytimg.com/vi/siNk-uYGQ1c/hqdefault.jpg
2026-09-09|YouTube 반응|군필 출신 관련 YouTube 화제 영상|군필 출신|영화,OTT,넷플릭스,신작,공개,리뷰,결말,배우,몰아보기,검색,넷플릭스가,실제,군필,출신,여배우까지,캐스팅해|"'와..넷플릭스가 실제 ""군필 출신"" 여배우까지 캐스팅해 ""1700억"" 때려부어 작정하고 찍어버린 ≪미션 임파서블≫ 제작진의 SSS급 액션 대작 ㄷㄷ' 영상이 공개 5일 기준 조회수 967,704회, 좋아요 3,210개, 댓글 125개를 기록. 일평균 조회수 약 193,541회. 채널: 드림텔러 DREAM TELLER. 수집 경로: 검색:한국 영화 리뷰. 영상 유형: 일반 영상."|https://www.youtube.com/watch?v=xp1AAxBmeZc|https://i.ytimg.com/vi/xp1AAxBmeZc/hqdefault.jpg
2026-09-09|온라인 화제·뉴스|진천 K스토리 웹툰, 북미·일본 시장서 잇단 성과 - 청주일보||콘텐츠,수상,해외,반응,진천,K스토리,웹툰,북미,일본,시장서,잇단,성과,청주일보|진천 K스토리 웹툰, 북미·일본 시장서 잇단 성과 청주일보|https://www.cj-ilbo.com/news/articleView.html?idxno=1182916|http://www.cj-ilbo.com/news/thumbnail/202609/1182916_1101590_754_v150.jpg
2026-09-09|온라인 화제·뉴스|"[NC인터뷰] '만약에 우리'→'인턴' 김도영 감독 ""흥행 '야망' 보다 이야기가 먼저죠"" - 뉴스컬처"|NC인터뷰|신작,배우,감독,인터뷰,흥행,NC인터뷰,만약에,우리,인턴,김도영,야망,보다,이야기가,먼저죠,뉴스컬처|"[NC인터뷰] '만약에 우리'→'인턴' 김도영 감독 ""흥행 '야망' 보다 이야기가 먼저죠"" 뉴스컬처"|https://www.nc.press/news/articleView.html?idxno=626081|https://cdn.nc.press/news/photo/202609/626081_858675_3741.jpg
2026-09-08|YouTube 반응|Death of Me 관련 YouTube 화제 영상|Death of Me|OTT,인기,EVAN,에반,Death,of,Me,MV,HYBE,LABELS,YouTube,특전이,포함된,앨범,구매,방법|'EVAN (에반) 'Death of Me' Official MV' 영상이 공개 5일 기준 조회수 11,484,661회, 좋아요 412,857개, 댓글 32,050개를 기록. 일평균 조회수 약 2,296,932회. 채널: HYBE LABELS. 수집 경로: 한국 인기 영상. 영상 유형: 일반 영상.|https://www.youtube.com/watch?v=iNMvUYjaieA|https://i.ytimg.com/vi/iNMvUYjaieA/hqdefault.jpg
2026-09-08|YouTube 반응|핵으로 망해버린 니케 근황 관련 YouTube 화제 영상|핵으로 망해버린 니케 근황|유튜브,리뷰,인기,핵으로,망해버린,니케,근황,지존조세,생방송,치지직,링크,https,chzzk,naver,com,b9a295ea982b0f1e879e5cb646e4e23f|'핵으로 망해버린 니케 근황' 영상이 공개 5일 기준 조회수 610,315회, 좋아요 4,164개, 댓글 1,952개를 기록. 일평균 조회수 약 122,063회. 채널: 지존조세. 수집 경로: 한국 인기 영상. 영상 유형: 일반 영상.|https://www.youtube.com/watch?v=UXVIHlFb3fw|https://i.ytimg.com/vi/UXVIHlFb3fw/hqdefault.jpg
2026-09-08|YouTube 반응|우리 란이 뽀뽀~쪽😘│2026 LCK│울챔스 관련 YouTube 화제 영상|우리 란이 뽀뽀~쪽😘│2026 LCK│울챔스|인기,우리,란이,뽀뽀,2026,LCK,울챔스,Wolf,lck,t1wolf,경기,정보,2026년,09월,06일,Play|'우리 란이 뽀뽀~쪽😘│2026 LCK│울챔스 하이라이트' 영상이 공개 6일 기준 조회수 560,707회, 좋아요 3,153개, 댓글 269개를 기록. 일평균 조회수 약 93,451회. 채널: Wolf. 수집 경로: 한국 인기 영상. 영상 유형: 일반 영상.|https://www.youtube.com/watch?v=9jNmYK9jFh8|https://i.ytimg.com/vi/9jNmYK9jFh8/hqdefault.jpg
2026-09-08|YouTube 반응|대환장 기안장 시즌2 관련 YouTube 화제 영상|대환장 기안장 시즌2|예능,넷플릭스,공개,공식채널,대환장,기안장,시즌2,기안의,상상이,한겨울,대관령에서,다시,시작됩니다,신입,직원,김연경|"'대환장 기안장 시즌2 | 공식 예고편 | 넷플릭스' 영상이 공개 4일 기준 조회수 530,881회, 좋아요 3,425개, 댓글 433개를 기록. 일평균 조회수 약 132,720회. 채널: Netflix Korea 넷플릭스 코리아. 수집 경로: 공식채널:Netflix Korea. 영상 유형: 일반 영상."|https://www.youtube.com/watch?v=UGLVvzfOJ-I|https://i.ytimg.com/vi/UGLVvzfOJ-I/hqdefault.jpg
2026-09-08|YouTube 반응|팡이요, 메이플스토리 관련 YouTube 화제 영상|팡이요, 메이플스토리|유튜브,인기,벌써,제논이,데티,1차,해방을,완료했습니다,팡이요,메이플스토리,풀버전은,SOOP,방송국,VOD에,자동,업로드가|'벌써 제논이 데티 1차 해방을 완료했습니다! ㄷㄷ [팡이요, 메이플스토리]' 영상이 공개 3일 기준 조회수 401,106회, 좋아요 947개, 댓글 194개를 기록. 일평균 조회수 약 133,702회. 채널: 팡이요. 수집 경로: 한국 인기 영상. 영상 유형: 일반 영상.|https://www.youtube.com/watch?v=4bJL3Z27DVo|https://i.ytimg.com/vi/4bJL3Z27DVo/hqdefault.jpg
2026-09-08|KOBIS 박스오피스|오크 스트리트의 마지막 날 박스오피스 2계단 상승해 7위|오크 스트리트의 마지막 날|영화,박스오피스,흥행,오크,스트리트의,마지막|2026-09-07 KOBIS 일별 박스오피스 7위. 일일 관객 1,089명, 누적 관객 131,591명, 매출 점유율 0.7%. 전일 대비 순위 변화 +2.|https://www.kobis.or.kr/kobis/business/stat/boxs/findDailyBoxOfficeList.do|
2026-09-08|KOBIS 박스오피스|명탐정 코난: 하이웨이의 타천사 일일 박스오피스 8위|명탐정 코난: 하이웨이의 타천사|영화,박스오피스,흥행,명탐정,코난,하이웨이의,타천사|2026-09-07 KOBIS 일별 박스오피스 8위. 일일 관객 905명, 누적 관객 421,534명, 매출 점유율 0.5%. 전일 대비 순위 변화 +0.|https://www.kobis.or.kr/kobis/business/stat/boxs/findDailyBoxOfficeList.do|
2026-09-08|KOBIS 박스오피스|인 더 그레이 박스오피스 6계단 상승해 9위|인 더 그레이|영화,박스오피스,흥행,그레이|2026-09-07 KOBIS 일별 박스오피스 9위. 일일 관객 820명, 누적 관객 9,200명, 매출 점유율 0.4%. 전일 대비 순위 변화 +6.|https://www.kobis.or.kr/kobis/business/stat/boxs/findDailyBoxOfficeList.do|
2026-09-08|KOBIS 박스오피스|왕과 사는 남자 박스오피스 신규 진입 10위|왕과 사는 남자|영화,박스오피스,흥행,왕과,사는,남자|2026-09-07 KOBIS 일별 박스오피스 10위. 일일 관객 600명, 누적 관객 16,922,932명, 매출 점유율 0.2%. 신규 진입.|https://www.kobis.or.kr/kobis/business/stat/boxs/findDailyBoxOfficeList.do|
2026-09-08|Netflix Top 10|The Last House 넷플릭스 한국 Top 10 1위|The Last House|OTT,넷플릭스,신작,랭킹,Last,House,Films|Netflix 공식 국가별 주간 Top 10에서 한국 1위. 카테고리: Films. 누적 Top 10 진입 3주. 집계 주간: 2026-08-23.|https://www.netflix.com/unsupportedbrowser|
2026-09-08|Netflix Top 10|Wild Sing 넷플릭스 한국 Top 10 2위|Wild Sing|OTT,넷플릭스,신작,랭킹,Wild,Sing,Films|Netflix 공식 국가별 주간 Top 10에서 한국 2위. 카테고리: Films. 누적 Top 10 진입 4주. 집계 주간: 2026-08-23.|https://www.netflix.com/unsupportedbrowser|
2026-09-08|Netflix Top 10|The Apartment Job: Limited Series 넷플릭스 한국 Top 10 3위|The Apartment Job|OTT,넷플릭스,신작,랭킹,Apartment,Job,Limited,Series,TV|Netflix 공식 국가별 주간 Top 10에서 한국 3위. 카테고리: TV. 누적 Top 10 진입 7주. 집계 주간: 2026-08-23.|https://www.netflix.com/unsupportedbrowser|
2026-09-08|Netflix Top 10|Spooky in Love: Limited Series 넷플릭스 한국 Top 10 4위|Spooky in Love|OTT,넷플릭스,신작,랭킹,Spooky,in,Love,Limited,Series,TV|Netflix 공식 국가별 주간 Top 10에서 한국 4위. 카테고리: TV. 누적 Top 10 진입 6주. 집계 주간: 2026-08-23.|https://www.netflix.com/unsupportedbrowser|
2026-09-08|Netflix Top 10|Spider-Man: Homecoming 넷플릭스 한국 Top 10 4위|Spider-Man: Homecoming|OTT,넷플릭스,신작,랭킹,Spider,Man,Homecoming,Films|Netflix 공식 국가별 주간 Top 10에서 한국 4위. 카테고리: Films. 누적 Top 10 진입 7주. 집계 주간: 2026-08-23.|https://www.netflix.com/unsupportedbrowser|
2026-09-08|Netflix Top 10|Spider-Man: Far from Home 넷플릭스 한국 Top 10 5위|Spider-Man: Far from Home|OTT,넷플릭스,신작,랭킹,Spider,Man,Far,from,Home,Films|Netflix 공식 국가별 주간 Top 10에서 한국 5위. 카테고리: Films. 누적 Top 10 진입 8주. 집계 주간: 2026-08-23.|https://www.netflix.com/unsupportedbrowser|
2026-09-08|Netflix Top 10|Extinction 넷플릭스 한국 Top 10 6위|Extinction|OTT,넷플릭스,신작,랭킹,Extinction,Films|Netflix 공식 국가별 주간 Top 10에서 한국 6위. 카테고리: Films. 누적 Top 10 진입 2주. 집계 주간: 2026-08-23.|https://www.netflix.com/unsupportedbrowser|
2026-09-08|Netflix Top 10|Facing El Chapo 넷플릭스 한국 Top 10 7위|Facing El Chapo|OTT,넷플릭스,신작,랭킹,Facing,El,Chapo,Films|Netflix 공식 국가별 주간 Top 10에서 한국 7위. 카테고리: Films. 누적 Top 10 진입 1주. 집계 주간: 2026-08-23.|https://www.netflix.com/unsupportedbrowser|
2026-09-08|Netflix Top 10|The Auditors: Season 1 넷플릭스 한국 Top 10 8위|The Auditors|OTT,넷플릭스,신작,랭킹,Auditors,Season,TV|Netflix 공식 국가별 주간 Top 10에서 한국 8위. 카테고리: TV. 누적 Top 10 진입 2주. 집계 주간: 2026-08-23.|https://www.netflix.com/unsupportedbrowser|
2026-09-08|Netflix Top 10|The Beekeeper 넷플릭스 한국 Top 10 8위|The Beekeeper|OTT,넷플릭스,신작,랭킹,Beekeeper,Films|Netflix 공식 국가별 주간 Top 10에서 한국 8위. 카테고리: Films. 누적 Top 10 진입 7주. 집계 주간: 2026-08-23.|https://www.netflix.com/unsupportedbrowser|
2026-09-08|Netflix Top 10|Cradle 2 the Grave 넷플릭스 한국 Top 10 9위|Cradle 2 the Grave|OTT,넷플릭스,신작,랭킹,Cradle,Grave,Films|Netflix 공식 국가별 주간 Top 10에서 한국 9위. 카테고리: Films. 누적 Top 10 진입 1주. 집계 주간: 2026-08-23.|https://www.netflix.com/unsupportedbrowser|
2026-09-08|Netflix Top 10|Suicide Squad 넷플릭스 한국 Top 10 10위|Suicide Squad|OTT,넷플릭스,신작,랭킹,Suicide,Squad,Films|Netflix 공식 국가별 주간 Top 10에서 한국 10위. 카테고리: Films. 누적 Top 10 진입 3주. 집계 주간: 2026-08-23.|https://www.netflix.com/unsupportedbrowser|
2026-09-08|Netflix Top 10|My AI Partner: Strange Love: Season 1 넷플릭스 한국 Top 10 10위|My AI Partner: Strange Love|OTT,넷플릭스,신작,랭킹,My,AI,Partner,Strange,Love,Season,TV|Netflix 공식 국가별 주간 Top 10에서 한국 10위. 카테고리: TV. 누적 Top 10 진입 1주. 집계 주간: 2026-08-23.|https://www.netflix.com/unsupportedbrowser|
2026-09-08|온라인 화제·뉴스|배우 이나영, ‘메기’ 이옥섭 신작 ‘사랑의 카운셀러’ 출연 - 인터뷰365|메기|신작,배우,감독,인터뷰,출연,이나영,메기,이옥섭,사랑의,카운셀러,인터뷰365|배우 이나영, ‘메기’ 이옥섭 신작 ‘사랑의 카운셀러’ 출연 인터뷰365|https://www.interview365.com/news/articleView.html?idxno=112077|http://www.interview365.com/news/thumbnail/202609/112077_146285_4310_v150.jpg
2026-09-07|YouTube 반응|데미지0 관련 YouTube 화제 영상|데미지0|인기,원딜,무쓸모로,만드는,데미지0,무한조롱,트린다미어,무지개맛,Rainbow,Flavor,괴랄한,증강,스킬,아이템,조합들,특별한|"'원딜 무쓸모로 만드는 ""데미지0"" 무한조롱 트린다미어' 영상이 공개 6일 기준 조회수 1,075,230회, 좋아요 3,084개, 댓글 392개를 기록. 일평균 조회수 약 179,205회. 채널: 무지개맛 Rainbow Flavor. 수집 경로: 한국 인기 영상. 영상 유형: 일반 영상."|https://www.youtube.com/watch?v=cLoocnmkw6A|https://i.ytimg.com/vi/cLoocnmkw6A/hqdefault.jpg
2026-09-07|YouTube 반응|직장인들 시즌3 관련 YouTube 화제 영상|직장인들 시즌3|공식채널,Coupang,Play,DY,기획,직원들이,목숨이,위태로운,이유,직장인들,시즌3,2화,쿠팡플레이,후장님,BTS,몰라요|'DY 기획 직원들이 목숨이 위태로운 이유 💥 [직장인들 시즌3] 2화 하이라이트' 영상이 공개 5일 기준 조회수 1,273,102회, 좋아요 2,142개, 댓글 163개를 기록. 일평균 조회수 약 254,620회. 채널: 쿠팡플레이 Coupang Play. 수집 경로: 공식채널:Coupang Play. 영상 유형: 일반 영상.|https://www.youtube.com/watch?v=TS8Clu_bPMY|https://i.ytimg.com/vi/TS8Clu_bPMY/hqdefault.jpg
2026-09-07|YouTube 반응|CHOOSE YOUR QWER 관련 YouTube 화제 영상|CHOOSE YOUR QWER|SNS,인기,CHOOSE,YOUR,QWER,QWER의,미발매,신곡,당신의,취향을,골라주세요,Guide,Demo,Ver,CHOOSEYOURQWER,투표|'[CHOOSE YOUR QWER] QWER의 미발매 신곡 중 당신의 취향을 골라주세요! (Guide Demo Ver.)' 영상이 공개 5일 기준 조회수 106,628회, 좋아요 2,980개, 댓글 998개를 기록. 일평균 조회수 약 21,326회. 채널: QWER. 수집 경로: 한국 인기 영상. 영상 유형: 일반 영상.|https://www.youtube.com/watch?v=V8nqj9-VXxs|https://i.ytimg.com/vi/V8nqj9-VXxs/hqdefault.jpg
2026-09-07|YouTube 반응|사랑이 온다 관련 YouTube 화제 영상|사랑이 온다|드라마,가족,몰아보기,검색,14화,엄마가,결이,엄마야,친구가,버리고,아기를,키웠던,안희연,사랑이,온다,KBS|"'［14화 하이라이트] ＂엄마가 결이 엄마야＂친구가 버리고 간 아기를 키웠던 안희연 [사랑이 온다] | KBS 260906 방송' 영상이 공개 5일 기준 조회수 528,201회, 좋아요 1,451개, 댓글 381개를 기록. 일평균 조회수 약 105,640회. 채널: KBS Drama. 수집 경로: 검색:드라마 몰아보기. 영상 유형: 일반 영상."|https://www.youtube.com/watch?v=ZWSwecBT2ao|https://i.ytimg.com/vi/ZWSwecBT2ao/hqdefault.jpg
2026-09-07|YouTube 반응|KSPO돔을 빨갛게 물들이겠습니다 관련 YouTube 화제 영상|KSPO돔을 빨갛게 물들이겠습니다|인터뷰,인기,KSPO돔을,빨갛게,물들이겠습니다,T1,vs,DK,2026,LCK,Untara,운타라,00,인트로,06,1세트|"'""KSPO돔을 빨갛게 물들이겠습니다"" | T1 vs DK | 2026 LCK' 영상이 공개 5일 기준 조회수 452,826회, 좋아요 2,453개, 댓글 316개를 기록. 일평균 조회수 약 90,565회. 채널: Untara. 수집 경로: 한국 인기 영상. 영상 유형: 일반 영상."|https://www.youtube.com/watch?v=wjbScRuzt5g|https://i.ytimg.com/vi/wjbScRuzt5g/hqdefault.jpg
2026-09-07|YouTube 반응|지금 관련 YouTube 화제 영상|지금|드라마,영화,공개,리뷰,결말,애니,출연,명장면,몰아보기,검색,권력과,역사,새로,쓰려하는,백기태,원지안|"'권력과 역사 새로 쓰려하는 백기태, 원지안 정우성 현빈 ""지금명장면"" #shorts' 영상이 공개 5일 기준 조회수 2,038,812회, 좋아요 12,177개, 댓글 626개를 기록. 일평균 조회수 약 407,762회. 채널: 지금. 수집 경로: 검색:한국 드라마 리뷰. 영상 유형: 쇼츠/숏폼 후보."|https://www.youtube.com/watch?v=iqq493xoflQ|https://i.ytimg.com/vi/iqq493xoflQ/hqdefault.jpg
2026-09-07|YouTube 반응|드라마 1시간 관련 YouTube 화제 영상|드라마 1시간|드라마,예능,영화,리뷰,몰아보기,검색,대기업의,갑질,실력,하나로,미친,참교육하는,웰메이드,1시간,구불,참교육|'대기업의 갑질? 실력 하나로 미친 참교육하는 웰메이드 드라마 [드라마 1시간 몰아보기]' 영상이 공개 5일 기준 조회수 1,116,689회, 좋아요 2,765개, 댓글 105개를 기록. 일평균 조회수 약 223,338회. 채널: 구불. 수집 경로: 검색:한국 예능 리뷰 / 검색:드라마 몰아보기. 영상 유형: 일반 영상.|https://www.youtube.com/watch?v=u6BITwPnhBI|https://i.ytimg.com/vi/u6BITwPnhBI/hqdefault.jpg
2026-09-07|YouTube 반응|신병4 관련 YouTube 화제 영상|신병4|드라마,예능,영화,OTT,티빙,리뷰,검색,돌아버린,하극상,신병이,등장했다,신병4,8회,PTSD,최대치,찍는|'돌아버린 하극상 신병이 등장했다.. [신병4] 5-8회🔥PTSD 최대치 찍는 참교육 마려운 천재 이등병이 만만한 선임 박민석을 개무시하기 시작하자 부대에 벌어진 일 ㄷㄷ' 영상이 공개 7일 기준 조회수 1,012,901회, 좋아요 2,843개, 댓글 401개를 기록. 일평균 조회수 약 144,700회. 채널: 고몽. 수집 경로: 검색:한국 예능 리뷰. 영상 유형: 일반 영상.|https://www.youtube.com/watch?v=MCp2PJb4v6o|https://i.ytimg.com/vi/MCp2PJb4v6o/hqdefault.jpg
2026-09-07|YouTube 반응|10년째 연애 중인 우리, 다시 설렐 수 있을까? 관련 YouTube 화제 영상|10년째 연애 중인 우리, 다시 설렐 수 있을까?|드라마,공식채널,KBS,Drama,10년째,연애,중인,우리,다시,설렐,있을까,말고,다른,방송,2TV,토일|"'[하이라이트] 10년째 연애 중인 우리, 다시 설렐 수 있을까? [너 말고 다른 연애] | KBS 방송' 영상이 공개 5일 기준 조회수 547,449회, 좋아요 2,880개, 댓글 389개를 기록. 일평균 조회수 약 109,490회. 채널: KBS Drama. 수집 경로: 공식채널:KBS Drama. 영상 유형: 일반 영상."|https://www.youtube.com/watch?v=rKHUZUhkIP0|https://i.ytimg.com/vi/rKHUZUhkIP0/hqdefault.jpg
2026-09-07|KOBIS 박스오피스|사랑의 하츄핑: 고래보석의 전설 일일 박스오피스 7위|사랑의 하츄핑: 고래보석의 전설|영화,박스오피스,흥행,사랑의,하츄핑,고래보석의,전설|2026-09-06 KOBIS 일별 박스오피스 7위. 일일 관객 8,034명, 누적 관객 858,709명, 매출 점유율 1.6%. 전일 대비 순위 변화 +0.|https://www.kobis.or.kr/kobis/business/stat/boxs/findDailyBoxOfficeList.do|
2026-09-07|KOBIS 박스오피스|모모와 다락방의 수상한 요괴들 일일 박스오피스 10위|모모와 다락방의 수상한 요괴들|영화,박스오피스,흥행,모모와,다락방의,수상한,요괴들|2026-09-06 KOBIS 일별 박스오피스 10위. 일일 관객 2,274명, 누적 관객 310,413명, 매출 점유율 0.4%. 전일 대비 순위 변화 +1.|https://www.kobis.or.kr/kobis/business/stat/boxs/findDailyBoxOfficeList.do|
2026-09-06|YouTube 반응|꿈의 스택 관련 YouTube 화제 영상|꿈의 스택|인기,농사만,10시간,지은,꿈의,스택,원펀맨,나서스,무지개맛,Rainbow,Flavor,괴랄한,증강,스킬,아이템,조합들|"'농사만 10시간 지은 ""꿈의 스택"" 원펀맨 나서스' 영상이 공개 2일 기준 조회수 268,957회, 좋아요 850개, 댓글 146개를 기록. 일평균 조회수 약 134,478회. 채널: 무지개맛 Rainbow Flavor. 수집 경로: 한국 인기 영상. 영상 유형: 일반 영상."|https://www.youtube.com/watch?v=LGByoVlagZI|https://i.ytimg.com/vi/LGByoVlagZI/hqdefault.jpg
2026-09-06|YouTube 반응|HLE vs T1 관련 YouTube 화제 영상|HLE vs T1|인기,HLE,vs,T1,승자조,2라운드,매치,2026,우리은행,LCK,플레이오프,LeaveYourMark,LIVE,VOD,LoL,e스포츠|"'HLE vs T1 | 승자조 2라운드 매치 하이라이트 | 2026 우리은행 LCK 플레이오프' 영상이 공개 4일 기준 조회수 229,839회, 좋아요 616개, 댓글 408개를 기록. 일평균 조회수 약 57,460회. 채널: LCK. 수집 경로: 한국 인기 영상. 영상 유형: 일반 영상."|https://www.youtube.com/watch?v=c2XsPVnwxBU|https://i.ytimg.com/vi/c2XsPVnwxBU/hqdefault.jpg
2026-09-06|YouTube 반응|13화 선공개 관련 YouTube 화제 영상|13화 선공개|드라마,공개,가족,공식채널,KBS,Drama,13화,선공개,네가,오늘,밥이다,사랑이,온다,방송,Copyright,All|"'[13화 선공개] 네가 오늘 내 밥이다 [사랑이 온다] | KBS 방송' 영상이 공개 3일 기준 조회수 440,894회, 좋아요 996개, 댓글 71개를 기록. 일평균 조회수 약 146,965회. 채널: KBS Drama. 수집 경로: 공식채널:KBS Drama. 영상 유형: 일반 영상."|https://www.youtube.com/watch?v=7ggyh93qp_I|https://i.ytimg.com/vi/7ggyh93qp_I/hqdefault.jpg
2026-09-06|온라인 화제·뉴스|‘나는 솔로’ 남규홍 PD 연애 아닌 결혼 다룬다…신작 ‘계약결혼’ 28일 첫방 - 일간스포츠|나는 솔로|예능,신작,공개,첫방,나는,솔로,남규홍,PD,연애,아닌,결혼,다룬다,계약결혼,28일,일간스포츠|‘나는 솔로’ 남규홍 PD 연애 아닌 결혼 다룬다…신작 ‘계약결혼’ 28일 첫방 일간스포츠|http://isplus.joins.com/article/view/isp202609070021|
2026-09-05|YouTube 반응|범죄자만 관련 YouTube 화제 영상|범죄자만|드라마,영화,넷플릭스,신작,공개,리뷰,결말,스릴러,몰아보기,범죄,검색,오직,범죄자만,죽이는,여고생,킬러를|"'🔥오직 ""범죄자만"" 죽이는🔥여고생 킬러를 소재로 넷플릭스 공개와 동시에 ""오징어게임"" 제끼고 1등 먹어버린 역대급 미친 스릴러;;ㄷㄷ' 영상이 공개 7일 기준 조회수 1,294,264회, 좋아요 2,730개, 댓글 247개를 기록. 일평균 조회수 약 184,895회. 채널: 드림텔러 DREAM TELLER. 수집 경로: 검색:한국 드라마 리뷰 / 검색:드라마 몰아보기 / 검색:영화 요약. 영상 유형: 일반 영상."|https://www.youtube.com/watch?v=7YUAuLtPU84|https://i.ytimg.com/vi/7YUAuLtPU84/hqdefault.jpg
2026-09-05|YouTube 반응|미리보기 스페셜 관련 YouTube 화제 영상|미리보기 스페셜|공식채널,KBS,Drama,미리보기,스페셜,결혼,or,결별,기로에,10년,연인,남궁,미도,그리고,그들,앞에|"'[미리보기 스페셜] ‘결혼 or 결별’ 기로에 선 10년 차 연인 남궁♥미도, 그리고 그들 앞에 나타난 변수?! [너 말고 다른 연애] | KBS 방송' 영상이 공개 6일 기준 조회수 785,785회, 좋아요 4,519개, 댓글 391개를 기록. 일평균 조회수 약 130,964회. 채널: KBS Drama. 수집 경로: 공식채널:KBS Drama. 영상 유형: 일반 영상."|https://www.youtube.com/watch?v=2St3p-Nm5Gg|https://i.ytimg.com/vi/2St3p-Nm5Gg/hqdefault.jpg
2026-09-05|YouTube 반응|팡이요, 메이플스토리 관련 YouTube 화제 영상|팡이요, 메이플스토리|유튜브,인기,드디어,신규,광휘템,원혼을,장착합니다,미친,스펙업,팡이요,메이플스토리,풀버전은,SOOP,방송국,VOD에,자동|'드디어 신규 광휘템 원혼을 장착합니다! 미친 스펙업 ㄷㄷ [팡이요, 메이플스토리]' 영상이 공개 4일 기준 조회수 474,367회, 좋아요 1,334개, 댓글 191개를 기록. 일평균 조회수 약 118,592회. 채널: 팡이요. 수집 경로: 한국 인기 영상. 영상 유형: 일반 영상.|https://www.youtube.com/watch?v=6MdbGceJnqw|https://i.ytimg.com/vi/6MdbGceJnqw/hqdefault.jpg
2026-09-05|YouTube 반응|직장인들 시즌3 관련 YouTube 화제 영상|직장인들 시즌3|공식채널,Coupang,Play,때리기,좋은,날씨네,직장인들,시즌3,2화,쿠팡플레이,DY기획을,찾아온,번째,손님,박성웅,압도적|'뺨 때리기 딱 좋은 날씨네 [직장인들 시즌3] 2화 예고편' 영상이 공개 4일 기준 조회수 537,787회, 좋아요 1,586개, 댓글 134개를 기록. 일평균 조회수 약 134,447회. 채널: 쿠팡플레이 Coupang Play. 수집 경로: 공식채널:Coupang Play. 영상 유형: 일반 영상.|https://www.youtube.com/watch?v=kQu-vEvCJso|https://i.ytimg.com/vi/kQu-vEvCJso/hqdefault.jpg
2026-09-05|온라인 화제·뉴스|이 배우들이 다 나오네…첫방 전부터 '대작 예감'으로 반응 난리난 한국 드라마 - 위키트리|대작 예감|드라마,신작,공개,배우,첫방,배우들이,나오네,전부터,대작,예감,으로,반응,난리난,위키트리|이 배우들이 다 나오네…첫방 전부터 '대작 예감'으로 반응 난리난 한국 드라마 위키트리|https://www.wikitree.co.kr/articles/1156700|https://cdnweb01.wikitree.co.kr/webdata/editor/202609/02/img_20260902104224_d5682387.jpg
2026-09-04|YouTube 반응|Flame (feat. milet) 관련 YouTube 화제 영상|Flame (feat. milet)|아이돌,인기,PLAVE,Flame,feat,milet,플레이브,JP,Digital,Single,WEBSITE,https,plave,global,WEVERSE,weverse|'PLAVE 'Flame (feat. milet)' M/V' 영상이 공개 5일 기준 조회수 1,552,991회, 좋아요 33,362개, 댓글 2,715개를 기록. 일평균 조회수 약 310,598회. 채널: PLAVE 플레이브. 수집 경로: 한국 인기 영상. 영상 유형: 일반 영상.|https://www.youtube.com/watch?v=pOmJ65UnPEY|https://i.ytimg.com/vi/pOmJ65UnPEY/hqdefault.jpg
2026-09-04|YouTube 반응|저 가수입니다🎤 관련 YouTube 화제 영상|저 가수입니다🎤|인기,Mrs,GREEN,APPLE,푸름과여름,가수입니다,by강남,ENHYPEN,제이,동네친구,강나미,Kangnami,100만,강남콩,달성,1000만까지|"'Mrs. GREEN APPLE - 푸름과여름 [青と夏] 🎵""저 가수입니다🎤"" by강남 (with. ENHYPEN 제이)' 영상이 공개 5일 기준 조회수 977,824회, 좋아요 32,430개, 댓글 2,600개를 기록. 일평균 조회수 약 195,565회. 채널: 동네친구 강나미 [Kangnami]. 수집 경로: 한국 인기 영상. 영상 유형: 일반 영상."|https://www.youtube.com/watch?v=buPhYiIXMTM|https://i.ytimg.com/vi/buPhYiIXMTM/hqdefault.jpg
2026-09-04|YouTube 반응|스트리트 파이터 관련 YouTube 화제 영상|스트리트 파이터|영화,인기,스트리트,파이터,2차,롯데엔터테인먼트,최고가,되는,것은,오직,하나,최강의,파이터가,여기서,결정된다,10월|'[스트리트 파이터] 2차 예고편' 영상이 공개 6일 기준 조회수 179,485회, 좋아요 830개, 댓글 705개를 기록. 일평균 조회수 약 29,914회. 채널: 롯데엔터테인먼트. 수집 경로: 한국 인기 영상. 영상 유형: 일반 영상.|https://www.youtube.com/watch?v=MFnfQnlkpYo|https://i.ytimg.com/vi/MFnfQnlkpYo/hqdefault.jpg
2026-09-04|YouTube 반응|라이어니스 관련 YouTube 화제 영상|라이어니스|드라마,영화,공개,리뷰,결말,공포,스릴러,로맨스,애니,몰아보기,검색,아니,대낮에,미국,본토에서,CIA|'아니... 대낮에 미국 본토에서 CIA 팀장이 납치됐다고..?🔥현재 전세계 정치 상황을 그대로 반영한 충격적인 드라마🔥《라이어니스》시즌 3 1-4회 몰아보기' 영상이 공개 6일 기준 조회수 950,939회, 좋아요 3,792개, 댓글 132개를 기록. 일평균 조회수 약 158,490회. 채널: 어바웃타임 (About time). 수집 경로: 검색:드라마 몰아보기. 영상 유형: 일반 영상.|https://www.youtube.com/watch?v=TbmsoFyeXSI|https://i.ytimg.com/vi/TbmsoFyeXSI/hqdefault.jpg
2026-09-04|YouTube 반응|학폭은 알아서 해결 하라는 선생님 관련 YouTube 화제 영상|학폭은 알아서 해결 하라는 선생님|드라마,영화,넷플릭스,쇼츠,결말,반전,출연,명장면,검색,학폭은,알아서,해결,하라는,선생님,몰입한방,바람|'학폭은 알아서 해결 하라는 선생님' 영상이 공개 5일 기준 조회수 827,087회, 좋아요 14,715개, 댓글 142개를 기록. 일평균 조회수 약 165,417회. 채널: 몰입한방. 수집 경로: 검색:영화 요약 / 검색:드라마 명장면 쇼츠. 영상 유형: 쇼츠/숏폼 후보.|https://www.youtube.com/watch?v=yc2FxwR-VD0|https://i.ytimg.com/vi/yc2FxwR-VD0/hqdefault.jpg
2026-09-04|YouTube 반응|팡이요, 메이플스토리 관련 YouTube 화제 영상|팡이요, 메이플스토리|유튜브,인기,원혼,직작부터,벨로나,TOP,50까지,도전합니다,팡이요,메이플스토리,아이템,메소,거래는,로켓아이템땡스,회원가입시,추천채널|'원혼 첫 직작부터 벨로나 TOP 50까지 싹 다 도전합니다! [팡이요, 메이플스토리]' 영상이 공개 3일 기준 조회수 411,801회, 좋아요 1,075개, 댓글 206개를 기록. 일평균 조회수 약 137,267회. 채널: 팡이요. 수집 경로: 한국 인기 영상. 영상 유형: 일반 영상.|https://www.youtube.com/watch?v=liBJorRNXPU|https://i.ytimg.com/vi/liBJorRNXPU/hqdefault.jpg
2026-09-03|YouTube 반응|레전드 인사법 비하인드의 정체ㅋㅋㅋ #쇼츠 #드라마 관련 YouTube 화제 영상|레전드 인사법 비하인드의 정체ㅋㅋㅋ #쇼츠 #드라마|드라마,영화,쇼츠,배우,명장면,검색,레전드,인사법,비하인드의,정체,이슈셔틀,그냥,나온,인사법이,아니었다는데,주현영이|'레전드 인사법 비하인드의 정체ㅋㅋㅋ #쇼츠 #드라마' 영상이 공개 6일 기준 조회수 5,466,776회, 좋아요 45,722개, 댓글 270개를 기록. 일평균 조회수 약 911,129회. 채널: 이슈셔틀. 수집 경로: 검색:드라마 명장면 쇼츠. 영상 유형: 쇼츠/숏폼 후보.|https://www.youtube.com/watch?v=0zUFgmGXiU0|https://i.ytimg.com/vi/0zUFgmGXiU0/hqdefault.jpg
2026-09-03|YouTube 반응|지금 관련 YouTube 화제 영상|지금|드라마,영화,공개,리뷰,결말,애니,출연,명장면,몰아보기,검색,권력,정점에서,제거,대상,만난,백기태|"'권력 정점에서 제거 대상 만난 백기태, 원지안 정우성 현빈 ""지금명장면"" #shorts' 영상이 공개 5일 기준 조회수 2,736,563회, 좋아요 14,170개, 댓글 710개를 기록. 일평균 조회수 약 547,313회. 채널: 지금. 수집 경로: 검색:한국 드라마 리뷰. 영상 유형: 쇼츠/숏폼 후보."|https://www.youtube.com/watch?v=c6PDeVlBJjQ|https://i.ytimg.com/vi/c6PDeVlBJjQ/hqdefault.jpg
2026-09-03|YouTube 반응|메리 베리 러브｜ 관련 YouTube 화제 영상|메리 베리 러브｜|디즈니플러스,공개,로맨스,공식채널,Disney,Plus,메리,베리,러브,디즈니,플러스,사람이,운명처럼,앞에,왔다면,그걸|'메리 베리 러브｜공식 예고편｜디즈니+' 영상이 공개 4일 기준 조회수 483,563회, 좋아요 2,679개, 댓글 391개를 기록. 일평균 조회수 약 120,891회. 채널: Disney Plus Korea 디즈니 플러스 코리아. 수집 경로: 공식채널:Disney Plus Korea. 영상 유형: 일반 영상.|https://www.youtube.com/watch?v=WpaafTMFbWU|https://i.ytimg.com/vi/WpaafTMFbWU/hqdefault.jpg
2026-09-03|KOBIS 박스오피스|핵소 고지 박스오피스 신규 진입 9위|핵소 고지|영화,박스오피스,흥행,핵소,고지|2026-09-02 KOBIS 일별 박스오피스 9위. 일일 관객 2,292명, 누적 관객 181,576명, 매출 점유율 0.7%. 신규 진입.|https://www.kobis.or.kr/kobis/business/stat/boxs/findDailyBoxOfficeList.do|
2026-09-03|온라인 화제·뉴스|류승룡·하지원 주연 ‘비광’, 개봉 첫날 한국영화 1위 - 뉴스에듀신문|비광|영화,신작,개봉,류승룡,하지원,주연,비광,첫날,한국영화,1위,뉴스에듀신문|류승룡·하지원 주연 ‘비광’, 개봉 첫날 한국영화 1위 뉴스에듀신문|https://www.newsedu.co.kr/news/articleView.html?idxno=101563|https://cdn.newsedu.co.kr/news/photo/202609/101563_91739_824.png
2026-09-02|YouTube 반응|Stray Kids : SKZ-PLAYER 관련 YouTube 화제 영상|Stray Kids : SKZ-PLAYER|키즈,인기,Felix,Slow,It,Down,Stray,Kids,SKZ,PLAYER,필릭스,스트레이,슼즈,플레이어,Credits,Lyrics|"'Felix ""Slow It Down"" | [Stray Kids : SKZ-PLAYER]' 영상이 공개 6일 기준 조회수 3,994,837회, 좋아요 434,970개, 댓글 21,628개를 기록. 일평균 조회수 약 665,806회. 채널: Stray Kids. 수집 경로: 한국 인기 영상. 영상 유형: 일반 영상."|https://www.youtube.com/watch?v=YWsczzufh6Q|https://i.ytimg.com/vi/YWsczzufh6Q/hqdefault.jpg
2026-09-02|YouTube 반응|Like Fire 관련 YouTube 화제 영상|Like Fire|아이돌,인기,82MAJOR,82메이저,Like,Fire,MV,https,www,tiktok,com,82major,instagram,twitter,231011,82Message|'82MAJOR(82메이저) 'Like Fire' MV' 영상이 공개 6일 기준 조회수 7,060,863회, 좋아요 26,515개, 댓글 1,376개를 기록. 일평균 조회수 약 1,176,810회. 채널: 82MAJOR. 수집 경로: 한국 인기 영상. 영상 유형: 일반 영상.|https://www.youtube.com/watch?v=L7HhTKJx0gU|https://i.ytimg.com/vi/L7HhTKJx0gU/hqdefault.jpg
2026-09-02|YouTube 반응|메이드 인 코리아 시즌2 관련 YouTube 화제 영상|메이드 인 코리아 시즌2|디즈니플러스,공개,수사,인기,메이드,시즌2,캐릭터,디즈니,Disney,Plus,플러스,중앙정보부,VS,합동수사본부,권력을,갈망하는|"'메이드 인 코리아 시즌2 | 캐릭터 예고편 | 디즈니+' 영상이 공개 5일 기준 조회수 2,367,732회, 좋아요 1,018개, 댓글 347개를 기록. 일평균 조회수 약 473,546회. 채널: Disney Plus Korea 디즈니 플러스 코리아. 수집 경로: 한국 인기 영상. 영상 유형: 일반 영상."|https://www.youtube.com/watch?v=0VY2Cz80lNs|https://i.ytimg.com/vi/0VY2Cz80lNs/hqdefault.jpg
2026-09-02|YouTube 반응|충성스런 부하가 나 때문에 죽었다 #들쥐 관련 YouTube 화제 영상|충성스런 부하가 나 때문에 죽었다 #들쥐|드라마,예능,영화,OTT,넷플릭스,리뷰,해석,결말,검색,충성스런,부하가,때문에,죽었다,들쥐,라마의드라마,넷플릭스에서|'충성스런 부하가 나 때문에 죽었다 #들쥐' 영상이 공개 7일 기준 조회수 2,117,214회, 좋아요 5,501개, 댓글 156개를 기록. 일평균 조회수 약 302,459회. 채널: 라마의드라마. 수집 경로: 검색:영화 결말 해석. 영상 유형: 쇼츠/숏폼 후보.|https://www.youtube.com/watch?v=7vjloPwTxbA|https://i.ytimg.com/vi/7vjloPwTxbA/hqdefault.jpg
2026-09-02|YouTube 반응|나락 감지 센서 제대로 발동한 서장훈 레전드 대처 ㄷㄷ 관련 YouTube 화제 영상|나락 감지 센서 제대로 발동한 서장훈 레전드 대처 ㄷㄷ|예능,쇼츠,릴스,명장면,검색,나락,감지,센서,제대로,발동한,서장훈,레전드,대처,도파민팡,아이유에게,최고급|'나락 감지 센서 제대로 발동한 서장훈 레전드 대처 ㄷㄷ' 영상이 공개 7일 기준 조회수 3,966,360회, 좋아요 17,306개, 댓글 342개를 기록. 일평균 조회수 약 566,623회. 채널: 도파민팡. 수집 경로: 검색:예능 명장면 쇼츠. 영상 유형: 쇼츠/숏폼 후보.|https://www.youtube.com/watch?v=d51-3B4-zCc|https://i.ytimg.com/vi/d51-3B4-zCc/hqdefault.jpg
2026-09-02|YouTube 반응|0828 관련 YouTube 화제 영상|0828|드라마,영화,넷플릭스,신작,배우,감독,인터뷰,출연,검색,매불쇼에,뼈를,묻으려,하는,경주기행,0828,팟빵|'매불쇼에 뼈를 묻으려 하는 두 배우 (신작 : 경주기행) [0828]' 영상이 공개 7일 기준 조회수 757,980회, 좋아요 13,162개, 댓글 843개를 기록. 일평균 조회수 약 108,283회. 채널: [팟빵] 최욱의 매불쇼. 수집 경로: 검색:배우 신작 인터뷰. 영상 유형: 일반 영상.|https://www.youtube.com/watch?v=qkOeq_MhK8U|https://i.ytimg.com/vi/qkOeq_MhK8U/hqdefault.jpg
2026-09-02|YouTube 반응|한국인들만 이해하는 기괴한 영상 관련 YouTube 화제 영상|한국인들만 이해하는 기괴한 영상|예능,리뷰,공포,검색,한국인들만,이해하는,기괴한,우정잉,다시보기,날짜,2026년,7월,27일,타임라인,00,컨텐츠|'한국인들만 이해하는 기괴한 영상' 영상이 공개 7일 기준 조회수 1,142,468회, 좋아요 5,567개, 댓글 402개를 기록. 일평균 조회수 약 163,210회. 채널: 우정잉. 수집 경로: 검색:한국 예능 리뷰. 영상 유형: 일반 영상.|https://www.youtube.com/watch?v=eeLNJ8_fM78|https://i.ytimg.com/vi/eeLNJ8_fM78/hqdefault.jpg
2026-09-02|온라인 화제·뉴스|CJENM 연애 리얼리티 프로그램 '환승연애', 일본과 브라질에서 리메이크 - 비즈니스포스트|환승연애|콘텐츠,리메이크,제작,확정,CJENM,연애,리얼리티,프로그램,환승연애,일본과,브라질에서,비즈니스포스트|CJENM 연애 리얼리티 프로그램 '환승연애', 일본과 브라질에서 리메이크 비즈니스포스트|https://www.businesspost.co.kr/BP?command=article_view&num=446232|
2026-09-02|온라인 화제·뉴스|‘환승연애’ 잘 나가더니…일본·브라질서 잇달아 리메이크 - v.daum.net|환승연애|콘텐츠,리메이크,제작,확정,환승연애,나가더니,일본,브라질서,잇달아,daum,net|‘환승연애’ 잘 나가더니…일본·브라질서 잇달아 리메이크 v.daum.net|https://v.daum.net/v/20260902140217131|https://img1.daumcdn.net/thumb/S1200x630/?fname=https://t1.daumcdn.net/news/202609/02/ned/20260902140217182rfvc.png
2026-09-02|온라인 화제·뉴스|CJ ENM ‘환승연애’, 일본 이어 브라질까지…글로벌 리메이크 확장 가속화 - 리버티코리아포스트|환승연애|콘텐츠,리메이크,제작,확정,CJ,ENM,환승연애,일본,이어,브라질까지,글로벌,확장,가속화,리버티코리아포스트|CJ ENM ‘환승연애’, 일본 이어 브라질까지…글로벌 리메이크 확장 가속화 리버티코리아포스트|http://www.lkp.news/news/articleView.html?idxno=83619|https://cdn.lkp.news/news/thumbnail/202609/83619_99337_1528_v150.jpg
2026-09-02|온라인 화제·뉴스|CJ ENM ‘환승연애’, 일본 이어 브라질서 리메이크 - it.chosun.com|환승연애|콘텐츠,리메이크,제작,확정,CJ,ENM,환승연애,일본,이어,브라질서,it,chosun,com|CJ ENM ‘환승연애’, 일본 이어 브라질서 리메이크 it.chosun.com|https://it.chosun.com/news/articleView.html?idxno=2023092169292|https://cdn.it.chosun.com/news/thumbnail/202609/2023092169292_451529_2652_v150.jpg
2026-09-02|온라인 화제·뉴스|CJ ENM ‘환승연애’, 일본 이어 브라질까지…글로벌 리메이크 확장 - 디지털데일리|환승연애|콘텐츠,리메이크,제작,확정,CJ,ENM,환승연애,일본,이어,브라질까지,글로벌,확장,디지털데일리|CJ ENM ‘환승연애’, 일본 이어 브라질까지…글로벌 리메이크 확장 디지털데일리|https://m.ddaily.co.kr/page/view/2026090210130411097|https://m.ddaily.co.kr/photos/2026/09/02/2026090210121843545_l.png
2026-09-02|온라인 화제·뉴스|'환승연애', 일본 → 브라질로 리메이크 확장…이혼 부부 합류 '매운 맛' - 네이트|환승연애|합류,콘텐츠,리메이크,제작,확정,환승연애,일본,브라질로,확장,이혼,부부,매운,네이트|'환승연애', 일본 → 브라질로 리메이크 확장…이혼 부부 합류 '매운 맛' 네이트|https://news.nate.com/view/20260902n22767|https://thumbnews.nateimg.co.kr/view610///news.nateimg.co.kr/orgImg/is/2026/09/02/isp20260902000205.1200x.0.png
2026-09-02|온라인 화제·뉴스|CJ ENM '환승연애', 일본 이어 브라질에서도 리메이크 - 지디넷코리아|환승연애|콘텐츠,리메이크,제작,확정,CJ,ENM,환승연애,일본,이어,브라질에서도,지디넷코리아|CJ ENM '환승연애', 일본 이어 브라질에서도 리메이크 지디넷코리아|https://zdnet.co.kr/view/?no=20260902173655|https://image.zdnet.co.kr/2026/09/02/ba1ce3523d16f33cc878b43c1ab588b0.png
2026-09-02|온라인 화제·뉴스|CJ ENM , 일본 이어 브라질까지…글로벌 리메이크 확장 가속화 - CJ 뉴스룸|CJ ENM , 일본 이어 브라질까지|콘텐츠,리메이크,제작,확정,CJ,ENM,일본,이어,브라질까지,글로벌,확장,가속화,뉴스룸|CJ ENM , 일본 이어 브라질까지…글로벌 리메이크 확장 가속화 CJ 뉴스룸|https://cjnews.cj.net/cj-enm-%ED%99%98%EC%8A%B9%EC%97%B0%EC%95%A0-%EC%9D%BC%EB%B3%B8-%EC%9D%B4%EC%96%B4-%EB%B8%8C%EB%9D%BC%EC%A7%88%EA%B9%8C%EC%A7%80%EA%B8%80%EB%A1%9C%EB%B2%8C-%EB%A6%AC%EB%A9%94%EC%9D%B4/|https://img.cjnews.cj.net/wp-content/uploads/2026/09/enmentertainment_thumbnail.jpg
2026-09-02|온라인 화제·뉴스|CJ ENM ‘환승연애’, 일본 이어 브라질까지…글로벌 리메이크 확장 - 디지털데일리|환승연애|콘텐츠,리메이크,제작,확정,CJ,ENM,환승연애,일본,이어,브라질까지,글로벌,확장,디지털데일리|CJ ENM ‘환승연애’, 일본 이어 브라질까지…글로벌 리메이크 확장 디지털데일리|https://www.ddaily.co.kr/page/view/2026090210130411097|https://www.ddaily.co.kr/photos/2026/09/02/2026090210121843545_l.png
2026-09-02|온라인 화제·뉴스|CJ ENM ‘환승연애’, 일본·브라질서 현지화…글로벌 히트 포맷으로 영토 확장 - 일요주간|환승연애|콘텐츠,리메이크,제작,확정,CJ,ENM,환승연애,일본,브라질서,현지화,글로벌,히트,포맷으로,영토,확장,일요주간|CJ ENM ‘환승연애’, 일본·브라질서 현지화…글로벌 히트 포맷으로 영토 확장 일요주간|https://www.ilyoweekly.co.kr/news/newsview.php?ncode=1065617362267877|https://www.ilyoweekly.co.kr/news/data/20260903/p1065617362267877_287_thum.jpg
2026-09-02|OTT 공식 신작|톱배우 3년 만에 로코 복귀작…곧 전 세계 최초 공개되는 디즈니+ '한국 드라마' - 위키트리|톱배우 3년 만에 로코 복귀작|드라마,디즈니플러스,신작,공개,로코,배우,복귀,톱배우,3년,만에,복귀작,세계,최초,공개되는,디즈니,위키트리|톱배우 3년 만에 로코 복귀작…곧 전 세계 최초 공개되는 디즈니+ '한국 드라마' 위키트리|https://www.wikitree.co.kr/articles/1156741|https://cdnweb01.wikitree.co.kr/webdata/editor/202609/02/202609021203296636.JPG
2026-09-02|온라인 화제·뉴스|‘환승연애’ 잘 나가더니…일본·브라질서 잇달아 리메이크 - 헤럴드경제|환승연애|콘텐츠,리메이크,제작,확정,환승연애,나가더니,일본,브라질서,잇달아,헤럴드경제|‘환승연애’ 잘 나가더니…일본·브라질서 잇달아 리메이크 헤럴드경제|https://biz.heraldcorp.com/article/10860315|https://wimg.heraldcorp.com/news/cms/2026/09/02/news-p.v1.20260902.911b5164d4544d5fbc823ee1b24ca5a9_T1.png
2026-09-02|온라인 화제·뉴스|'환승연애', 일본·브라질서 리메이크…K-연애 예능 글로벌 확장 - 네이트|환승연애|예능,콘텐츠,리메이크,제작,확정,환승연애,일본,브라질서,연애,글로벌,확장,네이트|'환승연애', 일본·브라질서 리메이크…K-연애 예능 글로벌 확장 네이트|https://m.news.nate.com/view/20260902n19847?mid=e01&list=recent&cpcd=|https://news.nateimg.co.kr/orgImg/ni/2026/09/02/2609021338546200.jpg
2026-09-01|YouTube 반응|화났는지 아닌지 모르겠는 말투 #짝패 관련 YouTube 화제 영상|화났는지 아닌지 모르겠는 말투 #짝패|영화,넷플릭스,티빙,쇼츠,유튜브,리뷰,명장면,검색,화났는지,아닌지,모르겠는,말투,짝패,에스무비,왕재의,부음을|'화났는지 아닌지 모르겠는 말투 #짝패' 영상이 공개 6일 기준 조회수 1,230,158회, 좋아요 7,216개, 댓글 291개를 기록. 일평균 조회수 약 205,026회. 채널: 에스무비. 수집 경로: 검색:영화 명장면 쇼츠. 영상 유형: 쇼츠/숏폼 후보.|https://www.youtube.com/watch?v=d2rU7XWv7fA|https://i.ytimg.com/vi/d2rU7XWv7fA/hqdefault.jpg
2026-09-01|YouTube 반응|직장인들 시즌3 관련 YouTube 화제 영상|직장인들 시즌3|공식채널,Coupang,Play,감시자의,등장과,혼란에,빠진,DY기획,직장인들,시즌3,1화,쿠팡플레이,사모펀드,리스크,매니저,강지영의|'감시자의 등장과 혼란에 빠진 DY기획 [직장인들 시즌3] 1화 하이라이트' 영상이 공개 5일 기준 조회수 1,261,955회, 좋아요 2,466개, 댓글 330개를 기록. 일평균 조회수 약 252,391회. 채널: 쿠팡플레이 Coupang Play. 수집 경로: 공식채널:Coupang Play. 영상 유형: 일반 영상.|https://www.youtube.com/watch?v=MdUDoa6ASz4|https://i.ytimg.com/vi/MdUDoa6ASz4/hqdefault.jpg
2026-09-01|YouTube 반응|지금 불륜이 문제가 아닙니다 관련 YouTube 화제 영상|지금 불륜이 문제가 아닙니다|공식채널,Coupang,Play,얽히고설킨,혼돈의,6자,대면,지금,불륜이,문제가,아닙니다,7화,쿠팡플레이,드디어,한자리에,모인|'얽히고설킨 혼돈의 6자 대면 [지금 불륜이 문제가 아닙니다] 7화 하이라이트' 영상이 공개 5일 기준 조회수 1,083,433회, 좋아요 195개, 댓글 43개를 기록. 일평균 조회수 약 216,687회. 채널: 쿠팡플레이 Coupang Play. 수집 경로: 공식채널:Coupang Play. 영상 유형: 일반 영상.|https://www.youtube.com/watch?v=F257YmTLsuk|https://i.ytimg.com/vi/F257YmTLsuk/hqdefault.jpg
2026-09-01|YouTube 반응|찌지직 관련 YouTube 화제 영상|찌지직|인기,찌지직,롤파크,T1,vs,BFX,게임,2026,우리은행,LCK,플레이오프,LeaveYourMark,LIVE,VOD,LoL,e스포츠|"''찌지직' 롤파크 | T1 vs BFX 게임 5 하이라이트 | 2026 우리은행 LCK 플레이오프' 영상이 공개 3일 기준 조회수 454,326회, 좋아요 1,337개, 댓글 198개를 기록. 일평균 조회수 약 151,442회. 채널: LCK. 수집 경로: 한국 인기 영상. 영상 유형: 일반 영상."|https://www.youtube.com/watch?v=rVjGKnh6l3I|https://i.ytimg.com/vi/rVjGKnh6l3I/hqdefault.jpg
2026-09-01|YouTube 반응|현 시점 가성비 1황 팀 찾은걸지도...? 관련 YouTube 화제 영상|현 시점 가성비 1황 팀 찾은걸지도...?|리뷰,인기,시점,가성비,1황,찾은걸지도,유봉훈,피파4,fconline,피파온라인4,fc온라인,wg제비,wg에우제비우,wg제비금카,wg에우제비우금카,벤피카|'현 시점 가성비 1황 팀 찾은걸지도...?' 영상이 공개 2일 기준 조회수 230,103회, 좋아요 942개, 댓글 138개를 기록. 일평균 조회수 약 115,052회. 채널: 유봉훈. 수집 경로: 한국 인기 영상. 영상 유형: 일반 영상.|https://www.youtube.com/watch?v=ML_Rv8ym6Bg|https://i.ytimg.com/vi/ML_Rv8ym6Bg/hqdefault.jpg
2026-09-01|YouTube 반응|고민 엔딩 관련 YouTube 화제 영상|고민 엔딩|드라마,가족,공식채널,KBS,Drama,고민,엔딩,손님이,원해서,하석진의,가게를,찾아와,메뉴판에,없는,주문을,하는|"'[고민 엔딩] ＂손님이 원해서＂하석진의 가게를 찾아와 메뉴판에 없는 주문을 하는 안희연 [사랑이 온다] | KBS 260830 방송' 영상이 공개 3일 기준 조회수 357,563회, 좋아요 1,113개, 댓글 166개를 기록. 일평균 조회수 약 119,188회. 채널: KBS Drama. 수집 경로: 공식채널:KBS Drama. 영상 유형: 일반 영상."|https://www.youtube.com/watch?v=ciTZhv9SWUY|https://i.ytimg.com/vi/ciTZhv9SWUY/hqdefault.jpg
2026-09-01|온라인 화제·뉴스|웹툰 원작 업고 터졌다…카카오, '들쥐' 49개국 TOP10→'유부녀' 동남아 3주 연속 1위 - 텐아시아|들쥐|원작,웹툰,웹소설,영상화,제작,업고,터졌다,카카오,들쥐,49개국,TOP10,유부녀,동남아,3주,연속,1위|웹툰 원작 업고 터졌다…카카오, '들쥐' 49개국 TOP10→'유부녀' 동남아 3주 연속 1위 텐아시아|https://www.tenasia.co.kr/article/2026090166394|https://img.tenasia.co.kr/photo/202609/BF.45518232.1.jpg
2026-09-01|온라인 화제·뉴스|'들쥐' 49개국 TOP 10 → '유부녀 킬러' 동남아서 3주간 1위 카카오엔터, 스토리-미디어 아우르는 IP 확장 눈길 - kakaoent.com|들쥐|원작,웹툰,웹소설,영상화,제작,들쥐,49개국,TOP,10,유부녀,킬러,동남아서,3주간,1위,카카오엔터,미디어|'들쥐' 49개국 TOP 10 → '유부녀 킬러' 동남아서 3주간 1위 카카오엔터, 스토리-미디어 아우르는 IP 확장 눈길 kakaoent.com|https://kakaoent.com/pr/detail/574|https://t1.kakaocdn.net/kakaoent_com/common/image/kakaoEnt.png
2026-09-01|온라인 화제·뉴스|‘유부녀 킬러’ 동남아 3주간 1위…‘들쥐’ 49개국 톱10 - 스포츠경향|유부녀 킬러|원작,웹툰,웹소설,영상화,제작,유부녀,킬러,동남아,3주간,1위,들쥐,49개국,톱10,스포츠경향|‘유부녀 킬러’ 동남아 3주간 1위…‘들쥐’ 49개국 톱10 스포츠경향|https://sports.khan.co.kr/article/202609010921003/amp|https://images.khan.co.kr/article/2026/09/01/news-p.v1.20260901.f53e751f9bc54681b0aa61c415688642_P1.png
2026-09-01|OTT 공식 신작|웨이브 '더 커뮤니티2', '피의게임X' 이은 오리지널 서바이벌→'전설의 수사' 독점 공개 - v.daum.net|더 커뮤니티2|웨이브,신작,공개,서바이벌,수사,오리지널,커뮤니티2,피의게임X,이은,전설의,독점,daum,net|웨이브 '더 커뮤니티2', '피의게임X' 이은 오리지널 서바이벌→'전설의 수사' 독점 공개 v.daum.net|https://v.daum.net/v/qtmdrzcnv5|https://img1.daumcdn.net/thumb/S1200x630/?fname=https://t1.daumcdn.net/news/202609/01/spotvnews/20260901090243038hany.jpg
2026-09-01|OTT 공식 신작|톱배우 싹 다 모아 돌아온 ‘역대급 신작 드라마’ - 브런치|역대급 신작 드라마|드라마,디즈니플러스,신작,공개,배우,톱배우,모아,돌아온,역대급,브런치|톱배우 싹 다 모아 돌아온 ‘역대급 신작 드라마’ 브런치|https://brunch.co.kr/@wikitree/7405|https://img1.kakaocdn.net/thumb/R1280x0.fwebp/?fname=http://t1.kakaocdn.net/brunch/service/user/Jp6/image/Ls20EU1JOnL5_1F9_hDcoV4aCuQ.jfif
2026-08-31|YouTube 반응|만년 꼴등 관련 YouTube 화제 영상|만년 꼴등|감독,인기,만년,꼴등,일본,약소,야구부에,부임한,의문의,정신론,원툴,한국인,동수칸TV,고시엔,정복하기,EP|''만년 꼴등' 일본 약소 야구부에 부임한, 의문의 정신론 원툴 한국인 감독' 영상이 공개 7일 기준 조회수 638,790회, 좋아요 2,437개, 댓글 334개를 기록. 일평균 조회수 약 91,256회. 채널: 동수칸TV. 수집 경로: 한국 인기 영상. 영상 유형: 일반 영상.|https://www.youtube.com/watch?v=74b8Cmd9We4|https://i.ytimg.com/vi/74b8Cmd9We4/hqdefault.jpg
2026-08-31|YouTube 반응|≪돼지저금통 뿌수기≫ 와.. 관련 YouTube 화제 영상|≪돼지저금통 뿌수기≫ 와..|리뷰,인기,돼지저금통,뿌수기,8200개가,싹다,극찬인,이유가,있네요,쩝니다,혜안,도파민,저금,업로드,문의메일,zxcv34276|'≪돼지저금통 뿌수기≫ 와..리뷰 8200개가 싹다 극찬인 이유가 있네요 ㄱㅐ쩝니다' 영상이 공개 5일 기준 조회수 1,039,891회, 좋아요 8,959개, 댓글 1,207개를 기록. 일평균 조회수 약 207,978회. 채널: 혜안. 수집 경로: 한국 인기 영상. 영상 유형: 일반 영상.|https://www.youtube.com/watch?v=4MAeQqJlJ4c|https://i.ytimg.com/vi/4MAeQqJlJ4c/hqdefault.jpg
2026-08-31|YouTube 반응|팡이요, 메이플스토리 관련 YouTube 화제 영상|팡이요, 메이플스토리|유튜브,인기,메소값,폭락중,그리고,에테26성,팡이요,메이플스토리,풀버전은,SOOP,방송국,VOD에,자동,업로드가,됩니다,방송국에서|'메소값 폭락중ㄷㄷㄷ 그리고 에테26성! [팡이요, 메이플스토리]' 영상이 공개 5일 기준 조회수 499,434회, 좋아요 1,035개, 댓글 468개를 기록. 일평균 조회수 약 99,887회. 채널: 팡이요. 수집 경로: 한국 인기 영상. 영상 유형: 일반 영상.|https://www.youtube.com/watch?v=-iYyMycjWls|https://i.ytimg.com/vi/-iYyMycjWls/hqdefault.jpg
2026-08-31|YouTube 반응|🏃‍♂️‍➡️예열의 슈퍼스타│2026 LCK│울챔스 관련 YouTube 화제 영상|🏃‍♂️‍➡️예열의 슈퍼스타│2026 LCK│울챔스|인기,예열의,슈퍼스타,2026,LCK,울챔스,Wolf,lck,t1wolf,경기,정보,2026년,08월,29일,Play,Off|'🏃‍♂️‍➡️예열의 슈퍼스타│2026 LCK│울챔스 하이라이트' 영상이 공개 3일 기준 조회수 414,884회, 좋아요 2,216개, 댓글 161개를 기록. 일평균 조회수 약 138,295회. 채널: Wolf. 수집 경로: 한국 인기 영상. 영상 유형: 일반 영상.|https://www.youtube.com/watch?v=11fjfr_3h7w|https://i.ytimg.com/vi/11fjfr_3h7w/hqdefault.jpg
2026-08-31|YouTube 반응|연예인이 노안이면 생기는 일 관련 YouTube 화제 영상|연예인이 노안이면 생기는 일|예능,공개,쇼츠,유튜브,클립,반전,아이돌,배우,명장면,몰아보기,검색,연예인이,노안이면,생기는,짧은영상,첫인상|'연예인이 노안이면 생기는 일' 영상이 공개 5일 기준 조회수 987,629회, 좋아요 3,028개, 댓글 26개를 기록. 일평균 조회수 약 197,526회. 채널: 짧은영상. 수집 경로: 검색:예능 명장면 쇼츠. 영상 유형: 쇼츠/숏폼 후보.|https://www.youtube.com/watch?v=Cn_3dC2ILy0|https://i.ytimg.com/vi/Cn_3dC2ILy0/hqdefault.jpg
2026-08-31|YouTube 반응|재혼황후 관련 YouTube 화제 영상|재혼황후|드라마,인기,재혼황후,떴다,디즈니,신민아,주지훈,조합으로,작정하고,만든,역대급,실사화,예상보다,괜찮은데,매드무비,MadMovie|'와.. 《재혼황후》 첫 예고편 떴다..🔥 디즈니+가 [신민아, 주지훈] 조합으로 작정하고 만든 역대급 실사화 드라마ㄷㄷ 예상보다 괜찮은데..?' 영상이 공개 6일 기준 조회수 389,981회, 좋아요 1,531개, 댓글 473개를 기록. 일평균 조회수 약 64,997회. 채널: 매드무비 : MadMovie. 수집 경로: 한국 인기 영상. 영상 유형: 일반 영상.|https://www.youtube.com/watch?v=NsLTnaF94pM|https://i.ytimg.com/vi/NsLTnaF94pM/hqdefault.jpg
2026-08-31|KOBIS 박스오피스|인시디어스: 그들이 넘어왔다 일일 박스오피스 7위|인시디어스: 그들이 넘어왔다|영화,박스오피스,흥행,인시디어스,그들이,넘어왔다|2026-08-30 KOBIS 일별 박스오피스 7위. 일일 관객 7,161명, 누적 관객 148,333명, 매출 점유율 1.1%. 전일 대비 순위 변화 -1.|https://www.kobis.or.kr/kobis/business/stat/boxs/findDailyBoxOfficeList.do|
2026-08-31|KOBIS 박스오피스|오케이 마담2 박스오피스 3계단 상승해 8위|오케이 마담2|영화,박스오피스,흥행,오케이,마담2|2026-08-30 KOBIS 일별 박스오피스 8위. 일일 관객 5,038명, 누적 관객 334,907명, 매출 점유율 0.8%. 전일 대비 순위 변화 +3.|https://www.kobis.or.kr/kobis/business/stat/boxs/findDailyBoxOfficeList.do|
2026-08-31|KOBIS 박스오피스|퍼피 구조대: 더 다이노 무비 일일 박스오피스 9위|퍼피 구조대: 더 다이노 무비|영화,박스오피스,흥행,퍼피,구조대,다이노,무비|2026-08-30 KOBIS 일별 박스오피스 9위. 일일 관객 4,043명, 누적 관객 106,540명, 매출 점유율 0.6%. 전일 대비 순위 변화 -1.|https://www.kobis.or.kr/kobis/business/stat/boxs/findDailyBoxOfficeList.do|
2026-08-31|KOBIS 박스오피스|고스트밴드 일일 박스오피스 10위|고스트밴드|영화,박스오피스,흥행,고스트밴드|2026-08-30 KOBIS 일별 박스오피스 10위. 일일 관객 3,623명, 누적 관객 13,803명, 매출 점유율 0.4%. 전일 대비 순위 변화 +0.|https://www.kobis.or.kr/kobis/business/stat/boxs/findDailyBoxOfficeList.do|
2026-08-30|YouTube 반응|사랑이 온다 관련 YouTube 화제 영상|사랑이 온다|드라마,가족,공식채널,KBS,Drama,11화,이제야,생각이,났을까,엄마,아기,김무진,잊었던,기억들이,생각난,안희연|"'［11화 하이라이트] ＂왜 이제야 생각이 났을까＂엄마, 아기, 김무진.. 잊었던 기억들이 생각난 안희연 [사랑이 온다] | KBS 260829 방송' 영상이 공개 5일 기준 조회수 851,155회, 좋아요 1,852개, 댓글 387개를 기록. 일평균 조회수 약 170,231회. 채널: KBS Drama. 수집 경로: 공식채널:KBS Drama. 영상 유형: 일반 영상."|https://www.youtube.com/watch?v=SI7A6pLn9VU|https://i.ytimg.com/vi/SI7A6pLn9VU/hqdefault.jpg
2026-08-30|YouTube 반응|우리 나서스 밥 주세요 밥! 관련 YouTube 화제 영상|우리 나서스 밥 주세요 밥!|인터뷰,인기,우리,나서스,주세요,T1,vs,BFX,2026,LCK,Untara,운타라,00,인트로,03,1세트|"'우리 나서스 밥 주세요 밥! | T1 vs BFX | 2026 LCK' 영상이 공개 5일 기준 조회수 530,084회, 좋아요 3,040개, 댓글 341개를 기록. 일평균 조회수 약 106,017회. 채널: Untara. 수집 경로: 한국 인기 영상. 영상 유형: 일반 영상."|https://www.youtube.com/watch?v=tRCqBh7ppHE|https://i.ytimg.com/vi/tRCqBh7ppHE/hqdefault.jpg
2026-08-30|YouTube 반응|피의 게임X 최종 우승자는 누구? 관련 YouTube 화제 영상|피의 게임X 최종 우승자는 누구?|영화,웨이브,공식채널,wavve,피의,게임X,최종,우승자는,누구,바로,보기,https,site,naver,com,2bvXL|'피의 게임X 최종 우승자는 누구?' 영상이 공개 4일 기준 조회수 100,569회, 좋아요 315개, 댓글 710개를 기록. 일평균 조회수 약 25,142회. 채널: wavve 웨이브. 수집 경로: 공식채널:wavve. 영상 유형: 쇼츠/숏폼 후보.|https://www.youtube.com/watch?v=LHYq73P59FY|https://i.ytimg.com/vi/LHYq73P59FY/hqdefault.jpg
2026-08-30|YouTube 반응|팡이요, 메이플스토리 관련 YouTube 화제 영상|팡이요, 메이플스토리|유튜브,인기,본캐급,부캐들로,하드,벨로나돌이를,보자,팡이요,메이플스토리,풀버전은,SOOP,방송국,VOD에,자동,업로드가,됩니다|'본캐급 부캐들로 하드 벨로나돌이를 해 보자! [팡이요, 메이플스토리]' 영상이 공개 2일 기준 조회수 286,367회, 좋아요 659개, 댓글 126개를 기록. 일평균 조회수 약 143,184회. 채널: 팡이요. 수집 경로: 한국 인기 영상. 영상 유형: 일반 영상.|https://www.youtube.com/watch?v=aka69nY850k|https://i.ytimg.com/vi/aka69nY850k/hqdefault.jpg
2026-08-30|KOBIS 박스오피스|극장판 귀멸의 칼날: 무한성편 박스오피스 4계단 상승해 9위|극장판 귀멸의 칼날: 무한성편|영화,박스오피스,흥행,극장판,귀멸의,칼날,무한성편|2026-08-29 KOBIS 일별 박스오피스 9위. 일일 관객 3,522명, 누적 관객 5,822,719명, 매출 점유율 0.6%. 전일 대비 순위 변화 +4.|https://www.kobis.or.kr/kobis/business/stat/boxs/findDailyBoxOfficeList.do|
2026-08-30|온라인 화제·뉴스|천만 배우 출연…개봉하자마자 '한국영화' 박스오피스 1위 차지한 '영화' - 위키트리|한국영화|영화,박스오피스,신작,배우,출연,개봉,천만,개봉하자마자,한국영화,1위,차지한,위키트리|천만 배우 출연…개봉하자마자 '한국영화' 박스오피스 1위 차지한 '영화' 위키트리|https://www.wikitree.co.kr/articles/1156015|https://cdnweb01.wikitree.co.kr/webdata/editor/202608/30/202608301708454709.jpg
2026-08-29|YouTube 반응|P1uspace H : Horror Haven 관련 YouTube 화제 영상|P1uspace H : Horror Haven|인기,P1Harmony,피원하모니,INTAK,인탁,Hip,Song,LIVE,CLIP,2026,FAN,MEETING,P1uspace,Horror,Haven,WEBSITE|'P1Harmony (피원하모니) INTAK (인탁) -‘Hip Song’ (비) LIVE CLIP @2026 FAN MEETING [P1uspace H : Horror Haven]' 영상이 공개 19일 기준 조회수 1,342,053회, 좋아요 16,703개, 댓글 944개를 기록. 일평균 조회수 약 70,634회. 채널: P1Harmony. 수집 경로: 한국 인기 영상. 영상 유형: 일반 영상.|https://www.youtube.com/watch?v=oHFQ6aKTAMw|https://i.ytimg.com/vi/oHFQ6aKTAMw/hqdefault.jpg
2026-08-29|YouTube 반응|피지컬 차이가 많이 나면 생기는 일 관련 YouTube 화제 영상|피지컬 차이가 많이 나면 생기는 일|예능,쇼츠,유튜브,클립,명장면,몰아보기,검색,피지컬,차이가,많이,나면,생기는,짧은영상,윤성빈과,명씩,힘대결에|'피지컬 차이가 많이 나면 생기는 일' 영상이 공개 6일 기준 조회수 1,596,923회, 좋아요 24,270개, 댓글 207개를 기록. 일평균 조회수 약 266,154회. 채널: 짧은영상. 수집 경로: 검색:예능 명장면 쇼츠. 영상 유형: 쇼츠/숏폼 후보.|https://www.youtube.com/watch?v=z1q5o94gKM8|https://i.ytimg.com/vi/z1q5o94gKM8/hqdefault.jpg
2026-08-29|YouTube 반응|타짜: 벨제붑의 노래 관련 YouTube 화제 영상|타짜: 벨제붑의 노래|영화,인기,타짜,벨제붑의,노래,메인,CJ,ENM,Movie,모든,게임의,마지막은,가장,강렬하다,시리즈의,피날레|'[타짜: 벨제붑의 노래] 메인 예고편' 영상이 공개 5일 기준 조회수 927,294회, 좋아요 1,082개, 댓글 502개를 기록. 일평균 조회수 약 185,459회. 채널: CJ ENM Movie. 수집 경로: 한국 인기 영상. 영상 유형: 일반 영상.|https://www.youtube.com/watch?v=aMOrloU5Bho|https://i.ytimg.com/vi/aMOrloU5Bho/hqdefault.jpg
2026-08-29|온라인 화제·뉴스|마동석, 배우 아닌 제작자로 일냈다…‘아이 엠 복서’ 아시아 금상 - 스포츠동아|아이 엠 복서|배우,콘텐츠,수상,해외,반응,마동석,아닌,제작자로,일냈다,아이,복서,아시아,금상,스포츠동아|마동석, 배우 아닌 제작자로 일냈다…‘아이 엠 복서’ 아시아 금상 스포츠동아|https://sports.donga.com/ent/article/all/20260829/134567656/1|https://dimg.donga.com/wps/SPORTS/IMAGE/2026/08/29/134567657.1.jpg
2026-08-29|KOBIS 박스오피스|도그 스타: 마지막 희망 일일 박스오피스 8위|도그 스타: 마지막 희망|영화,박스오피스,흥행,도그,스타,마지막,희망|2026-08-28 KOBIS 일별 박스오피스 8위. 일일 관객 2,327명, 누적 관객 7,067명, 매출 점유율 0.6%. 전일 대비 순위 변화 +1.|https://www.kobis.or.kr/kobis/business/stat/boxs/findDailyBoxOfficeList.do|
2026-08-29|KOBIS 박스오피스|드라큘라: 러브 테일 일일 박스오피스 10위|드라큘라: 러브 테일|영화,박스오피스,흥행,드라큘라,러브,테일|2026-08-28 KOBIS 일별 박스오피스 10위. 일일 관객 1,716명, 누적 관객 8,527명, 매출 점유율 0.4%. 전일 대비 순위 변화 -2.|https://www.kobis.or.kr/kobis/business/stat/boxs/findDailyBoxOfficeList.do|
2026-08-29|온라인 화제·뉴스|K-게임, 게임스컴서 차기 성장전략 전면에…붉은사막 수상은 불발 - 아주경제|K-게임, 게임스컴서 차기 성장전략 전면에|콘텐츠,수상,해외,반응,게임,게임스컴서,차기,성장전략,전면에,붉은사막,수상은,불발,아주경제|K-게임, 게임스컴서 차기 성장전략 전면에…붉은사막 수상은 불발 아주경제|https://www.ajunews.com/view/20260829111118007|https://image.ajunews.com/content/image/2026/08/29/20260829112355879658.jpg
2026-08-29|온라인 화제·뉴스|마동석, 배우 아닌 제작자로 일냈다…‘아이 엠 복서’ 아시아 금상 - v.daum.net|아이 엠 복서|배우,콘텐츠,수상,해외,반응,마동석,아닌,제작자로,일냈다,아이,복서,아시아,금상,daum,net|마동석, 배우 아닌 제작자로 일냈다…‘아이 엠 복서’ 아시아 금상 v.daum.net|https://v.daum.net/v/20260829105837688?f=p|https://img1.daumcdn.net/thumb/S1200x630/?fname=https://t1.daumcdn.net/news/202608/29/sportsdonga/20260829105838805osvj.jpg
2026-08-28|YouTube 반응|Die Another Day 관련 YouTube 화제 영상|Die Another Day|인기,TNX,Die,Another,Day,MV,3rd,Digital,Single,OUT,NOW,STREAM,https,linktr,ee,티엔엑스|'TNX - ‘Die Another Day’ MV' 영상이 공개 6일 기준 조회수 2,657,973회, 좋아요 11,674개, 댓글 1,302개를 기록. 일평균 조회수 약 442,996회. 채널: TNX. 수집 경로: 한국 인기 영상. 영상 유형: 일반 영상.|https://www.youtube.com/watch?v=hXYjK4in0MM|https://i.ytimg.com/vi/hXYjK4in0MM/hqdefault.jpg
2026-08-28|YouTube 반응|15-LOVE 관련 YouTube 화제 영상|15-LOVE|인기,Hearts2Hearts,하츠투하츠,15,LOVE,On,Spot,온더스팟,1theK,Originals,원더케이,오리지널,15LOVE,OntheSpot,New1theKOriginal,원더케이오리지널|'Hearts2Hearts 하츠투하츠 '15-LOVE'｜On the Spot｜온더스팟' 영상이 공개 6일 기준 조회수 1,728,541회, 좋아요 82,668개, 댓글 3,494개를 기록. 일평균 조회수 약 288,090회. 채널: 1theK Originals - 원더케이 오리지널. 수집 경로: 한국 인기 영상. 영상 유형: 일반 영상.|https://www.youtube.com/watch?v=n-QR5ishboM|https://i.ytimg.com/vi/n-QR5ishboM/hqdefault.jpg
2026-08-28|YouTube 반응|와.. 결국 유출됐습니다.. ≪스파이더맨 관련 YouTube 화제 영상|와.. 결국 유출됐습니다.. ≪스파이더맨|영화,디즈니플러스,유튜브,리뷰,인기,결국,유출됐습니다,스파이더맨,비욘드,유니버스,4분,40초,유출,떡밥,무비띵크,Movie|'와.. 결국 유출됐습니다.. ≪스파이더맨: 비욘드 더 유니버스≫ 4분 40초 유출 예고편 떡밥 총정리' 영상이 공개 5일 기준 조회수 591,497회, 좋아요 3,438개, 댓글 281개를 기록. 일평균 조회수 약 118,299회. 채널: 무비띵크_Movie Think. 수집 경로: 한국 인기 영상. 영상 유형: 일반 영상.|https://www.youtube.com/watch?v=L-dswC-fTFg|https://i.ytimg.com/vi/L-dswC-fTFg/hqdefault.jpg
2026-08-28|YouTube 반응|IQ390 전략가 관련 YouTube 화제 영상|IQ390 전략가|드라마,예능,영화,리뷰,몰아보기,검색,연기,개미쳤다,신병,시즌4,2화,드디어,떴다,악마,선임,강찬석|"'연기 개미쳤다... ≪신병 시즌4≫ 1~2화 몰아보기🔥 드디어 떴다..! 악마 선임 강찬석, 성윤모를 능가하는 ""IQ390 전략가"" 신병을 맞이하면 벌어지는 일 ㄷㄷ' 영상이 공개 5일 기준 조회수 2,089,553회, 좋아요 5,492개, 댓글 546개를 기록. 일평균 조회수 약 417,911회. 채널: 김시선. 수집 경로: 검색:드라마 몰아보기. 영상 유형: 일반 영상."|https://www.youtube.com/watch?v=wwpyZhKgDf8|https://i.ytimg.com/vi/wwpyZhKgDf8/hqdefault.jpg
2026-08-28|YouTube 반응|가능한 사랑 관련 YouTube 화제 영상|가능한 사랑|드라마,영화,넷플릭스,신작,공개,감독,인기,가능한,사랑,해고,노동자와,그의,아내,그리고,다큐멘터리,감독과|"'가능한 사랑 | 공식 예고편 | 넷플릭스' 영상이 공개 5일 기준 조회수 894,767회, 좋아요 3,738개, 댓글 767개를 기록. 일평균 조회수 약 178,953회. 채널: Netflix Korea 넷플릭스 코리아. 수집 경로: 한국 인기 영상. 영상 유형: 일반 영상."|https://www.youtube.com/watch?v=W1kDOqqWNiw|https://i.ytimg.com/vi/W1kDOqqWNiw/hqdefault.jpg
2026-08-28|YouTube 반응|내연녀에게 역대급 사이다 참교육 날리는 재벌 사모님 관련 YouTube 화제 영상|내연녀에게 역대급 사이다 참교육 날리는 재벌 사모님|드라마,영화,넷플릭스,티빙,쇼츠,리뷰,명장면,검색,내연녀에게,역대급,사이다,참교육,날리는,재벌,사모님,쪼로롭|'내연녀에게 역대급 사이다 참교육 날리는 재벌 사모님' 영상이 공개 6일 기준 조회수 1,425,217회, 좋아요 16,753개, 댓글 128개를 기록. 일평균 조회수 약 237,536회. 채널: 쪼로롭. 수집 경로: 검색:드라마 명장면 쇼츠. 영상 유형: 쇼츠/숏폼 후보.|https://www.youtube.com/watch?v=gx7EvuvAKaw|https://i.ytimg.com/vi/gx7EvuvAKaw/hqdefault.jpg
2026-08-27|YouTube 반응|이건 정말 못 참겠네요【배치부터 챌린저 #6】 관련 YouTube 화제 영상|이건 정말 못 참겠네요【배치부터 챌린저 #6】|인기,이건,정말,참겠네요,배치부터,챌린저,이석현,치지지,생방송,오후,8시,https,chzzk,naver,com,a0e26a105c3b5ac212d5e0ca40c5c747|'이건 정말 못 참겠네요【배치부터 챌린저 #6】' 영상이 공개 6일 기준 조회수 222,216회, 좋아요 1,491개, 댓글 699개를 기록. 일평균 조회수 약 37,036회. 채널: 이석현. 수집 경로: 한국 인기 영상. 영상 유형: 일반 영상.|https://www.youtube.com/watch?v=3QV0aZqIfqU|https://i.ytimg.com/vi/3QV0aZqIfqU/hqdefault.jpg
2026-08-27|YouTube 반응|재혼 황후 관련 YouTube 화제 영상|재혼 황후|디즈니플러스,공개,인기,공식채널,Disney,Plus,재혼,황후,티저,디즈니,플러스,모두의,예상을,뒤엎은,황후의,선택|"'재혼 황후 | 티저 예고편 | 디즈니+' 영상이 공개 5일 기준 조회수 1,532,866회, 좋아요 6,847개, 댓글 2,316개를 기록. 일평균 조회수 약 306,573회. 채널: Disney Plus Korea 디즈니 플러스 코리아. 수집 경로: 한국 인기 영상 / 공식채널:Disney Plus Korea. 영상 유형: 일반 영상."|https://www.youtube.com/watch?v=CDhtpYWNEuk|https://i.ytimg.com/vi/CDhtpYWNEuk/hqdefault.jpg
2026-08-27|YouTube 반응|어벤져스: 엔드게임 앙코르 관련 YouTube 화제 영상|어벤져스: 엔드게임 앙코르|영화,공개,명장면,인기,어벤져스,엔드게임,앙코르,리어셈블,MarvelKorea,둠스데이,만나기,하나의,영화를,다시,본다면,어셈블|'[어벤져스: 엔드게임 앙코르] 리어셈블 예고편' 영상이 공개 6일 기준 조회수 1,520,092회, 좋아요 9,806개, 댓글 1,235개를 기록. 일평균 조회수 약 253,349회. 채널: MarvelKorea. 수집 경로: 한국 인기 영상. 영상 유형: 일반 영상.|https://www.youtube.com/watch?v=nsSUJOaSEMo|https://i.ytimg.com/vi/nsSUJOaSEMo/hqdefault.jpg
2026-08-27|YouTube 반응|블리치) 역대급 블리치 애니메이션 탄생 관련 YouTube 화제 영상|블리치) 역대급 블리치 애니메이션 탄생|OTT,신작,애니,검색,반응,블리치,역대급,애니메이션,탄생,방사선애니개론,애니추천,화진담,이치고,화진담5화,감동,오리히메|'블리치) 역대급 블리치 애니메이션 탄생' 영상이 공개 7일 기준 조회수 493,223회, 좋아요 5,521개, 댓글 1,044개를 기록. 일평균 조회수 약 70,460회. 채널: 방사선애니개론. 수집 경로: 검색:OTT 신작 반응. 영상 유형: 쇼츠/숏폼 후보.|https://www.youtube.com/watch?v=y1VasAIKcc4|https://i.ytimg.com/vi/y1VasAIKcc4/hqdefault.jpg
2026-08-27|YouTube 반응|행정병이 개꿀…? 관련 YouTube 화제 영상|행정병이 개꿀…?|드라마,티빙,쇼츠,명장면,검색,행정병이,개꿀,서러움,폭발한,성윤모,신병,신병4,드라마추천,드라마쇼츠,STUDIOGENIE,스튜디오지니|"'""행정병이 개꿀…?"" 서러움 폭발한 성윤모 #신병 #신병4 #드라마추천 #드라마쇼츠 #STUDIOGENIE' 영상이 공개 5일 기준 조회수 648,320회, 좋아요 7,571개, 댓글 512개를 기록. 일평균 조회수 약 129,664회. 채널: 스튜디오지니. 수집 경로: 검색:드라마 명장면 쇼츠. 영상 유형: 쇼츠/숏폼 후보."|https://www.youtube.com/watch?v=nKtwnBro3kw|https://i.ytimg.com/vi/nKtwnBro3kw/hqdefault.jpg
2026-08-27|YouTube 반응|Bloody Paradise 관련 YouTube 화제 영상|Bloody Paradise|인기,ENHYPEN,엔하이픈,Bloody,Paradise,Dance,Practice,채널,CHANNEL,WEBSITE,https,com,Weverse,www,weverse,io|'ENHYPEN (엔하이픈) ‘Bloody Paradise’ Dance Practice' 영상이 공개 5일 기준 조회수 1,165,904회, 좋아요 110,463개, 댓글 3,400개를 기록. 일평균 조회수 약 233,181회. 채널: ENHYPEN. 수집 경로: 한국 인기 영상. 영상 유형: 일반 영상.|https://www.youtube.com/watch?v=bPjrHu60278|https://i.ytimg.com/vi/bPjrHu60278/hqdefault.jpg
2026-08-27|YouTube 반응|어벤져스 관련 YouTube 화제 영상|어벤져스|영화,검색,어벤져스,둠스데이,줄거리,전체,유출본,이대로,나오면,미친,맞습니다,Man,삐맨,00,인트로,40|'어벤져스: 둠스데이 줄거리 전체 유출본 총정리 이대로 나오면 미친 영화 맞습니다🤯🤯' 영상이 공개 7일 기준 조회수 489,879회, 좋아요 3,582개, 댓글 771개를 기록. 일평균 조회수 약 69,983회. 채널: B Man 삐맨. 수집 경로: 검색:영화 요약. 영상 유형: 일반 영상.|https://www.youtube.com/watch?v=Tpnr1FTrQVo|https://i.ytimg.com/vi/Tpnr1FTrQVo/hqdefault.jpg
2026-08-27|YouTube 반응|감독도 인정한 애드립의 정체ㅋㅋㅋ#쇼츠 #영화 관련 YouTube 화제 영상|감독도 인정한 애드립의 정체ㅋㅋㅋ#쇼츠 #영화|드라마,영화,쇼츠,배우,감독,명장면,검색,감독도,인정한,애드립의,정체,이슈셔틀,감독에게,애드립을,부탁받은,임창정|'감독도 인정한 애드립의 정체ㅋㅋㅋ#쇼츠 #영화' 영상이 공개 7일 기준 조회수 2,181,394회, 좋아요 14,200개, 댓글 294개를 기록. 일평균 조회수 약 311,628회. 채널: 이슈셔틀. 수집 경로: 검색:영화 명장면 쇼츠. 영상 유형: 쇼츠/숏폼 후보.|https://www.youtube.com/watch?v=Lo6sIX-vWE4|https://i.ytimg.com/vi/Lo6sIX-vWE4/hqdefault.jpg
2026-08-27|YouTube 반응|세계 최초로 공개된 오리히메의 각성 능력 관련 YouTube 화제 영상|세계 최초로 공개된 오리히메의 각성 능력|영화,공개,해석,결말,검색,세계,최초로,공개된,오리히메의,각성,능력,이리와뷰,anime,블리치,화진담,이노우에|'세계 최초로 공개된 오리히메의 각성 능력' 영상이 공개 6일 기준 조회수 440,608회, 좋아요 3,700개, 댓글 760개를 기록. 일평균 조회수 약 73,435회. 채널: 이리와뷰. 수집 경로: 검색:영화 결말 해석. 영상 유형: 쇼츠/숏폼 후보.|https://www.youtube.com/watch?v=yIp-yYXG_d8|https://i.ytimg.com/vi/yIp-yYXG_d8/hqdefault.jpg
2026-08-27|온라인 화제·뉴스|中 최대 영상 플랫폼 M/V 800만 뷰 돌파→'2026 KWDA' 음원상까지 수상한 최예나, 캐치 캐치' - 네이트|2026 KWDA|콘텐츠,수상,해외,반응,최대,플랫폼,800만,돌파,2026,KWDA,음원상까지,수상한,최예나,캐치,네이트|中 최대 영상 플랫폼 M/V 800만 뷰 돌파→'2026 KWDA' 음원상까지 수상한 최예나, 캐치 캐치' 네이트|https://news.nate.com/view/20260828n04779|https://thumbnews.nateimg.co.kr/view610///news.nateimg.co.kr/orgImg/sz/2026/08/28/547662_579938_3759.jpg
2026-08-27|OTT 공식 신작|디즈니+ 칼 제대로 갈았다…29억 조회수 원작 실사화한 초기대작 ‘한국 드라마’ - 위키트리|디즈니+ 칼 제대로 갈았다|드라마,디즈니플러스,신작,공개,원작,디즈니,제대로,갈았다,29억,조회수,실사화한,초기대작,위키트리|디즈니+ 칼 제대로 갈았다…29억 조회수 원작 실사화한 초기대작 ‘한국 드라마’ 위키트리|https://www.wikitree.co.kr/articles/1154991|https://cdnweb01.wikitree.co.kr/webdata/editor/202608/26/202608261107291447.jpg
2026-08-26|YouTube 반응|인턴 관련 YouTube 화제 영상|인턴|영화,신작,공개,배우,감독,인터뷰,검색,인기,인턴,2차,Warner,Bros,오늘도,출근하는,우리,모두의|'[인턴] 2차 예고편' 영상이 공개 5일 기준 조회수 1,385,272회, 좋아요 4,014개, 댓글 1,444개를 기록. 일평균 조회수 약 277,054회. 채널: Warner Bros. Korea. 수집 경로: 검색:배우 신작 인터뷰 / 한국 인기 영상. 영상 유형: 일반 영상.|https://www.youtube.com/watch?v=dtpyrKDJPRg|https://i.ytimg.com/vi/dtpyrKDJPRg/hqdefault.jpg
2026-08-26|YouTube 반응|스캔들 관련 YouTube 화제 영상|스캔들|드라마,넷플릭스,신작,인기,공식채널,스캔들,티저,9월,18일,넷플릭스에서,시청하세요,https,www,netflix,com,kr|"'스캔들 | 공식 티저 예고편 | 넷플릭스' 영상이 공개 5일 기준 조회수 470,005회, 좋아요 3,154개, 댓글 721개를 기록. 일평균 조회수 약 94,001회. 채널: Netflix Korea 넷플릭스 코리아. 수집 경로: 한국 인기 영상 / 공식채널:Netflix Korea. 영상 유형: 일반 영상."|https://www.youtube.com/watch?v=k_PWSLFMSAk|https://i.ytimg.com/vi/k_PWSLFMSAk/hqdefault.jpg
2026-08-26|YouTube 반응|가족 모임 ft. 빅뱅 관련 YouTube 화제 영상|가족 모임 ft. 빅뱅|예능,SNS,리뷰,가족,요리,여행,검색,모임,ft,빅뱅,EPIK,HIGH,00,10,에픽하이,야차룰|'가족 모임 ft. 빅뱅' 영상이 공개 7일 기준 조회수 3,330,240회, 좋아요 81,199개, 댓글 3,582개를 기록. 일평균 조회수 약 475,749회. 채널: EPIK HIGH. 수집 경로: 검색:한국 예능 리뷰. 영상 유형: 일반 영상.|https://www.youtube.com/watch?v=dsbMGiiGoc8|https://i.ytimg.com/vi/dsbMGiiGoc8/hqdefault.jpg
2026-08-26|YouTube 반응|영화 역사상 가장 숨 막히는 1분 관련 YouTube 화제 영상|영화 역사상 가장 숨 막히는 1분|영화,쇼츠,리뷰,공포,명장면,검색,역사상,가장,막히는,1분,알려숏,극한의,속에서,신들린,연기력으로,목숨을|'영화 역사상 가장 숨 막히는 1분' 영상이 공개 7일 기준 조회수 2,020,946회, 좋아요 14,641개, 댓글 481개를 기록. 일평균 조회수 약 288,707회. 채널: 알려숏. 수집 경로: 검색:영화 명장면 쇼츠. 영상 유형: 쇼츠/숏폼 후보.|https://www.youtube.com/watch?v=chvt4lXdUOM|https://i.ytimg.com/vi/chvt4lXdUOM/hqdefault.jpg
2026-08-26|YouTube 반응|직장인들 시즌3 관련 YouTube 화제 영상|직장인들 시즌3|공식채널,Coupang,Play,전설의,퇴사자,그리고,사내,연애,직장인들,시즌3,1화,쿠팡플레이,시즌,게스트,공효진,주임의|'전설의 퇴사자 그리고 사내 연애? [직장인들 시즌3] 1화 예고편' 영상이 공개 3일 기준 조회수 609,089회, 좋아요 1,586개, 댓글 173개를 기록. 일평균 조회수 약 203,030회. 채널: 쿠팡플레이 Coupang Play. 수집 경로: 공식채널:Coupang Play. 영상 유형: 일반 영상.|https://www.youtube.com/watch?v=YMqaUOj9NQE|https://i.ytimg.com/vi/YMqaUOj9NQE/hqdefault.jpg
2026-08-26|YouTube 반응|트로이 전쟁이 시작된 진짜 이유는 따로 있다? 관련 YouTube 화제 영상|트로이 전쟁이 시작된 진짜 이유는 따로 있다?|영화,리뷰,검색,트로이,전쟁이,시작된,진짜,이유는,따로,있다,리뷰엉이,Owl,오늘,영상에서는,이유,포세이돈의|'트로이 전쟁이 시작된 진짜 이유는 따로 있다?' 영상이 공개 7일 기준 조회수 351,837회, 좋아요 4,388개, 댓글 679개를 기록. 일평균 조회수 약 50,262회. 채널: 리뷰엉이: Owl's Review. 수집 경로: 검색:영화 요약. 영상 유형: 일반 영상.|https://www.youtube.com/watch?v=adZXauhEd64|https://i.ytimg.com/vi/adZXauhEd64/hqdefault.jpg
2026-08-26|KOBIS 박스오피스|마루 밑 아리에티 일일 박스오피스 9위|마루 밑 아리에티|영화,박스오피스,흥행,마루,아리에티|2026-08-25 KOBIS 일별 박스오피스 9위. 일일 관객 1,239명, 누적 관객 1,088,832명, 매출 점유율 0.5%. 전일 대비 순위 변화 +0.|https://www.kobis.or.kr/kobis/business/stat/boxs/findDailyBoxOfficeList.do|
2026-08-26|KOBIS 박스오피스|워페어 일일 박스오피스 10위|워페어|영화,박스오피스,흥행,워페어|2026-08-25 KOBIS 일별 박스오피스 10위. 일일 관객 1,224명, 누적 관객 16,374명, 매출 점유율 0.5%. 전일 대비 순위 변화 +0.|https://www.kobis.or.kr/kobis/business/stat/boxs/findDailyBoxOfficeList.do|
2026-08-26|온라인 화제·뉴스|넷플릭스 일냈다…개봉 전부터 오스카까지 진출한 초호화 캐스팅 '한국 영화' - 위키트리|넷플릭스 일냈다|영화,넷플릭스,신작,개봉,일냈다,전부터,오스카까지,진출한,초호화,캐스팅,위키트리|넷플릭스 일냈다…개봉 전부터 오스카까지 진출한 초호화 캐스팅 '한국 영화' 위키트리|https://www.wikitree.co.kr/articles/1154875|https://cdnweb01.wikitree.co.kr/webdata/editor/202608/26/202608261201395806.jpg
2026-08-26|온라인 화제·뉴스|"하영 '중증외상센터' 시즌2·3 합류설…넷플릭스 ""확정된 것 없다"" - 뉴시스"|중증외상센터|넷플릭스,합류,시즌2,후속편,제작,확정,하영,중증외상센터,합류설,확정된,없다,뉴시스|"하영 '중증외상센터' 시즌2·3 합류설…넷플릭스 ""확정된 것 없다"" 뉴시스"|https://www.newsis.com/view/NISX20260826_0003764048|https://img1.newsis.com/2026/08/20/NISI20260820_0002216596_web.jpg
2026-08-26|온라인 화제·뉴스|"'친일 논란→한바탕 난리' 하영, '중증외상센터' 시즌2·3 출연설…넷플릭스 ""확정된 바 없다"" - v.daum.net"|친일 논란→한바탕 난리|넷플릭스,출연,시즌2,후속편,제작,확정,친일,논란,한바탕,난리,하영,중증외상센터,출연설,확정된,없다,daum|"'친일 논란→한바탕 난리' 하영, '중증외상센터' 시즌2·3 출연설…넷플릭스 ""확정된 바 없다"" v.daum.net"|https://v.daum.net/v/20260826182022113|https://img1.daumcdn.net/thumb/S1200x630/?fname=https://t1.daumcdn.net/news/202608/26/HockeyNewsKorea/20260826182024221fqas.jpg
2026-08-26|온라인 화제·뉴스|'친일논란' 하영 '중증' 시즌2·3 합류설..넷플릭스 입장은 - 스포츠조선|친일논란|넷플릭스,합류,시즌2,후속편,제작,확정,친일논란,하영,중증,합류설,입장은,스포츠조선|'친일논란' 하영 '중증' 시즌2·3 합류설..넷플릭스 입장은 스포츠조선|https://www.sportschosun.com/entertainment/2026-08-26/202608260100157760010096|https://www.sportschosun.com/article/html/2026/08/26/2026082601001577600100961.jpg
2026-08-26|온라인 화제·뉴스|"'친일 논란→한바탕 난리' 하영, '중증외상센터' 시즌2·3 출연설…넷플릭스 ""확정된 바 없다"" - v.daum.net"|친일 논란→한바탕 난리|넷플릭스,출연,시즌2,후속편,제작,확정,친일,논란,한바탕,난리,하영,중증외상센터,출연설,확정된,없다,daum|"'친일 논란→한바탕 난리' 하영, '중증외상센터' 시즌2·3 출연설…넷플릭스 ""확정된 바 없다"" v.daum.net"|https://v.daum.net/v/G1IANGMVeT|https://img1.daumcdn.net/thumb/S1200x630/?fname=https://t1.daumcdn.net/news/202608/26/HockeyNewsKorea/20260826182024221fqas.jpg
2026-08-26|온라인 화제·뉴스|"하영 '중증외상센터' 시즌2·3 합류설에 넷플릭스 ""확정된 것 없다"" - 스페셜타임스"|중증외상센터|넷플릭스,합류,시즌2,후속편,제작,확정,하영,중증외상센터,합류설에,확정된,없다,스페셜타임스|"하영 '중증외상센터' 시즌2·3 합류설에 넷플릭스 ""확정된 것 없다"" 스페셜타임스"|https://www.specialtimes.co.kr/news/articleView.html?idxno=454644|https://cdn.specialtimes.co.kr/news/thumbnail/202608/454644_453880_2254_v150.jpg
2026-08-26|온라인 화제·뉴스|"하영 '중증외상센터' 시즌2·3 합류설에 넷플릭스 ""확정된 것 없다"" - 스페셜타임스"|중증외상센터|넷플릭스,합류,시즌2,후속편,제작,확정,하영,중증외상센터,합류설에,확정된,없다,스페셜타임스|"하영 '중증외상센터' 시즌2·3 합류설에 넷플릭스 ""확정된 것 없다"" 스페셜타임스"|http://www.specialtimes.co.kr/news/articleView.html?idxno=454644|https://cdn.specialtimes.co.kr/news/thumbnail/202608/454644_453880_2254_v150.jpg
2026-08-26|온라인 화제·뉴스|"하영 '중증외상센터' 시즌2·3 합류설…넷플릭스 ""확정된 것 없다"" - 네이트"|중증외상센터|넷플릭스,합류,시즌2,후속편,제작,확정,하영,중증외상센터,합류설,확정된,없다,네이트|"하영 '중증외상센터' 시즌2·3 합류설…넷플릭스 ""확정된 것 없다"" 네이트"|https://m.news.nate.com/view/20260826n32240?mid=e02&list=recent&cpcd=|https://news.nateimg.co.kr/orgImg/ns/2026/08/26/NISI20260820_0002216596_web.jpg
2026-08-26|온라인 화제·뉴스|‘친일 논란→한바탕 난리’ 하영, ‘중증외상센터’ 시즌2·3 출연설…넷플릭스 “확정된 바 없다” - mhnse.com|확정된 바 없다|넷플릭스,출연,시즌2,후속편,제작,확정,친일,논란,한바탕,난리,하영,중증외상센터,출연설,확정된,없다,mhnse|‘친일 논란→한바탕 난리’ 하영, ‘중증외상센터’ 시즌2·3 출연설…넷플릭스 “확정된 바 없다” mhnse.com|https://mhnse.com/news/articleView.html?idxno=1502687|https://cdn.mhnse.com/mhnsports/2026/08/26182010/thumb_ccms_47875.jpg
2026-08-26|온라인 화제·뉴스|칸을 뒤흔든 나홍진 감독의 ‘호프’, 국내 개봉 언제? - 마리끌레르 코리아|호프|영화,신작,감독,개봉,칸을,뒤흔든,나홍진,감독의,호프,국내,언제,마리끌레르|칸을 뒤흔든 나홍진 감독의 ‘호프’, 국내 개봉 언제? 마리끌레르 코리아|https://www.marieclairekorea.com/culture/film/2026/06/hope/|https://img.marieclairekorea.com/2026/06/mck_6a27bcc49de44.jpg
2026-08-26|온라인 화제·뉴스|"'친일 논란→한바탕 난리' 하영, '중증외상센터' 시즌2·3 출연설…넷플릭스 ""확정된 바 없다"" - v.daum.net"|친일 논란→한바탕 난리|넷플릭스,출연,시즌2,후속편,제작,확정,친일,논란,한바탕,난리,하영,중증외상센터,출연설,확정된,없다,daum|"'친일 논란→한바탕 난리' 하영, '중증외상센터' 시즌2·3 출연설…넷플릭스 ""확정된 바 없다"" v.daum.net"|https://v.daum.net/v/G1IANGMVeT?f=p|https://img1.daumcdn.net/thumb/S1200x630/?fname=https://t1.daumcdn.net/news/202608/26/HockeyNewsKorea/20260826182024221fqas.jpg
2026-08-25|YouTube 반응|SUN KISS 관련 YouTube 화제 영상|SUN KISS|OTT,인기,TUIDE,튜이드,SUN,KISS,MV,HYBE,LABELS,TUNEnPLAY,SUNKISS,YouTube,특전이,포함된,앨범,구매|'TUIDE (튜이드) ‘SUN KISS’ Official MV' 영상이 공개 5일 기준 조회수 7,350,763회, 좋아요 201,664개, 댓글 15,355개를 기록. 일평균 조회수 약 1,470,153회. 채널: HYBE LABELS. 수집 경로: 한국 인기 영상. 영상 유형: 일반 영상.|https://www.youtube.com/watch?v=46h0LvDHgIs|https://i.ytimg.com/vi/46h0LvDHgIs/hqdefault.jpg
2026-08-25|YouTube 반응|대환장 기안장 시즌2 관련 YouTube 화제 영상|대환장 기안장 시즌2|예능,넷플릭스,공개,공식채널,대환장,기안장,시즌2,티저,9월,22일,넷플릭스에서,시청하세요,https,www,netflix,com|"'대환장 기안장 시즌2 | 티저 예고편 | 넷플릭스' 영상이 공개 5일 기준 조회수 548,102회, 좋아요 5,428개, 댓글 837개를 기록. 일평균 조회수 약 109,620회. 채널: Netflix Korea 넷플릭스 코리아. 수집 경로: 공식채널:Netflix Korea. 영상 유형: 일반 영상."|https://www.youtube.com/watch?v=GCxRtFX0U18|https://i.ytimg.com/vi/GCxRtFX0U18/hqdefault.jpg
2026-08-25|YouTube 반응|따귀맞고 당황한 애드립의 정체ㅋㅋㅋ #쇼츠 #영화 관련 YouTube 화제 영상|따귀맞고 당황한 애드립의 정체ㅋㅋㅋ #쇼츠 #영화|드라마,영화,쇼츠,반전,배우,명장면,검색,따귀맞고,당황한,애드립의,정체,이슈셔틀,대본에,없던,따귀,방에|'따귀맞고 당황한 애드립의 정체ㅋㅋㅋ #쇼츠 #영화' 영상이 공개 7일 기준 조회수 4,760,107회, 좋아요 25,021개, 댓글 569개를 기록. 일평균 조회수 약 680,015회. 채널: 이슈셔틀. 수집 경로: 검색:영화 명장면 쇼츠. 영상 유형: 쇼츠/숏폼 후보.|https://www.youtube.com/watch?v=3SjS11VHbjg|https://i.ytimg.com/vi/3SjS11VHbjg/hqdefault.jpg
2026-08-25|YouTube 반응|피의 게임X 관련 YouTube 화제 영상|피의 게임X|영화,웨이브,공식채널,wavve,피의,게임X,다수연합이,갈라지기,시작했다,본격적으로,나뉘는,게임의,판도,9화,오리지널,바로|"'[피의 게임X] 다수연합이 갈라지기 시작했다, 본격적으로 나뉘는 게임의 판도🔥| 9화 하이라이트 | 웨이브 오리지널' 영상이 공개 4일 기준 조회수 29,295회, 좋아요 122개, 댓글 663개를 기록. 일평균 조회수 약 7,324회. 채널: wavve 웨이브. 수집 경로: 공식채널:wavve. 영상 유형: 일반 영상."|https://www.youtube.com/watch?v=rq9fTiF92o4|https://i.ytimg.com/vi/rq9fTiF92o4/hqdefault.jpg
2026-08-25|YouTube 반응|사랑이 온다 관련 YouTube 화제 영상|사랑이 온다|드라마,가족,공식채널,KBS,Drama,10화,김무진이,겁나,보고,싶으니까,술에,취해,하석진을,알아보지,못하는,안희연|"'［10화 하이라이트] ＂김무진이 겁나 보고 싶으니까＂술에 취해 하석진을 알아보지 못하는 안희연 [사랑이 온다] | KBS 260823 방송' 영상이 공개 3일 기준 조회수 280,133회, 좋아요 1,925개, 댓글 237개를 기록. 일평균 조회수 약 93,378회. 채널: KBS Drama. 수집 경로: 공식채널:KBS Drama. 영상 유형: 일반 영상."|https://www.youtube.com/watch?v=Vz3Gef6GkVo|https://i.ytimg.com/vi/Vz3Gef6GkVo/hqdefault.jpg
2026-08-25|Netflix Top 10|Edge of Tomorrow 넷플릭스 한국 Top 10 7위|Edge of Tomorrow|OTT,넷플릭스,신작,랭킹,Edge,of,Tomorrow,Films|Netflix 공식 국가별 주간 Top 10에서 한국 7위. 카테고리: Films. 누적 Top 10 진입 1주. 집계 주간: 2026-08-16.|https://www.netflix.com/unsupportedbrowser|
2026-08-25|Netflix Top 10|Whenever Possible: Season 5 넷플릭스 한국 Top 10 7위|Whenever Possible|OTT,넷플릭스,신작,랭킹,Whenever,Possible,Season,TV|Netflix 공식 국가별 주간 Top 10에서 한국 7위. 카테고리: TV. 누적 Top 10 진입 1주. 집계 주간: 2026-08-16.|https://www.netflix.com/unsupportedbrowser|
2026-08-25|Netflix Top 10|The East Palace: Limited Series 넷플릭스 한국 Top 10 8위|The East Palace|OTT,넷플릭스,신작,랭킹,East,Palace,Limited,Series,TV|Netflix 공식 국가별 주간 Top 10에서 한국 8위. 카테고리: TV. 누적 Top 10 진입 5주. 집계 주간: 2026-08-16.|https://www.netflix.com/unsupportedbrowser|
2026-08-25|Netflix Top 10|Christmas Carol 넷플릭스 한국 Top 10 8위|Christmas Carol|OTT,넷플릭스,신작,랭킹,Christmas,Carol,Films|Netflix 공식 국가별 주간 Top 10에서 한국 8위. 카테고리: Films. 누적 Top 10 진입 4주. 집계 주간: 2026-08-16.|https://www.netflix.com/unsupportedbrowser|
2026-08-25|Netflix Top 10|Agent Kim Reactivated: Limited Series 넷플릭스 한국 Top 10 9위|Agent Kim Reactivated|OTT,넷플릭스,신작,랭킹,Agent,Kim,Reactivated,Limited,Series,TV|Netflix 공식 국가별 주간 Top 10에서 한국 9위. 카테고리: TV. 누적 Top 10 진입 8주. 집계 주간: 2026-08-16.|https://www.netflix.com/unsupportedbrowser|
2026-08-25|Netflix Top 10|Husbands in Action 넷플릭스 한국 Top 10 10위|Husbands in Action|OTT,넷플릭스,신작,랭킹,Husbands,in,Action,Films|Netflix 공식 국가별 주간 Top 10에서 한국 10위. 카테고리: Films. 누적 Top 10 진입 9주. 집계 주간: 2026-08-16.|https://www.netflix.com/unsupportedbrowser|
2026-08-25|OTT 공식 신작|웨이브 무한상사 안녕, 프란체스카 IP 확장…연내 오리지널 공개 - 아주경제|웨이브 무한상사 안녕, 프란체스카 IP 확장|웨이브,신작,공개,오리지널,무한상사,안녕,프란체스카,IP,확장,연내,아주경제|웨이브 무한상사 안녕, 프란체스카 IP 확장…연내 오리지널 공개 아주경제|https://www.ajunews.com/view/20260825090716004|
2026-08-25|OTT 공식 신작|웨이브, ‘무한상사’ ‘프란체스카’ 레전드 IP 부활 - bntnews.co.kr|무한상사|웨이브,신작,공개,오리지널,무한상사,프란체스카,레전드,IP,부활,bntnews,co,kr|웨이브, ‘무한상사’ ‘프란체스카’ 레전드 IP 부활 bntnews.co.kr|https://www.bntnews.co.kr/article/view/bnt202608250121|https://www.bntnews.co.kr/data/bnt/image/2026/08/25/bnt202608250172.jpg
2026-08-25|OTT 공식 신작|웨이브, 연내 '무한상사-하와수 네버다이'·'옆자리, 프란체스카' 오리지널 공개 - 네이트|무한상사-하와수 네버다이|웨이브,신작,공개,오리지널,연내,무한상사,하와수,네버다이,옆자리,프란체스카,네이트|웨이브, 연내 '무한상사-하와수 네버다이'·'옆자리, 프란체스카' 오리지널 공개 네이트|https://news.nate.com/view/20260825n22392|https://thumbnews.nateimg.co.kr/view610///news.nateimg.co.kr/orgImg/bc/2026/08/25/600906_412107_952.jpg
2026-08-24|YouTube 반응|스타크래프트의 전설이 시작된 첫 번째 이야기 관련 YouTube 화제 영상|스타크래프트의 전설이 시작된 첫 번째 이야기|인기,스타크래프트의,전설이,시작된,번째,이야기,스타크래프트,한눈에,보기,GCL,지씨엘,게임명,리마스터,Starcraft,Remastered,게임|"'""스타크래프트의 전설이 시작된 첫 번째 이야기"" | 스타크래프트 스토리 한눈에 보기' 영상이 공개 5일 기준 조회수 441,529회, 좋아요 8,454개, 댓글 1,422개를 기록. 일평균 조회수 약 88,306회. 채널: GCL 지씨엘. 수집 경로: 한국 인기 영상. 영상 유형: 일반 영상."|https://www.youtube.com/watch?v=yOh0UewG0oU|https://i.ytimg.com/vi/yOh0UewG0oU/hqdefault.jpg
2026-08-24|YouTube 반응|지금 불륜이 문제가 아닙니다 관련 YouTube 화제 영상|지금 불륜이 문제가 아닙니다|공식채널,Coupang,Play,김혜수를,사이에,김지훈,VS,김재철,지금,불륜이,문제가,아닙니다,6화,쿠팡플레이,쓰러진,경희를|'김혜수를 사이에 둔 김지훈 VS 김재철 [지금 불륜이 문제가 아닙니다] 6화 하이라이트' 영상이 공개 5일 기준 조회수 1,040,395회, 좋아요 240개, 댓글 31개를 기록. 일평균 조회수 약 208,079회. 채널: 쿠팡플레이 Coupang Play. 수집 경로: 공식채널:Coupang Play. 영상 유형: 일반 영상.|https://www.youtube.com/watch?v=HgrvAGFqN0A|https://i.ytimg.com/vi/HgrvAGFqN0A/hqdefault.jpg
2026-08-24|YouTube 반응|나와서는 안 될 경기력 관련 YouTube 화제 영상|나와서는 안 될 경기력|리뷰,인기,나와서는,경기력,HLE,vs,T1,08,23,2026,LCK,클리드,00,1세트,밴픽,01|"'나와서는 안 될 경기력 | HLE vs T1 | 하이라이트 | 08.23 | 2026 LCK' 영상이 공개 4일 기준 조회수 240,299회, 좋아요 1,085개, 댓글 439개를 기록. 일평균 조회수 약 60,075회. 채널: 클리드. 수집 경로: 한국 인기 영상. 영상 유형: 일반 영상."|https://www.youtube.com/watch?v=Qv8Qzdqbwxw|https://i.ytimg.com/vi/Qv8Qzdqbwxw/hqdefault.jpg
2026-08-24|YouTube 반응|확신에 찬 결과는? 관련 YouTube 화제 영상|확신에 찬 결과는?|예능,쇼츠,출연,명장면,검색,확신에,결과는,숏숭이,솔로지옥3에서,자신감,넘치던,김규리가,예상하지,못했던,첫인상,투표|'확신에 찬 결과는?' 영상이 공개 6일 기준 조회수 891,379회, 좋아요 7,792개, 댓글 298개를 기록. 일평균 조회수 약 148,563회. 채널: 숏숭이. 수집 경로: 검색:예능 명장면 쇼츠. 영상 유형: 쇼츠/숏폼 후보.|https://www.youtube.com/watch?v=6_GEQ5oCgbA|https://i.ytimg.com/vi/6_GEQ5oCgbA/hqdefault.jpg
2026-08-24|YouTube 반응|겨울왕국 3 관련 YouTube 화제 영상|겨울왕국 3|영화,검색,겨울왕국,그냥,미쳤다,2편,이후,새롭게,등장한,역대급,능력의,빌런,얼음,여왕,vs,안나와|'《겨울왕국 3》그냥 미쳤다..🔥 '2편' 이후 새롭게 등장한 역대급 능력의 빌런 '얼음 여왕' vs 안나와 엘사 자매의 대결..ㄷㄷ' 영상이 공개 7일 기준 조회수 454,400회, 좋아요 3,763개, 댓글 493개를 기록. 일평균 조회수 약 64,914회. 채널: 매드무비 : MadMovie. 수집 경로: 검색:영화 요약. 영상 유형: 일반 영상.|https://www.youtube.com/watch?v=MzLxHIr51aA|https://i.ytimg.com/vi/MzLxHIr51aA/hqdefault.jpg
2026-08-23|YouTube 반응|kNOw맘대로(The kNOw Way) 관련 YouTube 화제 영상|kNOw맘대로(The kNOw Way)|키즈,인기,Lee,Know,처음,느낌,그대로,김광진,Cover,kNOw맘대로,kNOw,Way,Ep,06,Stray,Kids|"'Lee Know - 처음 느낌 그대로 (김광진 Cover) | [kNOw맘대로(The kNOw Way)] Ep.06' 영상이 공개 6일 기준 조회수 570,395회, 좋아요 121,488개, 댓글 6,983개를 기록. 일평균 조회수 약 95,066회. 채널: Stray Kids. 수집 경로: 한국 인기 영상. 영상 유형: 일반 영상."|https://www.youtube.com/watch?v=-gkDGDEfznU|https://i.ytimg.com/vi/-gkDGDEfznU/hqdefault.jpg
2026-08-23|YouTube 반응|전자오락수호대 관련 YouTube 화제 영상|전자오락수호대|영화,공개,화제,애니,원작,인기,전자오락수호대,런칭,LOCUS,Animation,Studios,모든,준비는,끝났다,모두의,인생작|'[전자오락수호대] 런칭 예고편' 영상이 공개 7일 기준 조회수 147,816회, 좋아요 3,133개, 댓글 619개를 기록. 일평균 조회수 약 21,117회. 채널: LOCUS Animation Studios. 수집 경로: 한국 인기 영상. 영상 유형: 쇼츠/숏폼 후보.|https://www.youtube.com/watch?v=7jwq362anB0|https://i.ytimg.com/vi/7jwq362anB0/hqdefault.jpg
2026-08-23|YouTube 반응|사이버펑크: 엣지러너 2 관련 YouTube 화제 영상|사이버펑크: 엣지러너 2|넷플릭스,공개,애니,인기,사이버펑크,엣지러너,트레일러,시온,애니메이션,장르,공개일,2026년,10월,20일,스트리밍,한국어|'사이버펑크: 엣지러너 2 - 공식 트레일러' 영상이 공개 5일 기준 조회수 197,119회, 좋아요 2,588개, 댓글 529개를 기록. 일평균 조회수 약 39,424회. 채널: 시온. 수집 경로: 한국 인기 영상. 영상 유형: 일반 영상.|https://www.youtube.com/watch?v=Z5Z0zb9NNwE|https://i.ytimg.com/vi/Z5Z0zb9NNwE/hqdefault.jpg
2026-08-23|YouTube 반응|팡이요, 메이플스토리 관련 YouTube 화제 영상|팡이요, 메이플스토리|유튜브,인기,샤타포스,행복해서,웃는게,아닙니다,웃어서,행복한,겁니다,팡이요,메이플스토리,풀버전은,SOOP,방송국,VOD에,자동|'샤타포스 : 행복해서 웃는게 아닙니다, 웃어서 행복한 겁니다 [팡이요, 메이플스토리]' 영상이 공개 5일 기준 조회수 232,051회, 좋아요 1,040개, 댓글 404개를 기록. 일평균 조회수 약 46,410회. 채널: 팡이요. 수집 경로: 한국 인기 영상. 영상 유형: 일반 영상.|https://www.youtube.com/watch?v=5c11UPCYQo8|https://i.ytimg.com/vi/5c11UPCYQo8/hqdefault.jpg
2026-08-23|YouTube 반응|🔥오디세이 배우들의 쓸데없는 사실들 관련 YouTube 화제 영상|🔥오디세이 배우들의 쓸데없는 사실들|예능,리뷰,배우,검색,오디세이,배우들의,쓸데없는,사실들,핫치타,오디세우스,톰홀랜드,젠데이아,앤해서웨이|'🔥오디세이 배우들의 쓸데없는 사실들' 영상이 공개 7일 기준 조회수 755,621회, 좋아요 9,171개, 댓글 228개를 기록. 일평균 조회수 약 107,946회. 채널: 핫치타. 수집 경로: 검색:한국 예능 리뷰. 영상 유형: 쇼츠/숏폼 후보.|https://www.youtube.com/watch?v=vYEKogmvRSI|https://i.ytimg.com/vi/vYEKogmvRSI/hqdefault.jpg
2026-08-23|YouTube 반응|벗어나고 싶은 구간【배치부터 챌린저#4】 관련 YouTube 화제 영상|벗어나고 싶은 구간【배치부터 챌린저#4】|인기,벗어나고,싶은,구간,배치부터,챌린저,이석현,치지지,생방송,오후,8시,https,chzzk,naver,com,a0e26a105c3b5ac212d5e0ca40c5c747|'벗어나고 싶은 구간【배치부터 챌린저#4】' 영상이 공개 6일 기준 조회수 175,877회, 좋아요 1,288개, 댓글 270개를 기록. 일평균 조회수 약 29,313회. 채널: 이석현. 수집 경로: 한국 인기 영상. 영상 유형: 일반 영상.|https://www.youtube.com/watch?v=iyVmBYjH92k|https://i.ytimg.com/vi/iyVmBYjH92k/hqdefault.jpg
2026-08-23|KOBIS 박스오피스|다윗 박스오피스 22계단 상승해 10위|다윗|영화,박스오피스,흥행,다윗|2026-08-22 KOBIS 일별 박스오피스 10위. 일일 관객 3,176명, 누적 관객 303,830명, 매출 점유율 0.3%. 전일 대비 순위 변화 +22.|https://www.kobis.or.kr/kobis/business/stat/boxs/findDailyBoxOfficeList.do|
2026-08-22|YouTube 반응|Bloody Paradise 관련 YouTube 화제 영상|Bloody Paradise|OTT,인기,ENHYPEN,엔하이픈,Bloody,Paradise,MV,HYBE,LABELS,Welcome,to,SIN,BLISS,https,enhypen,lnk|'ENHYPEN (엔하이픈) 'Bloody Paradise' Official MV' 영상이 공개 6일 기준 조회수 25,382,154회, 좋아요 690,940개, 댓글 68,935개를 기록. 일평균 조회수 약 4,230,359회. 채널: HYBE LABELS. 수집 경로: 한국 인기 영상. 영상 유형: 일반 영상.|https://www.youtube.com/watch?v=MT-4Bk1Lw8g|https://i.ytimg.com/vi/MT-4Bk1Lw8g/hqdefault.jpg
2026-08-22|YouTube 반응|Cyberpunk: Edgerunners 2 관련 YouTube 화제 영상|Cyberpunk: Edgerunners 2|인기,Cyberpunk,Edgerunners,Teaser,Anime,washed,up,edgerunner,killer,netrunner,in,Night,City,what,could,go|"'Cyberpunk: Edgerunners 2 | Official Teaser #3 | Netflix Anime' 영상이 공개 7일 기준 조회수 1,300,324회, 좋아요 76,805개, 댓글 2,674개를 기록. 일평균 조회수 약 185,761회. 채널: Netflix Anime. 수집 경로: 한국 인기 영상. 영상 유형: 일반 영상."|https://www.youtube.com/watch?v=iiuRyNg3giw|https://i.ytimg.com/vi/iiuRyNg3giw/hqdefault.jpg
2026-08-22|YouTube 반응|MV 관련 YouTube 화제 영상|MV|웨이브,음악,아이돌,인기,MV,WAVE,CALL,SORRY,미안,1theK,원더케이,POP,Wonderland,POP의,모든,즐거움을|'[MV] WAVE CALL(웨이브 콜) _ SORRY(미안)' 영상이 공개 5일 기준 조회수 159,280회, 좋아요 2,750개, 댓글 587개를 기록. 일평균 조회수 약 31,856회. 채널: 1theK (원더케이). 수집 경로: 한국 인기 영상. 영상 유형: 일반 영상.|https://www.youtube.com/watch?v=CsrN8hcXCqY|https://i.ytimg.com/vi/CsrN8hcXCqY/hqdefault.jpg
2026-08-22|YouTube 반응|지금 불륜이 문제가 아닙니다 관련 YouTube 화제 영상|지금 불륜이 문제가 아닙니다|공개,공식채널,Coupang,Play,새로운,관계의,시작,지금,불륜이,문제가,아닙니다,6화,EN,subbed,쿠팡플레이,지친|'새로운 관계의 시작 💥 [지금 불륜이 문제가 아닙니다] 6화 예고편 EN subbed' 영상이 공개 5일 기준 조회수 655,689회, 좋아요 207개, 댓글 24개를 기록. 일평균 조회수 약 131,138회. 채널: 쿠팡플레이 Coupang Play. 수집 경로: 공식채널:Coupang Play. 영상 유형: 쇼츠/숏폼 후보.|https://www.youtube.com/watch?v=P22nAFvyzq0|https://i.ytimg.com/vi/P22nAFvyzq0/hqdefault.jpg
2026-08-22|KOBIS 박스오피스|어떻게 해야 했을까? 박스오피스 2계단 상승해 9위|어떻게 해야 했을까?|영화,박스오피스,흥행,어떻게,해야,했을까|2026-08-21 KOBIS 일별 박스오피스 9위. 일일 관객 1,660명, 누적 관객 79,674명, 매출 점유율 0.4%. 전일 대비 순위 변화 +2.|https://www.kobis.or.kr/kobis/business/stat/boxs/findDailyBoxOfficeList.do|
2026-08-21|YouTube 반응|피의 게임X 관련 YouTube 화제 영상|피의 게임X|영화,웨이브,공개,공식채널,wavve,피의,게임X,세미파이널,시작부터,팽팽한,신경전,9화,선공개,오리지널,바로,보기|'[피의 게임X] 세미파이널 시작부터 팽팽한 신경전ㅣ9화 선공개ㅣ웨이브 오리지널' 영상이 공개 5일 기준 조회수 261,525회, 좋아요 1,251개, 댓글 2,854개를 기록. 일평균 조회수 약 52,305회. 채널: wavve 웨이브. 수집 경로: 공식채널:wavve. 영상 유형: 일반 영상.|https://www.youtube.com/watch?v=RyVne8n3GrQ|https://i.ytimg.com/vi/RyVne8n3GrQ/hqdefault.jpg
2026-08-21|YouTube 반응|부활남: 더 레드 관련 YouTube 화제 영상|부활남: 더 레드|영화,감독,인기,부활남,레드,티저,롯데엔터테인먼트,죽은,72시간,다시,살아난다,부활할수록,강해지는,빨간,액션,네버|'[부활남: 더 레드] 티저 예고편' 영상이 공개 7일 기준 조회수 1,261,824회, 좋아요 1,022개, 댓글 314개를 기록. 일평균 조회수 약 180,261회. 채널: 롯데엔터테인먼트. 수집 경로: 한국 인기 영상. 영상 유형: 쇼츠/숏폼 후보.|https://www.youtube.com/watch?v=1grtSOIAnuY|https://i.ytimg.com/vi/1grtSOIAnuY/hqdefault.jpg
2026-08-21|YouTube 반응|지옥의 악마와 거래한 닥터둠.. ≪어벤져스 관련 YouTube 화제 영상|지옥의 악마와 거래한 닥터둠.. ≪어벤져스|영화,디즈니플러스,유튜브,리뷰,인기,지옥의,악마와,거래한,닥터둠,어벤져스,둠스데이,떡밥,분석,3탄,무비띵크,Movie|'지옥의 악마와 거래한 닥터둠.. ≪어벤져스: 둠스데이≫ 공식 예고편 떡밥 분석 총정리 3탄' 영상이 공개 5일 기준 조회수 302,473회, 좋아요 4,552개, 댓글 509개를 기록. 일평균 조회수 약 60,495회. 채널: 무비띵크_Movie Think. 수집 경로: 한국 인기 영상. 영상 유형: 일반 영상.|https://www.youtube.com/watch?v=740gIc6vWSE|https://i.ytimg.com/vi/740gIc6vWSE/hqdefault.jpg
2026-08-21|YouTube 반응|신스킨 에리스 풀 업그레이드 관련 YouTube 화제 영상|신스킨 에리스 풀 업그레이드|리뷰,경쟁,인기,이딴,19만,카드가,총알이라고,신스킨,에리스,업그레이드,버니버니,광고협찬,문의,biz,onsidecompany,co|'이딴 게... 19만 원... 카드가 총알이라고?ㅋㅋㅋㅋ [신스킨 에리스 풀 업그레이드 리뷰]' 영상이 공개 5일 기준 조회수 142,897회, 좋아요 1,695개, 댓글 424개를 기록. 일평균 조회수 약 28,579회. 채널: 버니버니. 수집 경로: 한국 인기 영상. 영상 유형: 일반 영상.|https://www.youtube.com/watch?v=CkQSrz0N69w|https://i.ytimg.com/vi/CkQSrz0N69w/hqdefault.jpg
2026-08-21|YouTube 반응|오디세이 관련 YouTube 화제 영상|오디세이|드라마,영화,해석,결말,원작,검색,오디세이,콩가루,집안,숏토리,Short,Movie,Story,왕비,훔친,손놈|'[오디세이] 원작 결말.. 콩가루 집안 됨ㄷㄷ' 영상이 공개 7일 기준 조회수 692,113회, 좋아요 4,681개, 댓글 150개를 기록. 일평균 조회수 약 98,873회. 채널: 숏토리 [ Short Movie Story ]. 수집 경로: 검색:드라마 결말 해석 / 검색:영화 결말 해석. 영상 유형: 쇼츠/숏폼 후보.|https://www.youtube.com/watch?v=EwMWZksDnXg|https://i.ytimg.com/vi/EwMWZksDnXg/hqdefault.jpg
2026-08-21|YouTube 반응|돌아온 그 녀석 관련 YouTube 화제 영상|돌아온 그 녀석|인기,돌아온,녀석,강튜브,멤버십,가입하기,최저가로,즐기는,강지와,강동부의,시크릿,오마카세,https,www,youtube,com|'돌아온 그 녀석' 영상이 공개 6일 기준 조회수 276,970회, 좋아요 6,688개, 댓글 387개를 기록. 일평균 조회수 약 46,162회. 채널: 강 지. 수집 경로: 한국 인기 영상. 영상 유형: 일반 영상.|https://www.youtube.com/watch?v=-vvvNkDud2U|https://i.ytimg.com/vi/-vvvNkDud2U/hqdefault.jpg
2026-08-21|온라인 화제·뉴스|"""촌스러워 더 좋다""…中저예산 영화 뜻밖 흥행 'AI 시대의 역설' - 뉴스1"|촌스러워 더 좋다|드라마,영화,화제,흥행,역주행,촌스러워,좋다,저예산,뜻밖,AI,시대의,역설,뉴스1|"""촌스러워 더 좋다""…中저예산 영화 뜻밖 흥행 'AI 시대의 역설' 뉴스1"|https://www.news1.kr/world/northeast-asia/6265226|
2026-08-20|YouTube 반응|암살자(들) 관련 YouTube 화제 영상|암살자(들)|공개,인기,암살자,메인,hivemedia,corp,추석,극장가를,뜨겁게,달굴,기대작,유해진,박해일,이민호,암살자들,극장|'[암살자(들)] 메인 예고편' 영상이 공개 7일 기준 조회수 1,646,847회, 좋아요 987개, 댓글 301개를 기록. 일평균 조회수 약 235,264회. 채널: hivemedia_corp. 수집 경로: 한국 인기 영상. 영상 유형: 일반 영상.|https://www.youtube.com/watch?v=qmkpEwbqK28|https://i.ytimg.com/vi/qmkpEwbqK28/hqdefault.jpg
2026-08-20|YouTube 반응|직장인들 시즌3 관련 YouTube 화제 영상|직장인들 시즌3|공식채널,Coupang,Play,지예은,사원,출근길에,백부장,만남,직장인들,시즌3,2차,티저,쿠팡플레이,아는,이건,사실상|'지예은 사원 출근길에 백부장 만남;; [직장인들 시즌3] 2차 티저' 영상이 공개 5일 기준 조회수 690,047회, 좋아요 6,202개, 댓글 846개를 기록. 일평균 조회수 약 138,009회. 채널: 쿠팡플레이 Coupang Play. 수집 경로: 공식채널:Coupang Play. 영상 유형: 쇼츠/숏폼 후보.|https://www.youtube.com/watch?v=IDOIHz6fiaM|https://i.ytimg.com/vi/IDOIHz6fiaM/hqdefault.jpg
2026-08-20|YouTube 반응|일본 참교육 관련 YouTube 화제 영상|일본 참교육|영화,OTT,넷플릭스,신작,공개,리뷰,결말,몰아보기,검색,오직,일본,참교육,이라는,소재로,제작비,1300억|"'오직 ""일본 참교육""이라는 소재로🔥제작비 1300억🔥때려박아 역대급 사이다 선사하는 초호화 캐스팅의 SSS급 명작..ㄷㄷ;;' 영상이 공개 7일 기준 조회수 1,608,569회, 좋아요 7,523개, 댓글 1,069개를 기록. 일평균 조회수 약 229,796회. 채널: 드림텔러 DREAM TELLER. 수집 경로: 검색:한국 영화 리뷰. 영상 유형: 일반 영상."|https://www.youtube.com/watch?v=e0zF1Fj8CsA|https://i.ytimg.com/vi/e0zF1Fj8CsA/hqdefault.jpg
2026-08-20|온라인 화제·뉴스|[SBS 틈만나면,] 2049 시청률 대폭 상승→넷플릭스 '대한민국 TOP10 시리즈' 2주 연속 상위권! 화요 예능 최강자의 귀환! - 경남도민뉴스|SBS 틈만나면,|드라마,예능,넷플릭스,시청률,상승,SBS,틈만나면,2049,대폭,대한민국,TOP10,시리즈,2주,연속,상위권,화요|[SBS 틈만나면,] 2049 시청률 대폭 상승→넷플릭스 '대한민국 TOP10 시리즈' 2주 연속 상위권! 화요 예능 최강자의 귀환! 경남도민뉴스|https://www.gndnews1.com/mobile/article.html?no=1236628|https://www.gndnews1.com/data/photos/portnews/202608/20260820203319-52485.jpg
2026-08-20|온라인 화제·뉴스|[SBS 틈만나면,] 2049 시청률 대폭 상승→넷플릭스 '대한민국 TOP10 시리즈' 2주 연속 상위권! 화요 예능 최강자의 귀환! - 케이에스피뉴스|SBS 틈만나면,|드라마,예능,넷플릭스,시청률,상승,SBS,틈만나면,2049,대폭,대한민국,TOP10,시리즈,2주,연속,상위권,화요|[SBS 틈만나면,] 2049 시청률 대폭 상승→넷플릭스 '대한민국 TOP10 시리즈' 2주 연속 상위권! 화요 예능 최강자의 귀환! 케이에스피뉴스|http://m.kspnews.com/2771816|https://www.kspnews.com/data/kspnews_com/mainimages/202608/20260820203319-52485.jpg?ti=1787354380
2026-08-20|온라인 화제·뉴스|[SBS 틈만나면,] 2049 시청률 대폭 상승→넷플릭스 '대한민국 TOP10 시리즈' 2주 연속 상위권! 화요 예능 최강자의 귀환! - 한국사회적경제신문|SBS 틈만나면,|드라마,예능,넷플릭스,시청률,상승,SBS,틈만나면,2049,대폭,대한민국,TOP10,시리즈,2주,연속,상위권,화요|[SBS 틈만나면,] 2049 시청률 대폭 상승→넷플릭스 '대한민국 TOP10 시리즈' 2주 연속 상위권! 화요 예능 최강자의 귀환! 한국사회적경제신문|https://www.ksen.co.kr/news/article.html?no=221260|https://www.ksen.co.kr/data/photos/portnews/202608/20260820203319-52485.jpg
2026-08-20|온라인 화제·뉴스|[SBS 틈만나면,] 2049 시청률 대폭 상승→넷플릭스 '대한민국 TOP10 시리즈' 2주 연속 상위권! 화요 예능 최강자의 귀환! - 국악타임즈|SBS 틈만나면,|드라마,예능,넷플릭스,시청률,상승,SBS,틈만나면,2049,대폭,대한민국,TOP10,시리즈,2주,연속,상위권,화요|[SBS 틈만나면,] 2049 시청률 대폭 상승→넷플릭스 '대한민국 TOP10 시리즈' 2주 연속 상위권! 화요 예능 최강자의 귀환! 국악타임즈|https://www.gugaktimes.com/news/article.html?no=83244|https://www.gugaktimes.com/data/photos/portnews/202608/20260820203319-52485.jpg
2026-08-19|YouTube 반응|과연 둠이 토니 스타크일까? ≪어벤져스 관련 YouTube 화제 영상|과연 둠이 토니 스타크일까? ≪어벤져스|영화,디즈니플러스,유튜브,리뷰,인기,과연,둠이,토니,스타크일까,어벤져스,둠스데이,떡밥,분석,2탄,무비띵크,Movie|'과연 둠이 토니 스타크일까? ≪어벤져스: 둠스데이≫ 공식 예고편 떡밥 분석 2탄 총정리' 영상이 공개 6일 기준 조회수 398,598회, 좋아요 6,026개, 댓글 816개를 기록. 일평균 조회수 약 66,433회. 채널: 무비띵크_Movie Think. 수집 경로: 한국 인기 영상. 영상 유형: 일반 영상.|https://www.youtube.com/watch?v=QqcjHD22WSM|https://i.ytimg.com/vi/QqcjHD22WSM/hqdefault.jpg
2026-08-19|YouTube 반응|COVER 관련 YouTube 화제 영상|COVER|아이돌,인기,COVER,PLAVE,플레이브,Golden,원곡,HUNTR,EJAE,AUDREY,NUNA,REI,AMI,KPop,Demon,Hunters|'[COVER] PLAVE(플레이브) 'Golden' (원곡 : HUNTR/X, EJAE, AUDREY NUNA, REI AMI, KPop Demon Hunters Cast)' 영상이 공개 5일 기준 조회수 486,195회, 좋아요 55,510개, 댓글 5,228개를 기록. 일평균 조회수 약 97,239회. 채널: PLAVE 플레이브. 수집 경로: 한국 인기 영상. 영상 유형: 일반 영상.|https://www.youtube.com/watch?v=4p3nTwTboK4|https://i.ytimg.com/vi/4p3nTwTboK4/hqdefault.jpg
2026-08-19|YouTube 반응|메이드 인 코리아 시즌2 관련 YouTube 화제 영상|메이드 인 코리아 시즌2|디즈니플러스,공개,인기,메이드,시즌2,메인,디즈니,Disney,Plus,플러스,빼앗을,것인가,뺏길,권력의,빈자리를,탐하는|"'메이드 인 코리아 시즌2 | 메인 예고편 | 디즈니+' 영상이 공개 5일 기준 조회수 2,190,130회, 좋아요 1,314개, 댓글 441개를 기록. 일평균 조회수 약 438,026회. 채널: Disney Plus Korea 디즈니 플러스 코리아. 수집 경로: 한국 인기 영상. 영상 유형: 일반 영상."|https://www.youtube.com/watch?v=zYu_T7bCc08|https://i.ytimg.com/vi/zYu_T7bCc08/hqdefault.jpg
2026-08-19|YouTube 반응|논란 관련 YouTube 화제 영상|논란|영화,애니,인기,하츄핑,보러,아이들,앞에,살해,장면,담긴,논란,KNN,NEWS,knn뉴스,여름,방학을|'하츄핑 보러 온 아이들 앞에 살해 장면 담긴 예고편 '논란' / KNN' 영상이 공개 5일 기준 조회수 333,315회, 좋아요 3,017개, 댓글 1,021개를 기록. 일평균 조회수 약 66,663회. 채널: KNN NEWS. 수집 경로: 한국 인기 영상. 영상 유형: 일반 영상.|https://www.youtube.com/watch?v=3wEf-_2i74g|https://i.ytimg.com/vi/3wEf-_2i74g/hqdefault.jpg
2026-08-19|YouTube 반응|내 친구 시댁이 딱 이런 가족 이였어 싸다구 마렵네.. 관련 YouTube 화제 영상|내 친구 시댁이 딱 이런 가족 이였어 싸다구 마렵네..|드라마,영화,넷플릭스,쇼츠,리뷰,가족,명장면,검색,친구,시댁이,이런,이였어,싸다구,마렵네,남플릭스,슬기로운|'내 친구 시댁이 딱 이런 가족 이였어 싸다구 마렵네..' 영상이 공개 5일 기준 조회수 1,779,003회, 좋아요 18,748개, 댓글 922개를 기록. 일평균 조회수 약 355,801회. 채널: 남플릭스. 수집 경로: 검색:드라마 명장면 쇼츠. 영상 유형: 쇼츠/숏폼 후보.|https://www.youtube.com/watch?v=_FAK3RSltgE|https://i.ytimg.com/vi/_FAK3RSltgE/hqdefault.jpg
2026-08-19|YouTube 반응|얼굴 보고 터진 애드립의 정체ㅋㅋㅋ #쇼츠 #영화 관련 YouTube 화제 영상|얼굴 보고 터진 애드립의 정체ㅋㅋㅋ #쇼츠 #영화|드라마,영화,쇼츠,배우,명장면,검색,얼굴,보고,터진,애드립의,정체,이슈셔틀,너무,자연스러워서,진짜,대본처럼|'얼굴 보고 터진 애드립의 정체ㅋㅋㅋ #쇼츠 #영화' 영상이 공개 7일 기준 조회수 4,137,459회, 좋아요 46,581개, 댓글 946개를 기록. 일평균 조회수 약 591,066회. 채널: 이슈셔틀. 수집 경로: 검색:드라마 명장면 쇼츠 / 검색:영화 명장면 쇼츠. 영상 유형: 쇼츠/숏폼 후보.|https://www.youtube.com/watch?v=-QXIX_cE148|https://i.ytimg.com/vi/-QXIX_cE148/hqdefault.jpg
2026-08-19|YouTube 반응|피의 게임X 관련 YouTube 화제 영상|피의 게임X|영화,웨이브,공식채널,wavve,피의,게임X,연합을,꿈꿨지만,끝내,실패한,소수,연합의,회유,작전,8화,오리지널|"'[피의 게임X] 5:5 연합을 꿈꿨지만... 끝내 실패한 소수 연합의 회유 작전 | 8화 하이라이트 | 웨이브 오리지널' 영상이 공개 6일 기준 조회수 28,420회, 좋아요 132개, 댓글 890개를 기록. 일평균 조회수 약 4,737회. 채널: wavve 웨이브. 수집 경로: 공식채널:wavve. 영상 유형: 일반 영상."|https://www.youtube.com/watch?v=BK2vnLC8beA|https://i.ytimg.com/vi/BK2vnLC8beA/hqdefault.jpg
2026-08-19|KOBIS 박스오피스|청년 조용기 박스오피스 신규 진입 9위|청년 조용기|영화,박스오피스,흥행,청년,조용기|2026-08-18 KOBIS 일별 박스오피스 9위. 일일 관객 1,032명, 누적 관객 5,743명, 매출 점유율 0.3%. 신규 진입.|https://www.kobis.or.kr/kobis/business/stat/boxs/findDailyBoxOfficeList.do|
2026-08-19|KOBIS 박스오피스|미니언즈 & 몬스터즈 박스오피스 8계단 상승해 10위|미니언즈 & 몬스터즈|영화,박스오피스,흥행,미니언즈,몬스터즈|2026-08-18 KOBIS 일별 박스오피스 10위. 일일 관객 645명, 누적 관객 773,600명, 매출 점유율 0.1%. 전일 대비 순위 변화 +8.|https://www.kobis.or.kr/kobis/business/stat/boxs/findDailyBoxOfficeList.do|
2026-08-18|YouTube 반응|그날 (Back Then) 관련 YouTube 화제 영상|그날 (Back Then)|키즈,인기,Stray,Kids,그날,Back,Then,Video,SONG,by,VER,스트레이,Listen,to,THIS,THAT|"'Stray Kids ""그날 (Back Then)"" Video (SONG by VER.)' 영상이 공개 5일 기준 조회수 786,550회, 좋아요 158,131개, 댓글 10,766개를 기록. 일평균 조회수 약 157,310회. 채널: Stray Kids. 수집 경로: 한국 인기 영상. 영상 유형: 일반 영상."|https://www.youtube.com/watch?v=MCLX7anEh5s|https://i.ytimg.com/vi/MCLX7anEh5s/hqdefault.jpg
2026-08-18|YouTube 반응|이게 진짜 살인마 게임이지 관련 YouTube 화제 영상|이게 진짜 살인마 게임이지|영화,웨이브,공식채널,wavve,이게,진짜,살인마,게임이지,피의,게임X,바로,보기,https,site,naver,com|'이게 진짜 살인마 게임이지' 영상이 공개 6일 기준 조회수 79,430회, 좋아요 466개, 댓글 909개를 기록. 일평균 조회수 약 13,238회. 채널: wavve 웨이브. 수집 경로: 공식채널:wavve. 영상 유형: 쇼츠/숏폼 후보.|https://www.youtube.com/watch?v=BcOjFjFNPV0|https://i.ytimg.com/vi/BcOjFjFNPV0/hqdefault.jpg
2026-08-18|YouTube 반응|다구리 말고 쿨하게 붙어보자 관련 YouTube 화제 영상|다구리 말고 쿨하게 붙어보자|영화,웨이브,공식채널,wavve,다구리,말고,쿨하게,붙어보자,피의,게임X,바로,보기,https,site,naver,com|'다구리 말고 쿨하게 붙어보자' 영상이 공개 6일 기준 조회수 82,856회, 좋아요 376개, 댓글 801개를 기록. 일평균 조회수 약 13,809회. 채널: wavve 웨이브. 수집 경로: 공식채널:wavve. 영상 유형: 쇼츠/숏폼 후보.|https://www.youtube.com/watch?v=ewJcc_ZOUGc|https://i.ytimg.com/vi/ewJcc_ZOUGc/hqdefault.jpg
2026-08-18|YouTube 반응|지금이뉴스 관련 YouTube 화제 영상|지금이뉴스|신작,SNS,가족,배우,인터뷰,검색,소록도,의사였던,하영,조부,강제,낙태에,정관수술,비극,역사,재조명|'소록도 의사였던 하영 조부…강제 낙태에 정관수술 '비극 역사' 재조명 [지금이뉴스] / YTN' 영상이 공개 7일 기준 조회수 265,536회, 좋아요 2,885개, 댓글 1,386개를 기록. 일평균 조회수 약 37,934회. 채널: YTN. 수집 경로: 검색:배우 신작 인터뷰. 영상 유형: 일반 영상.|https://www.youtube.com/watch?v=wDOCNoX3qNk|https://i.ytimg.com/vi/wDOCNoX3qNk/hqdefault.jpg
2026-08-18|YouTube 반응|형들이 다 만들어줬는데... 이제는 혼자 관련 YouTube 화제 영상|형들이 다 만들어줬는데... 이제는 혼자|영화,웨이브,공식채널,wavve,형들이,만들어줬는데,이제는,혼자,피의,게임X,바로,보기,https,site,naver,com|'형들이 다 만들어줬는데... 이제는 혼자' 영상이 공개 4일 기준 조회수 86,088회, 좋아요 525개, 댓글 684개를 기록. 일평균 조회수 약 21,522회. 채널: wavve 웨이브. 수집 경로: 공식채널:wavve. 영상 유형: 쇼츠/숏폼 후보.|https://www.youtube.com/watch?v=7g6hNbN7d8I|https://i.ytimg.com/vi/7g6hNbN7d8I/hqdefault.jpg
2026-08-18|Netflix Top 10|Max 넷플릭스 한국 Top 10 6위|Max|OTT,넷플릭스,신작,랭킹,Max,Films|Netflix 공식 국가별 주간 Top 10에서 한국 6위. 카테고리: Films. 누적 Top 10 진입 1주. 집계 주간: 2026-08-09.|https://www.netflix.com/unsupportedbrowser|
2026-08-18|Netflix Top 10|Rookie Kim’s Stock Market Mission: Season 1 넷플릭스 한국 Top 10 8위|Rookie Kim’s Stock Market Mission|OTT,넷플릭스,신작,랭킹,Rookie,Kim,Stock,Market,Mission,Season,TV|Netflix 공식 국가별 주간 Top 10에서 한국 8위. 카테고리: TV. 누적 Top 10 진입 1주. 집계 주간: 2026-08-09.|https://www.netflix.com/unsupportedbrowser|
2026-08-18|Netflix Top 10|Better Late Than Single: After Service: Season 1 넷플릭스 한국 Top 10 9위|Better Late Than Single: After Service|OTT,넷플릭스,신작,랭킹,Better,Late,Than,Single,After,Service,Season,TV|Netflix 공식 국가별 주간 Top 10에서 한국 9위. 카테고리: TV. 누적 Top 10 진입 2주. 집계 주간: 2026-08-09.|https://www.netflix.com/unsupportedbrowser|
2026-08-18|Netflix Top 10|Roofman 넷플릭스 한국 Top 10 9위|Roofman|OTT,넷플릭스,신작,랭킹,Roofman,Films|Netflix 공식 국가별 주간 Top 10에서 한국 9위. 카테고리: Films. 누적 Top 10 진입 2주. 집계 주간: 2026-08-09.|https://www.netflix.com/unsupportedbrowser|
2026-08-18|Netflix Top 10|Hindsight 넷플릭스 한국 Top 10 10위|Hindsight|OTT,넷플릭스,신작,랭킹,Hindsight,Films|Netflix 공식 국가별 주간 Top 10에서 한국 10위. 카테고리: Films. 누적 Top 10 진입 2주. 집계 주간: 2026-08-09.|https://www.netflix.com/unsupportedbrowser|
2026-08-18|Netflix Top 10|Agent Kim Reactivated – the Universe 2026 넷플릭스 한국 Top 10 10위|Agent Kim Reactivated – the Universe|OTT,넷플릭스,신작,랭킹,Agent,Kim,Reactivated,Universe,2026,TV|Netflix 공식 국가별 주간 Top 10에서 한국 10위. 카테고리: TV. 누적 Top 10 진입 2주. 집계 주간: 2026-08-09.|https://www.netflix.com/unsupportedbrowser|
2026-08-18|온라인 화제·뉴스|종영 단 1회 남기고 주연커플 ‘결별 위기’…예측불가 결말에 기대감 이어지고 있는 이 작품 (‘그대에게 드림’) - mhnse.com|결별 위기|드라마,예능,화제,결말,종영,1회,남기고,주연커플,결별,위기,예측불가,결말에,기대감,이어지고,있는,작품|종영 단 1회 남기고 주연커플 ‘결별 위기’…예측불가 결말에 기대감 이어지고 있는 이 작품 (‘그대에게 드림’) mhnse.com|https://mhnse.com/news/articleView.html?idxno=1492951&utm_source=codeonenews&utm_medium=rest_content&utm_campaign=slot01|https://cdn.mhnse.com/mhnsports/2026/08/18120910/thumb_ccms_43254.jpg
2026-08-17|YouTube 반응|지금 불륜이 문제가 아닙니다 관련 YouTube 화제 영상|지금 불륜이 문제가 아닙니다|공개,공식채널,Coupang,Play,눈에서,불꽃,튀는,김혜수,vs,조여정,지금,불륜이,문제가,아닙니다,5화,쿠팡플레이|'눈에서 불꽃 튀는 김혜수 vs 조여정 [지금 불륜이 문제가 아닙니다] 5화 하이라이트' 영상이 공개 5일 기준 조회수 1,080,483회, 좋아요 421개, 댓글 36개를 기록. 일평균 조회수 약 216,097회. 채널: 쿠팡플레이 Coupang Play. 수집 경로: 공식채널:Coupang Play. 영상 유형: 일반 영상.|https://www.youtube.com/watch?v=pkGxK75_6Ns|https://i.ytimg.com/vi/pkGxK75_6Ns/hqdefault.jpg
2026-08-17|YouTube 반응|지금이뉴스 관련 YouTube 화제 영상|지금이뉴스|예능,신작,공개,배우,인터뷰,검색,친일파,증조부,매서운,역풍,하영,광고도,비공개,지금이뉴스,YTN,하영의|''친일파 증조부' 매서운 역풍…배우 하영 광고도 비공개 [지금이뉴스] / YTN' 영상이 공개 7일 기준 조회수 1,006,910회, 좋아요 8,540개, 댓글 8,237개를 기록. 일평균 조회수 약 143,844회. 채널: YTN. 수집 경로: 검색:배우 신작 인터뷰. 영상 유형: 일반 영상.|https://www.youtube.com/watch?v=HlLgnipNoxc|https://i.ytimg.com/vi/HlLgnipNoxc/hqdefault.jpg
2026-08-17|YouTube 반응|증조부 친일 논란 관련 YouTube 화제 영상|증조부 친일 논란|예능,신작,공개,배우,인터뷰,출연,검색,증조부,친일,논란,하영,광고계에선,이미,손절,지금,장면|''증조부 친일 논란' 하영, 광고계에선 이미 '손절'｜지금 이 장면' 영상이 공개 7일 기준 조회수 630,029회, 좋아요 4,577개, 댓글 4,828개를 기록. 일평균 조회수 약 90,004회. 채널: JTBC News. 수집 경로: 검색:배우 신작 인터뷰. 영상 유형: 쇼츠/숏폼 후보.|https://www.youtube.com/watch?v=M8s5Ctfa__c|https://i.ytimg.com/vi/M8s5Ctfa__c/hqdefault.jpg
2026-08-17|YouTube 반응|투데이 '픽'/iMBC연예뉴스 관련 YouTube 화제 영상|투데이 '픽'/iMBC연예뉴스|신작,배우,인터뷰,검색,하영의,이런,엿같은,조상,스스로,재앙을,불렀나,투데이,iMBC연예뉴스,iMBC연예,하영,안상호|'하영의 '이런 엿같은 조상'…왜 스스로 재앙을 불렀나 [투데이 '픽'/iMBC연예뉴스]' 영상이 공개 7일 기준 조회수 188,938회, 좋아요 4,170개, 댓글 2,621개를 기록. 일평균 조회수 약 26,991회. 채널: iMBC연예. 수집 경로: 검색:배우 신작 인터뷰. 영상 유형: 일반 영상.|https://www.youtube.com/watch?v=K0frTiETVg0|https://i.ytimg.com/vi/K0frTiETVg0/hqdefault.jpg
2026-08-17|YouTube 반응|한국 영화가 망하는 이유 관련 YouTube 화제 영상|한국 영화가 망하는 이유|영화,리뷰,검색,영화가,망하는,이유,월붕이|'한국 영화가 망하는 이유' 영상이 공개 7일 기준 조회수 1,044,986회, 좋아요 22,255개, 댓글 1,390개를 기록. 일평균 조회수 약 149,284회. 채널: 월붕이. 수집 경로: 검색:한국 영화 리뷰. 영상 유형: 쇼츠/숏폼 후보.|https://www.youtube.com/watch?v=dZXf-odwB8A|https://i.ytimg.com/vi/dZXf-odwB8A/hqdefault.jpg
2026-08-17|KOBIS 박스오피스|보헤미안 랩소디 일일 박스오피스 10위|보헤미안 랩소디|영화,박스오피스,흥행,보헤미안,랩소디|2026-08-16 KOBIS 일별 박스오피스 10위. 일일 관객 996명, 누적 관객 9,954,758명, 매출 점유율 0.1%. 전일 대비 순위 변화 +1.|https://www.kobis.or.kr/kobis/business/stat/boxs/findDailyBoxOfficeList.do|
2026-08-16|YouTube 반응|어벤져스: 둠스데이 관련 YouTube 화제 영상|어벤져스: 둠스데이|영화,OTT,신작,명장면,검색,반응,인기,어벤져스,둠스데이,둠의,심판,MarvelKorea,지옥도,내게,복종하지,닥터|'[어벤져스: 둠스데이] '둠의 심판' 예고편' 영상이 공개 6일 기준 조회수 3,263,093회, 좋아요 35,697개, 댓글 7,284개를 기록. 일평균 조회수 약 543,849회. 채널: MarvelKorea. 수집 경로: 검색:OTT 신작 반응 / 한국 인기 영상. 영상 유형: 일반 영상.|https://www.youtube.com/watch?v=Bk6DeEedYGs|https://i.ytimg.com/vi/Bk6DeEedYGs/hqdefault.jpg
2026-08-16|YouTube 반응|뒤에 그렇게 숨지 마시고 당당히 나오세요 관련 YouTube 화제 영상|뒤에 그렇게 숨지 마시고 당당히 나오세요|영화,웨이브,공식채널,wavve,뒤에,그렇게,숨지,마시고,당당히,나오세요,피의,게임X,바로,보기,https,site|'뒤에 그렇게 숨지 마시고 당당히 나오세요' 영상이 공개 6일 기준 조회수 142,762회, 좋아요 876개, 댓글 1,491개를 기록. 일평균 조회수 약 23,794회. 채널: wavve 웨이브. 수집 경로: 공식채널:wavve. 영상 유형: 쇼츠/숏폼 후보.|https://www.youtube.com/watch?v=HZo_cGHLInw|https://i.ytimg.com/vi/HZo_cGHLInw/hqdefault.jpg
2026-08-16|YouTube 반응|마블이 돌아왔습니다.. ≪어벤져스 관련 YouTube 화제 영상|마블이 돌아왔습니다.. ≪어벤져스|영화,디즈니플러스,유튜브,리뷰,인기,마블이,돌아왔습니다,어벤져스,둠스데이,떡밥,분석,무비띵크,Movie,Think,어벤져스둠스데이,마블|'마블이 돌아왔습니다.. ≪어벤져스: 둠스데이≫ 공식 예고편 떡밥 분석 & 총정리' 영상이 공개 5일 기준 조회수 781,455회, 좋아요 11,198개, 댓글 2,280개를 기록. 일평균 조회수 약 156,291회. 채널: 무비띵크_Movie Think. 수집 경로: 한국 인기 영상. 영상 유형: 일반 영상.|https://www.youtube.com/watch?v=8DEjQH80qWw|https://i.ytimg.com/vi/8DEjQH80qWw/hqdefault.jpg
2026-08-16|YouTube 반응|오디세이 관련 YouTube 화제 영상|오디세이|드라마,영화,해석,결말,감독,검색,오디세이,이걸,알고,보면,완전히,다른,영화가,됩니다,설민석의,해설|'《오디세이》이걸 알고 보면 완전히 다른 영화가 됩니다｜설민석의 영화 해설' 영상이 공개 5일 기준 조회수 2,078,373회, 좋아요 38,722개, 댓글 2,196개를 기록. 일평균 조회수 약 415,675회. 채널: 설민석 Seol Min Seok. 수집 경로: 검색:드라마 결말 해석 / 검색:영화 결말 해석 / 검색:영화 요약. 영상 유형: 일반 영상.|https://www.youtube.com/watch?v=1k_2bervFV8|https://i.ytimg.com/vi/1k_2bervFV8/hqdefault.jpg
2026-08-16|KOBIS 박스오피스|애정만세 박스오피스 6계단 상승해 10위|애정만세|영화,박스오피스,흥행,애정만세|2026-08-15 KOBIS 일별 박스오피스 10위. 일일 관객 1,650명, 누적 관객 5,946명, 매출 점유율 0.1%. 전일 대비 순위 변화 +6.|https://www.kobis.or.kr/kobis/business/stat/boxs/findDailyBoxOfficeList.do|
2026-08-16|온라인 화제·뉴스|아직 개봉도 안 했는데… 딱 5억 초저예산으로 해외 뒤집은 한국 신작 영화 - 위키트리|아직 개봉도 안 했는데|영화,신작,개봉,아직,개봉도,했는데,5억,초저예산으로,해외,뒤집은,위키트리|아직 개봉도 안 했는데… 딱 5억 초저예산으로 해외 뒤집은 한국 신작 영화 위키트리|https://www.wikitree.co.kr/articles/1152019|https://cdnweb01.wikitree.co.kr/webdata/editor/202608/12/202608121531167686.JPG
2026-08-15|YouTube 반응|skibidi toilet 80 관련 YouTube 화제 영상|skibidi toilet 80|인기,skibidi,toilet,80,loud,comeback,animation,by,StriderZ47,astro,demolisher,design,inspired,kiwi,series,created|'skibidi toilet 80' 영상이 공개 6일 기준 조회수 8,009,808회, 좋아요 389,961개, 댓글 85,060개를 기록. 일평균 조회수 약 1,334,968회. 채널: skibidi. 수집 경로: 한국 인기 영상. 영상 유형: 일반 영상.|https://www.youtube.com/watch?v=R7ZbszVLFQs|https://i.ytimg.com/vi/R7ZbszVLFQs/hqdefault.jpg
2026-08-15|YouTube 반응|Breathe 관련 YouTube 화제 영상|Breathe|인기,DONGHYEON,KickFlip,Etham,Breathe,Live,Clip,킥플립,Donghyeon|"'DONGHYEON (KickFlip), Etham ""Breathe"" Live Clip' 영상이 공개 6일 기준 조회수 78,756회, 좋아요 7,453개, 댓글 963개를 기록. 일평균 조회수 약 13,126회. 채널: KickFlip. 수집 경로: 한국 인기 영상. 영상 유형: 일반 영상."|https://www.youtube.com/watch?v=AIR_6Wz9lIA|https://i.ytimg.com/vi/AIR_6Wz9lIA/hqdefault.jpg
2026-08-15|YouTube 반응|메이드 인 코리아 시즌2 관련 YouTube 화제 영상|메이드 인 코리아 시즌2|디즈니플러스,공개,공식채널,Disney,Plus,메이드,시즌2,백기태,캐릭터,티저,디즈니,플러스,멈출,모르는,백기태의,질주|"'메이드 인 코리아 시즌2 | 백기태 캐릭터 티저 | 디즈니+' 영상이 공개 6일 기준 조회수 1,464,498회, 좋아요 1,331개, 댓글 61개를 기록. 일평균 조회수 약 244,083회. 채널: Disney Plus Korea 디즈니 플러스 코리아. 수집 경로: 공식채널:Disney Plus Korea. 영상 유형: 쇼츠/숏폼 후보."|https://www.youtube.com/watch?v=R4Jnk6WSI40|https://i.ytimg.com/vi/R4Jnk6WSI40/hqdefault.jpg
2026-08-15|온라인 화제·뉴스|19금인데 역주행 미쳤다…갑자기 넷플릭스 톱10 등극한 한국 영화 - 위키트리|19금인데 역주행 미쳤다|드라마,영화,넷플릭스,화제,역주행,19금인데,미쳤다,갑자기,톱10,등극한,위키트리|19금인데 역주행 미쳤다…갑자기 넷플릭스 톱10 등극한 한국 영화 위키트리|https://www.wikitree.co.kr/articles/1152491|https://cdnweb01.wikitree.co.kr/webdata/editor/202608/14/202608141452051401.jpg
2026-08-14|YouTube 반응|Fxxking Star 관련 YouTube 화제 영상|Fxxking Star|OTT,인기,YEONJUN,연준,Fxxking,Star,MV,HYBE,LABELS,Listen,now,https,yeonjun,lnk,to,NOLABELS|'YEONJUN (연준) 'Fxxking Star' Official MV' 영상이 공개 6일 기준 조회수 2,244,045회, 좋아요 95,693개, 댓글 5,762개를 기록. 일평균 조회수 약 374,008회. 채널: HYBE LABELS. 수집 경로: 한국 인기 영상. 영상 유형: 일반 영상.|https://www.youtube.com/watch?v=wNBzt5O1iyw|https://i.ytimg.com/vi/wNBzt5O1iyw/hqdefault.jpg
2026-08-14|YouTube 반응|피의 게임X 관련 YouTube 화제 영상|피의 게임X|영화,웨이브,공개,공식채널,wavve,피의,게임X,개인전,이후,각성한,플레이어들,이들의,타겟은,8화,선공개,오리지널|'[피의 게임X] 개인전 이후 각성한 플레이어들, 이들의 타겟은? l 8화 선공개 l 웨이브 오리지널' 영상이 공개 6일 기준 조회수 120,425회, 좋아요 843개, 댓글 2,486개를 기록. 일평균 조회수 약 20,071회. 채널: wavve 웨이브. 수집 경로: 공식채널:wavve. 영상 유형: 일반 영상.|https://www.youtube.com/watch?v=IKxJ52GsdMw|https://i.ytimg.com/vi/IKxJ52GsdMw/hqdefault.jpg
2026-08-14|YouTube 반응|네고왕 관련 YouTube 화제 영상|네고왕|예능,리뷰,검색,마지막화,유종의,거두고,왔습니다,6천,원대,균일가로,쓸고,스킨케어,네고,네고왕,Ep,20|'‘마지막화’에 유종의 미 거두고 왔습니다..6천 원대 균일가로 쓸고 온 스킨케어 네고 [네고왕] Ep.20' 영상이 공개 6일 기준 조회수 587,329회, 좋아요 3,440개, 댓글 1,073개를 기록. 일평균 조회수 약 97,888회. 채널: 달라스튜디오. 수집 경로: 검색:한국 예능 리뷰. 영상 유형: 일반 영상.|https://www.youtube.com/watch?v=RRfROU-S7aU|https://i.ytimg.com/vi/RRfROU-S7aU/hqdefault.jpg
2026-08-14|YouTube 반응|CHIMHYANG: Scent of the Needle 관련 YouTube 화제 영상|CHIMHYANG: Scent of the Needle|공개,세계관,인기,침향,외전,Modern,AU,Spin,off,AI,BL,Drama,CHIMHYANG,Scent,of,Needle|"'「침향 외전」공식 예고편 | Trailer Modern AU Spin-off | AI BL Drama [CHIMHYANG: Scent of the Needle]' 영상이 공개 5일 기준 조회수 94,156회, 좋아요 3,644개, 댓글 858개를 기록. 일평균 조회수 약 18,831회. 채널: Late Blue Night. 수집 경로: 한국 인기 영상. 영상 유형: 일반 영상."|https://www.youtube.com/watch?v=T0pBKOLOKLM|https://i.ytimg.com/vi/T0pBKOLOKLM/hqdefault.jpg
2026-08-14|온라인 화제·뉴스|AI 패션테크 스튜디오랩, CES 3년 연속 수상 발판 해외 시장 정조준 - 패션비즈||콘텐츠,수상,해외,반응,AI,패션테크,스튜디오랩,CES,3년,연속,발판,시장,정조준,패션비즈|AI 패션테크 스튜디오랩, CES 3년 연속 수상 발판 해외 시장 정조준 패션비즈|https://fashionbiz.co.kr/article/228625|https://www.fashionbiz.co.kr/images/articleImg/mainImg/1786683811498-KakaoTalk_20260807_144305309.jpg
2026-08-13|온라인 화제·뉴스|종영 2회 남기고 ‘시청률 1위’…연기파 배우 총출동→피눈물 엔딩→시청자 급등한 JTBC 드라마 - mhnse.com|시청률 1위|드라마,예능,시청률,화제,결말,배우,종영,2회,남기고,1위,연기파,총출동,피눈물,엔딩,시청자,급등한|종영 2회 남기고 ‘시청률 1위’…연기파 배우 총출동→피눈물 엔딩→시청자 급등한 JTBC 드라마 mhnse.com|https://mhnse.com/news/articleView.html?idxno=1487703|https://cdn.mhnse.com/mhnsports/2026/08/13195400/thumb_ccms_40282.jpg
2026-08-13|YouTube 반응|마비노기 모바일 망했다 관련 YouTube 화제 영상|마비노기 모바일 망했다|유튜브,리뷰,인기,마비노기,모바일,망했다,지존조세,생방송,치지직,링크,https,chzzk,naver,com,b9a295ea982b0f1e879e5cb646e4e23f,문의|'마비노기 모바일 망했다' 영상이 공개 6일 기준 조회수 228,055회, 좋아요 3,068개, 댓글 1,107개를 기록. 일평균 조회수 약 38,009회. 채널: 지존조세. 수집 경로: 한국 인기 영상. 영상 유형: 일반 영상.|https://www.youtube.com/watch?v=DpSASz93jjI|https://i.ytimg.com/vi/DpSASz93jjI/hqdefault.jpg
2026-08-13|YouTube 반응|자막뉴스 관련 YouTube 화제 영상|자막뉴스|넷플릭스,신작,배우,인터뷰,검색,광복절,앞두고,친일,논란,하영,증조부,누구길래,자막뉴스,YTN,중증외상센터,이름을|'광복절 앞두고 친일 논란...하영 '증조부' 누구길래 [자막뉴스] / YTN' 영상이 공개 6일 기준 조회수 289,087회, 좋아요 1,786개, 댓글 2,193개를 기록. 일평균 조회수 약 48,181회. 채널: YTN. 수집 경로: 검색:배우 신작 인터뷰. 영상 유형: 일반 영상.|https://www.youtube.com/watch?v=ioPLGUVGeBc|https://i.ytimg.com/vi/ioPLGUVGeBc/hqdefault.jpg
2026-08-13|YouTube 반응|이슈플러스 관련 YouTube 화제 영상|이슈플러스|넷플릭스,신작,공개,가족,배우,인터뷰,출연,검색,하영,증조부,친일,행적,의혹,뒤늦게,확인,논란|"'하영 '증조부 친일 행적' 의혹 뒤늦게 확인...""논란 생각 못해"" [이슈플러스] / YTN' 영상이 공개 6일 기준 조회수 72,010회, 좋아요 935개, 댓글 981개를 기록. 일평균 조회수 약 12,002회. 채널: YTN. 수집 경로: 검색:배우 신작 인터뷰. 영상 유형: 일반 영상."|https://www.youtube.com/watch?v=PpGeBBw14MQ|https://i.ytimg.com/vi/PpGeBBw14MQ/hqdefault.jpg
2026-08-13|YouTube 반응|로또 1등도 출근합니다 관련 YouTube 화제 영상|로또 1등도 출근합니다|티빙,공개,공식채널,TVING,로또,1등도,출근합니다,참는,자에게,13억이,있나니,티저,예고,사직서,품고,출근|"'[로또 1등도 출근합니다] 참는 자에게 13억이 있나니 | 티저 예고 | TVING' 영상이 공개 5일 기준 조회수 296,184회, 좋아요 2,916개, 댓글 745개를 기록. 일평균 조회수 약 59,237회. 채널: TVING. 수집 경로: 공식채널:TVING. 영상 유형: 일반 영상."|https://www.youtube.com/watch?v=UuhWr0shq88|https://i.ytimg.com/vi/UuhWr0shq88/hqdefault.jpg
2026-08-13|YouTube 반응|연쇄살인마 관련 YouTube 화제 영상|연쇄살인마|영화,OTT,공개,리뷰,해석,결말,스릴러,범죄,검색,혼자,사는,남자만,골라,죽이는,연쇄살인마,너무|"'혼자 사는 남자만 골라 죽이는 ""연쇄살인마""가 너무 예쁘면 벌어지는 끔찍한 일..' 영상이 공개 7일 기준 조회수 1,002,128회, 좋아요 5,407개, 댓글 426개를 기록. 일평균 조회수 약 143,161회. 채널: 드림텔러 DREAM TELLER. 수집 경로: 검색:한국 영화 리뷰 / 검색:영화 결말 해석. 영상 유형: 일반 영상."|https://www.youtube.com/watch?v=LToiOgexo_8|https://i.ytimg.com/vi/LToiOgexo_8/hqdefault.jpg
2026-08-13|YouTube 반응|오디세이 관련 YouTube 화제 영상|오디세이|예능,영화,리뷰,해석,배우,인터뷰,검색,25년,만에,다시,만난,데이먼,샤를리즈,테론,호흡은,깊었습니다|"'25년 만에 다시 만난 맷 데이먼·샤를리즈 테론, 호흡은 더 깊었습니다 | 《오디세이》 인터뷰' 영상이 공개 7일 기준 조회수 541,961회, 좋아요 8,943개, 댓글 753개를 기록. 일평균 조회수 약 77,423회. 채널: 이혜성의 1% 북클럽. 수집 경로: 검색:한국 예능 리뷰. 영상 유형: 일반 영상."|https://www.youtube.com/watch?v=SCyfq1h4C-0|https://i.ytimg.com/vi/SCyfq1h4C-0/hqdefault.jpg
2026-08-13|YouTube 반응|피의 게임X 관련 YouTube 화제 영상|피의 게임X|영화,웨이브,공식채널,wavve,피의,게임X,이정도면,타고난,소매치기로,인정합니다,7화,오리지널,바로,보기,https,site|"'[피의 게임X] 이정도면 타고난 소매치기로 인정합니다 | 7화 하이라이트 | 웨이브 오리지널' 영상이 공개 6일 기준 조회수 57,041회, 좋아요 789개, 댓글 703개를 기록. 일평균 조회수 약 9,507회. 채널: wavve 웨이브. 수집 경로: 공식채널:wavve. 영상 유형: 일반 영상."|https://www.youtube.com/watch?v=H1oyCAnu0ek|https://i.ytimg.com/vi/H1oyCAnu0ek/hqdefault.jpg
2026-08-13|온라인 화제·뉴스|아직 개봉 전인데 미쳤다…예고편 조회수만 1000만 임박한 신작 '한국 영화' - 위키트리|아직 개봉 전인데 미쳤다…|영화,신작,개봉,아직,전인데,미쳤다,조회수만,1000만,임박한,위키트리|아직 개봉 전인데 미쳤다…예고편 조회수만 1000만 임박한 신작 '한국 영화' 위키트리|https://www.wikitree.co.kr/articles/1152255|https://cdnweb01.wikitree.co.kr/webdata/editor/202608/13/202608131424044021.JPG
2026-08-13|온라인 화제·뉴스|'유부녀 킬러' 정준원, 예능은 미숙 연기는 능숙? - 머니투데이 - 머니투데이|유부녀 킬러|드라마,예능,시청률,상승,유부녀,킬러,정준원,예능은,미숙,연기는,능숙,머니투데이|'유부녀 킬러' 정준원, 예능은 미숙 연기는 능숙? - 머니투데이 머니투데이|https://www.mt.co.kr/entertainment/2026/08/14/2026081407007294165|https://thumb.mt.co.kr/cdn-cgi/image/w=1200,h=928,fit=cover,bg=white,f=auto,quality=high,sharpen=2,g=face/21/2026/08/2026081407007294165_1.jpg
2026-08-13|온라인 화제·뉴스|심형래 '디워', 혹평 속 19년만의 넷플릭스 역주행..'디워2'도 관심 [스타이슈] - starnewskorea.com|스타이슈|드라마,영화,넷플릭스,화제,역주행,심형래,디워,혹평,19년만의,디워2,관심,스타이슈,starnewskorea,com|심형래 '디워', 혹평 속 19년만의 넷플릭스 역주행..'디워2'도 관심 [스타이슈] starnewskorea.com|https://www.starnewskorea.com/movie/2026/08/13/2026081309204245223|https://image.starnewskorea.com/cdn-cgi/image/f=auto,w=1200,h=889,fit=cover,q=high,sharpen=2/21/2026/08/2026081309204245223_1.jpg
2026-08-13|온라인 화제·뉴스|'45세 출산' 최지우, 6년 지났는데 더 어려졌네…51세 됐는데 얼굴은 역주행 - 텐아시아|45세 출산|드라마,영화,화제,역주행,45세,출산,최지우,6년,지났는데,어려졌네,51세,됐는데,얼굴은,텐아시아|'45세 출산' 최지우, 6년 지났는데 더 어려졌네…51세 됐는데 얼굴은 역주행 텐아시아|https://www.tenasia.co.kr/article/2026081380694|https://img.tenasia.co.kr/photo/202608/BF.45322678.1.png
2026-08-13|온라인 화제·뉴스|'유부녀 킬러' 정준원, 예능은 미숙 연기는 능숙? - 머니투데이 - 머니투데이|유부녀 킬러|드라마,예능,시청률,상승,유부녀,킬러,정준원,예능은,미숙,연기는,능숙,머니투데이|'유부녀 킬러' 정준원, 예능은 미숙 연기는 능숙? - 머니투데이 머니투데이|https://www.mt.co.kr/amp/entertainment/2026/08/14/2026081407007294165|https://thumb.mt.co.kr/cdn-cgi/image/w=1200,h=928,fit=cover,bg=white,f=auto,quality=high,sharpen=2,g=face/21/2026/08/2026081407007294165_1.jpg
2026-08-13|온라인 화제·뉴스|'유부녀 킬러' 정준원, 예능은 미숙 연기는 능숙 - 아이즈(ize)|유부녀 킬러|드라마,예능,시청률,상승,유부녀,킬러,정준원,예능은,미숙,연기는,능숙,아이즈,ize|'유부녀 킬러' 정준원, 예능은 미숙 연기는 능숙 아이즈(ize)|https://www.ize.co.kr/news/articleView.html?idxno=79841|https://cdn.ize.co.kr/news/thumbnail/202608/79841_122737_2245_v150.jpg
2026-08-13|온라인 화제·뉴스|혹평 쏟아졌는데…19년 만에 ‘역주행’→넷플릭스 해외 ‘2위’ 찍고 화제성 씹어먹은 韓 영화 - mhnse.com|역주행|드라마,영화,넷플릭스,화제,역주행,혹평,쏟아졌는데,19년,만에,해외,2위,찍고,화제성,씹어먹은,mhnse,com|혹평 쏟아졌는데…19년 만에 ‘역주행’→넷플릭스 해외 ‘2위’ 찍고 화제성 씹어먹은 韓 영화 mhnse.com|https://mhnse.com/news/articleView.html?idxno=1487641|https://contents-cdn.viewus.co.kr/creator-cms/image/2026/08/30077779-d602-4a82-b136-021fa19ab481.jpg
2026-08-13|온라인 화제·뉴스|심형래 '디워', 혹평 속 19년만의 넷플릭스 역주행…'디워2'도 관심 [스타이슈] - 네이트|스타이슈|드라마,영화,넷플릭스,화제,역주행,심형래,디워,혹평,19년만의,디워2,관심,스타이슈,네이트|심형래 '디워', 혹평 속 19년만의 넷플릭스 역주행…'디워2'도 관심 [스타이슈] 네이트|https://news.nate.com/view/20260813n09865?mid=e0404|https://thumbnews.nateimg.co.kr/view610///news.nateimg.co.kr/orgImg/tn/2026/08/13/2026081309204245223_1.jpg
2026-08-12|YouTube 반응|Pop Off Pop Off 관련 YouTube 화제 영상|Pop Off Pop Off|인기,KiiiKiii,키키,Pop,Off,On,Spot,온더스팟,1theK,Originals,원더케이,오리지널,PopOffPopOff,OntheSpot,New1theKOriginal,원더케이오리지널|'KiiiKiii 키키 'Pop Off Pop Off'｜On the Spot｜온더스팟' 영상이 공개 6일 기준 조회수 844,142회, 좋아요 24,229개, 댓글 982개를 기록. 일평균 조회수 약 140,690회. 채널: 1theK Originals - 원더케이 오리지널. 수집 경로: 한국 인기 영상. 영상 유형: 일반 영상.|https://www.youtube.com/watch?v=Zt939FWYipg|https://i.ytimg.com/vi/Zt939FWYipg/hqdefault.jpg
2026-08-12|YouTube 반응|오디세이(The Odyssey) 관련 YouTube 화제 영상|오디세이(The Odyssey)|영화,출연,검색,오디세이,Odyssey,감상회,침착맨,같이,보면,좋은,추천,https,youtu,be,ErNPMmdjLMs,si|'영화 '오디세이(The Odyssey)' 감상회' 영상이 공개 7일 기준 조회수 839,334회, 좋아요 9,133개, 댓글 1,455개를 기록. 일평균 조회수 약 119,905회. 채널: 침착맨. 수집 경로: 검색:영화 요약. 영상 유형: 일반 영상.|https://www.youtube.com/watch?v=E97ilfw9WaI|https://i.ytimg.com/vi/E97ilfw9WaI/hqdefault.jpg
2026-08-12|YouTube 반응|4대 의사 집안 관련 YouTube 화제 영상|4대 의사 집안|넷플릭스,신작,공개,가족,배우,인터뷰,검색,하영,4대,의사,집안,발언에,증조부,친일,논란,파묘|"'배우 하영 ""4대 의사 집안"" 발언에...증조부 친일 논란 '파묘' / YTN' 영상이 공개 5일 기준 조회수 90,869회, 좋아요 580개, 댓글 1,355개를 기록. 일평균 조회수 약 18,174회. 채널: YTN. 수집 경로: 검색:배우 신작 인터뷰. 영상 유형: 일반 영상."|https://www.youtube.com/watch?v=YY6LVgruKWc|https://i.ytimg.com/vi/YY6LVgruKWc/hqdefault.jpg
2026-08-12|YouTube 반응|피의 심판 관련 YouTube 화제 영상|피의 심판|드라마,영화,OTT,넷플릭스,공개,리뷰,해석,결말,스릴러,범죄,검색,촉법소년,범죄율,만드는,대존잼,명작|"'촉법소년 범죄율 0% 만드는 대존잼 명작🔥악질 범죄자들을 찾아가 법 대신 ""피의 심판""을 내리는 깡패 형사ㄷㄷ' 영상이 공개 7일 기준 조회수 1,543,632회, 좋아요 7,556개, 댓글 263개를 기록. 일평균 조회수 약 220,519회. 채널: movie trip 무비트립. 수집 경로: 검색:한국 드라마 리뷰 / 검색:한국 영화 리뷰 / 검색:영화 결말 해석 / 검색:영화 요약. 영상 유형: 일반 영상."|https://www.youtube.com/watch?v=CPaYbElsdlg|https://i.ytimg.com/vi/CPaYbElsdlg/hqdefault.jpg
2026-08-12|YouTube 반응|착했던 친구가 돈 좀 벌어 변한 모습 #이런엿같은사랑 관련 YouTube 화제 영상|착했던 친구가 돈 좀 벌어 변한 모습 #이런엿같은사랑|드라마,영화,OTT,넷플릭스,신작,결말,로코,몰아보기,검색,반응,착했던,친구가,벌어,변한,모습,이런엿같은사랑|'착했던 친구가 돈 좀 벌어 변한 모습 #이런엿같은사랑' 영상이 공개 7일 기준 조회수 2,434,835회, 좋아요 21,892개, 댓글 454개를 기록. 일평균 조회수 약 347,834회. 채널: 드라맠. 수집 경로: 검색:OTT 신작 반응. 영상 유형: 쇼츠/숏폼 후보.|https://www.youtube.com/watch?v=8HyA1h6VYZk|https://i.ytimg.com/vi/8HyA1h6VYZk/hqdefault.jpg
2026-08-12|YouTube 반응|하영이 정해인을 믿게 된 순간 관련 YouTube 화제 영상|하영이 정해인을 믿게 된 순간|드라마,넷플릭스,공식채널,하영이,정해인을,믿게,순간,이런,엿같은,사랑,서울로,향하던,길을,돌린,은새,오는|"'하영이 정해인을 믿게 된 순간 | 이런 엿같은 사랑 | 넷플릭스' 영상이 공개 4일 기준 조회수 74,345회, 좋아요 791개, 댓글 701개를 기록. 일평균 조회수 약 18,586회. 채널: Netflix Korea 넷플릭스 코리아. 수집 경로: 공식채널:Netflix Korea. 영상 유형: 일반 영상."|https://www.youtube.com/watch?v=NBib0DWLeRI|https://i.ytimg.com/vi/NBib0DWLeRI/hqdefault.jpg
2026-08-12|온라인 화제·뉴스|나영석 PD 넷플릭스 예능 ‘대체 등산을 왜 하는 건데?’ 공개...청춘 스타들의 설산 도전기 - ppss.kr|대체 등산을 왜 하는 건데?|예능,넷플릭스,신작,공개,첫방,나영석,PD,대체,등산을,하는,건데,청춘,스타들의,설산,도전기,ppss|나영석 PD 넷플릭스 예능 ‘대체 등산을 왜 하는 건데?’ 공개...청춘 스타들의 설산 도전기 ppss.kr|https://www.ppss.kr/news/articleView.html?idxno=305261|https://cdn.ppss.kr/news/photo/202608/305261_125487_1241.png
2026-08-12|온라인 화제·뉴스|'오디세이' 기세에 밀려…韓 신작, 추석으로 후퇴 - hankyung.com|오디세이|영화,신작,개봉,오디세이,기세에,밀려,추석으로,후퇴,hankyung,com|'오디세이' 기세에 밀려…韓 신작, 추석으로 후퇴 hankyung.com|https://www.hankyung.com/article/2026081274461|https://img.hankyung.com/photo/202608/AA.45316535.1.jpg
2026-08-12|온라인 화제·뉴스|'오디세이' 기세에 밀려…韓 신작, 추석으로 후퇴 - 네이트|오디세이|영화,신작,개봉,오디세이,기세에,밀려,추석으로,후퇴,네이트|'오디세이' 기세에 밀려…韓 신작, 추석으로 후퇴 네이트|https://news.nate.com/view/20260812n31036|https://thumbnews.nateimg.co.kr/view610///news.nateimg.co.kr/orgImg/hk/2026/08/12/AA.45316535.1.jpg
2026-08-12|온라인 화제·뉴스|6년 만에 돌아왔다…오늘(12일) 개봉해 한국 영화 예매율 1위 찍은 '시즌2' 작품 - wikitree.co.kr|시즌2|영화,신작,개봉,6년,만에,돌아왔다,오늘,12일,개봉해,예매율,1위,찍은,시즌2,작품,wikitree,co|6년 만에 돌아왔다…오늘(12일) 개봉해 한국 영화 예매율 1위 찍은 '시즌2' 작품 wikitree.co.kr|https://www.wikitree.co.kr/articles/1151899|https://cdnweb01.wikitree.co.kr/webdata/editor/202608/12/img_20260812090349_519c91a4.jpeg
2026-08-12|온라인 화제·뉴스|다음 호프는 누구? 9월 '극장 개봉' 영화 5 - esquirekorea.co.kr|극장 개봉|영화,신작,개봉,다음,호프는,누구,9월,극장,esquirekorea,co,kr|다음 호프는 누구? 9월 '극장 개봉' 영화 5 esquirekorea.co.kr|https://www.esquirekorea.co.kr/article/1907875|https://www.esquirekorea.co.kr/resources/online/thumbnail/hf/2026/08/12/950e1350-3198-4146-a90c-bbe3e3bb2e8d.jpg
2026-08-11|YouTube 반응|HLE vs GEN 관련 YouTube 화제 영상|HLE vs GEN|인기,HLE,vs,GEN,MATCH,33,2026,LoL,KeSPA,CUP,한국e스포츠협회,KeSPACUP,케스파컵,이스포츠,경기별,다시보기는|"'HLE vs GEN 하이라이트 | MATCH 33 | 2026 LoL KeSPA CUP' 영상이 공개 5일 기준 조회수 229,257회, 좋아요 1,399개, 댓글 656개를 기록. 일평균 조회수 약 45,851회. 채널: 한국e스포츠협회. 수집 경로: 한국 인기 영상. 영상 유형: 일반 영상."|https://www.youtube.com/watch?v=Mkm_wgUe78Y|https://i.ytimg.com/vi/Mkm_wgUe78Y/hqdefault.jpg
2026-08-11|YouTube 반응|세일로 사놓고 정가로 환불해줘?! #shorts 관련 YouTube 화제 영상|세일로 사놓고 정가로 환불해줘?! #shorts|드라마,쇼츠,반전,명장면,검색,세일로,사놓고,정가로,환불해줘,shorts,명장면한피스,세일가로,화장품을,환불해달라는,백화점,진상|'세일로 사놓고 정가로 환불해줘?! #shorts' 영상이 공개 7일 기준 조회수 1,198,347회, 좋아요 8,778개, 댓글 692개를 기록. 일평균 조회수 약 171,192회. 채널: 명장면한피스. 수집 경로: 검색:드라마 명장면 쇼츠. 영상 유형: 쇼츠/숏폼 후보.|https://www.youtube.com/watch?v=ITFVqM6xoKc|https://i.ytimg.com/vi/ITFVqM6xoKc/hqdefault.jpg
2026-08-11|YouTube 반응|피의 게임X 관련 YouTube 화제 영상|피의 게임X|영화,웨이브,공식채널,wavve,피의,게임X,최악이다,한순간의,실수로,궁지에,몰린,이태균,7화,오리지널,바로,보기|"'[피의 게임X] ""아 최악이다..."" 한순간의 실수로 궁지에 몰린 이태균 | 7화 하이라이트 | 웨이브 오리지널' 영상이 공개 5일 기준 조회수 44,834회, 좋아요 239개, 댓글 763개를 기록. 일평균 조회수 약 8,967회. 채널: wavve 웨이브. 수집 경로: 공식채널:wavve. 영상 유형: 일반 영상."|https://www.youtube.com/watch?v=q-B-NI4tQ0Q|https://i.ytimg.com/vi/q-B-NI4tQ0Q/hqdefault.jpg
2026-08-11|YouTube 반응|와.. 실시간으로 난리나버린 미친 떡밥.. ≪스파이더맨 관련 YouTube 화제 영상|와.. 실시간으로 난리나버린 미친 떡밥.. ≪스파이더맨|영화,OTT,디즈니플러스,신작,유튜브,리뷰,검색,반응,실시간으로,난리나버린,미친,떡밥,스파이더맨,브랜드뉴데이,모든,스포일러|'와.. 실시간으로 난리나버린 미친 떡밥.. ≪스파이더맨: 브랜드뉴데이≫ 모든 스포일러 및 떡밥 & 총정리 마지막화' 영상이 공개 7일 기준 조회수 510,378회, 좋아요 6,745개, 댓글 1,021개를 기록. 일평균 조회수 약 72,911회. 채널: 무비띵크_Movie Think. 수집 경로: 검색:OTT 신작 반응. 영상 유형: 일반 영상.|https://www.youtube.com/watch?v=JwAb3Uk2Ufk|https://i.ytimg.com/vi/JwAb3Uk2Ufk/hqdefault.jpg
2026-08-11|YouTube 반응|충격 엔딩 관련 YouTube 화제 영상|충격 엔딩|드라마,가족,공식채널,KBS,Drama,충격,엔딩,혹시,아들입니까,안희연에게,단도직입적으로,묻는,하석진,사랑이,온다,260808|"'[충격 엔딩] ＂혹시 내 아들입니까＂안희연에게 단도직입적으로 묻는 하석진 [사랑이 온다] | KBS 260808 방송' 영상이 공개 4일 기준 조회수 378,244회, 좋아요 1,488개, 댓글 217개를 기록. 일평균 조회수 약 94,561회. 채널: KBS Drama. 수집 경로: 공식채널:KBS Drama. 영상 유형: 일반 영상."|https://www.youtube.com/watch?v=sUbsqGhKpLo|https://i.ytimg.com/vi/sUbsqGhKpLo/hqdefault.jpg
2026-08-11|YouTube 반응|한국 조폭 VS 일본 야쿠자 #이런엿같은사랑 관련 YouTube 화제 영상|한국 조폭 VS 일본 야쿠자 #이런엿같은사랑|드라마,예능,영화,OTT,넷플릭스,리뷰,검색,조폭,VS,일본,야쿠자,이런엿같은사랑,라마의드라마,넷플릭스에서,상영,중인|'한국 조폭 VS 일본 야쿠자 #이런엿같은사랑' 영상이 공개 5일 기준 조회수 623,307회, 좋아요 2,104개, 댓글 130개를 기록. 일평균 조회수 약 124,661회. 채널: 라마의드라마. 수집 경로: 검색:한국 예능 리뷰. 영상 유형: 쇼츠/숏폼 후보.|https://www.youtube.com/watch?v=SJQVMQTnQ2A|https://i.ytimg.com/vi/SJQVMQTnQ2A/hqdefault.jpg
2026-08-11|YouTube 반응|T1 신입 정글러 등장 관련 YouTube 화제 영상|T1 신입 정글러 등장|리뷰,인기,T1,신입,정글러,등장,vs,HLE,08,2026,LCK,클리드,00,인트로,41,1세트|"'T1 신입 정글러 등장 | T1 vs HLE | 하이라이트 | 08.08 | 2026 LCK' 영상이 공개 4일 기준 조회수 185,291회, 좋아요 750개, 댓글 300개를 기록. 일평균 조회수 약 46,323회. 채널: 클리드. 수집 경로: 한국 인기 영상. 영상 유형: 일반 영상."|https://www.youtube.com/watch?v=GRrvCUZWe-4|https://i.ytimg.com/vi/GRrvCUZWe-4/hqdefault.jpg
2026-08-11|KOBIS 박스오피스|토이 스토리 5 박스오피스 3계단 상승해 7위|토이 스토리 5|영화,박스오피스,흥행,토이|2026-08-10 KOBIS 일별 박스오피스 7위. 일일 관객 1,112명, 누적 관객 2,940,488명, 매출 점유율 0.2%. 전일 대비 순위 변화 +3.|https://www.kobis.or.kr/kobis/business/stat/boxs/findDailyBoxOfficeList.do|
2026-08-11|KOBIS 박스오피스|모아나 박스오피스 3계단 상승해 9위|모아나|영화,박스오피스,흥행,모아나|2026-08-10 KOBIS 일별 박스오피스 9위. 일일 관객 826명, 누적 관객 1,021,761명, 매출 점유율 0.1%. 전일 대비 순위 변화 +3.|https://www.kobis.or.kr/kobis/business/stat/boxs/findDailyBoxOfficeList.do|
2026-08-11|KOBIS 박스오피스|마티 슈프림 박스오피스 5계단 상승해 10위|마티 슈프림|영화,박스오피스,흥행,마티,슈프림|2026-08-10 KOBIS 일별 박스오피스 10위. 일일 관객 290명, 누적 관객 131,844명, 매출 점유율 0.1%. 전일 대비 순위 변화 +5.|https://www.kobis.or.kr/kobis/business/stat/boxs/findDailyBoxOfficeList.do|
2026-08-11|Netflix Top 10|The Debt Collector 넷플릭스 한국 Top 10 3위|The Debt Collector|OTT,넷플릭스,신작,랭킹,Debt,Collector,Films|Netflix 공식 국가별 주간 Top 10에서 한국 3위. 카테고리: Films. 누적 Top 10 진입 2주. 집계 주간: 2026-08-02.|https://www.netflix.com/unsupportedbrowser|
2026-08-11|Netflix Top 10|Better Late Than Single: Season 2 넷플릭스 한국 Top 10 6위|Better Late Than Single|OTT,넷플릭스,신작,랭킹,Better,Late,Than,Single,Season,TV|Netflix 공식 국가별 주간 Top 10에서 한국 6위. 카테고리: TV. 누적 Top 10 진입 4주. 집계 주간: 2026-08-02.|https://www.netflix.com/unsupportedbrowser|
2026-08-11|Netflix Top 10|Elize: Shadows of a Woman 넷플릭스 한국 Top 10 8위|Elize: Shadows of a Woman|OTT,넷플릭스,신작,랭킹,Elize,Shadows,of,Woman,Films|Netflix 공식 국가별 주간 Top 10에서 한국 8위. 카테고리: Films. 누적 Top 10 진입 2주. 집계 주간: 2026-08-02.|https://www.netflix.com/unsupportedbrowser|
2026-08-11|Netflix Top 10|The Psychopath I Met: Season 1 넷플릭스 한국 Top 10 9위|The Psychopath I Met|OTT,넷플릭스,신작,랭킹,Psychopath,Met,Season,TV|Netflix 공식 국가별 주간 Top 10에서 한국 9위. 카테고리: TV. 누적 Top 10 진입 3주. 집계 주간: 2026-08-02.|https://www.netflix.com/unsupportedbrowser|
2026-08-11|Netflix Top 10|Smoking Behind the Supermarket With You: Season 1 넷플릭스 한국 Top 10 10위|Smoking Behind the Supermarket With You|OTT,넷플릭스,신작,랭킹,Smoking,Behind,Supermarket,You,Season,TV|Netflix 공식 국가별 주간 Top 10에서 한국 10위. 카테고리: TV. 누적 Top 10 진입 2주. 집계 주간: 2026-08-02.|https://www.netflix.com/unsupportedbrowser|
2026-08-10|YouTube 반응|이 사람들 진짜 왜 이러지? 관련 YouTube 화제 영상|이 사람들 진짜 왜 이러지?|영화,웨이브,공식채널,wavve,사람들,진짜,이러지,피의,게임X,바로,보기,https,site,naver,com,2bvXL|'이 사람들 진짜 왜 이러지?' 영상이 공개 5일 기준 조회수 290,717회, 좋아요 1,743개, 댓글 941개를 기록. 일평균 조회수 약 58,143회. 채널: wavve 웨이브. 수집 경로: 공식채널:wavve. 영상 유형: 쇼츠/숏폼 후보.|https://www.youtube.com/watch?v=uHwHsSKZ6bs|https://i.ytimg.com/vi/uHwHsSKZ6bs/hqdefault.jpg
2026-08-10|YouTube 반응|지금 불륜이 문제가 아닙니다 관련 YouTube 화제 영상|지금 불륜이 문제가 아닙니다|공개,공식채널,Coupang,Play,5억,영끌,대작전,지금,불륜이,문제가,아닙니다,4화,쿠팡플레이,하루만에,모으기,가능|'5억 영끌 대작전! [지금 불륜이 문제가 아닙니다] 4화 하이라이트' 영상이 공개 5일 기준 조회수 1,080,391회, 좋아요 217개, 댓글 18개를 기록. 일평균 조회수 약 216,078회. 채널: 쿠팡플레이 Coupang Play. 수집 경로: 공식채널:Coupang Play. 영상 유형: 일반 영상.|https://www.youtube.com/watch?v=RNZk_KiEhr4|https://i.ytimg.com/vi/RNZk_KiEhr4/hqdefault.jpg
2026-08-10|YouTube 반응|≪스파이더맨 관련 YouTube 화제 영상|≪스파이더맨|영화,디즈니플러스,유튜브,리뷰,해석,몰아보기,인기,스파이더맨,브랜드뉴데이,모든,스포일러,떡밥,분석,무비띵크,Movie,Think|'≪스파이더맨: 브랜드뉴데이≫ 모든 스포일러 & 떡밥 분석 몰아보기' 영상이 공개 4일 기준 조회수 279,331회, 좋아요 2,450개, 댓글 351개를 기록. 일평균 조회수 약 69,833회. 채널: 무비띵크_Movie Think. 수집 경로: 한국 인기 영상. 영상 유형: 일반 영상.|https://www.youtube.com/watch?v=8H1HZjmqocA|https://i.ytimg.com/vi/8H1HZjmqocA/hqdefault.jpg
2026-08-10|온라인 화제·뉴스|시청률 6.1% 고공 상승…예측 불가 ‘살인’ 전개로 동시간대 1위 차지한 韓 드라마 (‘아파트’) - mhnse.com|살인|드라마,예능,시청률,상승,고공,예측,불가,살인,전개로,동시간대,1위,차지한,아파트,mhnse,com|시청률 6.1% 고공 상승…예측 불가 ‘살인’ 전개로 동시간대 1위 차지한 韓 드라마 (‘아파트’) mhnse.com|https://mhnse.com/news/articleView.html?idxno=1484792|https://contents-cdn.viewus.co.kr/creator-cms/image/2026/08/b2ba4254-cd20-4a63-9f0d-44aa5873ff7f.jpg
2026-08-09|YouTube 반응|같이 안 자는 이유가 너무 슬픈 고은새 #이런엿같은사랑 관련 YouTube 화제 영상|같이 안 자는 이유가 너무 슬픈 고은새 #이런엿같은사랑|드라마,넷플릭스,리뷰,검색,같이,자는,이유가,너무,슬픈,고은새,이런엿같은사랑,멍스토리,장면은,이런,엿같은,사랑에서|'같이 안 자는 이유가 너무 슬픈 고은새 #이런엿같은사랑' 영상이 공개 6일 기준 조회수 2,121,766회, 좋아요 12,845개, 댓글 194개를 기록. 일평균 조회수 약 353,628회. 채널: 멍스토리. 수집 경로: 검색:한국 드라마 리뷰. 영상 유형: 쇼츠/숏폼 후보.|https://www.youtube.com/watch?v=0gGIYGkl8MA|https://i.ytimg.com/vi/0gGIYGkl8MA/hqdefault.jpg
2026-08-09|YouTube 반응|워터파크 직접 만들기로 했습니다! 관련 YouTube 화제 영상|워터파크 직접 만들기로 했습니다!|음악,인기,워터파크,직접,만들기로,했습니다,흔한남매,음악출처,Kevin,MacLeod의,Amazing,Plan,Silent,Film,Dark에는,크리에이티브|'워터파크 직접 만들기로 했습니다!' 영상이 공개 5일 기준 조회수 440,966회, 좋아요 6,128개, 댓글 686개를 기록. 일평균 조회수 약 88,193회. 채널: 흔한남매. 수집 경로: 한국 인기 영상. 영상 유형: 일반 영상.|https://www.youtube.com/watch?v=gj6ANRZ21y8|https://i.ytimg.com/vi/gj6ANRZ21y8/hqdefault.jpg
2026-08-09|YouTube 반응|하트시그널5 관련 YouTube 화제 영상|하트시그널5|예능,리뷰,검색,하트시그널5,폭스남,우열이,전하는,현커,근황,아이즈매거진,자칭,타칭,키와,하얀,피부로,여심을|''하트시그널5'의 폭스남 우열이 전하는 현커 근황' 영상이 공개 7일 기준 조회수 349,380회, 좋아요 11,276개, 댓글 750개를 기록. 일평균 조회수 약 49,911회. 채널: 아이즈매거진. 수집 경로: 검색:한국 예능 리뷰. 영상 유형: 일반 영상.|https://www.youtube.com/watch?v=zd5okE5dLDA|https://i.ytimg.com/vi/zd5okE5dLDA/hqdefault.jpg
2026-08-08|YouTube 반응|D.Mon 관련 YouTube 화제 영상|D.Mon|애니,합류,인기,Mon,신규,영웅,게임플레이,트레일러,오버워치,MEKA의,새로운,Mon이,합류합니다,프로게이머,이유나가,자신의|"'D.Mon | 신규 영웅 게임플레이 트레일러 | 오버워치' 영상이 공개 6일 기준 조회수 357,753회, 좋아요 4,882개, 댓글 2,242개를 기록. 일평균 조회수 약 59,626회. 채널: 오버워치. 수집 경로: 한국 인기 영상. 영상 유형: 일반 영상."|https://www.youtube.com/watch?v=usnWdTDv8pM|https://i.ytimg.com/vi/usnWdTDv8pM/hqdefault.jpg
2026-08-08|YouTube 반응|설렘 관련 YouTube 화제 영상|설렘|드라마,공식채널,KBS,Drama,설렘,티저,우리가,바라던,멜로,조합,서강준x안은진의,반짝거리는,10년,연애,서사,말고|"'[설렘 티저] 우리가 바라던 멜로 조합🫰 서강준x안은진의 반짝거리는 10년 연애 서사💖 [너 말고 다른 연애] | KBS 방송' 영상이 공개 5일 기준 조회수 473,141회, 좋아요 7,925개, 댓글 2,041개를 기록. 일평균 조회수 약 94,628회. 채널: KBS Drama. 수집 경로: 공식채널:KBS Drama. 영상 유형: 쇼츠/숏폼 후보."|https://www.youtube.com/watch?v=CXbu4YXrNXk|https://i.ytimg.com/vi/CXbu4YXrNXk/hqdefault.jpg
2026-08-08|YouTube 반응|킬러들의 쇼핑몰 시즌2 관련 YouTube 화제 영상|킬러들의 쇼핑몰 시즌2|디즈니플러스,인기,정진만,건드리지,킬러들의,쇼핑몰,시즌2,8회,디즈니,Disney,Plus,플러스,바빌론을,향한,살벌한,선전포고|"'정진만 건드리지 마 | [킬러들의 쇼핑몰 시즌2] 7-8회 예고편 | 디즈니+' 영상이 공개 4일 기준 조회수 366,711회, 좋아요 3,028개, 댓글 706개를 기록. 일평균 조회수 약 91,678회. 채널: Disney Plus Korea 디즈니 플러스 코리아. 수집 경로: 한국 인기 영상. 영상 유형: 일반 영상."|https://www.youtube.com/watch?v=GqCh4lcO5m4|https://i.ytimg.com/vi/GqCh4lcO5m4/hqdefault.jpg
2026-08-08|KOBIS 박스오피스|투모로우바이투게더 브이알 콘서트 : 엔드리스 라이드 박스오피스 5계단 상승해 10위|투모로우바이투게더 브이알 콘서트 : 엔드리스 라이드|영화,박스오피스,흥행,투모로우바이투게더,브이알,콘서트,엔드리스,라이드|2026-08-07 KOBIS 일별 박스오피스 10위. 일일 관객 454명, 누적 관객 5,528명, 매출 점유율 0.2%. 전일 대비 순위 변화 +5.|https://www.kobis.or.kr/kobis/business/stat/boxs/findDailyBoxOfficeList.do|
2026-08-08|온라인 화제·뉴스|한국 거장 8년 만에 복귀라더니…개봉도 안 했는데 해외서 난리 난 '넷플릭스 영화' - wikitree.co.kr|한국 거장 8년 만에 복귀라더니|영화,넷플릭스,신작,복귀,개봉,거장,8년,만에,복귀라더니,개봉도,했는데,해외서,난리,wikitree,co,kr|한국 거장 8년 만에 복귀라더니…개봉도 안 했는데 해외서 난리 난 '넷플릭스 영화' wikitree.co.kr|https://www.wikitree.co.kr/articles/1150732|https://cdnweb01.wikitree.co.kr/webdata/editor/202608/06/202608061032558349.jpg
2026-08-07|YouTube 반응|어려운 결정 관련 YouTube 화제 영상|어려운 결정|애니,인기,어려운,결정,Mon,영웅,트레일러,오버워치,모든,영웅에게는,함께할,팀이,필요하고,팀에는,이끌어,리더가|"'어려운 결정 | D.Mon 영웅 트레일러 | 오버워치' 영상이 공개 6일 기준 조회수 372,793회, 좋아요 5,730개, 댓글 2,045개를 기록. 일평균 조회수 약 62,132회. 채널: 오버워치. 수집 경로: 한국 인기 영상. 영상 유형: 일반 영상."|https://www.youtube.com/watch?v=NZeble3fNfc|https://i.ytimg.com/vi/NZeble3fNfc/hqdefault.jpg
2026-08-07|YouTube 반응|오디세이 관련 YouTube 화제 영상|오디세이|영화,리뷰,해석,결말,검색,오디세이,후기,스포일러,있을,수도,있음,김단군,댓글은,예의를,지켜주세요,부적절한|"'영화 《오디세이》 후기 | 스포일러 있을 수도 있음' 영상이 공개 6일 기준 조회수 273,811회, 좋아요 3,655개, 댓글 1,160개를 기록. 일평균 조회수 약 45,635회. 채널: 김단군. 수집 경로: 검색:영화 결말 해석. 영상 유형: 일반 영상."|https://www.youtube.com/watch?v=YTQ9Nts7zKI|https://i.ytimg.com/vi/YTQ9Nts7zKI/hqdefault.jpg
2026-08-07|YouTube 반응|피의 게임X 관련 YouTube 화제 영상|피의 게임X|영화,웨이브,공개,공식채널,wavve,피의,게임X,리바이벌,매치를,시작하겠습니다,다시,주어진,생존,기회,7화,선공개|"'[피의 게임X] ""리바이벌 매치를 시작하겠습니다"" 다시 주어진 생존 기회 l 7화 선공개 l 웨이브 오리지널' 영상이 공개 5일 기준 조회수 223,589회, 좋아요 1,119개, 댓글 1,106개를 기록. 일평균 조회수 약 44,718회. 채널: wavve 웨이브. 수집 경로: 공식채널:wavve. 영상 유형: 일반 영상."|https://www.youtube.com/watch?v=ciZCJmPUf1c|https://i.ytimg.com/vi/ciZCJmPUf1c/hqdefault.jpg
2026-08-07|YouTube 반응|RESCENE (리센느) - Deja Vu 관련 YouTube 화제 영상|RESCENE (리센느) - Deja Vu|인기,신용재,2F,RESCENE,리센느,Deja,Vu,COVER,Instagram,https,www,instagram,com,2f,SHIN,YONG|'신용재 (2F) 'RESCENE (리센느) - Deja Vu' COVER' 영상이 공개 5일 기준 조회수 110,277회, 좋아요 5,673개, 댓글 1,023개를 기록. 일평균 조회수 약 22,055회. 채널: 신용재. 수집 경로: 한국 인기 영상. 영상 유형: 일반 영상.|https://www.youtube.com/watch?v=YnAJlzPyp0k|https://i.ytimg.com/vi/YnAJlzPyp0k/hqdefault.jpg
2026-08-07|YouTube 반응|진정한 사랑은 대신 싸워주는 게 아니다.. 관련 YouTube 화제 영상|진정한 사랑은 대신 싸워주는 게 아니다..|영화,쇼츠,리뷰,반전,가족,검색,진정한,사랑은,대신,싸워주는,아니다,얄무비,영상은,언노운,우먼,Unknown|'진정한 사랑은 대신 싸워주는 게 아니다..' 영상이 공개 5일 기준 조회수 1,600,408회, 좋아요 17,011개, 댓글 168개를 기록. 일평균 조회수 약 320,082회. 채널: 얄무비. 수집 경로: 검색:영화 요약. 영상 유형: 쇼츠/숏폼 후보.|https://www.youtube.com/watch?v=_CCGIawfw1s|https://i.ytimg.com/vi/_CCGIawfw1s/hqdefault.jpg
2026-08-06|YouTube 반응|Achilles 관련 YouTube 화제 영상|Achilles|인기,NOWZ,나우즈,Achilles,Music,Video,YouTube,Channel,Digital,Single,https,orcd,co,nowz,achilles,Composed|'NOWZ (나우즈) 'Achilles' Official Music Video' 영상이 공개 6일 기준 조회수 3,177,383회, 좋아요 30,279개, 댓글 1,399개를 기록. 일평균 조회수 약 529,564회. 채널: NOWZ 나우즈 (Official YouTube Channel). 수집 경로: 한국 인기 영상. 영상 유형: 일반 영상.|https://www.youtube.com/watch?v=Us5aTWQaDyI|https://i.ytimg.com/vi/Us5aTWQaDyI/hqdefault.jpg
2026-08-06|YouTube 반응|가난한 싱글맘을 찾아온 너무 완벽한 낯선 남자 관련 YouTube 화제 영상|가난한 싱글맘을 찾아온 너무 완벽한 낯선 남자|영화,쇼츠,리뷰,로맨스,힐링,감독,출연,검색,가난한,싱글맘을,찾아온,너무,완벽한,낯선,남자,언택트립|'가난한 싱글맘을 찾아온 너무 완벽한 낯선 남자' 영상이 공개 6일 기준 조회수 1,309,607회, 좋아요 11,224개, 댓글 174개를 기록. 일평균 조회수 약 218,268회. 채널: 언택트립. 수집 경로: 검색:영화 요약. 영상 유형: 쇼츠/숏폼 후보.|https://www.youtube.com/watch?v=Cpqz3TsaT7w|https://i.ytimg.com/vi/Cpqz3TsaT7w/hqdefault.jpg
2026-08-06|YouTube 반응|사랑이 온다 관련 YouTube 화제 영상|사랑이 온다|드라마,영화,신작,리뷰,몰아보기,검색,알바10개,하며,동생들,키우는,소녀가장이,갑질을,당하자,동료알바남이,참교육해줬다,그런데|'알바10개 하며 동생들 키우는 소녀가장이 갑질을 당하자, 동료알바남이 참교육해줬다 그런데, 깽값 무한 제공 초재벌의 아들이었다!! 개꿀? [사랑이 온다]1~4회 몰아보기' 영상이 공개 5일 기준 조회수 920,495회, 좋아요 4,045개, 댓글 580개를 기록. 일평균 조회수 약 184,099회. 채널: 고몽. 수집 경로: 검색:한국 드라마 리뷰 / 검색:한국 영화 리뷰 / 검색:드라마 몰아보기. 영상 유형: 일반 영상.|https://www.youtube.com/watch?v=9oAcZUzyLpU|https://i.ytimg.com/vi/9oAcZUzyLpU/hqdefault.jpg
2026-08-06|YouTube 반응|인간병기 미쳤다.. ≪킬러들의 쇼핑몰 시즌2≫ 5~6화 관련 YouTube 화제 영상|인간병기 미쳤다.. ≪킬러들의 쇼핑몰 시즌2≫ 5~6화|드라마,영화,리뷰,몰아보기,검색,인간병기,미쳤다,킬러들의,쇼핑몰,시즌2,6화,천재,킬러,삼촌한테,각종,암살|'인간병기 미쳤다.. ≪킬러들의 쇼핑몰 시즌2≫ 5~6화 몰아보기, 천재 킬러 삼촌한테 각종 암살 기술을 습득한 킬러 소녀가 드디어 각성해서 일본 킬러들과 맞짱, 슈퍼 액션 시리즈' 영상이 공개 5일 기준 조회수 541,726회, 좋아요 3,361개, 댓글 480개를 기록. 일평균 조회수 약 108,345회. 채널: 김시선. 수집 경로: 검색:한국 드라마 리뷰. 영상 유형: 일반 영상.|https://www.youtube.com/watch?v=5919CXwK55w|https://i.ytimg.com/vi/5919CXwK55w/hqdefault.jpg
2026-08-06|YouTube 반응|마지막 장면 완전 이해되는 충분한 이유 관련 YouTube 화제 영상|마지막 장면 완전 이해되는 충분한 이유|드라마,해석,결말,검색,마지막,장면,완전,이해되는,충분한,이유,김동댕,스파이더맨,브랜드뉴데이,진그레이,피터파커,톰홀랜드|'마지막 장면 완전 이해되는 충분한 이유' 영상이 공개 7일 기준 조회수 2,444,709회, 좋아요 55,716개, 댓글 1,960개를 기록. 일평균 조회수 약 349,244회. 채널: 김동댕. 수집 경로: 검색:드라마 결말 해석. 영상 유형: 일반 영상.|https://www.youtube.com/watch?v=t_OzubpiWpE|https://i.ytimg.com/vi/t_OzubpiWpE/hqdefault.jpg
2026-08-06|YouTube 반응|스파이더맨: 브랜드 뉴 데이 관련 YouTube 화제 영상|스파이더맨: 브랜드 뉴 데이|영화,OTT,신작,리뷰,검색,반응,스파이더맨,브랜드,데이,실시간,후기,약스포,월붕이,영화리뷰,톰홀랜드,마블|''스파이더맨: 브랜드 뉴 데이' 실시간 후기 (약스포)' 영상이 공개 7일 기준 조회수 1,023,798회, 좋아요 16,282개, 댓글 1,238개를 기록. 일평균 조회수 약 146,257회. 채널: 월붕이. 수집 경로: 검색:OTT 신작 반응. 영상 유형: 쇼츠/숏폼 후보.|https://www.youtube.com/watch?v=NI0j3TaM7sc|https://i.ytimg.com/vi/NI0j3TaM7sc/hqdefault.jpg
2026-08-06|온라인 화제·뉴스|부산행 10주년 재개봉 & 신작 ‘군체’ 개봉 - Korean Journal Houston|군체|영화,신작,개봉,부산행,10주년,재개봉,군체,Korean,Journal,Houston|부산행 10주년 재개봉 & 신작 ‘군체’ 개봉 Korean Journal Houston|https://kjhou.com/%EB%B6%80%EC%82%B0%ED%96%89-10%EC%A3%BC%EB%85%84-%EC%9E%AC%EA%B0%9C%EB%B4%89-%EC%8B%A0%EC%9E%91-%EA%B5%B0%EC%B2%B4-%EA%B0%9C%EB%B4%89/|https://kjhou.com/wp-content/uploads/2026/08/3-2-1-08072026-combined.jpg
