run_id|theme_key|theme_id|theme_name|rank|title|content_type|year|reason|source_url|poster_url|kinolights_status|matched_score|fetched_at
20260731-173748-f2477ce0|T511|T511|연애 경험을 다시 점검하는 예능|1|환승연애|예능|2021|이별한 연인들이 지난 관계를 돌아보고 새로운 사랑을 선택한다.|https://m.kinolights.com/search?keyword=%ED%99%98%EC%8A%B9%EC%97%B0%EC%95%A0||search_link_only|0|2026-07-31T09:26:42+00:00
20260731-173748-f2477ce0|T511|T511|연애 경험을 다시 점검하는 예능|2|환승연애2|예능|2022|지난 연애의 감정과 선택을 되짚으며 새로운 관계를 시작한다.|https://m.kinolights.com/search?keyword=%ED%99%98%EC%8A%B9%EC%97%B0%EC%95%A02||search_link_only|0|2026-07-31T09:53:56+00:00
20260731-173748-f2477ce0|T511|T511|연애 경험을 다시 점검하는 예능|3|환승연애3|예능|2023|헤어진 연인들의 재회와 감정 정리를 통해 다음 사랑을 고민한다.|https://m.kinolights.com/search?keyword=%ED%99%98%EC%8A%B9%EC%97%B0%EC%95%A03||search_link_only|0|2026-07-31T09:53:56+00:00
20260731-173748-f2477ce0|T511|T511|연애 경험을 다시 점검하는 예능|4|환승연애4|예능|2025|과거 연애와 현재 감정을 마주하며 새로운 선택을 준비한다.|https://m.kinolights.com/search?keyword=%ED%99%98%EC%8A%B9%EC%97%B0%EC%95%A04||search_link_only|0|2026-07-31T09:53:56+00:00
20260731-173748-f2477ce0|T511|T511|연애 경험을 다시 점검하는 예능|5|나는 SOLO|예능|2021|솔로 남녀가 자신의 연애 방식과 선택을 현실적으로 돌아본다.|https://m.kinolights.com/search?keyword=%EB%82%98%EB%8A%94%20SOLO||search_link_only|0|2026-07-31T09:53:56+00:00
20260731-173748-f2477ce0|T511|T511|연애 경험을 다시 점검하는 예능|6|나는 SOLO, 그 후 사랑은 계속된다|예능|2022|지난 출연자들이 이전 선택을 돌아보고 다시 사랑을 찾는다.|https://m.kinolights.com/search?keyword=%EB%82%98%EB%8A%94%20SOLO%2C%20%EA%B7%B8%20%ED%9B%84%20%EC%82%AC%EB%9E%91%EC%9D%80%20%EA%B3%84%EC%86%8D%EB%90%9C%EB%8B%A4||search_link_only|0|2026-07-31T09:53:56+00:00
20260731-173748-f2477ce0|T511|T511|연애 경험을 다시 점검하는 예능|7|솔로지옥|예능|2021|제한된 환경에서 자신의 연애 감정과 선택을 확인한다.|https://m.kinolights.com/search?keyword=%EC%86%94%EB%A1%9C%EC%A7%80%EC%98%A5||search_link_only|0|2026-07-31T09:53:55+00:00
20260731-173748-f2477ce0|T511|T511|연애 경험을 다시 점검하는 예능|8|솔로지옥 2|예능|2022|새로운 솔로들이 관계의 속도와 감정을 고민한다.|https://m.kinolights.com/search?keyword=%EC%86%94%EB%A1%9C%EC%A7%80%EC%98%A5%202||search_link_only|0|2026-07-31T09:53:56+00:00
20260731-173748-f2477ce0|T511|T511|연애 경험을 다시 점검하는 예능|9|솔로지옥 3|예능|2023|엇갈리는 호감 속에서 자신의 연애 선택을 점검한다.|https://m.kinolights.com/search?keyword=%EC%86%94%EB%A1%9C%EC%A7%80%EC%98%A5%203||search_link_only|0|2026-07-31T09:53:56+00:00
20260731-173748-f2477ce0|T511|T511|연애 경험을 다시 점검하는 예능|10|솔로지옥 4|예능|2025|솔로들의 솔직한 감정과 관계 선택을 관찰한다.|https://m.kinolights.com/search?keyword=%EC%86%94%EB%A1%9C%EC%A7%80%EC%98%A5%204||search_link_only|0|2026-07-31T09:53:56+00:00
20260731-173748-f2477ce0|T511|T511|연애 경험을 다시 점검하는 예능|11|돌싱글즈|예능|2021|이혼 경험자들이 과거를 정리하고 새로운 연애를 시작한다.|https://m.kinolights.com/search?keyword=%EB%8F%8C%EC%8B%B1%EA%B8%80%EC%A6%88||search_link_only|0|2026-07-31T09:26:43+00:00
20260731-173748-f2477ce0|T511|T511|연애 경험을 다시 점검하는 예능|12|돌싱글즈2|예능|2021|지난 결혼과 이혼을 돌아보며 재혼 가능성을 탐색한다.|https://m.kinolights.com/search?keyword=%EB%8F%8C%EC%8B%B1%EA%B8%80%EC%A6%882||search_link_only|0|2026-07-31T09:53:56+00:00
20260731-173748-f2477ce0|T511|T511|연애 경험을 다시 점검하는 예능|13|돌싱글즈3|예능|2022|각자의 연애 경험을 바탕으로 새로운 관계를 선택한다.|https://m.kinolights.com/search?keyword=%EB%8F%8C%EC%8B%B1%EA%B8%80%EC%A6%883||search_link_only|0|2026-07-31T09:53:57+00:00
20260731-173748-f2477ce0|T511|T511|연애 경험을 다시 점검하는 예능|14|돌싱글즈4|예능|2023|다양한 이별 경험 뒤 다시 사랑을 준비하는 과정을 담는다.|https://m.kinolights.com/search?keyword=%EB%8F%8C%EC%8B%B1%EA%B8%80%EC%A6%884||search_link_only|0|2026-07-31T09:53:57+00:00
20260731-173748-f2477ce0|T511|T511|연애 경험을 다시 점검하는 예능|15|러브캐처|예능|2018|사랑과 선택의 동기를 살피며 자신의 관계 판단을 시험한다.|https://m.kinolights.com/search?keyword=%EB%9F%AC%EB%B8%8C%EC%BA%90%EC%B2%98||search_link_only|0|2026-07-31T09:53:57+00:00
20260731-173748-f2477ce0|T511|T511|연애 경험을 다시 점검하는 예능|16|체인지 데이즈|예능|2021|연인들이 관계의 문제를 마주하고 계속 만날지 고민한다.|https://m.kinolights.com/search?keyword=%EC%B2%B4%EC%9D%B8%EC%A7%80%20%EB%8D%B0%EC%9D%B4%EC%A6%88||search_link_only|0|2026-07-31T09:53:57+00:00
20260731-173748-f2477ce0|T512|T512|유튜브 리뷰가 뜨거운 영화|1|기생충|영화|2019|유튜브 리뷰와 해석 콘텐츠가 꾸준히 생산된 대표 화제작이다.|https://m.kinolights.com/search?keyword=%EA%B8%B0%EC%83%9D%EC%B6%A9||search_link_only|0|2026-07-31T09:53:57+00:00
20260731-173748-f2477ce0|T512|T512|유튜브 리뷰가 뜨거운 영화|2|곡성|영화|2016|결말과 상징을 분석하는 리뷰 영상으로 지속적인 논쟁을 낳았다.|https://m.kinolights.com/search?keyword=%EA%B3%A1%EC%84%B1||search_link_only|0|2026-07-31T09:53:57+00:00
20260731-173748-f2477ce0|T512|T512|유튜브 리뷰가 뜨거운 영화|3|헤어질 결심|영화|2022|인물 관계와 결말을 해석하는 리뷰 콘텐츠가 활발했다.|https://m.kinolights.com/search?keyword=%ED%97%A4%EC%96%B4%EC%A7%88%20%EA%B2%B0%EC%8B%AC||search_link_only|0|2026-07-31T09:53:57+00:00
20260731-173748-f2477ce0|T512|T512|유튜브 리뷰가 뜨거운 영화|4|파묘|영화|2024|흥행과 장르적 해석이 맞물리며 리뷰 영상에서 큰 반응을 얻었다.|https://m.kinolights.com/search?keyword=%ED%8C%8C%EB%AC%98||search_link_only|0|2026-07-31T09:53:57+00:00
20260731-173748-f2477ce0|T512|T512|유튜브 리뷰가 뜨거운 영화|5|서울의 봄|영화|2023|역사적 배경과 인물 분석을 다룬 유튜브 콘텐츠가 주목받았다.|https://m.kinolights.com/search?keyword=%EC%84%9C%EC%9A%B8%EC%9D%98%20%EB%B4%84||search_link_only|0|2026-07-31T09:53:57+00:00
20260731-173748-f2477ce0|T512|T512|유튜브 리뷰가 뜨거운 영화|6|범죄도시 4|영화|2024|흥행작의 액션과 캐릭터를 분석하는 리뷰가 활발했다.|https://m.kinolights.com/search?keyword=%EB%B2%94%EC%A3%84%EB%8F%84%EC%8B%9C%204||search_link_only|0|2026-07-31T09:26:43+00:00
20260731-173748-f2477ce0|T512|T512|유튜브 리뷰가 뜨거운 영화|7|악마를 보았다|영화|2010|강렬한 폭력성과 결말을 해설하는 영상이 꾸준히 소비된다.|https://m.kinolights.com/search?keyword=%EC%95%85%EB%A7%88%EB%A5%BC%20%EB%B3%B4%EC%95%98%EB%8B%A4||search_link_only|0|2026-07-31T09:53:57+00:00
20260731-173748-f2477ce0|T512|T512|유튜브 리뷰가 뜨거운 영화|8|타짜|영화|2006|명장면과 대사를 되짚는 리뷰 콘텐츠의 대표적인 소재다.|https://m.kinolights.com/search?keyword=%ED%83%80%EC%A7%9C||search_link_only|0|2026-07-31T09:53:58+00:00
20260731-173748-f2477ce0|T512|T512|유튜브 리뷰가 뜨거운 영화|9|올드보이|영화|2003|반전과 결말 해석으로 오랫동안 리뷰 영상의 단골 작품이다.|https://m.kinolights.com/search?keyword=%EC%98%AC%EB%93%9C%EB%B3%B4%EC%9D%B4||search_link_only|0|2026-07-31T09:53:58+00:00
20260731-173748-f2477ce0|T512|T512|유튜브 리뷰가 뜨거운 영화|10|인터스텔라|영화|2014|과학 설정과 결말을 설명하는 리뷰 영상이 큰 인기를 얻었다.|https://m.kinolights.com/search?keyword=%EC%9D%B8%ED%84%B0%EC%8A%A4%ED%85%94%EB%9D%BC||search_link_only|0|2026-07-31T09:53:59+00:00
20260731-173748-f2477ce0|T512|T512|유튜브 리뷰가 뜨거운 영화|11|인셉션|영화|2010|복잡한 서사와 열린 결말이 다양한 해석 콘텐츠를 만들었다.|https://m.kinolights.com/search?keyword=%EC%9D%B8%EC%85%89%EC%85%98||search_link_only|0|2026-07-31T09:53:59+00:00
20260731-173748-f2477ce0|T512|T512|유튜브 리뷰가 뜨거운 영화|12|위플래쉬|영화|2014|성공과 압박의 관계를 분석하는 리뷰로 꾸준히 회자된다.|https://m.kinolights.com/search?keyword=%EC%9C%84%ED%94%8C%EB%9E%98%EC%89%AC||search_link_only|0|2026-07-31T09:53:59+00:00
20260731-173748-f2477ce0|T512|T512|유튜브 리뷰가 뜨거운 영화|13|겟 아웃|영화|2017|장르 장치와 사회적 은유를 설명하는 리뷰가 풍부하다.|https://m.kinolights.com/search?keyword=%EA%B2%9F%20%EC%95%84%EC%9B%83||search_link_only|0|2026-07-31T09:53:59+00:00
20260731-173748-f2477ce0|T512|T512|유튜브 리뷰가 뜨거운 영화|14|에브리씽 에브리웨어 올 앳 원스|영화|2022|독특한 세계관과 가족 서사가 리뷰와 해석의 대상이 됐다.|https://m.kinolights.com/search?keyword=%EC%97%90%EB%B8%8C%EB%A6%AC%EC%94%BD%20%EC%97%90%EB%B8%8C%EB%A6%AC%EC%9B%A8%EC%96%B4%20%EC%98%AC%20%EC%95%B3%20%EC%9B%90%EC%8A%A4||search_link_only|0|2026-07-31T09:53:59+00:00
20260731-173748-f2477ce0|T512|T512|유튜브 리뷰가 뜨거운 영화|15|스파이더맨: 노 웨이 홈|영화|2021|팬 반응과 캐릭터 분석이 유튜브 리뷰에서 크게 확산됐다.|https://m.kinolights.com/search?keyword=%EC%8A%A4%ED%8C%8C%EC%9D%B4%EB%8D%94%EB%A7%A8%3A%20%EB%85%B8%20%EC%9B%A8%EC%9D%B4%20%ED%99%88||search_link_only|0|2026-07-31T09:53:59+00:00
20260731-173748-f2477ce0|T512|T512|유튜브 리뷰가 뜨거운 영화|16|더 퍼스트 슬램덩크|애니메이션|2022|원작 추억과 경기 장면을 다룬 리뷰 콘텐츠가 화제를 모았다.|https://m.kinolights.com/search?keyword=%EB%8D%94%20%ED%8D%BC%EC%8A%A4%ED%8A%B8%20%EC%8A%AC%EB%9E%A8%EB%8D%A9%ED%81%AC||search_link_only|0|2026-07-31T09:26:53+00:00
20260731-173748-f2477ce0|T513|T513|극장 흥행 뒤 OTT에서 다시 1위|1|서울의 봄|영화|2023|극장 흥행을 거둔 뒤 OTT에서도 높은 관심을 이어갔다.|https://m.kinolights.com/search?keyword=%EC%84%9C%EC%9A%B8%EC%9D%98%20%EB%B4%84||search_link_only|0|2026-07-31T09:53:59+00:00
20260731-173748-f2477ce0|T513|T513|극장 흥행 뒤 OTT에서 다시 1위|2|범죄도시 4|영화|2024|극장 관객을 모은 인기 시리즈 영화로 온라인 재시청 수요가 높다.|https://m.kinolights.com/search?keyword=%EB%B2%94%EC%A3%84%EB%8F%84%EC%8B%9C%204||search_link_only|0|2026-07-31T09:26:43+00:00
20260731-173748-f2477ce0|T513|T513|극장 흥행 뒤 OTT에서 다시 1위|3|파묘|영화|2024|극장 흥행 이후 OTT 공개로 다시 대중의 관심을 받았다.|https://m.kinolights.com/search?keyword=%ED%8C%8C%EB%AC%98||search_link_only|0|2026-07-31T09:53:57+00:00
20260731-173748-f2477ce0|T513|T513|극장 흥행 뒤 OTT에서 다시 1위|4|밀수|영화|2023|극장 흥행작이 온라인 공개 후 다시 시청자를 만났다.|https://m.kinolights.com/search?keyword=%EB%B0%80%EC%88%98||search_link_only|0|2026-07-31T09:53:59+00:00
20260731-173748-f2477ce0|T513|T513|극장 흥행 뒤 OTT에서 다시 1위|5|콘크리트 유토피아|영화|2023|극장에서 주목받은 재난 영화가 OTT에서 재발견됐다.|https://m.kinolights.com/search?keyword=%EC%BD%98%ED%81%AC%EB%A6%AC%ED%8A%B8%20%EC%9C%A0%ED%86%A0%ED%94%BC%EC%95%84||search_link_only|0|2026-07-31T09:53:59+00:00
20260731-173748-f2477ce0|T513|T513|극장 흥행 뒤 OTT에서 다시 1위|6|범죄도시 3|영화|2023|극장 흥행을 바탕으로 OTT에서도 시리즈 인기를 이어갔다.|https://m.kinolights.com/search?keyword=%EB%B2%94%EC%A3%84%EB%8F%84%EC%8B%9C%203||search_link_only|0|2026-07-31T09:53:59+00:00
20260731-173748-f2477ce0|T513|T513|극장 흥행 뒤 OTT에서 다시 1위|7|더 문|영화|2023|극장 개봉 뒤 온라인 플랫폼에서 다시 관객의 선택을 받았다.|https://m.kinolights.com/search?keyword=%EB%8D%94%20%EB%AC%B8||search_link_only|0|2026-07-31T09:54:00+00:00
20260731-173748-f2477ce0|T513|T513|극장 흥행 뒤 OTT에서 다시 1위|8|비공식작전|영화|2023|극장 개봉작이 OTT 공개로 새로운 시청층을 만났다.|https://m.kinolights.com/search?keyword=%EB%B9%84%EA%B3%B5%EC%8B%9D%EC%9E%91%EC%A0%84||search_link_only|0|2026-07-31T09:54:01+00:00
20260731-173748-f2477ce0|T513|T513|극장 흥행 뒤 OTT에서 다시 1위|9|천박사 퇴마 연구소: 설경의 비밀|영화|2023|극장 관람 이후 OTT에서 가볍게 재시청하기 좋은 화제작이다.|https://m.kinolights.com/search?keyword=%EC%B2%9C%EB%B0%95%EC%82%AC%20%ED%87%B4%EB%A7%88%20%EC%97%B0%EA%B5%AC%EC%86%8C%3A%20%EC%84%A4%EA%B2%BD%EC%9D%98%20%EB%B9%84%EB%B0%80||search_link_only|0|2026-07-31T09:54:00+00:00
20260731-173748-f2477ce0|T513|T513|극장 흥행 뒤 OTT에서 다시 1위|10|노량: 죽음의 바다|영화|2023|극장 대작의 규모와 전투 장면이 OTT에서도 다시 소비됐다.|https://m.kinolights.com/search?keyword=%EB%85%B8%EB%9F%89%3A%20%EC%A3%BD%EC%9D%8C%EC%9D%98%20%EB%B0%94%EB%8B%A4||search_link_only|0|2026-07-31T09:54:00+00:00
20260731-173748-f2477ce0|T513|T513|극장 흥행 뒤 OTT에서 다시 1위|11|범죄도시 2|영화|2022|극장 대흥행 이후 반복 시청되는 대표적인 범죄 액션 영화다.|https://m.kinolights.com/search?keyword=%EB%B2%94%EC%A3%84%EB%8F%84%EC%8B%9C%202||search_link_only|0|2026-07-31T09:54:00+00:00
20260731-173748-f2477ce0|T513|T513|극장 흥행 뒤 OTT에서 다시 1위|12|탑건: 매버릭|영화|2022|극장 체험 이후 OTT에서도 압도적인 액션을 다시 찾게 한다.|https://m.kinolights.com/search?keyword=%ED%83%91%EA%B1%B4%3A%20%EB%A7%A4%EB%B2%84%EB%A6%AD||search_link_only|0|2026-07-31T09:26:45+00:00
20260731-173748-f2477ce0|T513|T513|극장 흥행 뒤 OTT에서 다시 1위|13|아바타: 물의 길|영화|2022|극장 흥행작의 시각적 볼거리가 가정 시청으로 이어졌다.|https://m.kinolights.com/search?keyword=%EC%95%84%EB%B0%94%ED%83%80%3A%20%EB%AC%BC%EC%9D%98%20%EA%B8%B8||search_link_only|0|2026-07-31T09:54:00+00:00
20260731-173748-f2477ce0|T513|T513|극장 흥행 뒤 OTT에서 다시 1위|14|엘리멘탈|애니메이션|2023|극장 흥행 후 OTT에서 가족 관객의 재시청을 이끌었다.|https://m.kinolights.com/search?keyword=%EC%97%98%EB%A6%AC%EB%A9%98%ED%83%88||search_link_only|0|2026-07-31T09:54:01+00:00
20260731-173748-f2477ce0|T513|T513|극장 흥행 뒤 OTT에서 다시 1위|15|더 퍼스트 슬램덩크|애니메이션|2022|극장 팬덤을 바탕으로 온라인에서도 꾸준한 인기를 얻었다.|https://m.kinolights.com/search?keyword=%EB%8D%94%20%ED%8D%BC%EC%8A%A4%ED%8A%B8%20%EC%8A%AC%EB%9E%A8%EB%8D%A9%ED%81%AC||search_link_only|0|2026-07-31T09:54:00+00:00
20260731-173748-f2477ce0|T514|T514|초호화 캐스팅으로 화제 된 드라마|1|폭싹 속았수다|드라마|2025|아이유와 박보검을 비롯한 스타 배우들의 조합이 화제를 모았다.|https://m.kinolights.com/search?keyword=%ED%8F%AD%EC%8B%B9%20%EC%86%8D%EC%95%98%EC%88%98%EB%8B%A4||search_link_only|0|2026-07-31T09:26:45+00:00
20260731-173748-f2477ce0|T514|T514|초호화 캐스팅으로 화제 된 드라마|2|눈물의 여왕|드라마|2024|김수현과 김지원 등 주연 배우들의 앙상블이 기대를 높였다.|https://m.kinolights.com/search?keyword=%EB%88%88%EB%AC%BC%EC%9D%98%20%EC%97%AC%EC%99%95||search_link_only|0|2026-07-31T09:54:01+00:00
20260731-173748-f2477ce0|T514|T514|초호화 캐스팅으로 화제 된 드라마|3|우리들의 블루스|드라마|2022|다수의 톱배우가 참여한 옴니버스형 앙상블 드라마다.|https://m.kinolights.com/search?keyword=%EC%9A%B0%EB%A6%AC%EB%93%A4%EC%9D%98%20%EB%B8%94%EB%A3%A8%EC%8A%A4||search_link_only|0|2026-07-31T09:54:01+00:00
20260731-173748-f2477ce0|T514|T514|초호화 캐스팅으로 화제 된 드라마|4|작은 아씨들|드라마|2022|김고은·남지현·박지후 등 주연진의 조합이 눈길을 끌었다.|https://m.kinolights.com/search?keyword=%EC%9E%91%EC%9D%80%20%EC%95%84%EC%94%A8%EB%93%A4||search_link_only|0|2026-07-31T09:54:01+00:00
20260731-173748-f2477ce0|T514|T514|초호화 캐스팅으로 화제 된 드라마|5|사랑의 불시착|드라마|2019|현빈과 손예진을 중심으로 화려한 배우진이 화제를 만들었다.|https://m.kinolights.com/search?keyword=%EC%82%AC%EB%9E%91%EC%9D%98%20%EB%B6%88%EC%8B%9C%EC%B0%A9||search_link_only|0|2026-07-31T09:54:03+00:00
20260731-173748-f2477ce0|T514|T514|초호화 캐스팅으로 화제 된 드라마|6|미스터 션샤인|드라마|2018|이병헌·김태리 등 강력한 주연 조합으로 기대를 모았다.|https://m.kinolights.com/search?keyword=%EB%AF%B8%EC%8A%A4%ED%84%B0%20%EC%85%98%EC%83%A4%EC%9D%B8||search_link_only|0|2026-07-31T09:54:03+00:00
20260731-173748-f2477ce0|T514|T514|초호화 캐스팅으로 화제 된 드라마|7|도깨비|드라마|2016|공유·김고은·이동욱의 스타 조합이 큰 화제를 낳았다.|https://m.kinolights.com/search?keyword=%EB%8F%84%EA%B9%A8%EB%B9%84||search_link_only|0|2026-07-31T09:54:03+00:00
20260731-173748-f2477ce0|T514|T514|초호화 캐스팅으로 화제 된 드라마|8|태양의 후예|드라마|2016|송중기·송혜교 등 인기 배우들의 만남으로 주목받았다.|https://m.kinolights.com/search?keyword=%ED%83%9C%EC%96%91%EC%9D%98%20%ED%9B%84%EC%98%88||search_link_only|0|2026-07-31T09:54:03+00:00
20260731-173748-f2477ce0|T514|T514|초호화 캐스팅으로 화제 된 드라마|9|킹덤|드라마|2019|주지훈·류승룡·배두나가 함께한 장르 앙상블 작품이다.|https://m.kinolights.com/search?keyword=%ED%82%B9%EB%8D%A4||search_link_only|0|2026-07-31T09:54:03+00:00
20260731-173748-f2477ce0|T514|T514|초호화 캐스팅으로 화제 된 드라마|10|오징어 게임|드라마|2021|유명 배우들이 참여한 대형 제작 드라마로 기대를 모았다.|https://m.kinolights.com/search?keyword=%EC%98%A4%EC%A7%95%EC%96%B4%20%EA%B2%8C%EC%9E%84||search_link_only|0|2026-07-31T09:54:03+00:00
20260731-173748-f2477ce0|T514|T514|초호화 캐스팅으로 화제 된 드라마|11|더 글로리|드라마|2022|송혜교를 중심으로 탄탄한 배우진이 복수극을 완성했다.|https://m.kinolights.com/search?keyword=%EB%8D%94%20%EA%B8%80%EB%A1%9C%EB%A6%AC||search_link_only|0|2026-07-31T09:54:03+00:00
20260731-173748-f2477ce0|T514|T514|초호화 캐스팅으로 화제 된 드라마|12|무빙|드라마|2023|류승룡·한효주·조인성 등 세대별 배우진이 함께한다.|https://m.kinolights.com/search?keyword=%EB%AC%B4%EB%B9%99||search_link_only|0|2026-07-31T09:54:03+00:00
20260731-173748-f2477ce0|T514|T514|초호화 캐스팅으로 화제 된 드라마|13|재벌집 막내아들|드라마|2022|송중기·이성민 등 중심 배우들의 연기 대결이 돋보인다.|https://m.kinolights.com/search?keyword=%EC%9E%AC%EB%B2%8C%EC%A7%91%20%EB%A7%89%EB%82%B4%EC%95%84%EB%93%A4||search_link_only|0|2026-07-31T09:54:03+00:00
20260731-173748-f2477ce0|T514|T514|초호화 캐스팅으로 화제 된 드라마|14|알고있지만,|드라마|2021|송강과 한소희를 비롯한 청춘 스타들의 조합이 화제였다.|https://m.kinolights.com/search?keyword=%EC%95%8C%EA%B3%A0%EC%9E%88%EC%A7%80%EB%A7%8C%2C||search_link_only|0|2026-07-31T09:54:03+00:00
20260731-173748-f2477ce0|T514|T514|초호화 캐스팅으로 화제 된 드라마|15|마스크걸|드라마|2023|고현정·나나·이한별 등 여러 배우가 한 인물의 삶을 연기한다.|https://m.kinolights.com/search?keyword=%EB%A7%88%EC%8A%A4%ED%81%AC%EA%B1%B8||search_link_only|0|2026-07-31T09:54:04+00:00
20260731-173748-f2477ce0|T514|T514|초호화 캐스팅으로 화제 된 드라마|16|카지노|드라마|2022|최민식과 손석구 등 베테랑 배우들의 조합으로 관심을 받았다.|https://m.kinolights.com/search?keyword=%EC%B9%B4%EC%A7%80%EB%85%B8||search_link_only|0|2026-07-31T09:54:04+00:00
20260731-173748-f2477ce0|T515|T515|킬러에게 암살 기술을 배운 주인공|1|킬러들의 쇼핑몰|드라마|2024|킬러 삼촌에게 생존 기술을 배운 조카가 위험한 세계에 뛰어든다.|https://m.kinolights.com/search?keyword=%ED%82%AC%EB%9F%AC%EB%93%A4%EC%9D%98%20%EC%87%BC%ED%95%91%EB%AA%B0||search_link_only|0|2026-07-31T09:54:05+00:00
20260731-173748-f2477ce0|T515|T515|킬러에게 암살 기술을 배운 주인공|2|존 윅|영화|2014|전설적인 킬러가 과거의 기술을 되살려 복수에 나선다.|https://m.kinolights.com/search?keyword=%EC%A1%B4%20%EC%9C%85||search_link_only|0|2026-07-31T09:54:05+00:00
20260731-173748-f2477ce0|T515|T515|킬러에게 암살 기술을 배운 주인공|3|니키타|영화|1990|범죄자가 비밀 조직에서 암살 훈련을 받고 킬러가 된다.|https://m.kinolights.com/search?keyword=%EB%8B%88%ED%82%A4%ED%83%80||search_link_only|0|2026-07-31T09:54:05+00:00
20260731-173748-f2477ce0|T515|T515|킬러에게 암살 기술을 배운 주인공|4|콜롬비아나|영화|2011|소녀가 킬러로 성장해 가족을 죽인 이들에게 복수한다.|https://m.kinolights.com/search?keyword=%EC%BD%9C%EB%A1%AC%EB%B9%84%EC%95%84%EB%82%98||search_link_only|0|2026-07-31T09:54:05+00:00
20260731-173748-f2477ce0|T515|T515|킬러에게 암살 기술을 배운 주인공|5|한나|영화|2011|아버지에게 훈련받은 소녀 암살자가 추격전에 휘말린다.|https://m.kinolights.com/search?keyword=%ED%95%9C%EB%82%98||search_link_only|0|2026-07-31T09:54:05+00:00
20260731-173748-f2477ce0|T515|T515|킬러에게 암살 기술을 배운 주인공|6|아토믹 블론드|영화|2017|최정예 요원이 암살 임무와 생존 기술을 펼친다.|https://m.kinolights.com/search?keyword=%EC%95%84%ED%86%A0%EB%AF%B9%20%EB%B8%94%EB%A1%A0%EB%93%9C||search_link_only|0|2026-07-31T09:26:48+00:00
20260731-173748-f2477ce0|T515|T515|킬러에게 암살 기술을 배운 주인공|7|안나|영화|2019|평범한 여성이 비밀 조직의 킬러로 훈련받는다.|https://m.kinolights.com/search?keyword=%EC%95%88%EB%82%98||search_link_only|0|2026-07-31T09:54:05+00:00
20260731-173748-f2477ce0|T515|T515|킬러에게 암살 기술을 배운 주인공|8|레드 스패로|영화|2018|발레리나가 정보기관 훈련을 받고 암살 임무에 투입된다.|https://m.kinolights.com/search?keyword=%EB%A0%88%EB%93%9C%20%EC%8A%A4%ED%8C%A8%EB%A1%9C||search_link_only|0|2026-07-31T09:54:05+00:00
20260731-173748-f2477ce0|T515|T515|킬러에게 암살 기술을 배운 주인공|9|솔트|영화|2010|비밀 요원 출신 주인공이 뛰어난 암살 기술로 위기를 돌파한다.|https://m.kinolights.com/search?keyword=%EC%86%94%ED%8A%B8||search_link_only|0|2026-07-31T09:54:05+00:00
20260731-173748-f2477ce0|T515|T515|킬러에게 암살 기술을 배운 주인공|10|악녀|영화|2017|어린 시절부터 킬러로 길러진 여성이 조직과 맞선다.|https://m.kinolights.com/search?keyword=%EC%95%85%EB%85%80||search_link_only|0|2026-07-31T09:54:05+00:00
20260731-173748-f2477ce0|T515|T515|킬러에게 암살 기술을 배운 주인공|11|달콤한 인생|영화|2005|조직의 핵심 행동대원이 배신과 복수의 소용돌이에 빠진다.|https://m.kinolights.com/search?keyword=%EB%8B%AC%EC%BD%A4%ED%95%9C%20%EC%9D%B8%EC%83%9D||search_link_only|0|2026-07-31T09:54:05+00:00
20260731-173748-f2477ce0|T515|T515|킬러에게 암살 기술을 배운 주인공|12|아저씨|영화|2010|비밀스러운 과거를 지닌 남자가 소녀를 구하기 위해 움직인다.|https://m.kinolights.com/search?keyword=%EC%95%84%EC%A0%80%EC%94%A8||search_link_only|0|2026-07-31T09:54:06+00:00
20260731-173748-f2477ce0|T515|T515|킬러에게 암살 기술을 배운 주인공|13|더 이퀄라이저|영화|2014|은퇴한 요원이 과거의 전투 기술로 약자를 돕는다.|https://m.kinolights.com/search?keyword=%EB%8D%94%20%EC%9D%B4%ED%80%84%EB%9D%BC%EC%9D%B4%EC%A0%80||search_link_only|0|2026-07-31T09:54:07+00:00
20260731-173748-f2477ce0|T515|T515|킬러에게 암살 기술을 배운 주인공|14|노바디|영화|2021|평범한 가장이 숨겨둔 암살자 본능을 깨운다.|https://m.kinolights.com/search?keyword=%EB%85%B8%EB%B0%94%EB%94%94||search_link_only|0|2026-07-31T09:54:06+00:00
20260731-173748-f2477ce0|T515|T515|킬러에게 암살 기술을 배운 주인공|15|킬러의 보디가드|영화|2017|전설적인 암살자를 둘러싸고 위험한 임무가 펼쳐진다.|https://m.kinolights.com/search?keyword=%ED%82%AC%EB%9F%AC%EC%9D%98%20%EB%B3%B4%EB%94%94%EA%B0%80%EB%93%9C||search_link_only|0|2026-07-31T09:54:06+00:00
20260731-173748-f2477ce0|T515|T515|킬러에게 암살 기술을 배운 주인공|16|어쌔신: 더 비기닝|영화|2017|신참 요원이 훈련을 거쳐 테러리스트를 추적한다.|https://m.kinolights.com/search?keyword=%EC%96%B4%EC%8C%94%EC%8B%A0%3A%20%EB%8D%94%20%EB%B9%84%EA%B8%B0%EB%8B%9D||search_link_only|0|2026-07-31T09:54:07+00:00
20260731-173748-f2477ce0|T516|T516|재개봉으로 다시 만나는 애니메이션|1|극장판 귀멸의 칼날: 무한열차편|애니메이션|2020|극장 재관람 열풍을 일으킨 대표적인 일본 애니메이션 영화다.|https://m.kinolights.com/search?keyword=%EA%B7%B9%EC%9E%A5%ED%8C%90%20%EA%B7%80%EB%A9%B8%EC%9D%98%20%EC%B9%BC%EB%82%A0%3A%20%EB%AC%B4%ED%95%9C%EC%97%B4%EC%B0%A8%ED%8E%B8||search_link_only|0|2026-07-31T09:54:06+00:00
20260731-173748-f2477ce0|T516|T516|재개봉으로 다시 만나는 애니메이션|2|극장판 귀멸의 칼날: 무한성편|애니메이션|2025|대형 스크린에 어울리는 최종 결전과 팬덤 화제성을 갖췄다.|https://m.kinolights.com/search?keyword=%EA%B7%B9%EC%9E%A5%ED%8C%90%20%EA%B7%80%EB%A9%B8%EC%9D%98%20%EC%B9%BC%EB%82%A0%3A%20%EB%AC%B4%ED%95%9C%EC%84%B1%ED%8E%B8||search_link_only|0|2026-07-31T09:26:48+00:00
20260731-173748-f2477ce0|T516|T516|재개봉으로 다시 만나는 애니메이션|3|더 퍼스트 슬램덩크|애니메이션|2022|재개봉과 응원 상영으로 극장에서 다시 사랑받은 작품이다.|https://m.kinolights.com/search?keyword=%EB%8D%94%20%ED%8D%BC%EC%8A%A4%ED%8A%B8%20%EC%8A%AC%EB%9E%A8%EB%8D%A9%ED%81%AC||search_link_only|0|2026-07-31T09:54:00+00:00
20260731-173748-f2477ce0|T516|T516|재개봉으로 다시 만나는 애니메이션|4|스즈메의 문단속|애니메이션|2022|극장 중심의 영상미와 음악으로 반복 관람을 이끌었다.|https://m.kinolights.com/search?keyword=%EC%8A%A4%EC%A6%88%EB%A9%94%EC%9D%98%20%EB%AC%B8%EB%8B%A8%EC%86%8D||search_link_only|0|2026-07-31T09:26:52+00:00
20260731-173748-f2477ce0|T516|T516|재개봉으로 다시 만나는 애니메이션|5|너의 이름은.|애니메이션|2016|재개봉 때마다 관객을 모으는 대표적인 일본 애니메이션이다.|https://m.kinolights.com/search?keyword=%EB%84%88%EC%9D%98%20%EC%9D%B4%EB%A6%84%EC%9D%80.||search_link_only|0|2026-07-31T09:54:07+00:00
20260731-173748-f2477ce0|T516|T516|재개봉으로 다시 만나는 애니메이션|6|날씨의 아이|애니메이션|2019|신카이 마코토 특유의 장면을 극장에서 다시 즐기기 좋다.|https://m.kinolights.com/search?keyword=%EB%82%A0%EC%94%A8%EC%9D%98%20%EC%95%84%EC%9D%B4||search_link_only|0|2026-07-31T09:26:49+00:00
20260731-173748-f2477ce0|T516|T516|재개봉으로 다시 만나는 애니메이션|7|초속5센티미터|애니메이션|2007|재개봉으로 영상미와 감성을 큰 화면에서 재발견했다.|https://m.kinolights.com/search?keyword=%EC%B4%88%EC%86%8D5%EC%84%BC%ED%8B%B0%EB%AF%B8%ED%84%B0||search_link_only|0|2026-07-31T09:54:07+00:00
20260731-173748-f2477ce0|T516|T516|재개봉으로 다시 만나는 애니메이션|8|하울의 움직이는 성|애니메이션|2004|지브리 대표작으로 극장 재상영 때마다 향수를 자극한다.|https://m.kinolights.com/search?keyword=%ED%95%98%EC%9A%B8%EC%9D%98%20%EC%9B%80%EC%A7%81%EC%9D%B4%EB%8A%94%20%EC%84%B1||search_link_only|0|2026-07-31T09:54:07+00:00
20260731-173748-f2477ce0|T516|T516|재개봉으로 다시 만나는 애니메이션|9|센과 치히로의 행방불명|애니메이션|2001|재개봉 관객이 꾸준한 극장 대표 애니메이션이다.|https://m.kinolights.com/search?keyword=%EC%84%BC%EA%B3%BC%20%EC%B9%98%ED%9E%88%EB%A1%9C%EC%9D%98%20%ED%96%89%EB%B0%A9%EB%B6%88%EB%AA%85||search_link_only|0|2026-07-31T09:54:07+00:00
20260731-173748-f2477ce0|T516|T516|재개봉으로 다시 만나는 애니메이션|10|모노노케 히메|애니메이션|1997|웅장한 자연과 전투 장면을 극장에서 다시 만날 수 있다.|https://m.kinolights.com/search?keyword=%EB%AA%A8%EB%85%B8%EB%85%B8%EC%BC%80%20%ED%9E%88%EB%A9%94||search_link_only|0|2026-07-31T09:54:06+00:00
20260731-173748-f2477ce0|T516|T516|재개봉으로 다시 만나는 애니메이션|11|바람계곡의 나우시카|애니메이션|1984|대형 화면에 어울리는 지브리 고전의 세계관을 보여준다.|https://m.kinolights.com/search?keyword=%EB%B0%94%EB%9E%8C%EA%B3%84%EA%B3%A1%EC%9D%98%20%EB%82%98%EC%9A%B0%EC%8B%9C%EC%B9%B4||search_link_only|0|2026-07-31T09:54:07+00:00
20260731-173748-f2477ce0|T516|T516|재개봉으로 다시 만나는 애니메이션|12|공각기동대|애니메이션|1995|극장 재상영으로 사이버펑크 영상미를 새롭게 만날 수 있다.|https://m.kinolights.com/search?keyword=%EA%B3%B5%EA%B0%81%EA%B8%B0%EB%8F%99%EB%8C%80||search_link_only|0|2026-07-31T09:54:07+00:00
20260731-173748-f2477ce0|T516|T516|재개봉으로 다시 만나는 애니메이션|13|아키라|애니메이션|1988|압도적인 작화와 사운드가 극장 관람에 적합하다.|https://m.kinolights.com/search?keyword=%EC%95%84%ED%82%A4%EB%9D%BC||search_link_only|0|2026-07-31T09:54:07+00:00
20260731-173748-f2477ce0|T516|T516|재개봉으로 다시 만나는 애니메이션|14|썸머 워즈|애니메이션|2009|가족과 가상세계의 모험을 극장판 규모로 즐길 수 있다.|https://m.kinolights.com/search?keyword=%EC%8D%B8%EB%A8%B8%20%EC%9B%8C%EC%A6%88||search_link_only|0|2026-07-31T09:54:07+00:00
20260731-173748-f2477ce0|T516|T516|재개봉으로 다시 만나는 애니메이션|15|목소리의 형태|애니메이션|2016|관계와 성장의 감정을 큰 화면에서 다시 음미할 수 있다.|https://m.kinolights.com/search?keyword=%EB%AA%A9%EC%86%8C%EB%A6%AC%EC%9D%98%20%ED%98%95%ED%83%9C||search_link_only|0|2026-07-31T09:54:08+00:00
20260731-173748-f2477ce0|T516|T516|재개봉으로 다시 만나는 애니메이션|16|극장판 주술회전 0|애니메이션|2021|팬덤 중심의 재관람과 액션 장면 감상에 적합한 극장판이다.|https://m.kinolights.com/search?keyword=%EA%B7%B9%EC%9E%A5%ED%8C%90%20%EC%A3%BC%EC%88%A0%ED%9A%8C%EC%A0%84%200||search_link_only|0|2026-07-31T09:54:08+00:00
20260731-173748-f2477ce0|T517|T517|평가가 엇갈린 한국 영화|1|호프|영화|2025|전개와 결말을 둘러싼 상반된 평가와 해석이 이어진다.|https://m.kinolights.com/search?keyword=%ED%98%B8%ED%94%84||search_link_only|0|2026-07-31T09:54:08+00:00
20260731-173748-f2477ce0|T517|T517|평가가 엇갈린 한국 영화|2|성실한 나라의 앨리스|영화|2015|독특한 톤과 결말이 관객의 호불호를 갈라놓는다.|https://m.kinolights.com/search?keyword=%EC%84%B1%EC%8B%A4%ED%95%9C%20%EB%82%98%EB%9D%BC%EC%9D%98%20%EC%95%A8%EB%A6%AC%EC%8A%A4||search_link_only|0|2026-07-31T09:54:08+00:00
20260731-173748-f2477ce0|T517|T517|평가가 엇갈린 한국 영화|3|곡성|영화|2016|모호한 서사와 결말이 오랫동안 논쟁적인 해석을 낳았다.|https://m.kinolights.com/search?keyword=%EA%B3%A1%EC%84%B1||search_link_only|0|2026-07-31T09:54:08+00:00
20260731-173748-f2477ce0|T517|T517|평가가 엇갈린 한국 영화|4|박쥐|영화|2009|파격적인 소재와 스타일이 관객마다 다른 평가를 이끈다.|https://m.kinolights.com/search?keyword=%EB%B0%95%EC%A5%90||search_link_only|0|2026-07-31T09:54:08+00:00
20260731-173748-f2477ce0|T517|T517|평가가 엇갈린 한국 영화|5|아가씨|영화|2016|복잡한 서사와 해석의 여지가 다양한 감상을 만든다.|https://m.kinolights.com/search?keyword=%EC%95%84%EA%B0%80%EC%94%A8||search_link_only|0|2026-07-31T09:54:08+00:00
20260731-173748-f2477ce0|T517|T517|평가가 엇갈린 한국 영화|6|마더|영화|2009|인물의 선택과 결말을 두고 상반된 해석이 가능하다.|https://m.kinolights.com/search?keyword=%EB%A7%88%EB%8D%94||search_link_only|0|2026-07-31T09:54:08+00:00
20260731-173748-f2477ce0|T517|T517|평가가 엇갈린 한국 영화|7|살인의 추억|영화|2003|열린 결말과 실제 사건의 관계가 지속적인 논쟁을 부른다.|https://m.kinolights.com/search?keyword=%EC%82%B4%EC%9D%B8%EC%9D%98%20%EC%B6%94%EC%96%B5||search_link_only|0|2026-07-31T09:26:49+00:00
20260731-173748-f2477ce0|T517|T517|평가가 엇갈린 한국 영화|8|설국열차|영화|2013|상징과 계급 해석을 중심으로 평가가 엇갈린 작품이다.|https://m.kinolights.com/search?keyword=%EC%84%A4%EA%B5%AD%EC%97%B4%EC%B0%A8||search_link_only|0|2026-07-31T09:54:08+00:00
20260731-173748-f2477ce0|T517|T517|평가가 엇갈린 한국 영화|9|더 킹|영화|2017|정치 풍자와 인물 묘사에 대한 반응이 다양하게 갈렸다.|https://m.kinolights.com/search?keyword=%EB%8D%94%20%ED%82%B9||search_link_only|0|2026-07-31T09:54:08+00:00
20260731-173748-f2477ce0|T517|T517|평가가 엇갈린 한국 영화|10|사도|영화|2015|역사적 해석과 가족 갈등 묘사에 대한 평가가 나뉜다.|https://m.kinolights.com/search?keyword=%EC%82%AC%EB%8F%84||search_link_only|0|2026-07-31T09:54:08+00:00
20260731-173748-f2477ce0|T517|T517|평가가 엇갈린 한국 영화|11|미성년|영화|2019|불편한 가족 상황을 다루며 관객의 판단을 요구한다.|https://m.kinolights.com/search?keyword=%EB%AF%B8%EC%84%B1%EB%85%84||search_link_only|0|2026-07-31T09:54:08+00:00
20260731-173748-f2477ce0|T517|T517|평가가 엇갈린 한국 영화|12|비상선언|영화|2022|재난 전개와 후반부를 두고 호불호가 크게 나뉘었다.|https://m.kinolights.com/search?keyword=%EB%B9%84%EC%83%81%EC%84%A0%EC%96%B8||search_link_only|0|2026-07-31T09:54:09+00:00
20260731-173748-f2477ce0|T517|T517|평가가 엇갈린 한국 영화|13|외계+인 1부|영화|2022|장르 혼합과 복잡한 설정이 관객 반응을 갈라놓았다.|https://m.kinolights.com/search?keyword=%EC%99%B8%EA%B3%84%2B%EC%9D%B8%201%EB%B6%80||search_link_only|0|2026-07-31T09:54:09+00:00
20260731-173748-f2477ce0|T517|T517|평가가 엇갈린 한국 영화|14|외계+인 2부|영화|2024|전작의 설정을 확장하며 결말과 완성도를 두고 논쟁을 낳았다.|https://m.kinolights.com/search?keyword=%EC%99%B8%EA%B3%84%2B%EC%9D%B8%202%EB%B6%80||search_link_only|0|2026-07-31T09:54:09+00:00
20260731-173748-f2477ce0|T517|T517|평가가 엇갈린 한국 영화|15|인랑|영화|2018|원작 각색과 서사 전개에 대한 평가가 엇갈린다.|https://m.kinolights.com/search?keyword=%EC%9D%B8%EB%9E%91||search_link_only|0|2026-07-31T09:54:09+00:00
20260731-173748-f2477ce0|T517|T517|평가가 엇갈린 한국 영화|16|유령|영화|2023|스타일과 장르적 방향을 둘러싼 관객 반응이 다양했다.|https://m.kinolights.com/search?keyword=%EC%9C%A0%EB%A0%B9||search_link_only|0|2026-07-31T09:54:09+00:00
20260731-173748-f2477ce0|T518|T518|법보다 먼저 악을 응징하는 주인공|1|모범택시|드라마|2021|법이 해결하지 못한 사건을 대신 복수하는 주인공을 그린다.|https://m.kinolights.com/search?keyword=%EB%AA%A8%EB%B2%94%ED%83%9D%EC%8B%9C||search_link_only|0|2026-07-31T09:54:09+00:00
20260731-173748-f2477ce0|T518|T518|법보다 먼저 악을 응징하는 주인공|2|모범택시 2|드라마|2023|피해자를 위해 사적 제재에 나서는 팀의 응징을 보여준다.|https://m.kinolights.com/search?keyword=%EB%AA%A8%EB%B2%94%ED%83%9D%EC%8B%9C%202||search_link_only|0|2026-07-31T09:54:09+00:00
20260731-173748-f2477ce0|T518|T518|법보다 먼저 악을 응징하는 주인공|3|빈센조|드라마|2021|변호사가 악당의 방식으로 악을 처단하는 복수극이다.|https://m.kinolights.com/search?keyword=%EB%B9%88%EC%84%BC%EC%A1%B0||search_link_only|0|2026-07-31T09:54:09+00:00
20260731-173748-f2477ce0|T518|T518|법보다 먼저 악을 응징하는 주인공|4|더 글로리|드라마|2022|학교 폭력 피해자가 치밀하게 가해자에게 복수한다.|https://m.kinolights.com/search?keyword=%EB%8D%94%20%EA%B8%80%EB%A1%9C%EB%A6%AC||search_link_only|0|2026-07-31T09:54:09+00:00
20260731-173748-f2477ce0|T518|T518|법보다 먼저 악을 응징하는 주인공|5|악의 마음을 읽는 자들|드라마|2022|범죄자를 추적하며 제도 안팎의 정의를 고민하게 한다.|https://m.kinolights.com/search?keyword=%EC%95%85%EC%9D%98%20%EB%A7%88%EC%9D%8C%EC%9D%84%20%EC%9D%BD%EB%8A%94%20%EC%9E%90%EB%93%A4||search_link_only|0|2026-07-31T09:54:09+00:00
20260731-173748-f2477ce0|T518|T518|법보다 먼저 악을 응징하는 주인공|6|비질란테|드라마|2023|법망을 빠져나간 범죄자를 직접 심판하는 인물을 다룬다.|https://m.kinolights.com/search?keyword=%EB%B9%84%EC%A7%88%EB%9E%80%ED%85%8C||search_link_only|0|2026-07-31T09:54:11+00:00
20260731-173748-f2477ce0|T518|T518|법보다 먼저 악을 응징하는 주인공|7|복수대행서비스: 모범택시|드라마|2021|억울한 피해자를 대신해 가해자에게 응징을 가한다.|https://m.kinolights.com/search?keyword=%EB%B3%B5%EC%88%98%EB%8C%80%ED%96%89%EC%84%9C%EB%B9%84%EC%8A%A4%3A%20%EB%AA%A8%EB%B2%94%ED%83%9D%EC%8B%9C||search_link_only|0|2026-07-31T09:54:10+00:00
20260731-173748-f2477ce0|T518|T518|법보다 먼저 악을 응징하는 주인공|8|나쁜 녀석들|드라마|2014|범죄자들을 이용해 더 큰 악을 잡는 제도 밖 수사극이다.|https://m.kinolights.com/search?keyword=%EB%82%98%EC%81%9C%20%EB%85%80%EC%84%9D%EB%93%A4||search_link_only|0|2026-07-31T09:54:11+00:00
20260731-173748-f2477ce0|T518|T518|법보다 먼저 악을 응징하는 주인공|9|나쁜 녀석들: 악의 도시|드라마|2017|부패한 권력과 범죄 조직을 거칠게 응징한다.|https://m.kinolights.com/search?keyword=%EB%82%98%EC%81%9C%20%EB%85%80%EC%84%9D%EB%93%A4%3A%20%EC%95%85%EC%9D%98%20%EB%8F%84%EC%8B%9C||search_link_only|0|2026-07-31T09:54:11+00:00
20260731-173748-f2477ce0|T518|T518|법보다 먼저 악을 응징하는 주인공|10|이태원 클라쓰|드라마|2020|주인공이 부당한 권력에 맞서 장기적인 복수를 실행한다.|https://m.kinolights.com/search?keyword=%EC%9D%B4%ED%83%9C%EC%9B%90%20%ED%81%B4%EB%9D%BC%EC%93%B0||search_link_only|0|2026-07-31T09:54:11+00:00
20260731-173748-f2477ce0|T518|T518|법보다 먼저 악을 응징하는 주인공|11|라이프 온 마스|드라마|2018|주인공이 범죄와 부조리에 맞서 직접 진실을 파헤친다.|https://m.kinolights.com/search?keyword=%EB%9D%BC%EC%9D%B4%ED%94%84%20%EC%98%A8%20%EB%A7%88%EC%8A%A4||search_link_only|0|2026-07-31T09:54:11+00:00
20260731-173748-f2477ce0|T518|T518|법보다 먼저 악을 응징하는 주인공|12|아저씨|영화|2010|과거의 전투 기술을 사용해 범죄 조직을 직접 응징한다.|https://m.kinolights.com/search?keyword=%EC%95%84%EC%A0%80%EC%94%A8||search_link_only|0|2026-07-31T09:54:11+00:00
20260731-173748-f2477ce0|T518|T518|법보다 먼저 악을 응징하는 주인공|13|악녀|영화|2017|킬러 출신 주인공이 자신을 이용한 세력에 복수한다.|https://m.kinolights.com/search?keyword=%EC%95%85%EB%85%80||search_link_only|0|2026-07-31T09:54:11+00:00
20260731-173748-f2477ce0|T518|T518|법보다 먼저 악을 응징하는 주인공|14|달콤한 인생|영화|2005|조직의 배신에 맞선 남자가 법 밖에서 복수를 수행한다.|https://m.kinolights.com/search?keyword=%EB%8B%AC%EC%BD%A4%ED%95%9C%20%EC%9D%B8%EC%83%9D||search_link_only|0|2026-07-31T09:54:10+00:00
20260731-173748-f2477ce0|T518|T518|법보다 먼저 악을 응징하는 주인공|15|존 윅|영화|2014|전설적인 킬러가 직접 적들을 찾아가 응징한다.|https://m.kinolights.com/search?keyword=%EC%A1%B4%20%EC%9C%85||search_link_only|0|2026-07-31T09:54:11+00:00
20260731-173748-f2477ce0|T518|T518|법보다 먼저 악을 응징하는 주인공|16|더 이퀄라이저|영화|2014|주인공이 약자를 괴롭히는 범죄자들을 사적으로 처단한다.|https://m.kinolights.com/search?keyword=%EB%8D%94%20%EC%9D%B4%ED%80%84%EB%9D%BC%EC%9D%B4%EC%A0%80||search_link_only|0|2026-07-31T09:54:11+00:00
20260731-173748-f2477ce0|T519|T519|500만 관객을 돌파한 흥행 영화|1|명량|영화|2014|천만 관객을 기록한 대표적인 한국 흥행 영화다.|https://m.kinolights.com/search?keyword=%EB%AA%85%EB%9F%89||search_link_only|0|2026-07-31T09:54:12+00:00
20260731-173748-f2477ce0|T519|T519|500만 관객을 돌파한 흥행 영화|2|극한직업|영화|2019|천만 관객을 돌파한 대중적인 코미디 액션 흥행작이다.|https://m.kinolights.com/search?keyword=%EA%B7%B9%ED%95%9C%EC%A7%81%EC%97%85||search_link_only|0|2026-07-31T09:54:12+00:00
20260731-173748-f2477ce0|T519|T519|500만 관객을 돌파한 흥행 영화|3|베테랑|영화|2015|천만 관객을 기록한 통쾌한 범죄 액션 영화다.|https://m.kinolights.com/search?keyword=%EB%B2%A0%ED%85%8C%EB%9E%91||search_link_only|0|2026-07-31T09:54:12+00:00
20260731-173748-f2477ce0|T519|T519|500만 관객을 돌파한 흥행 영화|4|서울의 봄|영화|2023|천만 관객을 넘어선 최근 한국 영화 흥행작이다.|https://m.kinolights.com/search?keyword=%EC%84%9C%EC%9A%B8%EC%9D%98%20%EB%B4%84||search_link_only|0|2026-07-31T09:54:12+00:00
20260731-173748-f2477ce0|T519|T519|500만 관객을 돌파한 흥행 영화|5|범죄도시 2|영화|2022|천만 관객을 돌파한 대표적인 범죄 액션 영화다.|https://m.kinolights.com/search?keyword=%EB%B2%94%EC%A3%84%EB%8F%84%EC%8B%9C%202||search_link_only|0|2026-07-31T09:54:12+00:00
20260731-173748-f2477ce0|T519|T519|500만 관객을 돌파한 흥행 영화|6|범죄도시 4|영화|2024|500만 관객을 넘어선 시리즈 흥행작이다.|https://m.kinolights.com/search?keyword=%EB%B2%94%EC%A3%84%EB%8F%84%EC%8B%9C%204||search_link_only|0|2026-07-31T09:54:12+00:00
20260731-173748-f2477ce0|T519|T519|500만 관객을 돌파한 흥행 영화|7|암살|영화|2015|천만 관객을 기록한 독립운동 액션 대작이다.|https://m.kinolights.com/search?keyword=%EC%95%94%EC%82%B4||search_link_only|0|2026-07-31T09:54:12+00:00
20260731-173748-f2477ce0|T519|T519|500만 관객을 돌파한 흥행 영화|8|광해, 왕이 된 남자|영화|2012|천만 관객을 모은 역사극 흥행작이다.|https://m.kinolights.com/search?keyword=%EA%B4%91%ED%95%B4%2C%20%EC%99%95%EC%9D%B4%20%EB%90%9C%20%EB%82%A8%EC%9E%90||search_link_only|0|2026-07-31T09:54:12+00:00
20260731-173748-f2477ce0|T519|T519|500만 관객을 돌파한 흥행 영화|9|7번방의 선물|영화|2013|천만 관객을 기록한 감동적인 가족 영화다.|https://m.kinolights.com/search?keyword=7%EB%B2%88%EB%B0%A9%EC%9D%98%20%EC%84%A0%EB%AC%BC||search_link_only|0|2026-07-31T09:54:12+00:00
20260731-173748-f2477ce0|T519|T519|500만 관객을 돌파한 흥행 영화|10|도둑들|영화|2012|천만 관객을 돌파한 스타 앙상블 범죄 영화다.|https://m.kinolights.com/search?keyword=%EB%8F%84%EB%91%91%EB%93%A4||search_link_only|0|2026-07-31T09:54:12+00:00
20260731-173748-f2477ce0|T519|T519|500만 관객을 돌파한 흥행 영화|11|국제시장|영화|2014|천만 관객을 기록한 세대 공감형 흥행작이다.|https://m.kinolights.com/search?keyword=%EA%B5%AD%EC%A0%9C%EC%8B%9C%EC%9E%A5||search_link_only|0|2026-07-31T09:54:14+00:00
20260731-173748-f2477ce0|T519|T519|500만 관객을 돌파한 흥행 영화|12|부산행|영화|2016|천만 관객을 넘어선 한국 좀비 액션 영화다.|https://m.kinolights.com/search?keyword=%EB%B6%80%EC%82%B0%ED%96%89||search_link_only|0|2026-07-31T09:54:14+00:00
20260731-173748-f2477ce0|T519|T519|500만 관객을 돌파한 흥행 영화|13|신과함께-죄와 벌|영화|2017|천만 관객을 기록한 판타지 블록버스터다.|https://m.kinolights.com/search?keyword=%EC%8B%A0%EA%B3%BC%ED%95%A8%EA%BB%98-%EC%A3%84%EC%99%80%20%EB%B2%8C||search_link_only|0|2026-07-31T09:54:14+00:00
20260731-173748-f2477ce0|T519|T519|500만 관객을 돌파한 흥행 영화|14|신과함께-인과 연|영화|2018|전편에 이어 천만 관객을 달성한 흥행작이다.|https://m.kinolights.com/search?keyword=%EC%8B%A0%EA%B3%BC%ED%95%A8%EA%BB%98-%EC%9D%B8%EA%B3%BC%20%EC%97%B0||search_link_only|0|2026-07-31T09:54:14+00:00
20260731-173748-f2477ce0|T519|T519|500만 관객을 돌파한 흥행 영화|15|택시운전사|영화|2017|천만 관객을 모은 역사·휴먼 드라마다.|https://m.kinolights.com/search?keyword=%ED%83%9D%EC%8B%9C%EC%9A%B4%EC%A0%84%EC%82%AC||search_link_only|0|2026-07-31T09:54:14+00:00
20260731-173748-f2477ce0|T519|T519|500만 관객을 돌파한 흥행 영화|16|어벤져스: 엔드게임|영화|2019|국내에서 천만 관객을 돌파한 글로벌 흥행작이다.|https://m.kinolights.com/search?keyword=%EC%96%B4%EB%B2%A4%EC%A0%B8%EC%8A%A4%3A%20%EC%97%94%EB%93%9C%EA%B2%8C%EC%9E%84||search_link_only|0|2026-07-31T09:54:14+00:00
20260731-173748-f2477ce0|T520|T520|극장에서 다시 보는 일본 애니|1|극장판 귀멸의 칼날: 무한열차편|애니메이션|2020|극장 관람에 최적화된 일본 애니메이션 흥행작이다.|https://m.kinolights.com/search?keyword=%EA%B7%B9%EC%9E%A5%ED%8C%90%20%EA%B7%80%EB%A9%B8%EC%9D%98%20%EC%B9%BC%EB%82%A0%3A%20%EB%AC%B4%ED%95%9C%EC%97%B4%EC%B0%A8%ED%8E%B8||search_link_only|0|2026-07-31T09:54:14+00:00
20260731-173748-f2477ce0|T520|T520|극장에서 다시 보는 일본 애니|2|극장판 귀멸의 칼날: 무한성편|애니메이션|2025|최종 결전의 액션과 작화를 대형 화면으로 즐길 수 있다.|https://m.kinolights.com/search?keyword=%EA%B7%B9%EC%9E%A5%ED%8C%90%20%EA%B7%80%EB%A9%B8%EC%9D%98%20%EC%B9%BC%EB%82%A0%3A%20%EB%AC%B4%ED%95%9C%EC%84%B1%ED%8E%B8||search_link_only|0|2026-07-31T09:54:14+00:00
20260731-173748-f2477ce0|T520|T520|극장에서 다시 보는 일본 애니|3|더 퍼스트 슬램덩크|애니메이션|2022|극장 재개봉과 응원 상영으로 팬덤 관람이 이어졌다.|https://m.kinolights.com/search?keyword=%EB%8D%94%20%ED%8D%BC%EC%8A%A4%ED%8A%B8%20%EC%8A%AC%EB%9E%A8%EB%8D%A9%ED%81%AC||search_link_only|0|2026-07-31T09:54:14+00:00
20260731-173748-f2477ce0|T520|T520|극장에서 다시 보는 일본 애니|4|스즈메의 문단속|애니메이션|2022|광활한 풍경과 음악을 극장에서 몰입해 감상하기 좋다.|https://m.kinolights.com/search?keyword=%EC%8A%A4%EC%A6%88%EB%A9%94%EC%9D%98%20%EB%AC%B8%EB%8B%A8%EC%86%8D||search_link_only|0|2026-07-31T09:54:14+00:00
20260731-173748-f2477ce0|T520|T520|극장에서 다시 보는 일본 애니|5|너의 이름은.|애니메이션|2016|재개봉 때마다 극장 관객을 모으는 일본 애니 명작이다.|https://m.kinolights.com/search?keyword=%EB%84%88%EC%9D%98%20%EC%9D%B4%EB%A6%84%EC%9D%80.||search_link_only|0|2026-07-31T09:54:15+00:00
20260731-173748-f2477ce0|T520|T520|극장에서 다시 보는 일본 애니|6|날씨의 아이|애니메이션|2019|신카이 마코토의 아름다운 영상미가 대형 화면에 어울린다.|https://m.kinolights.com/search?keyword=%EB%82%A0%EC%94%A8%EC%9D%98%20%EC%95%84%EC%9D%B4||search_link_only|0|2026-07-31T09:54:15+00:00
20260731-173748-f2477ce0|T520|T520|극장에서 다시 보는 일본 애니|7|하울의 움직이는 성|애니메이션|2004|지브리의 환상적인 세계를 극장에서 다시 만날 수 있다.|https://m.kinolights.com/search?keyword=%ED%95%98%EC%9A%B8%EC%9D%98%20%EC%9B%80%EC%A7%81%EC%9D%B4%EB%8A%94%20%EC%84%B1||search_link_only|0|2026-07-31T09:54:15+00:00
20260731-173748-f2477ce0|T520|T520|극장에서 다시 보는 일본 애니|8|센과 치히로의 행방불명|애니메이션|2001|재상영으로도 꾸준히 관객을 모으는 일본 애니메이션이다.|https://m.kinolights.com/search?keyword=%EC%84%BC%EA%B3%BC%20%EC%B9%98%ED%9E%88%EB%A1%9C%EC%9D%98%20%ED%96%89%EB%B0%A9%EB%B6%88%EB%AA%85||search_link_only|0|2026-07-31T09:54:16+00:00
20260731-173748-f2477ce0|T520|T520|극장에서 다시 보는 일본 애니|9|모노노케 히메|애니메이션|1997|자연과 인간의 충돌을 웅장한 화면으로 보여준다.|https://m.kinolights.com/search?keyword=%EB%AA%A8%EB%85%B8%EB%85%B8%EC%BC%80%20%ED%9E%88%EB%A9%94||search_link_only|0|2026-07-31T09:54:16+00:00
20260731-173748-f2477ce0|T520|T520|극장에서 다시 보는 일본 애니|10|바람계곡의 나우시카|애니메이션|1984|거대한 자연 풍경과 모험을 극장 스케일로 즐길 수 있다.|https://m.kinolights.com/search?keyword=%EB%B0%94%EB%9E%8C%EA%B3%84%EA%B3%A1%EC%9D%98%20%EB%82%98%EC%9A%B0%EC%8B%9C%EC%B9%B4||search_link_only|0|2026-07-31T09:54:16+00:00
20260731-173748-f2477ce0|T520|T520|극장에서 다시 보는 일본 애니|11|공각기동대|애니메이션|1995|사이버펑크 영상미와 사운드가 극장 관람에 적합하다.|https://m.kinolights.com/search?keyword=%EA%B3%B5%EA%B0%81%EA%B8%B0%EB%8F%99%EB%8C%80||search_link_only|0|2026-07-31T09:54:16+00:00
20260731-173748-f2477ce0|T520|T520|극장에서 다시 보는 일본 애니|12|아키라|애니메이션|1988|압도적인 작화와 도시 액션을 큰 화면에서 체험할 수 있다.|https://m.kinolights.com/search?keyword=%EC%95%84%ED%82%A4%EB%9D%BC||search_link_only|0|2026-07-31T09:54:16+00:00
20260731-173748-f2477ce0|T520|T520|극장에서 다시 보는 일본 애니|13|극장판 주술회전 0|애니메이션|2021|팬덤 중심의 액션과 극장판 스케일을 갖춘 작품이다.|https://m.kinolights.com/search?keyword=%EA%B7%B9%EC%9E%A5%ED%8C%90%20%EC%A3%BC%EC%88%A0%ED%9A%8C%EC%A0%84%200||search_link_only|0|2026-07-31T09:54:16+00:00
20260731-173748-f2477ce0|T520|T520|극장에서 다시 보는 일본 애니|14|극장판 명탐정 코난: 흑철의 어영|애니메이션|2023|극장판 특유의 추리와 액션을 대형 화면으로 즐긴다.|https://m.kinolights.com/search?keyword=%EA%B7%B9%EC%9E%A5%ED%8C%90%20%EB%AA%85%ED%83%90%EC%A0%95%20%EC%BD%94%EB%82%9C%3A%20%ED%9D%91%EC%B2%A0%EC%9D%98%20%EC%96%B4%EC%98%81||search_link_only|0|2026-07-31T09:54:16+00:00
20260731-173748-f2477ce0|T520|T520|극장에서 다시 보는 일본 애니|15|극장판 하이큐!! 쓰레기장의 결전|애니메이션|2024|라이벌전의 속도감과 응원 열기를 극장에서 만끽할 수 있다.|https://m.kinolights.com/search?keyword=%EA%B7%B9%EC%9E%A5%ED%8C%90%20%ED%95%98%EC%9D%B4%ED%81%90%21%21%20%EC%93%B0%EB%A0%88%EA%B8%B0%EC%9E%A5%EC%9D%98%20%EA%B2%B0%EC%A0%84||search_link_only|0|2026-07-31T09:54:16+00:00
20260731-173748-f2477ce0|T520|T520|극장에서 다시 보는 일본 애니|16|극장판 원피스 필름 레드|애니메이션|2022|음악과 전투가 결합된 대형 극장 애니메이션이다.|https://m.kinolights.com/search?keyword=%EA%B7%B9%EC%9E%A5%ED%8C%90%20%EC%9B%90%ED%94%BC%EC%8A%A4%20%ED%95%84%EB%A6%84%20%EB%A0%88%EB%93%9C||search_link_only|0|2026-07-31T09:54:16+00:00
THEME_DB|T001|T001|보고 나면 해석 찾는 영화|1|설국열차|영화|2013|봉준호 감독의 계급 은유와 결말을 두고 해석이 이어지는 SF 스릴러|https://m.kinolights.com/search?keyword=%EC%84%A4%EA%B5%AD%EC%97%B4%EC%B0%A8||search_link_only|0|2026-07-31T10:14:05+00:00
THEME_DB|T001|T001|보고 나면 해석 찾는 영화|2|살인의 추억|영화|2003|열린 결말과 실제 사건의 여운으로 다양한 해석을 낳은 봉준호 작품|https://m.kinolights.com/search?keyword=%EC%82%B4%EC%9D%B8%EC%9D%98%20%EC%B6%94%EC%96%B5||search_link_only|0|2026-07-31T12:09:20+00:00
THEME_DB|T001|T001|보고 나면 해석 찾는 영화|3|옥자|영화|2017|생명윤리와 자본주의를 다층적으로 다룬 봉준호의 SF 영화|https://m.kinolights.com/search?keyword=%EC%98%A5%EC%9E%90||search_link_only|0|2026-07-31T10:14:05+00:00
THEME_DB|T001|T001|보고 나면 해석 찾는 영화|4|기생충|영화|2019|상징과 열린 결말이 풍부해 감상 후 해석을 찾게 되는 작품|https://m.kinolights.com/search?keyword=%EA%B8%B0%EC%83%9D%EC%B6%A9||search_link_only|0|2026-07-31T12:09:19+00:00
THEME_DB|T001|T001|보고 나면 해석 찾는 영화|5|미키 17|영화|2025|복제와 계급을 다룬 봉준호 감독의 SF 원작 영화|https://m.kinolights.com/search?keyword=%EB%AF%B8%ED%82%A4%2017||search_link_only|0|2026-07-31T12:09:20+00:00
THEME_DB|T001|T001|보고 나면 해석 찾는 영화|6|인셉션|영화|2010|꿈과 현실의 경계를 흐리는 결말로 대표적인 해석 유발 영화|https://m.kinolights.com/search?keyword=%EC%9D%B8%EC%85%89%EC%85%98||search_link_only|0|2026-07-31T10:14:56+00:00
THEME_DB|T001|T001|보고 나면 해석 찾는 영화|7|인터스텔라|영화|2014|시간과 차원 설정, 결말의 과학적 의미를 되짚게 하는 SF|https://m.kinolights.com/search?keyword=%EC%9D%B8%ED%84%B0%EC%8A%A4%ED%85%94%EB%9D%BC||search_link_only|0|2026-07-31T12:09:20+00:00
THEME_DB|T001|T001|보고 나면 해석 찾는 영화|8|테넷|영화|2020|시간 역행 세계관과 복잡한 서사 구조가 해석을 요구하는 작품|https://m.kinolights.com/search?keyword=%ED%85%8C%EB%84%B7||search_link_only|0|2026-07-31T12:09:20+00:00
THEME_DB|T001|T001|보고 나면 해석 찾는 영화|9|메멘토|영화|2000|기억상실과 역순 구성으로 진실을 재구성하게 만드는 스릴러|https://m.kinolights.com/search?keyword=%EB%A9%94%EB%A9%98%ED%86%A0||search_link_only|0|2026-07-31T12:09:20+00:00
THEME_DB|T001|T001|보고 나면 해석 찾는 영화|10|멀홀랜드 드라이브|영화|2001|꿈과 현실이 뒤섞인 난해한 서사로 다양한 분석을 이끄는 영화|https://m.kinolights.com/search?keyword=%EB%A9%80%ED%99%80%EB%9E%9C%EB%93%9C%20%EB%93%9C%EB%9D%BC%EC%9D%B4%EB%B8%8C||search_link_only|0|2026-07-31T12:09:20+00:00
THEME_DB|T001|T001|보고 나면 해석 찾는 영화|11|셔터 아일랜드|영화|2010|주인공의 인식과 반전의 의미를 다시 보게 만드는 심리 스릴러|https://m.kinolights.com/search?keyword=%EC%85%94%ED%84%B0%20%EC%95%84%EC%9D%BC%EB%9E%9C%EB%93%9C||search_link_only|0|2026-07-31T12:09:20+00:00
THEME_DB|T001|T001|보고 나면 해석 찾는 영화|12|프레스티지|영화|2006|집착과 복제의 비밀을 숨긴 복선 중심의 미스터리 스릴러|https://m.kinolights.com/search?keyword=%ED%94%84%EB%A0%88%EC%8A%A4%ED%8B%B0%EC%A7%80||search_link_only|0|2026-07-31T12:09:20+00:00
THEME_DB|T001|T001|보고 나면 해석 찾는 영화|13|컨택트|영화|2016|외계 언어와 비선형적 시간관이 결말 해석으로 이어지는 SF|https://m.kinolights.com/search?keyword=%EC%BB%A8%ED%83%9D%ED%8A%B8||search_link_only|0|2026-07-31T12:09:20+00:00
THEME_DB|T001|T001|보고 나면 해석 찾는 영화|14|애니힐레이션|영화|2018|변이 공간의 정체와 상징을 둘러싼 해석이 풍부한 SF|https://m.kinolights.com/search?keyword=%EC%95%A0%EB%8B%88%ED%9E%90%EB%A0%88%EC%9D%B4%EC%85%98||search_link_only|0|2026-07-31T12:09:20+00:00
THEME_DB|T001|T001|보고 나면 해석 찾는 영화|15|더 랍스터|영화|2015|기묘한 규칙의 사회를 통해 관계와 선택을 은유한 작품|https://m.kinolights.com/search?keyword=%EB%8D%94%20%EB%9E%8D%EC%8A%A4%ED%84%B0||search_link_only|0|2026-07-31T12:09:21+00:00
THEME_DB|T001|T001|보고 나면 해석 찾는 영화|16|2001: 스페이스 오디세이|영화|1968|상징적인 이미지와 열린 결말로 오랫동안 분석된 SF 고전|https://m.kinolights.com/search?keyword=2001%3A%20%EC%8A%A4%ED%8E%98%EC%9D%B4%EC%8A%A4%20%EC%98%A4%EB%94%94%EC%84%B8%EC%9D%B4||search_link_only|0|2026-07-31T10:14:57+00:00
THEME_DB|T002|T002|혐관이 제일 맛있다|1|사내 맞선|드라마|2022|앙숙처럼 시작해 달콤한 연인이 되는 로코|https://m.kinolights.com/search?keyword=%EC%82%AC%EB%82%B4%20%EB%A7%9E%EC%84%A0||search_link_only|0|2026-07-31T09:55:46+00:00
THEME_DB|T002|T002|혐관이 제일 맛있다|2|김비서가 왜 그럴까|드라마|2018|티격태격하는 상사와 비서의 로맨스|https://m.kinolights.com/search?keyword=%EA%B9%80%EB%B9%84%EC%84%9C%EA%B0%80%20%EC%99%9C%20%EA%B7%B8%EB%9F%B4%EA%B9%8C||search_link_only|0|2026-07-31T09:55:46+00:00
THEME_DB|T002|T002|혐관이 제일 맛있다|3|쌈 마이웨이|드라마|2017|친구에서 연인으로 발전하는 현실 케미|https://m.kinolights.com/search?keyword=%EC%8C%88%20%EB%A7%88%EC%9D%B4%EC%9B%A8%EC%9D%B4||search_link_only|0|2026-07-31T09:55:46+00:00
THEME_DB|T002|T002|혐관이 제일 맛있다|4|그 해 우리는|드라마|2021|헤어진 연인이 다시 만나 감정을 확인함|https://m.kinolights.com/search?keyword=%EA%B7%B8%20%ED%95%B4%20%EC%9A%B0%EB%A6%AC%EB%8A%94||search_link_only|0|2026-07-31T09:55:46+00:00
THEME_DB|T002|T002|혐관이 제일 맛있다|5|달의 연인 - 보보경심 려|드라마|2016|전생 같은 운명과 갈등을 품은 로맨스|https://m.kinolights.com/search?keyword=%EB%8B%AC%EC%9D%98%20%EC%97%B0%EC%9D%B8%20-%20%EB%B3%B4%EB%B3%B4%EA%B2%BD%EC%8B%AC%20%EB%A0%A4||search_link_only|0|2026-07-31T09:55:47+00:00
THEME_DB|T002|T002|혐관이 제일 맛있다|6|연애대전|드라마|2023|서로를 불신하던 남녀의 유쾌한 관계 변화|https://m.kinolights.com/search?keyword=%EC%97%B0%EC%95%A0%EB%8C%80%EC%A0%84||search_link_only|0|2026-07-31T09:55:47+00:00
THEME_DB|T002|T002|혐관이 제일 맛있다|7|환혼|드라마|2022|대립과 협력을 오가는 판타지 로맨스|https://m.kinolights.com/search?keyword=%ED%99%98%ED%98%BC||search_link_only|0|2026-07-31T09:55:47+00:00
THEME_DB|T002|T002|혐관이 제일 맛있다|8|호텔 델루나|드라마|2019|차가운 만남에서 깊어지는 판타지 커플|https://m.kinolights.com/search?keyword=%ED%98%B8%ED%85%94%20%EB%8D%B8%EB%A3%A8%EB%82%98||search_link_only|0|2026-07-31T09:55:47+00:00
THEME_DB|T002|T002|혐관이 제일 맛있다|9|이번 생은 처음이라|드라마|2017|계약 관계에서 사랑으로 변하는 과정|https://m.kinolights.com/search?keyword=%EC%9D%B4%EB%B2%88%20%EC%83%9D%EC%9D%80%20%EC%B2%98%EC%9D%8C%EC%9D%B4%EB%9D%BC||search_link_only|0|2026-07-31T09:55:47+00:00
THEME_DB|T002|T002|혐관이 제일 맛있다|10|응답하라 1997|드라마|2012|티격태격하는 친구들의 풋풋한 로맨스|https://m.kinolights.com/search?keyword=%EC%9D%91%EB%8B%B5%ED%95%98%EB%9D%BC%201997||search_link_only|0|2026-07-31T09:55:47+00:00
THEME_DB|T002|T002|혐관이 제일 맛있다|11|브리저튼|드라마|2020|가문 간 이해관계 속에서 사랑으로 변하는 관계|https://m.kinolights.com/search?keyword=%EB%B8%8C%EB%A6%AC%EC%A0%80%ED%8A%BC||search_link_only|0|2026-07-31T09:55:47+00:00
THEME_DB|T002|T002|혐관이 제일 맛있다|12|오만과 편견|영화|2005|편견과 충돌을 넘어서는 고전 로맨스|https://m.kinolights.com/search?keyword=%EC%98%A4%EB%A7%8C%EA%B3%BC%20%ED%8E%B8%EA%B2%AC||search_link_only|0|2026-07-31T09:55:47+00:00
THEME_DB|T002|T002|혐관이 제일 맛있다|13|10일 안에 남자친구에게 차이는 법|영화|2003|서로 다른 목적의 남녀가 부딪히는 로코|https://m.kinolights.com/search?keyword=10%EC%9D%BC%20%EC%95%88%EC%97%90%20%EB%82%A8%EC%9E%90%EC%B9%9C%EA%B5%AC%EC%97%90%EA%B2%8C%20%EC%B0%A8%EC%9D%B4%EB%8A%94%20%EB%B2%95||search_link_only|0|2026-07-31T09:55:47+00:00
THEME_DB|T002|T002|혐관이 제일 맛있다|14|내 남자친구의 결혼식|영화|1997|오랜 친구 사이의 복잡한 감정과 경쟁|https://m.kinolights.com/search?keyword=%EB%82%B4%20%EB%82%A8%EC%9E%90%EC%B9%9C%EA%B5%AC%EC%9D%98%20%EA%B2%B0%ED%98%BC%EC%8B%9D||search_link_only|0|2026-07-31T09:55:47+00:00
THEME_DB|T002|T002|혐관이 제일 맛있다|15|스파이더맨: 홈커밍|영화|2017|티격태격하는 청춘 관계와 설렘|https://m.kinolights.com/search?keyword=%EC%8A%A4%ED%8C%8C%EC%9D%B4%EB%8D%94%EB%A7%A8%3A%20%ED%99%88%EC%BB%A4%EB%B0%8D||search_link_only|0|2026-07-31T09:55:48+00:00
THEME_DB|T002|T002|혐관이 제일 맛있다|16|러브, 로지|영화|2014|엇갈림과 다툼을 반복하는 친구의 로맨스|https://m.kinolights.com/search?keyword=%EB%9F%AC%EB%B8%8C%2C%20%EB%A1%9C%EC%A7%80||search_link_only|0|2026-07-31T09:55:48+00:00
THEME_DB|T003|T003|한 편만 보려다 밤새는 스릴러|1|곡성|영화|2016|공포와 반전이 결말까지 긴장을 유지함|https://m.kinolights.com/search?keyword=%EA%B3%A1%EC%84%B1||search_link_only|0|2026-07-31T09:55:49+00:00
THEME_DB|T003|T003|한 편만 보려다 밤새는 스릴러|2|추격자|영화|2008|멈추기 어려운 추적과 극한의 긴장감|https://m.kinolights.com/search?keyword=%EC%B6%94%EA%B2%A9%EC%9E%90||search_link_only|0|2026-07-31T09:55:48+00:00
THEME_DB|T003|T003|한 편만 보려다 밤새는 스릴러|3|끝까지 간다|영화|2014|사고를 숨기려는 남자의 쉴 틈 없는 위기|https://m.kinolights.com/search?keyword=%EB%81%9D%EA%B9%8C%EC%A7%80%20%EA%B0%84%EB%8B%A4||search_link_only|0|2026-07-31T09:55:49+00:00
THEME_DB|T003|T003|한 편만 보려다 밤새는 스릴러|4|살인의 추억|영화|2003|미제 사건과 섬뜩한 여운이 오래 남음|https://m.kinolights.com/search?keyword=%EC%82%B4%EC%9D%B8%EC%9D%98%20%EC%B6%94%EC%96%B5||search_link_only|0|2026-07-31T09:55:49+00:00
THEME_DB|T003|T003|한 편만 보려다 밤새는 스릴러|5|숨바꼭질|영화|2013|일상 공간을 공포로 바꾸는 미스터리|https://m.kinolights.com/search?keyword=%EC%88%A8%EB%B0%94%EA%BC%AD%EC%A7%88||search_link_only|0|2026-07-31T09:55:49+00:00
THEME_DB|T003|T003|한 편만 보려다 밤새는 스릴러|6|곤지암|영화|2018|현장 중계 형식으로 몰입감을 높인 공포|https://m.kinolights.com/search?keyword=%EA%B3%A4%EC%A7%80%EC%95%94||search_link_only|0|2026-07-31T09:55:49+00:00
THEME_DB|T003|T003|한 편만 보려다 밤새는 스릴러|7|유전|영화|2018|가족 비밀과 서늘한 반전이 이어지는 호러|https://m.kinolights.com/search?keyword=%EC%9C%A0%EC%A0%84||search_link_only|0|2026-07-31T09:55:49+00:00
THEME_DB|T003|T003|한 편만 보려다 밤새는 스릴러|8|겟 아웃|영화|2017|불편한 단서가 충격적 진실로 이어짐|https://m.kinolights.com/search?keyword=%EA%B2%9F%20%EC%95%84%EC%9B%83||search_link_only|0|2026-07-31T09:55:49+00:00
THEME_DB|T003|T003|한 편만 보려다 밤새는 스릴러|9|콰이어트 플레이스|영화|2018|소리를 내면 안 되는 설정의 압도적 긴장|https://m.kinolights.com/search?keyword=%EC%BD%B0%EC%9D%B4%EC%96%B4%ED%8A%B8%20%ED%94%8C%EB%A0%88%EC%9D%B4%EC%8A%A4||search_link_only|0|2026-07-31T09:55:49+00:00
THEME_DB|T003|T003|한 편만 보려다 밤새는 스릴러|10|나이브스 아웃|영화|2019|단서와 반전이 연속되는 추리 스릴러|https://m.kinolights.com/search?keyword=%EB%82%98%EC%9D%B4%EB%B8%8C%EC%8A%A4%20%EC%95%84%EC%9B%83||search_link_only|0|2026-07-31T09:55:49+00:00
THEME_DB|T003|T003|한 편만 보려다 밤새는 스릴러|11|더 플랫폼|영화|2019|폐쇄 공간과 사회적 공포가 결말까지 지속됨|https://m.kinolights.com/search?keyword=%EB%8D%94%20%ED%94%8C%EB%9E%AB%ED%8F%BC||search_link_only|0|2026-07-31T09:55:49+00:00
THEME_DB|T003|T003|한 편만 보려다 밤새는 스릴러|12|프리즈너스|영화|2013|실종 사건을 둘러싼 무거운 추적극|https://m.kinolights.com/search?keyword=%ED%94%84%EB%A6%AC%EC%A6%88%EB%84%88%EC%8A%A4||search_link_only|0|2026-07-31T09:55:50+00:00
THEME_DB|T003|T003|한 편만 보려다 밤새는 스릴러|13|나를 찾아줘|영화|2014|실종과 여론전이 뒤집히는 심리 스릴러|https://m.kinolights.com/search?keyword=%EB%82%98%EB%A5%BC%20%EC%B0%BE%EC%95%84%EC%A4%98||search_link_only|0|2026-07-31T09:55:50+00:00
THEME_DB|T003|T003|한 편만 보려다 밤새는 스릴러|14|세븐|영화|1995|연쇄 범죄와 충격적인 마지막 장면|https://m.kinolights.com/search?keyword=%EC%84%B8%EB%B8%90||search_link_only|0|2026-07-31T09:55:50+00:00
THEME_DB|T003|T003|한 편만 보려다 밤새는 스릴러|15|더 테러 라이브|영화|2013|방송국 안에서 실시간으로 고조되는 위기|https://m.kinolights.com/search?keyword=%EB%8D%94%20%ED%85%8C%EB%9F%AC%20%EB%9D%BC%EC%9D%B4%EB%B8%8C||search_link_only|0|2026-07-31T09:55:50+00:00
THEME_DB|T003|T003|한 편만 보려다 밤새는 스릴러|16|비밀의 숲|드라마|2017|부패 사건을 쫓는 촘촘한 미스터리|https://m.kinolights.com/search?keyword=%EB%B9%84%EB%B0%80%EC%9D%98%20%EC%88%B2||search_link_only|0|2026-07-31T09:55:50+00:00
THEME_DB|T004|T004|요즘 쇼츠에서 자꾸 뜨는 영화|1|기생충|영화|2019|반전과 상징이 짧은 영상에서도 강하게 전달됨|https://m.kinolights.com/search?keyword=%EA%B8%B0%EC%83%9D%EC%B6%A9||search_link_only|0|2026-07-31T09:55:50+00:00
THEME_DB|T004|T004|요즘 쇼츠에서 자꾸 뜨는 영화|2|곡성|영화|2016|결말 해석과 공포 장면이 자주 회자됨|https://m.kinolights.com/search?keyword=%EA%B3%A1%EC%84%B1||search_link_only|0|2026-07-31T09:55:50+00:00
THEME_DB|T004|T004|요즘 쇼츠에서 자꾸 뜨는 영화|3|올드보이|영화|2003|충격적 반전과 강렬한 장면으로 화제성이 높음|https://m.kinolights.com/search?keyword=%EC%98%AC%EB%93%9C%EB%B3%B4%EC%9D%B4||search_link_only|0|2026-07-31T09:55:50+00:00
THEME_DB|T004|T004|요즘 쇼츠에서 자꾸 뜨는 영화|4|나를 찾아줘|영화|2014|결말을 요약해도 본편의 반전이 궁금해짐|https://m.kinolights.com/search?keyword=%EB%82%98%EB%A5%BC%20%EC%B0%BE%EC%95%84%EC%A4%98||search_link_only|0|2026-07-31T09:55:50+00:00
THEME_DB|T004|T004|요즘 쇼츠에서 자꾸 뜨는 영화|5|타임 패러독스|영화|2014|짧은 줄거리 소개만으로도 시간 반전이 주목됨|https://m.kinolights.com/search?keyword=%ED%83%80%EC%9E%84%20%ED%8C%A8%EB%9F%AC%EB%8F%85%EC%8A%A4||search_link_only|0|2026-07-31T09:55:50+00:00
THEME_DB|T004|T004|요즘 쇼츠에서 자꾸 뜨는 영화|6|인셉션|영화|2010|열린 결말과 꿈의 구조가 꾸준히 화제임|https://m.kinolights.com/search?keyword=%EC%9D%B8%EC%85%89%EC%85%98||search_link_only|0|2026-07-31T09:55:51+00:00
THEME_DB|T004|T004|요즘 쇼츠에서 자꾸 뜨는 영화|7|셔터 아일랜드|영화|2010|반전 장면과 해석 영상의 소재가 풍부함|https://m.kinolights.com/search?keyword=%EC%85%94%ED%84%B0%20%EC%95%84%EC%9D%BC%EB%9E%9C%EB%93%9C||search_link_only|0|2026-07-31T09:55:51+00:00
THEME_DB|T004|T004|요즘 쇼츠에서 자꾸 뜨는 영화|8|미스트|영화|2007|충격 결말이 짧은 리뷰에서 자주 언급됨|https://m.kinolights.com/search?keyword=%EB%AF%B8%EC%8A%A4%ED%8A%B8||search_link_only|0|2026-07-31T09:55:52+00:00
THEME_DB|T004|T004|요즘 쇼츠에서 자꾸 뜨는 영화|9|겟 아웃|영화|2017|사회 풍자와 반전이 요약 콘텐츠에 잘 맞음|https://m.kinolights.com/search?keyword=%EA%B2%9F%20%EC%95%84%EC%9B%83||search_link_only|0|2026-07-31T09:55:51+00:00
THEME_DB|T004|T004|요즘 쇼츠에서 자꾸 뜨는 영화|10|프레스티지|영화|2006|마지막 비밀을 둘러싼 반전 소개가 강렬함|https://m.kinolights.com/search?keyword=%ED%94%84%EB%A0%88%EC%8A%A4%ED%8B%B0%EC%A7%80||search_link_only|0|2026-07-31T09:55:52+00:00
THEME_DB|T004|T004|요즘 쇼츠에서 자꾸 뜨는 영화|11|메멘토|영화|2000|독특한 편집과 결말 설명으로 관심을 끔|https://m.kinolights.com/search?keyword=%EB%A9%94%EB%A9%98%ED%86%A0||search_link_only|0|2026-07-31T09:55:52+00:00
THEME_DB|T004|T004|요즘 쇼츠에서 자꾸 뜨는 영화|12|더 플랫폼|영화|2019|한 문장 설정만으로도 본편을 궁금하게 함|https://m.kinolights.com/search?keyword=%EB%8D%94%20%ED%94%8C%EB%9E%AB%ED%8F%BC||search_link_only|0|2026-07-31T09:55:49+00:00
THEME_DB|T004|T004|요즘 쇼츠에서 자꾸 뜨는 영화|13|아가씨|영화|2016|관계 반전과 미장센이 짧은 클립에서 돋보임|https://m.kinolights.com/search?keyword=%EC%95%84%EA%B0%80%EC%94%A8||search_link_only|0|2026-07-31T09:55:51+00:00
THEME_DB|T004|T004|요즘 쇼츠에서 자꾸 뜨는 영화|14|어스|영화|2019|정체와 복제 설정이 해석 콘텐츠에 적합함|https://m.kinolights.com/search?keyword=%EC%96%B4%EC%8A%A4||search_link_only|0|2026-07-31T09:55:51+00:00
THEME_DB|T004|T004|요즘 쇼츠에서 자꾸 뜨는 영화|15|프라이멀 피어|영화|1996|법정 반전이 결말 소개 영상에서 강렬함|https://m.kinolights.com/search?keyword=%ED%94%84%EB%9D%BC%EC%9D%B4%EB%A9%80%20%ED%94%BC%EC%96%B4||search_link_only|0|2026-07-31T09:55:52+00:00
THEME_DB|T004|T004|요즘 쇼츠에서 자꾸 뜨는 영화|16|마더|영화|2009|모성의 이면과 결말 여운이 해석을 부름|https://m.kinolights.com/search?keyword=%EB%A7%88%EB%8D%94||search_link_only|0|2026-07-31T09:55:51+00:00
THEME_DB|T005|T005|비 오는 밤엔 이런 영화|1|비포 선라이즈|영화|1995|비 오는 밤의 대화처럼 잔잔한 로맨스|https://m.kinolights.com/search?keyword=%EB%B9%84%ED%8F%AC%20%EC%84%A0%EB%9D%BC%EC%9D%B4%EC%A6%88||search_link_only|0|2026-07-31T09:55:52+00:00
THEME_DB|T005|T005|비 오는 밤엔 이런 영화|2|화양연화|영화|2000|젖은 거리와 절제된 감정의 깊은 여운|https://m.kinolights.com/search?keyword=%ED%99%94%EC%96%91%EC%97%B0%ED%99%94||search_link_only|0|2026-07-31T09:55:52+00:00
THEME_DB|T005|T005|비 오는 밤엔 이런 영화|3|중경삼림|영화|1994|밤거리와 음악이 어우러진 감성 로맨스|https://m.kinolights.com/search?keyword=%EC%A4%91%EA%B2%BD%EC%82%BC%EB%A6%BC||search_link_only|0|2026-07-31T09:55:52+00:00
THEME_DB|T005|T005|비 오는 밤엔 이런 영화|4|내 머리 속의 지우개|영화|2004|밤에 보기 좋은 애틋한 사랑 이야기|https://m.kinolights.com/search?keyword=%EB%82%B4%20%EB%A8%B8%EB%A6%AC%20%EC%86%8D%EC%9D%98%20%EC%A7%80%EC%9A%B0%EA%B0%9C||search_link_only|0|2026-07-31T09:55:53+00:00
THEME_DB|T005|T005|비 오는 밤엔 이런 영화|5|8월의 크리스마스|영화|1998|고요한 일상과 이별의 감정이 번짐|https://m.kinolights.com/search?keyword=8%EC%9B%94%EC%9D%98%20%ED%81%AC%EB%A6%AC%EC%8A%A4%EB%A7%88%EC%8A%A4||search_link_only|0|2026-07-31T09:55:54+00:00
THEME_DB|T005|T005|비 오는 밤엔 이런 영화|6|봄날은 간다|영화|2001|사랑의 시작과 끝을 담담하게 그린 작품|https://m.kinolights.com/search?keyword=%EB%B4%84%EB%82%A0%EC%9D%80%20%EA%B0%84%EB%8B%A4||search_link_only|0|2026-07-31T09:55:53+00:00
THEME_DB|T005|T005|비 오는 밤엔 이런 영화|7|리틀 포레스트|영화|2018|음식과 계절로 위로를 전하는 힐링 영화|https://m.kinolights.com/search?keyword=%EB%A6%AC%ED%8B%80%20%ED%8F%AC%EB%A0%88%EC%8A%A4%ED%8A%B8||search_link_only|0|2026-07-31T09:55:53+00:00
THEME_DB|T005|T005|비 오는 밤엔 이런 영화|8|윤희에게|영화|2019|눈 내리는 여행지와 오래된 감정의 재회|https://m.kinolights.com/search?keyword=%EC%9C%A4%ED%9D%AC%EC%97%90%EA%B2%8C||search_link_only|0|2026-07-31T09:55:53+00:00
THEME_DB|T005|T005|비 오는 밤엔 이런 영화|9|지금, 만나러 갑니다|영화|2004|비와 약속을 중심으로 한 따뜻한 가족 로맨스|https://m.kinolights.com/search?keyword=%EC%A7%80%EA%B8%88%2C%20%EB%A7%8C%EB%82%98%EB%9F%AC%20%EA%B0%91%EB%8B%88%EB%8B%A4||search_link_only|0|2026-07-31T09:55:54+00:00
THEME_DB|T005|T005|비 오는 밤엔 이런 영화|10|어바웃 타임|영화|2013|일상과 사랑을 돌아보게 하는 감성 판타지|https://m.kinolights.com/search?keyword=%EC%96%B4%EB%B0%94%EC%9B%83%20%ED%83%80%EC%9E%84||search_link_only|0|2026-07-31T09:55:54+00:00
THEME_DB|T005|T005|비 오는 밤엔 이런 영화|11|이터널 선샤인|영화|2004|밤에 곱씹기 좋은 이별과 기억의 로맨스|https://m.kinolights.com/search?keyword=%EC%9D%B4%ED%84%B0%EB%84%90%20%EC%84%A0%EC%83%A4%EC%9D%B8||search_link_only|0|2026-07-31T09:55:54+00:00
THEME_DB|T005|T005|비 오는 밤엔 이런 영화|12|원 데이|영화|2011|시간이 흐르며 깊어지는 사랑과 그리움|https://m.kinolights.com/search?keyword=%EC%9B%90%20%EB%8D%B0%EC%9D%B4||search_link_only|0|2026-07-31T09:55:53+00:00
THEME_DB|T005|T005|비 오는 밤엔 이런 영화|13|비긴 어게인|영화|2013|도시의 밤과 음악이 주는 따뜻한 위로|https://m.kinolights.com/search?keyword=%EB%B9%84%EA%B8%B4%20%EC%96%B4%EA%B2%8C%EC%9D%B8||search_link_only|0|2026-07-31T09:55:54+00:00
THEME_DB|T005|T005|비 오는 밤엔 이런 영화|14|남은 인생 10년|영화|2022|비 오는 밤처럼 잔잔하고 먹먹한 사랑|https://m.kinolights.com/search?keyword=%EB%82%A8%EC%9D%80%20%EC%9D%B8%EC%83%9D%2010%EB%85%84||search_link_only|0|2026-07-31T09:55:55+00:00
THEME_DB|T005|T005|비 오는 밤엔 이런 영화|15|콜 미 바이 유어 네임|영화|2017|여름의 빛과 섬세한 첫사랑의 기억|https://m.kinolights.com/search?keyword=%EC%BD%9C%20%EB%AF%B8%20%EB%B0%94%EC%9D%B4%20%EC%9C%A0%EC%96%B4%20%EB%84%A4%EC%9E%84||search_link_only|0|2026-07-31T09:55:55+00:00
THEME_DB|T005|T005|비 오는 밤엔 이런 영화|16|카모메 식당|영화|2006|조용한 공간과 음식이 주는 편안한 감성|https://m.kinolights.com/search?keyword=%EC%B9%B4%EB%AA%A8%EB%A9%94%20%EC%8B%9D%EB%8B%B9||search_link_only|0|2026-07-31T09:55:55+00:00
THEME_DB|T006|T006|오늘은 뭐 보면서 먹지|1|흑백요리사: 요리 계급 전쟁|예능|2024|셰프들의 대결과 음식 비주얼을 함께 즐김|https://m.kinolights.com/search?keyword=%ED%9D%91%EB%B0%B1%EC%9A%94%EB%A6%AC%EC%82%AC%3A%20%EC%9A%94%EB%A6%AC%20%EA%B3%84%EA%B8%89%20%EC%A0%84%EC%9F%81||search_link_only|0|2026-07-31T09:55:55+00:00
THEME_DB|T006|T006|오늘은 뭐 보면서 먹지|2|냉장고를 부탁해|예능|2014|냉장고 재료로 펼치는 빠른 셰프 경쟁|https://m.kinolights.com/search?keyword=%EB%83%89%EC%9E%A5%EA%B3%A0%EB%A5%BC%20%EB%B6%80%ED%83%81%ED%95%B4||search_link_only|0|2026-07-31T09:55:55+00:00
THEME_DB|T006|T006|오늘은 뭐 보면서 먹지|3|수미네 반찬|예능|2018|집밥 레시피와 먹음직한 반찬을 소개함|https://m.kinolights.com/search?keyword=%EC%88%98%EB%AF%B8%EB%84%A4%20%EB%B0%98%EC%B0%AC||search_link_only|0|2026-07-31T09:55:55+00:00
THEME_DB|T006|T006|오늘은 뭐 보면서 먹지|4|삼시세끼|예능|2014|직접 차린 소박한 밥상과 여유로운 일상|https://m.kinolights.com/search?keyword=%EC%82%BC%EC%8B%9C%EC%84%B8%EB%81%BC||search_link_only|0|2026-07-31T09:55:55+00:00
THEME_DB|T006|T006|오늘은 뭐 보면서 먹지|5|윤식당|예능|2017|해외에서 식당을 운영하며 음식을 만듦|https://m.kinolights.com/search?keyword=%EC%9C%A4%EC%8B%9D%EB%8B%B9||search_link_only|0|2026-07-31T09:55:55+00:00
THEME_DB|T006|T006|오늘은 뭐 보면서 먹지|6|강식당|예능|2017|출연진이 직접 요리하고 손님을 맞이함|https://m.kinolights.com/search?keyword=%EA%B0%95%EC%8B%9D%EB%8B%B9||search_link_only|0|2026-07-31T09:55:55+00:00
THEME_DB|T006|T006|오늘은 뭐 보면서 먹지|7|백종원의 골목식당|예능|2018|음식점 솔루션과 다양한 메뉴를 다룸|https://m.kinolights.com/search?keyword=%EB%B0%B1%EC%A2%85%EC%9B%90%EC%9D%98%20%EA%B3%A8%EB%AA%A9%EC%8B%9D%EB%8B%B9||search_link_only|0|2026-07-31T09:55:55+00:00
THEME_DB|T006|T006|오늘은 뭐 보면서 먹지|8|맛있는 녀석들|예능|2015|푸짐한 먹방으로 식욕을 자극함|https://m.kinolights.com/search?keyword=%EB%A7%9B%EC%9E%88%EB%8A%94%20%EB%85%80%EC%84%9D%EB%93%A4||search_link_only|0|2026-07-31T09:55:57+00:00
THEME_DB|T006|T006|오늘은 뭐 보면서 먹지|9|전지적 참견 시점|예능|2018|출연자의 식사와 일상을 편하게 즐김|https://m.kinolights.com/search?keyword=%EC%A0%84%EC%A7%80%EC%A0%81%20%EC%B0%B8%EA%B2%AC%20%EC%8B%9C%EC%A0%90||search_link_only|0|2026-07-31T09:55:57+00:00
THEME_DB|T006|T006|오늘은 뭐 보면서 먹지|10|신서유기|예능|2015|게임과 먹거리가 어우러진 가벼운 예능|https://m.kinolights.com/search?keyword=%EC%8B%A0%EC%84%9C%EC%9C%A0%EA%B8%B0||search_link_only|0|2026-07-31T09:55:57+00:00
THEME_DB|T006|T006|오늘은 뭐 보면서 먹지|11|장사천재 백사장|예능|2023|해외에서 한식 장사와 요리를 펼침|https://m.kinolights.com/search?keyword=%EC%9E%A5%EC%82%AC%EC%B2%9C%EC%9E%AC%20%EB%B0%B1%EC%82%AC%EC%9E%A5||search_link_only|0|2026-07-31T09:55:57+00:00
THEME_DB|T006|T006|오늘은 뭐 보면서 먹지|12|백패커|예능|2022|출장 요리단이 현장에서 대규모 식사를 준비함|https://m.kinolights.com/search?keyword=%EB%B0%B1%ED%8C%A8%EC%BB%A4||search_link_only|0|2026-07-31T09:55:57+00:00
THEME_DB|T006|T006|오늘은 뭐 보면서 먹지|13|편스토랑|예능|2019|스타들의 레시피 개발과 메뉴 경쟁|https://m.kinolights.com/search?keyword=%ED%8E%B8%EC%8A%A4%ED%86%A0%EB%9E%91||search_link_only|0|2026-07-31T09:55:57+00:00
THEME_DB|T006|T006|오늘은 뭐 보면서 먹지|14|한국인의 밥상|다큐|2011|전국의 음식과 식문화를 깊이 있게 소개함|https://m.kinolights.com/search?keyword=%ED%95%9C%EA%B5%AD%EC%9D%B8%EC%9D%98%20%EB%B0%A5%EC%83%81||search_link_only|0|2026-07-31T09:55:57+00:00
THEME_DB|T006|T006|오늘은 뭐 보면서 먹지|15|스트리트 푸드 파이터|예능|2018|세계 각지의 길거리 음식과 먹는 즐거움|https://m.kinolights.com/search?keyword=%EC%8A%A4%ED%8A%B8%EB%A6%AC%ED%8A%B8%20%ED%91%B8%EB%93%9C%20%ED%8C%8C%EC%9D%B4%ED%84%B0||search_link_only|0|2026-07-31T09:55:57+00:00
THEME_DB|T006|T006|오늘은 뭐 보면서 먹지|16|피지컬: 100|예능|2023|경쟁 예능의 긴장감으로 식사 시간을 활기차게 함|https://m.kinolights.com/search?keyword=%ED%94%BC%EC%A7%80%EC%BB%AC%3A%20100||search_link_only|0|2026-07-31T09:55:57+00:00
THEME_DB|T007|T007|집에서 떠나는 여행|1|배낭여행자|예능|2023|배우들이 낯선 나라를 여행하며 현지에 적응함|https://m.kinolights.com/search?keyword=%EB%B0%B0%EB%82%AD%EC%97%AC%ED%96%89%EC%9E%90||search_link_only|0|2026-07-31T09:55:57+00:00
THEME_DB|T007|T007|집에서 떠나는 여행|2|텐트 밖은 유럽|예능|2022|캠핑과 풍경을 따라 유럽을 여행함|https://m.kinolights.com/search?keyword=%ED%85%90%ED%8A%B8%20%EB%B0%96%EC%9D%80%20%EC%9C%A0%EB%9F%BD||search_link_only|0|2026-07-31T09:55:57+00:00
THEME_DB|T007|T007|집에서 떠나는 여행|3|꽃보다 청춘|예능|2014|친구 같은 출연진의 자유로운 여행과 케미|https://m.kinolights.com/search?keyword=%EA%BD%83%EB%B3%B4%EB%8B%A4%20%EC%B2%AD%EC%B6%98||search_link_only|0|2026-07-31T09:55:58+00:00
THEME_DB|T007|T007|집에서 떠나는 여행|4|꽃보다 할배|예능|2013|세대가 다른 여행자들의 유쾌한 해외 여정|https://m.kinolights.com/search?keyword=%EA%BD%83%EB%B3%B4%EB%8B%A4%20%ED%95%A0%EB%B0%B0||search_link_only|0|2026-07-31T09:55:58+00:00
THEME_DB|T007|T007|집에서 떠나는 여행|5|윤식당|예능|2017|배우들의 해외 생활과 현지 음식 경험|https://m.kinolights.com/search?keyword=%EC%9C%A4%EC%8B%9D%EB%8B%B9||search_link_only|0|2026-07-31T09:55:58+00:00
THEME_DB|T007|T007|집에서 떠나는 여행|6|서진이네|예능|2023|배우들의 해외 식당 운영과 여행 풍경|https://m.kinolights.com/search?keyword=%EC%84%9C%EC%A7%84%EC%9D%B4%EB%84%A4||search_link_only|0|2026-07-31T09:55:58+00:00
THEME_DB|T007|T007|집에서 떠나는 여행|7|스페인 하숙|예능|2019|낯선 길 위에서 손님을 맞는 따뜻한 여행 예능|https://m.kinolights.com/search?keyword=%EC%8A%A4%ED%8E%98%EC%9D%B8%20%ED%95%98%EC%88%99||search_link_only|0|2026-07-31T09:55:58+00:00
THEME_DB|T007|T007|집에서 떠나는 여행|8|여행의 맛|예능|2022|출연진의 여행과 음식 체험을 함께 담음|https://m.kinolights.com/search?keyword=%EC%97%AC%ED%96%89%EC%9D%98%20%EB%A7%9B||search_link_only|0|2026-07-31T09:55:58+00:00
THEME_DB|T007|T007|집에서 떠나는 여행|9|더 짠내투어|예능|2018|가성비 여행 설계와 도시 탐방의 재미|https://m.kinolights.com/search?keyword=%EB%8D%94%20%EC%A7%A0%EB%82%B4%ED%88%AC%EC%96%B4||search_link_only|0|2026-07-31T09:55:58+00:00
THEME_DB|T007|T007|집에서 떠나는 여행|10|다시 갈 지도|예능|2022|랜선 여행으로 세계 곳곳을 간접 체험함|https://m.kinolights.com/search?keyword=%EB%8B%A4%EC%8B%9C%20%EA%B0%88%20%EC%A7%80%EB%8F%84||search_link_only|0|2026-07-31T09:55:58+00:00
THEME_DB|T007|T007|집에서 떠나는 여행|11|지구마불 세계여행|예능|2023|게임처럼 떠나는 세계 여행과 출연자 케미|https://m.kinolights.com/search?keyword=%EC%A7%80%EA%B5%AC%EB%A7%88%EB%B6%88%20%EC%84%B8%EA%B3%84%EC%97%AC%ED%96%89||search_link_only|0|2026-07-31T09:55:58+00:00
THEME_DB|T007|T007|집에서 떠나는 여행|12|용감한 형사들|예능|2022|여행 대신 현지 사건을 따라가는 탐방형 구성|https://m.kinolights.com/search?keyword=%EC%9A%A9%EA%B0%90%ED%95%9C%20%ED%98%95%EC%82%AC%EB%93%A4||search_link_only|0|2026-07-31T09:55:58+00:00
THEME_DB|T007|T007|집에서 떠나는 여행|13|세계테마기행|다큐|2008|소파에서 세계의 풍경과 문화를 만남|https://m.kinolights.com/search?keyword=%EC%84%B8%EA%B3%84%ED%85%8C%EB%A7%88%EA%B8%B0%ED%96%89||search_link_only|0|2026-07-31T09:55:59+00:00
THEME_DB|T007|T007|집에서 떠나는 여행|14|걸어서 세계속으로|다큐|2005|도시와 자연을 따라가는 대표 여행 다큐|https://m.kinolights.com/search?keyword=%EA%B1%B8%EC%96%B4%EC%84%9C%20%EC%84%B8%EA%B3%84%EC%86%8D%EC%9C%BC%EB%A1%9C||search_link_only|0|2026-07-31T09:55:59+00:00
THEME_DB|T007|T007|집에서 떠나는 여행|15|트립 투 인피니티|다큐|2022|여행처럼 우주와 세계의 규모를 탐험함|https://m.kinolights.com/search?keyword=%ED%8A%B8%EB%A6%BD%20%ED%88%AC%20%EC%9D%B8%ED%94%BC%EB%8B%88%ED%8B%B0||search_link_only|0|2026-07-31T09:56:00+00:00
THEME_DB|T007|T007|집에서 떠나는 여행|16|월터의 상상은 현실이 된다|영화|2013|일상을 벗어나 떠나는 용기와 여행의 설렘|https://m.kinolights.com/search?keyword=%EC%9B%94%ED%84%B0%EC%9D%98%20%EC%83%81%EC%83%81%EC%9D%80%20%ED%98%84%EC%8B%A4%EC%9D%B4%20%EB%90%9C%EB%8B%A4||search_link_only|0|2026-07-31T09:56:00+00:00
THEME_DB|T008|T008|주말엔 가족 영화|1|코코|애니메이션|2017|가족과 기억을 따뜻하게 그린 모험 애니메이션|https://m.kinolights.com/search?keyword=%EC%BD%94%EC%BD%94||search_link_only|0|2026-07-31T09:56:00+00:00
THEME_DB|T008|T008|주말엔 가족 영화|2|인사이드 아웃|애니메이션|2015|가족이 함께 감정과 성장을 이해하기 좋음|https://m.kinolights.com/search?keyword=%EC%9D%B8%EC%82%AC%EC%9D%B4%EB%93%9C%20%EC%95%84%EC%9B%83||search_link_only|0|2026-07-31T09:56:00+00:00
THEME_DB|T008|T008|주말엔 가족 영화|3|인사이드 아웃 2|애니메이션|2024|사춘기 감정을 가족과 함께 공감할 수 있음|https://m.kinolights.com/search?keyword=%EC%9D%B8%EC%82%AC%EC%9D%B4%EB%93%9C%20%EC%95%84%EC%9B%83%202||search_link_only|0|2026-07-31T09:56:00+00:00
THEME_DB|T008|T008|주말엔 가족 영화|4|토이 스토리|애니메이션|1995|세대를 아우르는 우정과 모험의 가족 영화|https://m.kinolights.com/search?keyword=%ED%86%A0%EC%9D%B4%20%EC%8A%A4%ED%86%A0%EB%A6%AC||search_link_only|0|2026-07-31T09:56:00+00:00
THEME_DB|T008|T008|주말엔 가족 영화|5|엘리멘탈|애니메이션|2023|가족과 다름을 이해하는 따뜻한 판타지|https://m.kinolights.com/search?keyword=%EC%97%98%EB%A6%AC%EB%A9%98%ED%83%88||search_link_only|0|2026-07-31T09:56:00+00:00
THEME_DB|T008|T008|주말엔 가족 영화|6|슈퍼배드|애니메이션|2010|아이와 어른 모두 즐기는 유쾌한 가족 코미디|https://m.kinolights.com/search?keyword=%EC%8A%88%ED%8D%BC%EB%B0%B0%EB%93%9C||search_link_only|0|2026-07-31T09:56:00+00:00
THEME_DB|T008|T008|주말엔 가족 영화|7|미니언즈|애니메이션|2015|말보다 몸짓으로 웃기는 편안한 가족 애니메이션|https://m.kinolights.com/search?keyword=%EB%AF%B8%EB%8B%88%EC%96%B8%EC%A6%88||search_link_only|0|2026-07-31T09:56:00+00:00
THEME_DB|T008|T008|주말엔 가족 영화|8|겨울왕국|애니메이션|2013|자매애와 노래를 함께 즐기는 대표 가족 영화|https://m.kinolights.com/search?keyword=%EA%B2%A8%EC%9A%B8%EC%99%95%EA%B5%AD||search_link_only|0|2026-07-31T09:56:01+00:00
THEME_DB|T008|T008|주말엔 가족 영화|9|모아나|애니메이션|2016|가족과 함께 떠나는 바다 모험과 성장 이야기|https://m.kinolights.com/search?keyword=%EB%AA%A8%EC%95%84%EB%82%98||search_link_only|0|2026-07-31T09:56:03+00:00
THEME_DB|T008|T008|주말엔 가족 영화|10|라따뚜이|애니메이션|2007|꿈과 우정을 담은 온 가족용 요리 애니메이션|https://m.kinolights.com/search?keyword=%EB%9D%BC%EB%94%B0%EB%9A%9C%EC%9D%B4||search_link_only|0|2026-07-31T09:56:03+00:00
THEME_DB|T008|T008|주말엔 가족 영화|11|주토피아|애니메이션|2016|재미와 메시지를 함께 갖춘 가족 수사 모험|https://m.kinolights.com/search?keyword=%EC%A3%BC%ED%86%A0%ED%94%BC%EC%95%84||search_link_only|0|2026-07-31T09:56:03+00:00
THEME_DB|T008|T008|주말엔 가족 영화|12|마당을 나온 암탉|애니메이션|2011|가족애와 용기를 담은 한국 애니메이션|https://m.kinolights.com/search?keyword=%EB%A7%88%EB%8B%B9%EC%9D%84%20%EB%82%98%EC%98%A8%20%EC%95%94%ED%83%89||search_link_only|0|2026-07-31T09:56:03+00:00
THEME_DB|T008|T008|주말엔 가족 영화|13|빅 히어로|애니메이션|2014|형제애와 우정이 있는 따뜻한 액션 애니메이션|https://m.kinolights.com/search?keyword=%EB%B9%85%20%ED%9E%88%EC%96%B4%EB%A1%9C||search_link_only|0|2026-07-31T09:56:03+00:00
THEME_DB|T008|T008|주말엔 가족 영화|14|이웃집 토토로|애니메이션|1988|아이와 어른 모두 편안하게 보는 가족 판타지|https://m.kinolights.com/search?keyword=%EC%9D%B4%EC%9B%83%EC%A7%91%20%ED%86%A0%ED%86%A0%EB%A1%9C||search_link_only|0|2026-07-31T09:56:03+00:00
THEME_DB|T008|T008|주말엔 가족 영화|15|하울의 움직이는 성|애니메이션|2004|가족 관람에 좋은 모험과 로맨스 애니메이션|https://m.kinolights.com/search?keyword=%ED%95%98%EC%9A%B8%EC%9D%98%20%EC%9B%80%EC%A7%81%EC%9D%B4%EB%8A%94%20%EC%84%B1||search_link_only|0|2026-07-31T09:56:03+00:00
THEME_DB|T008|T008|주말엔 가족 영화|16|슈렉|애니메이션|2001|유머와 모험을 함께 즐기는 가족 애니메이션|https://m.kinolights.com/search?keyword=%EC%8A%88%EB%A0%89||search_link_only|0|2026-07-31T09:56:03+00:00
THEME_DB|T009|T009|엄마 생각나는 드라마|1|디어 마이 프렌즈|드라마|2016|엄마 세대의 우정과 인생을 깊이 그린 드라마|https://m.kinolights.com/search?keyword=%EB%94%94%EC%96%B4%20%EB%A7%88%EC%9D%B4%20%ED%94%84%EB%A0%8C%EC%A6%88||search_link_only|0|2026-07-31T09:56:03+00:00
THEME_DB|T009|T009|엄마 생각나는 드라마|2|눈이 부시게|드라마|2019|부모와 시간의 의미를 돌아보게 하는 감동극|https://m.kinolights.com/search?keyword=%EB%88%88%EC%9D%B4%20%EB%B6%80%EC%8B%9C%EA%B2%8C||search_link_only|0|2026-07-31T09:56:03+00:00
THEME_DB|T009|T009|엄마 생각나는 드라마|3|우리들의 블루스|드라마|2022|부모와 자식의 사연을 담은 옴니버스 드라마|https://m.kinolights.com/search?keyword=%EC%9A%B0%EB%A6%AC%EB%93%A4%EC%9D%98%20%EB%B8%94%EB%A3%A8%EC%8A%A4||search_link_only|0|2026-07-31T09:56:04+00:00
THEME_DB|T009|T009|엄마 생각나는 드라마|4|나의 아저씨|드라마|2018|상처 입은 인물들의 가족 같은 위로|https://m.kinolights.com/search?keyword=%EB%82%98%EC%9D%98%20%EC%95%84%EC%A0%80%EC%94%A8||search_link_only|0|2026-07-31T09:56:04+00:00
THEME_DB|T009|T009|엄마 생각나는 드라마|5|응답하라 1988|드라마|2015|엄마와 가족의 일상을 따뜻하게 보여줌|https://m.kinolights.com/search?keyword=%EC%9D%91%EB%8B%B5%ED%95%98%EB%9D%BC%201988||search_link_only|0|2026-07-31T09:56:04+00:00
THEME_DB|T009|T009|엄마 생각나는 드라마|6|동백꽃 필 무렵|드라마|2019|아이를 지키는 엄마의 사랑과 성장|https://m.kinolights.com/search?keyword=%EB%8F%99%EB%B0%B1%EA%BD%83%20%ED%95%84%20%EB%AC%B4%EB%A0%B5||search_link_only|0|2026-07-31T09:56:04+00:00
THEME_DB|T009|T009|엄마 생각나는 드라마|7|괜찮아, 사랑이야|드라마|2014|상처를 보듬는 관계와 가족의 의미|https://m.kinolights.com/search?keyword=%EA%B4%9C%EC%B0%AE%EC%95%84%2C%20%EC%82%AC%EB%9E%91%EC%9D%B4%EC%95%BC||search_link_only|0|2026-07-31T09:56:04+00:00
THEME_DB|T009|T009|엄마 생각나는 드라마|8|마더|드라마|2018|아이를 지키려는 모성의 깊이를 그린 작품|https://m.kinolights.com/search?keyword=%EB%A7%88%EB%8D%94||search_link_only|0|2026-07-31T09:56:04+00:00
THEME_DB|T009|T009|엄마 생각나는 드라마|9|고백부부|드라마|2017|엄마와 가족의 소중함을 다시 깨닫는 이야기|https://m.kinolights.com/search?keyword=%EA%B3%A0%EB%B0%B1%EB%B6%80%EB%B6%80||search_link_only|0|2026-07-31T09:56:04+00:00
THEME_DB|T009|T009|엄마 생각나는 드라마|10|나빌레라|드라마|2021|부모 세대의 꿈과 가족 응원을 담음|https://m.kinolights.com/search?keyword=%EB%82%98%EB%B9%8C%EB%A0%88%EB%9D%BC||search_link_only|0|2026-07-31T09:56:04+00:00
THEME_DB|T009|T009|엄마 생각나는 드라마|11|우리 생애 최고의 순간|영화|2008|가족과 삶의 응원을 떠올리게 하는 감동극|https://m.kinolights.com/search?keyword=%EC%9A%B0%EB%A6%AC%20%EC%83%9D%EC%95%A0%20%EC%B5%9C%EA%B3%A0%EC%9D%98%20%EC%88%9C%EA%B0%84||search_link_only|0|2026-07-31T09:56:04+00:00
THEME_DB|T009|T009|엄마 생각나는 드라마|12|미나리|영화|2020|이민 가족의 삶과 할머니의 존재를 그린 작품|https://m.kinolights.com/search?keyword=%EB%AF%B8%EB%82%98%EB%A6%AC||search_link_only|0|2026-07-31T09:56:04+00:00
THEME_DB|T009|T009|엄마 생각나는 드라마|13|세상에서 가장 아름다운 이별|영화|2011|엄마의 희생과 가족의 이별을 정면으로 다룸|https://m.kinolights.com/search?keyword=%EC%84%B8%EC%83%81%EC%97%90%EC%84%9C%20%EA%B0%80%EC%9E%A5%20%EC%95%84%EB%A6%84%EB%8B%A4%EC%9A%B4%20%EC%9D%B4%EB%B3%84||search_link_only|0|2026-07-31T09:56:06+00:00
THEME_DB|T009|T009|엄마 생각나는 드라마|14|어머니|다큐|2015|어머니라는 존재와 가족의 감정을 돌아보게 함|https://m.kinolights.com/search?keyword=%EC%96%B4%EB%A8%B8%EB%8B%88||search_link_only|0|2026-07-31T09:56:06+00:00
THEME_DB|T009|T009|엄마 생각나는 드라마|15|룸|영화|2015|엄마와 아이가 함께 삶을 회복하는 감동 이야기|https://m.kinolights.com/search?keyword=%EB%A3%B8||search_link_only|0|2026-07-31T09:56:06+00:00
THEME_DB|T010|T010|퇴근 후 멍하게 보기 좋은 예능|1|놀면 뭐하니?|예능|2019|가볍고 다양한 코너로 퇴근 후 편하게 웃음|https://m.kinolights.com/search?keyword=%EB%86%80%EB%A9%B4%20%EB%AD%90%ED%95%98%EB%8B%88%3F||search_link_only|0|2026-07-31T09:56:06+00:00
THEME_DB|T010|T010|퇴근 후 멍하게 보기 좋은 예능|2|런닝맨|예능|2010|유쾌한 게임과 출연진 케미로 부담 없이 즐김|https://m.kinolights.com/search?keyword=%EB%9F%B0%EB%8B%9D%EB%A7%A8||search_link_only|0|2026-07-31T09:56:06+00:00
THEME_DB|T010|T010|퇴근 후 멍하게 보기 좋은 예능|3|신서유기|예능|2015|엉뚱한 게임과 여행 분위기의 코미디 예능|https://m.kinolights.com/search?keyword=%EC%8B%A0%EC%84%9C%EC%9C%A0%EA%B8%B0||search_link_only|0|2026-07-31T09:56:06+00:00
THEME_DB|T010|T010|퇴근 후 멍하게 보기 좋은 예능|4|뿅뿅 지구오락실|예능|2022|출연진의 즉흥적인 웃음과 활기찬 게임|https://m.kinolights.com/search?keyword=%EB%BF%85%EB%BF%85%20%EC%A7%80%EA%B5%AC%EC%98%A4%EB%9D%BD%EC%8B%A4||search_link_only|0|2026-07-31T09:56:06+00:00
THEME_DB|T010|T010|퇴근 후 멍하게 보기 좋은 예능|5|아는 형님|예능|2015|편한 대화와 콩트로 아무 생각 없이 보기 좋음|https://m.kinolights.com/search?keyword=%EC%95%84%EB%8A%94%20%ED%98%95%EB%8B%98||search_link_only|0|2026-07-31T09:56:06+00:00
THEME_DB|T010|T010|퇴근 후 멍하게 보기 좋은 예능|6|코미디빅리그|예능|2011|짧은 코너 중심이라 가볍게 웃기 좋음|https://m.kinolights.com/search?keyword=%EC%BD%94%EB%AF%B8%EB%94%94%EB%B9%85%EB%A6%AC%EA%B7%B8||search_link_only|0|2026-07-31T09:56:06+00:00
THEME_DB|T010|T010|퇴근 후 멍하게 보기 좋은 예능|7|놀라운 토요일|예능|2018|음식과 음악 게임이 결합된 편안한 예능|https://m.kinolights.com/search?keyword=%EB%86%80%EB%9D%BC%EC%9A%B4%20%ED%86%A0%EC%9A%94%EC%9D%BC||search_link_only|0|2026-07-31T09:56:06+00:00
THEME_DB|T010|T010|퇴근 후 멍하게 보기 좋은 예능|8|전지적 참견 시점|예능|2018|스타들의 일상을 관찰하며 쉬어가기 좋음|https://m.kinolights.com/search?keyword=%EC%A0%84%EC%A7%80%EC%A0%81%20%EC%B0%B8%EA%B2%AC%20%EC%8B%9C%EC%A0%90||search_link_only|0|2026-07-31T09:55:57+00:00
THEME_DB|T010|T010|퇴근 후 멍하게 보기 좋은 예능|9|나 혼자 산다|예능|2013|혼자 사는 일상의 소소한 웃음과 공감|https://m.kinolights.com/search?keyword=%EB%82%98%20%ED%98%BC%EC%9E%90%20%EC%82%B0%EB%8B%A4||search_link_only|0|2026-07-31T09:56:06+00:00
THEME_DB|T010|T010|퇴근 후 멍하게 보기 좋은 예능|10|무한도전|예능|2006|다양한 특집과 멤버들의 코미디를 즐길 수 있음|https://m.kinolights.com/search?keyword=%EB%AC%B4%ED%95%9C%EB%8F%84%EC%A0%84||search_link_only|0|2026-07-31T09:56:07+00:00
THEME_DB|T010|T010|퇴근 후 멍하게 보기 좋은 예능|11|1박 2일|예능|2007|여행과 복불복이 주는 편안한 웃음|https://m.kinolights.com/search?keyword=1%EB%B0%95%202%EC%9D%BC||search_link_only|0|2026-07-31T09:56:07+00:00
THEME_DB|T010|T010|퇴근 후 멍하게 보기 좋은 예능|12|유 퀴즈 온 더 블럭|예능|2018|따뜻한 대화와 가벼운 재미가 함께 있음|https://m.kinolights.com/search?keyword=%EC%9C%A0%20%ED%80%B4%EC%A6%88%20%EC%98%A8%20%EB%8D%94%20%EB%B8%94%EB%9F%AD||search_link_only|0|2026-07-31T09:56:07+00:00
THEME_DB|T010|T010|퇴근 후 멍하게 보기 좋은 예능|13|어쩌다 사장|예능|2021|배우들의 소박한 가게 운영과 잔잔한 웃음|https://m.kinolights.com/search?keyword=%EC%96%B4%EC%A9%8C%EB%8B%A4%20%EC%82%AC%EC%9E%A5||search_link_only|0|2026-07-31T09:56:07+00:00
THEME_DB|T010|T010|퇴근 후 멍하게 보기 좋은 예능|14|삼시세끼|예능|2014|느린 일상과 음식으로 긴장을 풀어줌|https://m.kinolights.com/search?keyword=%EC%82%BC%EC%8B%9C%EC%84%B8%EB%81%BC||search_link_only|0|2026-07-31T09:56:07+00:00
THEME_DB|T010|T010|퇴근 후 멍하게 보기 좋은 예능|15|지구오락실|예능|2022|친구처럼 노는 출연진의 즉흥 코미디|https://m.kinolights.com/search?keyword=%EC%A7%80%EA%B5%AC%EC%98%A4%EB%9D%BD%EC%8B%A4||search_link_only|0|2026-07-31T09:56:07+00:00
THEME_DB|T010|T010|퇴근 후 멍하게 보기 좋은 예능|16|식스센스|예능|2020|엉뚱한 추리와 출연진의 티키타카가 유쾌함|https://m.kinolights.com/search?keyword=%EC%8B%9D%EC%8A%A4%EC%84%BC%EC%8A%A4||search_link_only|0|2026-07-31T09:56:07+00:00
THEME_DB|T011|T011|결말 때문에 잠 못 드는 영화|1|식스 센스|영화|1999|마지막 반전이 처음부터의 장면을 완전히 다시 보게 한다|https://m.kinolights.com/search?keyword=%EC%8B%9D%EC%8A%A4%20%EC%84%BC%EC%8A%A4||search_link_only|0|2026-07-31T10:02:11+00:00
THEME_DB|T011|T011|결말 때문에 잠 못 드는 영화|2|유주얼 서스펙트|영화|1995|충격적인 결말과 치밀한 서술이 해석을 남긴다|https://m.kinolights.com/search?keyword=%EC%9C%A0%EC%A3%BC%EC%96%BC%20%EC%84%9C%EC%8A%A4%ED%8E%99%ED%8A%B8||search_link_only|0|2026-07-31T10:02:10+00:00
THEME_DB|T011|T011|결말 때문에 잠 못 드는 영화|3|메멘토|영화|2000|시간을 거꾸로 따라가며 결말의 의미를 재구성한다|https://m.kinolights.com/search?keyword=%EB%A9%94%EB%A9%98%ED%86%A0||search_link_only|0|2026-07-31T10:02:11+00:00
THEME_DB|T011|T011|결말 때문에 잠 못 드는 영화|4|셔터 아일랜드|영화|2010|주인공의 기억과 현실을 둘러싼 결말이 강렬하다|https://m.kinolights.com/search?keyword=%EC%85%94%ED%84%B0%20%EC%95%84%EC%9D%BC%EB%9E%9C%EB%93%9C||search_link_only|0|2026-07-31T10:02:11+00:00
THEME_DB|T011|T011|결말 때문에 잠 못 드는 영화|5|프레스티지|영화|2006|마술사의 경쟁과 복선이 마지막까지 긴장을 끌고 간다|https://m.kinolights.com/search?keyword=%ED%94%84%EB%A0%88%EC%8A%A4%ED%8B%B0%EC%A7%80||search_link_only|0|2026-07-31T10:02:11+00:00
THEME_DB|T011|T011|결말 때문에 잠 못 드는 영화|6|올드보이|영화|2003|충격적인 진실과 비극적 결말이 오래 남는다|https://m.kinolights.com/search?keyword=%EC%98%AC%EB%93%9C%EB%B3%B4%EC%9D%B4||search_link_only|0|2026-07-31T10:02:11+00:00
THEME_DB|T011|T011|결말 때문에 잠 못 드는 영화|7|곡성|영화|2016|선악과 진실을 둘러싼 결말이 끊임없는 해석을 부른다|https://m.kinolights.com/search?keyword=%EA%B3%A1%EC%84%B1||search_link_only|0|2026-07-31T10:02:11+00:00
THEME_DB|T011|T011|결말 때문에 잠 못 드는 영화|8|사라진 밤|영화|2018|시신이 사라진 사건의 진실이 끝까지 뒤집힌다|https://m.kinolights.com/search?keyword=%EC%82%AC%EB%9D%BC%EC%A7%84%20%EB%B0%A4||search_link_only|0|2026-07-31T10:02:10+00:00
THEME_DB|T011|T011|결말 때문에 잠 못 드는 영화|9|기억의 밤|영화|2017|기억과 정체성에 관한 반전이 결말에서 폭발한다|https://m.kinolights.com/search?keyword=%EA%B8%B0%EC%96%B5%EC%9D%98%20%EB%B0%A4||search_link_only|0|2026-07-31T10:02:11+00:00
THEME_DB|T011|T011|결말 때문에 잠 못 드는 영화|10|파이트 클럽|영화|1999|정체성에 관한 반전과 결말이 강한 충격을 준다|https://m.kinolights.com/search?keyword=%ED%8C%8C%EC%9D%B4%ED%8A%B8%20%ED%81%B4%EB%9F%BD||search_link_only|0|2026-07-31T10:02:11+00:00
THEME_DB|T011|T011|결말 때문에 잠 못 드는 영화|11|디 아더스|영화|2001|폐쇄적인 저택의 비밀이 마지막에 완전히 전환된다|https://m.kinolights.com/search?keyword=%EB%94%94%20%EC%95%84%EB%8D%94%EC%8A%A4||search_link_only|0|2026-07-31T10:02:13+00:00
THEME_DB|T011|T011|결말 때문에 잠 못 드는 영화|12|오리엔트 특급 살인|영화|2017|탑승객 모두를 의심하게 하는 결말의 진상이 인상적이다|https://m.kinolights.com/search?keyword=%EC%98%A4%EB%A6%AC%EC%97%94%ED%8A%B8%20%ED%8A%B9%EA%B8%89%20%EC%82%B4%EC%9D%B8||search_link_only|0|2026-07-31T10:02:13+00:00
THEME_DB|T011|T011|결말 때문에 잠 못 드는 영화|13|아이덴티티|영화|2003|고립된 공간의 연쇄 사건이 뜻밖의 방식으로 풀린다|https://m.kinolights.com/search?keyword=%EC%95%84%EC%9D%B4%EB%8D%B4%ED%8B%B0%ED%8B%B0||search_link_only|0|2026-07-31T10:02:12+00:00
THEME_DB|T011|T011|결말 때문에 잠 못 드는 영화|14|프라이멀 피어|영화|1996|법정 심리전의 마지막 반전이 관객을 속인다|https://m.kinolights.com/search?keyword=%ED%94%84%EB%9D%BC%EC%9D%B4%EB%A9%80%20%ED%94%BC%EC%96%B4||search_link_only|0|2026-07-31T10:02:12+00:00
THEME_DB|T011|T011|결말 때문에 잠 못 드는 영화|15|나이브스 아웃|영화|2019|추리와 반전이 이어지며 결말까지 범인을 숨긴다|https://m.kinolights.com/search?keyword=%EB%82%98%EC%9D%B4%EB%B8%8C%EC%8A%A4%20%EC%95%84%EC%9B%83||search_link_only|0|2026-07-31T10:02:12+00:00
THEME_DB|T011|T011|결말 때문에 잠 못 드는 영화|16|타인의 삶|영화|2006|감시와 인간성의 의미를 되묻게 하는 여운 깊은 결말이다|https://m.kinolights.com/search?keyword=%ED%83%80%EC%9D%B8%EC%9D%98%20%EC%82%B6||search_link_only|0|2026-07-31T10:02:13+00:00
THEME_DB|T012|T012|배우 케미가 다 한 로맨스|1|그해 우리는|드라마|2021|최우식과 김다미의 자연스러운 티키타카가 설렘을 만든다|https://m.kinolights.com/search?keyword=%EA%B7%B8%ED%95%B4%20%EC%9A%B0%EB%A6%AC%EB%8A%94||search_link_only|0|2026-07-31T10:02:12+00:00
THEME_DB|T012|T012|배우 케미가 다 한 로맨스|2|사랑의 불시착|드라마|2019|현빈과 손예진의 극적인 관계성이 로맨스를 이끈다|https://m.kinolights.com/search?keyword=%EC%82%AC%EB%9E%91%EC%9D%98%20%EB%B6%88%EC%8B%9C%EC%B0%A9||search_link_only|0|2026-07-31T10:02:13+00:00
THEME_DB|T012|T012|배우 케미가 다 한 로맨스|3|쌈, 마이웨이|드라마|2017|박서준과 김지원의 친구 같은 케미가 사랑으로 발전한다|https://m.kinolights.com/search?keyword=%EC%8C%88%2C%20%EB%A7%88%EC%9D%B4%EC%9B%A8%EC%9D%B4||search_link_only|0|2026-07-31T10:02:12+00:00
THEME_DB|T012|T012|배우 케미가 다 한 로맨스|4|김비서가 왜 그럴까|드라마|2018|박서준과 박민영의 능청스러운 호흡이 돋보인다|https://m.kinolights.com/search?keyword=%EA%B9%80%EB%B9%84%EC%84%9C%EA%B0%80%20%EC%99%9C%20%EA%B7%B8%EB%9F%B4%EA%B9%8C||search_link_only|0|2026-07-31T10:02:12+00:00
THEME_DB|T012|T012|배우 케미가 다 한 로맨스|5|커피프린스 1호점|드라마|2007|공유와 윤은혜의 풋풋하고 독특한 관계성이 매력적이다|https://m.kinolights.com/search?keyword=%EC%BB%A4%ED%94%BC%ED%94%84%EB%A6%B0%EC%8A%A4%201%ED%98%B8%EC%A0%90||search_link_only|0|2026-07-31T10:02:13+00:00
THEME_DB|T012|T012|배우 케미가 다 한 로맨스|6|눈물의 여왕|드라마|2024|김수현과 김지원의 부부 케미가 감정선을 견인한다|https://m.kinolights.com/search?keyword=%EB%88%88%EB%AC%BC%EC%9D%98%20%EC%97%AC%EC%99%95||search_link_only|0|2026-07-31T10:02:14+00:00
THEME_DB|T012|T012|배우 케미가 다 한 로맨스|7|또 오해영|드라마|2016|서현진과 에릭의 현실적인 말맛과 호흡이 살아 있다|https://m.kinolights.com/search?keyword=%EB%98%90%20%EC%98%A4%ED%95%B4%EC%98%81||search_link_only|0|2026-07-31T10:02:14+00:00
THEME_DB|T012|T012|배우 케미가 다 한 로맨스|8|멜로가 체질|드라마|2019|천우희와 안재홍의 솔직한 대화가 설렘과 웃음을 준다|https://m.kinolights.com/search?keyword=%EB%A9%9C%EB%A1%9C%EA%B0%80%20%EC%B2%B4%EC%A7%88||search_link_only|0|2026-07-31T10:02:14+00:00
THEME_DB|T012|T012|배우 케미가 다 한 로맨스|9|우리들의 블루스|드라마|2022|이병헌과 신민아의 아련한 재회가 깊은 여운을 남긴다|https://m.kinolights.com/search?keyword=%EC%9A%B0%EB%A6%AC%EB%93%A4%EC%9D%98%20%EB%B8%94%EB%A3%A8%EC%8A%A4||search_link_only|0|2026-07-31T10:02:14+00:00
THEME_DB|T012|T012|배우 케미가 다 한 로맨스|10|그녀는 예뻤다|드라마|2015|황정음과 박서준의 티격태격 호흡이 로맨스를 만든다|https://m.kinolights.com/search?keyword=%EA%B7%B8%EB%85%80%EB%8A%94%20%EC%98%88%EB%BB%A4%EB%8B%A4||search_link_only|0|2026-07-31T10:02:14+00:00
THEME_DB|T012|T012|배우 케미가 다 한 로맨스|11|브리저튼|드라마|2020|사이먼과 다프네를 연기한 배우들의 긴장감 있는 케미가 강하다|https://m.kinolights.com/search?keyword=%EB%B8%8C%EB%A6%AC%EC%A0%80%ED%8A%BC||search_link_only|0|2026-07-31T10:02:14+00:00
THEME_DB|T012|T012|배우 케미가 다 한 로맨스|12|노팅 힐|영화|1999|휴 그랜트와 줄리아 로버츠의 소박한 로맨스 호흡이 사랑스럽다|https://m.kinolights.com/search?keyword=%EB%85%B8%ED%8C%85%20%ED%9E%90||search_link_only|0|2026-07-31T10:02:14+00:00
THEME_DB|T012|T012|배우 케미가 다 한 로맨스|13|비포 선라이즈|영화|1995|에단 호크와 줄리 델피의 대화만으로 설렘을 쌓아 올린다|https://m.kinolights.com/search?keyword=%EB%B9%84%ED%8F%AC%20%EC%84%A0%EB%9D%BC%EC%9D%B4%EC%A6%88||search_link_only|0|2026-07-31T10:02:14+00:00
THEME_DB|T012|T012|배우 케미가 다 한 로맨스|14|러브, 로지|영화|2014|릴리 콜린스와 샘 클라플린의 친구에서 연인 케미가 돋보인다|https://m.kinolights.com/search?keyword=%EB%9F%AC%EB%B8%8C%2C%20%EB%A1%9C%EC%A7%80||search_link_only|0|2026-07-31T10:02:14+00:00
THEME_DB|T012|T012|배우 케미가 다 한 로맨스|15|어바웃 타임|영화|2013|도널 글리슨과 레이철 매캐덤스의 따뜻한 호흡이 인상적이다|https://m.kinolights.com/search?keyword=%EC%96%B4%EB%B0%94%EC%9B%83%20%ED%83%80%EC%9E%84||search_link_only|0|2026-07-31T10:02:14+00:00
THEME_DB|T012|T012|배우 케미가 다 한 로맨스|16|엽기적인 그녀|영화|2001|전지현과 차태현의 독특한 티격태격 케미가 고전적인 설렘을 준다|https://m.kinolights.com/search?keyword=%EC%97%BD%EA%B8%B0%EC%A0%81%EC%9D%B8%20%EA%B7%B8%EB%85%80||search_link_only|0|2026-07-31T10:02:15+00:00
THEME_DB|T013|T013|보고 나면 누군가와 얘기하고 싶은 영화|1|인셉션|영화|2010|꿈과 현실의 경계가 결말 이후에도 해석을 계속하게 한다|https://m.kinolights.com/search?keyword=%EC%9D%B8%EC%85%89%EC%85%98||search_link_only|0|2026-07-31T10:02:15+00:00
THEME_DB|T013|T013|보고 나면 누군가와 얘기하고 싶은 영화|2|인터스텔라|영화|2014|시간과 사랑을 다룬 세계관이 감상 후 긴 대화를 부른다|https://m.kinolights.com/search?keyword=%EC%9D%B8%ED%84%B0%EC%8A%A4%ED%85%94%EB%9D%BC||search_link_only|0|2026-07-31T10:02:16+00:00
THEME_DB|T013|T013|보고 나면 누군가와 얘기하고 싶은 영화|3|기생충|영화|2019|계급과 결말의 상징을 둘러싼 토론거리가 풍부하다|https://m.kinolights.com/search?keyword=%EA%B8%B0%EC%83%9D%EC%B6%A9||search_link_only|0|2026-07-31T10:02:16+00:00
THEME_DB|T013|T013|보고 나면 누군가와 얘기하고 싶은 영화|4|헤어질 결심|영화|2022|사랑과 수사의 모호한 결말이 다양한 해석을 남긴다|https://m.kinolights.com/search?keyword=%ED%97%A4%EC%96%B4%EC%A7%88%20%EA%B2%B0%EC%8B%AC||search_link_only|0|2026-07-31T10:02:16+00:00
THEME_DB|T013|T013|보고 나면 누군가와 얘기하고 싶은 영화|5|버닝|영화|2018|인물의 진실과 사건의 공백이 관객의 추론을 자극한다|https://m.kinolights.com/search?keyword=%EB%B2%84%EB%8B%9D||search_link_only|0|2026-07-31T10:02:15+00:00
THEME_DB|T013|T013|보고 나면 누군가와 얘기하고 싶은 영화|6|멀홀랜드 드라이브|영화|2001|꿈과 현실이 뒤섞인 초현실적 서사가 해석을 요구한다|https://m.kinolights.com/search?keyword=%EB%A9%80%ED%99%80%EB%9E%9C%EB%93%9C%20%EB%93%9C%EB%9D%BC%EC%9D%B4%EB%B8%8C||search_link_only|0|2026-07-31T10:02:16+00:00
THEME_DB|T013|T013|보고 나면 누군가와 얘기하고 싶은 영화|7|2001 스페이스 오디세이|영화|1968|인류와 진화를 다룬 상징적 세계관이 깊은 토론을 이끈다|https://m.kinolights.com/search?keyword=2001%20%EC%8A%A4%ED%8E%98%EC%9D%B4%EC%8A%A4%20%EC%98%A4%EB%94%94%EC%84%B8%EC%9D%B4||search_link_only|0|2026-07-31T10:02:16+00:00
THEME_DB|T013|T013|보고 나면 누군가와 얘기하고 싶은 영화|8|매트릭스|영화|1999|현실의 본질과 선택을 묻는 설정이 오래 생각하게 한다|https://m.kinolights.com/search?keyword=%EB%A7%A4%ED%8A%B8%EB%A6%AD%EC%8A%A4||search_link_only|0|2026-07-31T10:02:16+00:00
THEME_DB|T013|T013|보고 나면 누군가와 얘기하고 싶은 영화|9|트루먼 쇼|영화|1998|자유와 현실의 의미를 쉽고도 깊게 질문한다|https://m.kinolights.com/search?keyword=%ED%8A%B8%EB%A3%A8%EB%A8%BC%20%EC%87%BC||search_link_only|0|2026-07-31T10:02:16+00:00
THEME_DB|T013|T013|보고 나면 누군가와 얘기하고 싶은 영화|10|도그빌|영화|2003|인간 본성과 공동체의 폭력을 극단적으로 보여 준다|https://m.kinolights.com/search?keyword=%EB%8F%84%EA%B7%B8%EB%B9%8C||search_link_only|0|2026-07-31T10:02:17+00:00
THEME_DB|T013|T013|보고 나면 누군가와 얘기하고 싶은 영화|11|노인을 위한 나라는 없다|영화|2007|예상 밖의 전개와 열린 결말이 다양한 해석을 남긴다|https://m.kinolights.com/search?keyword=%EB%85%B8%EC%9D%B8%EC%9D%84%20%EC%9C%84%ED%95%9C%20%EB%82%98%EB%9D%BC%EB%8A%94%20%EC%97%86%EB%8B%A4||search_link_only|0|2026-07-31T10:02:17+00:00
THEME_DB|T013|T013|보고 나면 누군가와 얘기하고 싶은 영화|12|타르|영화|2022|권력과 예술가의 윤리를 둘러싼 논쟁적 지점을 제공한다|https://m.kinolights.com/search?keyword=%ED%83%80%EB%A5%B4||search_link_only|0|2026-07-31T10:02:17+00:00
THEME_DB|T013|T013|보고 나면 누군가와 얘기하고 싶은 영화|13|애프터 양|영화|2021|기억과 가족을 섬세하게 다뤄 감상 후 이야기를 확장한다|https://m.kinolights.com/search?keyword=%EC%95%A0%ED%94%84%ED%84%B0%20%EC%96%91||search_link_only|0|2026-07-31T10:02:17+00:00
THEME_DB|T013|T013|보고 나면 누군가와 얘기하고 싶은 영화|14|더 랍스터|영화|2015|사랑과 사회 규범을 기묘한 설정으로 풍자한다|https://m.kinolights.com/search?keyword=%EB%8D%94%20%EB%9E%8D%EC%8A%A4%ED%84%B0||search_link_only|0|2026-07-31T10:02:17+00:00
THEME_DB|T013|T013|보고 나면 누군가와 얘기하고 싶은 영화|15|원더풀 라이프|영화|1998|삶에서 간직할 기억을 묻는 설정이 자신의 경험을 돌아보게 한다|https://m.kinolights.com/search?keyword=%EC%9B%90%EB%8D%94%ED%92%80%20%EB%9D%BC%EC%9D%B4%ED%94%84||search_link_only|0|2026-07-31T10:02:17+00:00
THEME_DB|T013|T013|보고 나면 누군가와 얘기하고 싶은 영화|16|시민 케인|영화|1941|한 인물의 삶과 마지막 단어를 해석하는 고전적 재미가 있다|https://m.kinolights.com/search?keyword=%EC%8B%9C%EB%AF%BC%20%EC%BC%80%EC%9D%B8||search_link_only|0|2026-07-31T10:02:17+00:00
THEME_DB|T014|T014|혼자 보면 더 무서운 영화|1|유전|영화|2018|가족의 비밀과 불길한 이미지가 혼자 볼 때 더 서늘하다|https://m.kinolights.com/search?keyword=%EC%9C%A0%EC%A0%84||search_link_only|0|2026-07-31T10:02:17+00:00
THEME_DB|T014|T014|혼자 보면 더 무서운 영화|2|더 위치|영화|2015|고립된 가족과 종교적 공포가 밤의 긴장감을 키운다|https://m.kinolights.com/search?keyword=%EB%8D%94%20%EC%9C%84%EC%B9%98||search_link_only|0|2026-07-31T10:02:17+00:00
THEME_DB|T014|T014|혼자 보면 더 무서운 영화|3|컨저링|영화|2013|어두운 집 안의 초자연적 사건이 정통 공포를 선사한다|https://m.kinolights.com/search?keyword=%EC%BB%A8%EC%A0%80%EB%A7%81||search_link_only|0|2026-07-31T10:02:17+00:00
THEME_DB|T014|T014|혼자 보면 더 무서운 영화|4|인시디어스|영화|2010|현실과 다른 공간의 존재가 갑작스러운 공포를 만든다|https://m.kinolights.com/search?keyword=%EC%9D%B8%EC%8B%9C%EB%94%94%EC%96%B4%EC%8A%A4||search_link_only|0|2026-07-31T10:02:18+00:00
THEME_DB|T014|T014|혼자 보면 더 무서운 영화|5|파라노말 액티비티|영화|2007|고정 카메라 속 작은 변화가 혼자 볼 때 극대화된다|https://m.kinolights.com/search?keyword=%ED%8C%8C%EB%9D%BC%EB%85%B8%EB%A7%90%20%EC%95%A1%ED%8B%B0%EB%B9%84%ED%8B%B0||search_link_only|0|2026-07-31T10:02:18+00:00
THEME_DB|T014|T014|혼자 보면 더 무서운 영화|6|링|영화|1998|비디오테이프와 저주의 이미지가 오래도록 소름을 남긴다|https://m.kinolights.com/search?keyword=%EB%A7%81||search_link_only|0|2026-07-31T10:02:18+00:00
THEME_DB|T014|T014|혼자 보면 더 무서운 영화|7|알포인트|영화|2004|고립된 부대의 기이한 사건이 폐쇄 공포를 자극한다|https://m.kinolights.com/search?keyword=%EC%95%8C%ED%8F%AC%EC%9D%B8%ED%8A%B8||search_link_only|0|2026-07-31T10:02:18+00:00
THEME_DB|T014|T014|혼자 보면 더 무서운 영화|8|장화, 홍련|영화|2003|아름답고 불안한 집 안의 비밀이 심리적 공포를 만든다|https://m.kinolights.com/search?keyword=%EC%9E%A5%ED%99%94%2C%20%ED%99%8D%EB%A0%A8||search_link_only|0|2026-07-31T10:02:18+00:00
THEME_DB|T014|T014|혼자 보면 더 무서운 영화|9|곤지암|영화|2018|폐정신병원의 생중계 형식이 현장감을 높인다|https://m.kinolights.com/search?keyword=%EA%B3%A4%EC%A7%80%EC%95%94||search_link_only|0|2026-07-31T10:02:18+00:00
THEME_DB|T014|T014|혼자 보면 더 무서운 영화|10|주온: 극장판|영화|2002|집이라는 익숙한 공간을 끈질긴 공포의 장소로 바꾼다|https://m.kinolights.com/search?keyword=%EC%A3%BC%EC%98%A8%3A%20%EA%B7%B9%EC%9E%A5%ED%8C%90||search_link_only|0|2026-07-31T10:02:18+00:00
THEME_DB|T014|T014|혼자 보면 더 무서운 영화|11|REC|영화|2007|아파트 봉쇄와 생생한 촬영 방식이 숨 돌릴 틈을 주지 않는다|https://m.kinolights.com/search?keyword=REC||search_link_only|0|2026-07-31T10:02:18+00:00
THEME_DB|T014|T014|혼자 보면 더 무서운 영화|12|더 오큘러스|영화|2013|저주받은 거울이 현실 인식을 무너뜨리는 심리 공포다|https://m.kinolights.com/search?keyword=%EB%8D%94%20%EC%98%A4%ED%81%98%EB%9F%AC%EC%8A%A4||search_link_only|0|2026-07-31T10:02:18+00:00
THEME_DB|T014|T014|혼자 보면 더 무서운 영화|13|미드소마|영화|2019|밝은 낮의 공동체가 오히려 기묘한 불안을 키운다|https://m.kinolights.com/search?keyword=%EB%AF%B8%EB%93%9C%EC%86%8C%EB%A7%88||search_link_only|0|2026-07-31T10:02:18+00:00
THEME_DB|T014|T014|혼자 보면 더 무서운 영화|14|더 라이트하우스|영화|2019|외딴 등대의 고립과 광기가 서서히 압박한다|https://m.kinolights.com/search?keyword=%EB%8D%94%20%EB%9D%BC%EC%9D%B4%ED%8A%B8%ED%95%98%EC%9A%B0%EC%8A%A4||search_link_only|0|2026-07-31T10:02:20+00:00
THEME_DB|T014|T014|혼자 보면 더 무서운 영화|15|콰이어트 플레이스|영화|2018|소리를 낼 수 없는 규칙이 혼자 보는 긴장감을 극대화한다|https://m.kinolights.com/search?keyword=%EC%BD%B0%EC%9D%B4%EC%96%B4%ED%8A%B8%20%ED%94%8C%EB%A0%88%EC%9D%B4%EC%8A%A4||search_link_only|0|2026-07-31T10:02:20+00:00
THEME_DB|T014|T014|혼자 보면 더 무서운 영화|16|스마일|영화|2022|일상에 침투하는 저주의 형상이 지속적인 불안을 선사한다|https://m.kinolights.com/search?keyword=%EC%8A%A4%EB%A7%88%EC%9D%BC||search_link_only|0|2026-07-31T10:02:20+00:00
THEME_DB|T015|T015|지금 극장가 분위기 따라잡기|1|파묘|영화|2024|극장가를 달군 한국 오컬트 화제작으로 장르 관심을 끌었다|https://m.kinolights.com/search?keyword=%ED%8C%8C%EB%AC%98||search_link_only|0|2026-07-31T10:02:20+00:00
THEME_DB|T015|T015|지금 극장가 분위기 따라잡기|2|서울의 봄|영화|2023|흥행과 사회적 화제를 동시에 만든 한국 영화다|https://m.kinolights.com/search?keyword=%EC%84%9C%EC%9A%B8%EC%9D%98%20%EB%B4%84||search_link_only|0|2026-07-31T10:02:20+00:00
THEME_DB|T015|T015|지금 극장가 분위기 따라잡기|3|범죄도시 4|영화|2024|대중적인 범죄 액션 시리즈의 극장 화제작이다|https://m.kinolights.com/search?keyword=%EB%B2%94%EC%A3%84%EB%8F%84%EC%8B%9C%204||search_link_only|0|2026-07-31T10:02:20+00:00
THEME_DB|T015|T015|지금 극장가 분위기 따라잡기|4|오펜하이머|영화|2023|역사와 과학을 결합한 대형 극장 화제작이다|https://m.kinolights.com/search?keyword=%EC%98%A4%ED%8E%9C%ED%95%98%EC%9D%B4%EB%A8%B8||search_link_only|0|2026-07-31T10:02:20+00:00
THEME_DB|T015|T015|지금 극장가 분위기 따라잡기|5|듄: 파트 2|영화|2024|압도적인 세계관으로 극장 관람 열풍을 일으켰다|https://m.kinolights.com/search?keyword=%EB%93%84%3A%20%ED%8C%8C%ED%8A%B8%202||search_link_only|0|2026-07-31T10:02:20+00:00
THEME_DB|T015|T015|지금 극장가 분위기 따라잡기|6|인사이드 아웃 2|애니메이션|2024|세대 불문 흥행한 극장 애니메이션 화제작이다|https://m.kinolights.com/search?keyword=%EC%9D%B8%EC%82%AC%EC%9D%B4%EB%93%9C%20%EC%95%84%EC%9B%83%202||search_link_only|0|2026-07-31T10:02:20+00:00
THEME_DB|T015|T015|지금 극장가 분위기 따라잡기|7|웡카|영화|2023|뮤지컬 판타지와 스타 캐스팅으로 관객 관심을 모았다|https://m.kinolights.com/search?keyword=%EC%9B%A1%EC%B9%B4||search_link_only|0|2026-07-31T10:02:20+00:00
THEME_DB|T015|T015|지금 극장가 분위기 따라잡기|8|탑건: 매버릭|영화|2022|극장 체험형 액션의 대표적인 흥행 화제작이다|https://m.kinolights.com/search?keyword=%ED%83%91%EA%B1%B4%3A%20%EB%A7%A4%EB%B2%84%EB%A6%AD||search_link_only|0|2026-07-31T10:02:22+00:00
THEME_DB|T015|T015|지금 극장가 분위기 따라잡기|9|아바타: 물의 길|영화|2022|대형 스크린과 3D 관람의 매력을 다시 부각했다|https://m.kinolights.com/search?keyword=%EC%95%84%EB%B0%94%ED%83%80%3A%20%EB%AC%BC%EC%9D%98%20%EA%B8%B8||search_link_only|0|2026-07-31T10:02:22+00:00
THEME_DB|T015|T015|지금 극장가 분위기 따라잡기|10|엘리멘탈|애니메이션|2023|입소문으로 장기 흥행한 가족 극장 애니메이션이다|https://m.kinolights.com/search?keyword=%EC%97%98%EB%A6%AC%EB%A9%98%ED%83%88||search_link_only|0|2026-07-31T10:02:22+00:00
THEME_DB|T015|T015|지금 극장가 분위기 따라잡기|11|더 퍼스트 슬램덩크|애니메이션|2022|세대 공감과 입소문으로 극장가에서 큰 반향을 일으켰다|https://m.kinolights.com/search?keyword=%EB%8D%94%20%ED%8D%BC%EC%8A%A4%ED%8A%B8%20%EC%8A%AC%EB%9E%A8%EB%8D%A9%ED%81%AC||search_link_only|0|2026-07-31T10:02:22+00:00
THEME_DB|T015|T015|지금 극장가 분위기 따라잡기|12|헤어질 결심|영화|2022|칸 수상과 작품성으로 관객과 평단의 화제를 모았다|https://m.kinolights.com/search?keyword=%ED%97%A4%EC%96%B4%EC%A7%88%20%EA%B2%B0%EC%8B%AC||search_link_only|0|2026-07-31T10:02:22+00:00
THEME_DB|T015|T015|지금 극장가 분위기 따라잡기|13|기생충|영화|2019|국제 수상과 흥행으로 한국 영화의 상징적 화제작이 됐다|https://m.kinolights.com/search?keyword=%EA%B8%B0%EC%83%9D%EC%B6%A9||search_link_only|0|2026-07-31T10:02:22+00:00
THEME_DB|T015|T015|지금 극장가 분위기 따라잡기|14|알라딘|영화|2019|OST와 입소문으로 장기 흥행한 극장 영화다|https://m.kinolights.com/search?keyword=%EC%95%8C%EB%9D%BC%EB%94%98||search_link_only|0|2026-07-31T10:02:22+00:00
THEME_DB|T015|T015|지금 극장가 분위기 따라잡기|15|극한직업|영화|2019|한국 코미디 흥행 기록을 세운 대표 화제작이다|https://m.kinolights.com/search?keyword=%EA%B7%B9%ED%95%9C%EC%A7%81%EC%97%85||search_link_only|0|2026-07-31T10:02:22+00:00
THEME_DB|T015|T015|지금 극장가 분위기 따라잡기|16|스파이더맨: 노 웨이 홈|영화|2021|팬덤과 멀티버스 화제로 극장가를 뜨겁게 달궜다|https://m.kinolights.com/search?keyword=%EC%8A%A4%ED%8C%8C%EC%9D%B4%EB%8D%94%EB%A7%A8%3A%20%EB%85%B8%20%EC%9B%A8%EC%9D%B4%20%ED%99%88||search_link_only|0|2026-07-31T10:02:22+00:00
THEME_DB|T016|T016|다시 봐도 웃긴 레전드 예능|1|무한도전|예능|2006|특집과 유행어가 지금도 반복 소비되는 국민 예능이다|https://m.kinolights.com/search?keyword=%EB%AC%B4%ED%95%9C%EB%8F%84%EC%A0%84||search_link_only|0|2026-07-31T10:02:22+00:00
THEME_DB|T016|T016|다시 봐도 웃긴 레전드 예능|2|1박 2일|예능|2007|여행 속 벌칙과 캐릭터 조합이 꾸준한 웃음을 준다|https://m.kinolights.com/search?keyword=1%EB%B0%95%202%EC%9D%BC||search_link_only|0|2026-07-31T10:02:23+00:00
THEME_DB|T016|T016|다시 봐도 웃긴 레전드 예능|3|런닝맨|예능|2010|초기 추격전과 멤버 케미가 레전드 클립으로 남았다|https://m.kinolights.com/search?keyword=%EB%9F%B0%EB%8B%9D%EB%A7%A8||search_link_only|0|2026-07-31T10:02:23+00:00
THEME_DB|T016|T016|다시 봐도 웃긴 레전드 예능|4|라디오스타|예능|2007|독한 질문과 즉흥 토크에서 명장면이 쏟아진다|https://m.kinolights.com/search?keyword=%EB%9D%BC%EB%94%94%EC%98%A4%EC%8A%A4%ED%83%80||search_link_only|0|2026-07-31T10:02:23+00:00
THEME_DB|T016|T016|다시 봐도 웃긴 레전드 예능|5|아는 형님|예능|2015|출연진의 콩트와 폭로 토크가 반복해서 웃기다|https://m.kinolights.com/search?keyword=%EC%95%84%EB%8A%94%20%ED%98%95%EB%8B%98||search_link_only|0|2026-07-31T10:02:23+00:00
THEME_DB|T016|T016|다시 봐도 웃긴 레전드 예능|6|신서유기|예능|2015|게임과 멤버들의 예측 불가한 반응이 강점이다|https://m.kinolights.com/search?keyword=%EC%8B%A0%EC%84%9C%EC%9C%A0%EA%B8%B0||search_link_only|0|2026-07-31T10:02:23+00:00
THEME_DB|T016|T016|다시 봐도 웃긴 레전드 예능|7|코미디빅리그|예능|2011|유행어를 만든 코너와 캐릭터를 다시 보기 좋다|https://m.kinolights.com/search?keyword=%EC%BD%94%EB%AF%B8%EB%94%94%EB%B9%85%EB%A6%AC%EA%B7%B8||search_link_only|0|2026-07-31T10:02:23+00:00
THEME_DB|T016|T016|다시 봐도 웃긴 레전드 예능|8|패밀리가 떴다|예능|2008|출연진의 허술한 농촌 생활과 팀워크가 유쾌하다|https://m.kinolights.com/search?keyword=%ED%8C%A8%EB%B0%80%EB%A6%AC%EA%B0%80%20%EB%96%B4%EB%8B%A4||search_link_only|0|2026-07-31T10:02:23+00:00
THEME_DB|T016|T016|다시 봐도 웃긴 레전드 예능|9|X맨|예능|2003|당시 스타들의 게임과 러브라인이 추억의 웃음을 준다|https://m.kinolights.com/search?keyword=X%EB%A7%A8||search_link_only|0|2026-07-31T10:02:23+00:00
THEME_DB|T016|T016|다시 봐도 웃긴 레전드 예능|10|강심장|예능|2009|스타들의 과장된 에피소드와 집단 리액션이 재미있다|https://m.kinolights.com/search?keyword=%EA%B0%95%EC%8B%AC%EC%9E%A5||search_link_only|0|2026-07-31T10:02:23+00:00
THEME_DB|T016|T016|다시 봐도 웃긴 레전드 예능|11|해피투게더|예능|2001|야간매점과 스타 토크의 익숙한 장면들이 웃음을 준다|https://m.kinolights.com/search?keyword=%ED%95%B4%ED%94%BC%ED%88%AC%EA%B2%8C%EB%8D%94||search_link_only|0|2026-07-31T10:02:23+00:00
THEME_DB|T016|T016|다시 봐도 웃긴 레전드 예능|12|개그콘서트|예능|1999|한국 코미디의 대표 코너와 유행어를 모아 볼 수 있다|https://m.kinolights.com/search?keyword=%EA%B0%9C%EA%B7%B8%EC%BD%98%EC%84%9C%ED%8A%B8||search_link_only|0|2026-07-31T10:02:25+00:00
THEME_DB|T016|T016|다시 봐도 웃긴 레전드 예능|13|놀러와|예능|2004|세대별 스타들의 편안한 토크와 게임이 돋보인다|https://m.kinolights.com/search?keyword=%EB%86%80%EB%9F%AC%EC%99%80||search_link_only|0|2026-07-31T10:02:24+00:00
THEME_DB|T016|T016|다시 봐도 웃긴 레전드 예능|14|SNL 코리아|예능|2011|패러디와 풍자의 강한 장면들이 클립으로 살아남았다|https://m.kinolights.com/search?keyword=SNL%20%EC%BD%94%EB%A6%AC%EC%95%84||search_link_only|0|2026-07-31T10:02:25+00:00
THEME_DB|T016|T016|다시 봐도 웃긴 레전드 예능|15|도전! 골든벨|예능|1999|학생들의 답변과 돌발 순간이 의외의 웃음을 만든다|https://m.kinolights.com/search?keyword=%EB%8F%84%EC%A0%84%21%20%EA%B3%A8%EB%93%A0%EB%B2%A8||search_link_only|0|2026-07-31T10:02:25+00:00
THEME_DB|T016|T016|다시 봐도 웃긴 레전드 예능|16|슈퍼맨이 돌아왔다|예능|2013|아이들의 솔직한 반응과 가족 에피소드가 유쾌하다|https://m.kinolights.com/search?keyword=%EC%8A%88%ED%8D%BC%EB%A7%A8%EC%9D%B4%20%EB%8F%8C%EC%95%84%EC%99%94%EB%8B%A4||search_link_only|0|2026-07-31T10:02:25+00:00
THEME_DB|T017|T017|세계관에 빠지는 SF|1|듄|영화|2021|사막 행성의 정치와 생태를 치밀하게 구축한 세계관이다|https://m.kinolights.com/search?keyword=%EB%93%84||search_link_only|0|2026-07-31T10:02:25+00:00
THEME_DB|T017|T017|세계관에 빠지는 SF|2|듄: 파트 2|영화|2024|거대한 제국과 예언의 서사가 세계를 더욱 확장한다|https://m.kinolights.com/search?keyword=%EB%93%84%3A%20%ED%8C%8C%ED%8A%B8%202||search_link_only|0|2026-07-31T10:02:25+00:00
THEME_DB|T017|T017|세계관에 빠지는 SF|3|인터스텔라|영화|2014|우주 탐사와 시간의 상대성을 감정적으로 풀어낸다|https://m.kinolights.com/search?keyword=%EC%9D%B8%ED%84%B0%EC%8A%A4%ED%85%94%EB%9D%BC||search_link_only|0|2026-07-31T10:02:25+00:00
THEME_DB|T017|T017|세계관에 빠지는 SF|4|매트릭스|영화|1999|가상현실과 인간 해방이라는 독창적인 세계를 제시한다|https://m.kinolights.com/search?keyword=%EB%A7%A4%ED%8A%B8%EB%A6%AD%EC%8A%A4||search_link_only|0|2026-07-31T10:02:25+00:00
THEME_DB|T017|T017|세계관에 빠지는 SF|5|블레이드 러너 2049|영화|2017|인간과 복제인의 미래를 감각적인 도시로 그린다|https://m.kinolights.com/search?keyword=%EB%B8%94%EB%A0%88%EC%9D%B4%EB%93%9C%20%EB%9F%AC%EB%84%88%202049||search_link_only|0|2026-07-31T10:02:25+00:00
THEME_DB|T017|T017|세계관에 빠지는 SF|6|에브리씽 에브리웨어 올 앳 원스|영화|2022|다중우주를 가족 이야기와 기발한 상상력으로 풀어낸다|https://m.kinolights.com/search?keyword=%EC%97%90%EB%B8%8C%EB%A6%AC%EC%94%BD%20%EC%97%90%EB%B8%8C%EB%A6%AC%EC%9B%A8%EC%96%B4%20%EC%98%AC%20%EC%95%B3%20%EC%9B%90%EC%8A%A4||search_link_only|0|2026-07-31T10:02:25+00:00
THEME_DB|T017|T017|세계관에 빠지는 SF|7|스타워즈: 새로운 희망|영화|1977|선악과 모험의 우주 세계관을 대중화한 고전이다|https://m.kinolights.com/search?keyword=%EC%8A%A4%ED%83%80%EC%9B%8C%EC%A6%88%3A%20%EC%83%88%EB%A1%9C%EC%9A%B4%20%ED%9D%AC%EB%A7%9D||search_link_only|0|2026-07-31T10:02:26+00:00
THEME_DB|T017|T017|세계관에 빠지는 SF|8|가디언즈 오브 갤럭시|영화|2014|개성 강한 우주 영웅들의 모험 세계가 매력적이다|https://m.kinolights.com/search?keyword=%EA%B0%80%EB%94%94%EC%96%B8%EC%A6%88%20%EC%98%A4%EB%B8%8C%20%EA%B0%A4%EB%9F%AD%EC%8B%9C||search_link_only|0|2026-07-31T10:02:26+00:00
THEME_DB|T017|T017|세계관에 빠지는 SF|9|아바타|영화|2009|판도라의 생태계와 종족 문화를 압도적으로 구현했다|https://m.kinolights.com/search?keyword=%EC%95%84%EB%B0%94%ED%83%80||search_link_only|0|2026-07-31T10:02:26+00:00
THEME_DB|T017|T017|세계관에 빠지는 SF|10|혹성탈출: 반격의 서막|영화|2014|인간과 지능을 얻은 유인원의 사회를 깊이 있게 확장한다|https://m.kinolights.com/search?keyword=%ED%98%B9%EC%84%B1%ED%83%88%EC%B6%9C%3A%20%EB%B0%98%EA%B2%A9%EC%9D%98%20%EC%84%9C%EB%A7%89||search_link_only|0|2026-07-31T10:02:26+00:00
THEME_DB|T017|T017|세계관에 빠지는 SF|11|마션|영화|2015|화성 생존 과학과 개척의 과정을 몰입감 있게 보여 준다|https://m.kinolights.com/search?keyword=%EB%A7%88%EC%85%98||search_link_only|0|2026-07-31T10:02:26+00:00
THEME_DB|T017|T017|세계관에 빠지는 SF|12|엑스 마키나|영화|2014|인공지능과 인간의 경계를 폐쇄적 공간에서 탐구한다|https://m.kinolights.com/search?keyword=%EC%97%91%EC%8A%A4%20%EB%A7%88%ED%82%A4%EB%82%98||search_link_only|0|2026-07-31T10:02:26+00:00
THEME_DB|T017|T017|세계관에 빠지는 SF|13|월-E|애니메이션|2008|황폐한 지구와 우주 식민지의 미래를 따뜻하게 그린다|https://m.kinolights.com/search?keyword=%EC%9B%94-E||search_link_only|0|2026-07-31T10:02:26+00:00
THEME_DB|T017|T017|세계관에 빠지는 SF|14|공각기동대|애니메이션|1995|네트워크 사회와 의식의 정체성을 철학적으로 다룬다|https://m.kinolights.com/search?keyword=%EA%B3%B5%EA%B0%81%EA%B8%B0%EB%8F%99%EB%8C%80||search_link_only|0|2026-07-31T10:02:26+00:00
THEME_DB|T017|T017|세계관에 빠지는 SF|15|카우보이 비밥|애니메이션|1998|우주 현상금 사냥꾼들의 독특한 미래 세계가 펼쳐진다|https://m.kinolights.com/search?keyword=%EC%B9%B4%EC%9A%B0%EB%B3%B4%EC%9D%B4%20%EB%B9%84%EB%B0%A5||search_link_only|0|2026-07-31T10:02:26+00:00
THEME_DB|T017|T017|세계관에 빠지는 SF|16|삼체|드라마|2024|외계 문명과 과학 위기를 중심으로 거대한 SF 세계를 구축한다|https://m.kinolights.com/search?keyword=%EC%82%BC%EC%B2%B4||search_link_only|0|2026-07-31T10:02:26+00:00
THEME_DB|T018|T018|실화라 더 몰입되는 이야기|1|살인의 추억|영화|2003|화성 연쇄살인 사건을 모티프로 한 강렬한 범죄 드라마다|https://m.kinolights.com/search?keyword=%EC%82%B4%EC%9D%B8%EC%9D%98%20%EC%B6%94%EC%96%B5||search_link_only|0|2026-07-31T10:02:28+00:00
THEME_DB|T018|T018|실화라 더 몰입되는 이야기|2|택시운전사|영화|2017|5·18 민주화운동을 취재한 독일 기자의 실화를 바탕으로 한다|https://m.kinolights.com/search?keyword=%ED%83%9D%EC%8B%9C%EC%9A%B4%EC%A0%84%EC%82%AC||search_link_only|0|2026-07-31T10:02:27+00:00
THEME_DB|T018|T018|실화라 더 몰입되는 이야기|3|변호인|영화|2013|부림 사건에서 모티프를 얻은 법정 드라마다|https://m.kinolights.com/search?keyword=%EB%B3%80%ED%98%B8%EC%9D%B8||search_link_only|0|2026-07-31T10:02:27+00:00
THEME_DB|T018|T018|실화라 더 몰입되는 이야기|4|남산의 부장들|영화|2020|박정희 정권 말기 실제 사건을 정치 스릴러로 재구성했다|https://m.kinolights.com/search?keyword=%EB%82%A8%EC%82%B0%EC%9D%98%20%EB%B6%80%EC%9E%A5%EB%93%A4||search_link_only|0|2026-07-31T10:02:27+00:00
THEME_DB|T018|T018|실화라 더 몰입되는 이야기|5|서울의 봄|영화|2023|12·12 군사반란을 바탕으로 긴박한 하루를 그린다|https://m.kinolights.com/search?keyword=%EC%84%9C%EC%9A%B8%EC%9D%98%20%EB%B4%84||search_link_only|0|2026-07-31T10:02:28+00:00
THEME_DB|T018|T018|실화라 더 몰입되는 이야기|6|1987|영화|2017|박종철 고문치사 사건과 민주화운동을 다룬다|https://m.kinolights.com/search?keyword=1987||search_link_only|0|2026-07-31T10:02:27+00:00
THEME_DB|T018|T018|실화라 더 몰입되는 이야기|7|실미도|영화|2003|실미도 부대의 실제 사건을 영화적으로 재현했다|https://m.kinolights.com/search?keyword=%EC%8B%A4%EB%AF%B8%EB%8F%84||search_link_only|0|2026-07-31T10:02:27+00:00
THEME_DB|T018|T018|실화라 더 몰입되는 이야기|8|모가디슈|영화|2021|1991년 소말리아 내전 당시 남북 공관의 탈출 실화다|https://m.kinolights.com/search?keyword=%EB%AA%A8%EA%B0%80%EB%94%94%EC%8A%88||search_link_only|0|2026-07-31T10:02:28+00:00
THEME_DB|T018|T018|실화라 더 몰입되는 이야기|9|링컨 변호사|영화|2011|실화는 아니지만 실제 법정 사건 같은 현실감의 범죄극이다|https://m.kinolights.com/search?keyword=%EB%A7%81%EC%BB%A8%20%EB%B3%80%ED%98%B8%EC%82%AC||search_link_only|0|2026-07-31T10:02:28+00:00
THEME_DB|T018|T018|실화라 더 몰입되는 이야기|10|스포트라이트|영화|2015|가톨릭교회 성직자 성범죄를 추적한 탐사보도 실화다|https://m.kinolights.com/search?keyword=%EC%8A%A4%ED%8F%AC%ED%8A%B8%EB%9D%BC%EC%9D%B4%ED%8A%B8||search_link_only|0|2026-07-31T10:02:28+00:00
THEME_DB|T018|T018|실화라 더 몰입되는 이야기|11|에린 브로코비치|영화|2000|환경오염 소송을 이끈 실존 인물의 이야기를 그린다|https://m.kinolights.com/search?keyword=%EC%97%90%EB%A6%B0%20%EB%B8%8C%EB%A1%9C%EC%BD%94%EB%B9%84%EC%B9%98||search_link_only|0|2026-07-31T10:02:29+00:00
THEME_DB|T018|T018|실화라 더 몰입되는 이야기|12|아르고|영화|2012|이란 인질 사태 당시 비밀 구출 작전을 영화화했다|https://m.kinolights.com/search?keyword=%EC%95%84%EB%A5%B4%EA%B3%A0||search_link_only|0|2026-07-31T10:02:29+00:00
THEME_DB|T018|T018|실화라 더 몰입되는 이야기|13|캐치 미 이프 유 캔|영화|2002|실존 사기꾼 프랭크 애버그네일의 삶을 바탕으로 한다|https://m.kinolights.com/search?keyword=%EC%BA%90%EC%B9%98%20%EB%AF%B8%20%EC%9D%B4%ED%94%84%20%EC%9C%A0%20%EC%BA%94||search_link_only|0|2026-07-31T10:02:29+00:00
THEME_DB|T018|T018|실화라 더 몰입되는 이야기|14|더 울프 오브 월 스트리트|영화|2013|실존 주식 사기꾼의 파란만장한 삶을 다룬다|https://m.kinolights.com/search?keyword=%EB%8D%94%20%EC%9A%B8%ED%94%84%20%EC%98%A4%EB%B8%8C%20%EC%9B%94%20%EC%8A%A4%ED%8A%B8%EB%A6%AC%ED%8A%B8||search_link_only|0|2026-07-31T10:02:29+00:00
THEME_DB|T018|T018|실화라 더 몰입되는 이야기|15|체르노빌|드라마|2019|체르노빌 원전 사고의 참상과 대응을 사실적으로 재현한다|https://m.kinolights.com/search?keyword=%EC%B2%B4%EB%A5%B4%EB%85%B8%EB%B9%8C||search_link_only|0|2026-07-31T10:02:29+00:00
THEME_DB|T018|T018|실화라 더 몰입되는 이야기|16|웬즈데이|드라마||실화는 아니어서 제외해야 하나 후보 적합성이 낮다|https://m.kinolights.com/search?keyword=%EC%9B%AC%EC%A6%88%EB%8D%B0%EC%9D%B4||search_link_only|0|2026-07-31T10:02:29+00:00
THEME_DB|T019|T019|요즘 다시 보고 싶은 명작|1|쇼생크 탈출|영화|1994|희망과 우정의 메시지가 시간이 지나도 강력하다|https://m.kinolights.com/search?keyword=%EC%87%BC%EC%83%9D%ED%81%AC%20%ED%83%88%EC%B6%9C||search_link_only|0|2026-07-31T10:02:29+00:00
THEME_DB|T019|T019|요즘 다시 보고 싶은 명작|2|대부|영화|1972|가족과 권력의 서사를 완성한 범죄 영화의 고전이다|https://m.kinolights.com/search?keyword=%EB%8C%80%EB%B6%80||search_link_only|0|2026-07-31T10:02:29+00:00
THEME_DB|T019|T019|요즘 다시 보고 싶은 명작|3|12명의 성난 사람들|영화|1957|토론만으로 긴장을 만드는 법정 영화의 정수다|https://m.kinolights.com/search?keyword=12%EB%AA%85%EC%9D%98%20%EC%84%B1%EB%82%9C%20%EC%82%AC%EB%9E%8C%EB%93%A4||search_link_only|0|2026-07-31T10:02:29+00:00
THEME_DB|T019|T019|요즘 다시 보고 싶은 명작|4|죽은 시인의 사회|영화|1989|청춘과 자유를 향한 메시지가 세대를 넘어 울림을 준다|https://m.kinolights.com/search?keyword=%EC%A3%BD%EC%9D%80%20%EC%8B%9C%EC%9D%B8%EC%9D%98%20%EC%82%AC%ED%9A%8C||search_link_only|0|2026-07-31T10:02:29+00:00
THEME_DB|T019|T019|요즘 다시 보고 싶은 명작|5|포레스트 검프|영화|1994|한 인물의 삶으로 미국 현대사를 따뜻하게 돌아본다|https://m.kinolights.com/search?keyword=%ED%8F%AC%EB%A0%88%EC%8A%A4%ED%8A%B8%20%EA%B2%80%ED%94%84||search_link_only|0|2026-07-31T10:02:30+00:00
THEME_DB|T019|T019|요즘 다시 보고 싶은 명작|6|이터널 선샤인|영화|2004|사랑과 기억을 독창적인 방식으로 그린 대표작이다|https://m.kinolights.com/search?keyword=%EC%9D%B4%ED%84%B0%EB%84%90%20%EC%84%A0%EC%83%A4%EC%9D%B8||search_link_only|0|2026-07-31T10:02:31+00:00
THEME_DB|T019|T019|요즘 다시 보고 싶은 명작|7|센과 치히로의 행방불명|애니메이션|2001|성장과 상실을 환상적인 세계관에 담은 명작이다|https://m.kinolights.com/search?keyword=%EC%84%BC%EA%B3%BC%20%EC%B9%98%ED%9E%88%EB%A1%9C%EC%9D%98%20%ED%96%89%EB%B0%A9%EB%B6%88%EB%AA%85||search_link_only|0|2026-07-31T10:02:31+00:00
THEME_DB|T019|T019|요즘 다시 보고 싶은 명작|8|시네마 천국|영화|1988|영화에 대한 사랑과 추억을 아름답게 되살린다|https://m.kinolights.com/search?keyword=%EC%8B%9C%EB%84%A4%EB%A7%88%20%EC%B2%9C%EA%B5%AD||search_link_only|0|2026-07-31T10:02:31+00:00
THEME_DB|T019|T019|요즘 다시 보고 싶은 명작|9|올드보이|영화|2003|강렬한 연출과 복수극으로 한국 영화의 인상을 남겼다|https://m.kinolights.com/search?keyword=%EC%98%AC%EB%93%9C%EB%B3%B4%EC%9D%B4||search_link_only|0|2026-07-31T10:02:31+00:00
THEME_DB|T019|T019|요즘 다시 보고 싶은 명작|10|살인의 추억|영화|2003|수사극을 넘어 시대와 인간을 바라보는 깊이가 있다|https://m.kinolights.com/search?keyword=%EC%82%B4%EC%9D%B8%EC%9D%98%20%EC%B6%94%EC%96%B5||search_link_only|0|2026-07-31T10:02:31+00:00
THEME_DB|T019|T019|요즘 다시 보고 싶은 명작|11|기생충|영화|2019|장르적 재미와 사회적 메시지를 함께 갖춘 현대 명작이다|https://m.kinolights.com/search?keyword=%EA%B8%B0%EC%83%9D%EC%B6%A9||search_link_only|0|2026-07-31T10:02:31+00:00
THEME_DB|T019|T019|요즘 다시 보고 싶은 명작|12|인생은 아름다워|영화|1997|비극 속에서도 사랑과 상상력을 보여 주는 작품이다|https://m.kinolights.com/search?keyword=%EC%9D%B8%EC%83%9D%EC%9D%80%20%EC%95%84%EB%A6%84%EB%8B%A4%EC%9B%8C||search_link_only|0|2026-07-31T10:02:31+00:00
THEME_DB|T019|T019|요즘 다시 보고 싶은 명작|13|말할 수 없는 비밀|영화|2007|음악과 판타지 로맨스가 결합된 재발견의 재미가 있다|https://m.kinolights.com/search?keyword=%EB%A7%90%ED%95%A0%20%EC%88%98%20%EC%97%86%EB%8A%94%20%EB%B9%84%EB%B0%80||search_link_only|0|2026-07-31T10:02:31+00:00
THEME_DB|T019|T019|요즘 다시 보고 싶은 명작|14|굿 윌 헌팅|영화|1997|상처와 성장에 관한 대사가 오래도록 기억에 남는다|https://m.kinolights.com/search?keyword=%EA%B5%BF%20%EC%9C%8C%20%ED%97%8C%ED%8C%85||search_link_only|0|2026-07-31T10:02:31+00:00
THEME_DB|T019|T019|요즘 다시 보고 싶은 명작|15|그랜드 부다페스트 호텔|영화|2014|독창적인 미장센과 유머가 반복 관람에도 새롭다|https://m.kinolights.com/search?keyword=%EA%B7%B8%EB%9E%9C%EB%93%9C%20%EB%B6%80%EB%8B%A4%ED%8E%98%EC%8A%A4%ED%8A%B8%20%ED%98%B8%ED%85%94||search_link_only|0|2026-07-31T10:02:31+00:00
THEME_DB|T019|T019|요즘 다시 보고 싶은 명작|16|라라랜드|영화|2016|음악과 꿈, 사랑을 세련된 형식으로 담아낸 작품이다|https://m.kinolights.com/search?keyword=%EB%9D%BC%EB%9D%BC%EB%9E%9C%EB%93%9C||search_link_only|0|2026-07-31T10:02:32+00:00
THEME_DB|T020|T020|아이와 같이 보기 좋은 애니|1|인사이드 아웃|애니메이션|2015|감정을 캐릭터로 보여 줘 아이와 어른 모두 공감하기 쉽다|https://m.kinolights.com/search?keyword=%EC%9D%B8%EC%82%AC%EC%9D%B4%EB%93%9C%20%EC%95%84%EC%9B%83||search_link_only|0|2026-07-31T10:02:32+00:00
THEME_DB|T020|T020|아이와 같이 보기 좋은 애니|2|인사이드 아웃 2|애니메이션|2024|사춘기의 감정을 가족이 함께 이야기하기 좋다|https://m.kinolights.com/search?keyword=%EC%9D%B8%EC%82%AC%EC%9D%B4%EB%93%9C%20%EC%95%84%EC%9B%83%202||search_link_only|0|2026-07-31T10:02:33+00:00
THEME_DB|T020|T020|아이와 같이 보기 좋은 애니|3|토이 스토리|애니메이션|1995|우정과 성장의 이야기가 모든 세대에 통한다|https://m.kinolights.com/search?keyword=%ED%86%A0%EC%9D%B4%20%EC%8A%A4%ED%86%A0%EB%A6%AC||search_link_only|0|2026-07-31T10:02:32+00:00
THEME_DB|T020|T020|아이와 같이 보기 좋은 애니|4|니모를 찾아서|애니메이션|2003|가족을 찾는 모험과 따뜻한 교훈을 담았다|https://m.kinolights.com/search?keyword=%EB%8B%88%EB%AA%A8%EB%A5%BC%20%EC%B0%BE%EC%95%84%EC%84%9C||search_link_only|0|2026-07-31T10:02:33+00:00
THEME_DB|T020|T020|아이와 같이 보기 좋은 애니|5|코코|애니메이션|2017|가족과 기억을 음악으로 풀어낸 감동적인 작품이다|https://m.kinolights.com/search?keyword=%EC%BD%94%EC%BD%94||search_link_only|0|2026-07-31T10:02:32+00:00
THEME_DB|T020|T020|아이와 같이 보기 좋은 애니|6|엘리멘탈|애니메이션|2023|다름과 가족의 이해를 쉽고 따뜻하게 전한다|https://m.kinolights.com/search?keyword=%EC%97%98%EB%A6%AC%EB%A9%98%ED%83%88||search_link_only|0|2026-07-31T10:02:32+00:00
THEME_DB|T020|T020|아이와 같이 보기 좋은 애니|7|주토피아|애니메이션|2016|편견과 협력을 모험 이야기로 재미있게 다룬다|https://m.kinolights.com/search?keyword=%EC%A3%BC%ED%86%A0%ED%94%BC%EC%95%84||search_link_only|0|2026-07-31T10:02:33+00:00
THEME_DB|T020|T020|아이와 같이 보기 좋은 애니|8|모아나|애니메이션|2016|자립과 가족, 바다 모험이 어우러진 이야기다|https://m.kinolights.com/search?keyword=%EB%AA%A8%EC%95%84%EB%82%98||search_link_only|0|2026-07-31T10:02:32+00:00
THEME_DB|T020|T020|아이와 같이 보기 좋은 애니|9|겨울왕국|애니메이션|2013|자매애와 자기 수용을 노래와 함께 보여 준다|https://m.kinolights.com/search?keyword=%EA%B2%A8%EC%9A%B8%EC%99%95%EA%B5%AD||search_link_only|0|2026-07-31T10:02:32+00:00
THEME_DB|T020|T020|아이와 같이 보기 좋은 애니|10|라푼젤|애니메이션|2010|독립과 모험을 유쾌한 가족 이야기로 그린다|https://m.kinolights.com/search?keyword=%EB%9D%BC%ED%91%BC%EC%A0%A4||search_link_only|0|2026-07-31T10:02:33+00:00
THEME_DB|T020|T020|아이와 같이 보기 좋은 애니|11|빅 히어로|애니메이션|2014|상실을 극복하는 우정과 팀워크를 담았다|https://m.kinolights.com/search?keyword=%EB%B9%85%20%ED%9E%88%EC%96%B4%EB%A1%9C||search_link_only|0|2026-07-31T10:02:33+00:00
THEME_DB|T020|T020|아이와 같이 보기 좋은 애니|12|월-E|애니메이션|2008|환경과 사랑을 대사 적은 이야기로도 쉽게 전달한다|https://m.kinolights.com/search?keyword=%EC%9B%94-E||search_link_only|0|2026-07-31T10:02:26+00:00
THEME_DB|T020|T020|아이와 같이 보기 좋은 애니|13|마당을 나온 암탉|애니메이션|2011|꿈과 가족을 향한 용기를 한국적 정서로 보여 준다|https://m.kinolights.com/search?keyword=%EB%A7%88%EB%8B%B9%EC%9D%84%20%EB%82%98%EC%98%A8%20%EC%95%94%ED%83%89||search_link_only|0|2026-07-31T10:02:34+00:00
THEME_DB|T020|T020|아이와 같이 보기 좋은 애니|14|뽀로로 극장판 컴퓨터 왕국 대모험|애니메이션|2015|어린 시청자와 함께 보기 좋은 친숙한 모험극이다|https://m.kinolights.com/search?keyword=%EB%BD%80%EB%A1%9C%EB%A1%9C%20%EA%B7%B9%EC%9E%A5%ED%8C%90%20%EC%BB%B4%ED%93%A8%ED%84%B0%20%EC%99%95%EA%B5%AD%20%EB%8C%80%EB%AA%A8%ED%97%98||search_link_only|0|2026-07-31T10:02:34+00:00
THEME_DB|T020|T020|아이와 같이 보기 좋은 애니|15|슈렉|애니메이션|2001|가족이 함께 즐길 유머와 편견을 깨는 메시지가 있다|https://m.kinolights.com/search?keyword=%EC%8A%88%EB%A0%89||search_link_only|0|2026-07-31T10:02:34+00:00
THEME_DB|T020|T020|아이와 같이 보기 좋은 애니|16|마이펫의 이중생활|애니메이션|2016|반려동물의 상상력 넘치는 일상을 온 가족이 즐길 수 있다|https://m.kinolights.com/search?keyword=%EB%A7%88%EC%9D%B4%ED%8E%AB%EC%9D%98%20%EC%9D%B4%EC%A4%91%EC%83%9D%ED%99%9C||search_link_only|0|2026-07-31T10:02:34+00:00
THEME_DB|T021|T021|연애세포 깨우는 로맨스|1|그해 우리는|드라마|2021|헤어진 첫사랑과 다시 만나며 설렘을 되찾는 로맨스|https://m.kinolights.com/search?keyword=%EA%B7%B8%ED%95%B4%20%EC%9A%B0%EB%A6%AC%EB%8A%94||search_link_only|0|2026-07-31T12:11:14+00:00
THEME_DB|T021|T021|연애세포 깨우는 로맨스|2|이번 생은 처음이라|드라마|2017|계약 결혼으로 시작해 사랑을 알아가는 설레는 이야기|https://m.kinolights.com/search?keyword=%EC%9D%B4%EB%B2%88%20%EC%83%9D%EC%9D%80%20%EC%B2%98%EC%9D%8C%EC%9D%B4%EB%9D%BC||search_link_only|0|2026-07-31T12:11:14+00:00
THEME_DB|T021|T021|연애세포 깨우는 로맨스|3|사랑의 불시착|드라마|2019|뜻밖의 만남에서 피어나는 강렬하고 애틋한 사랑|https://m.kinolights.com/search?keyword=%EC%82%AC%EB%9E%91%EC%9D%98%20%EB%B6%88%EC%8B%9C%EC%B0%A9||search_link_only|0|2026-07-31T12:11:14+00:00
THEME_DB|T021|T021|연애세포 깨우는 로맨스|4|응답하라 1997|드라마|2012|첫사랑의 설렘과 풋풋한 고백을 담은 청춘 로맨스|https://m.kinolights.com/search?keyword=%EC%9D%91%EB%8B%B5%ED%95%98%EB%9D%BC%201997||search_link_only|0|2026-07-31T12:11:14+00:00
THEME_DB|T021|T021|연애세포 깨우는 로맨스|5|멜로가 체질|드라마|2019|현실적인 연애와 솔직한 감정이 공감을 부르는 로맨스|https://m.kinolights.com/search?keyword=%EB%A9%9C%EB%A1%9C%EA%B0%80%20%EC%B2%B4%EC%A7%88||search_link_only|0|2026-07-31T12:11:14+00:00
THEME_DB|T021|T021|연애세포 깨우는 로맨스|6|건축학개론|영화|2012|풋풋한 첫사랑의 기억을 다시 떠올리게 하는 영화|https://m.kinolights.com/search?keyword=%EA%B1%B4%EC%B6%95%ED%95%99%EA%B0%9C%EB%A1%A0||search_link_only|0|2026-07-31T12:11:14+00:00
THEME_DB|T021|T021|연애세포 깨우는 로맨스|7|어바웃 타임|영화|2013|시간을 넘어 사랑을 선택하는 따뜻하고 설레는 로맨스|https://m.kinolights.com/search?keyword=%EC%96%B4%EB%B0%94%EC%9B%83%20%ED%83%80%EC%9E%84||search_link_only|0|2026-07-31T12:11:14+00:00
THEME_DB|T021|T021|연애세포 깨우는 로맨스|8|비포 선라이즈|영화|1995|낯선 두 사람이 하룻밤 대화로 사랑에 빠지는 이야기|https://m.kinolights.com/search?keyword=%EB%B9%84%ED%8F%AC%20%EC%84%A0%EB%9D%BC%EC%9D%B4%EC%A6%88||search_link_only|0|2026-07-31T12:11:14+00:00
THEME_DB|T021|T021|연애세포 깨우는 로맨스|9|러브, 로지|영화|2014|친구에서 연인으로 이어지는 오랜 사랑의 설렘|https://m.kinolights.com/search?keyword=%EB%9F%AC%EB%B8%8C%2C%20%EB%A1%9C%EC%A7%80||search_link_only|0|2026-07-31T12:11:14+00:00
THEME_DB|T021|T021|연애세포 깨우는 로맨스|10|노트북|영화|2004|첫 만남의 강렬한 설렘과 애틋한 사랑을 그린 작품|https://m.kinolights.com/search?keyword=%EB%85%B8%ED%8A%B8%EB%B6%81||search_link_only|0|2026-07-31T12:11:14+00:00
THEME_DB|T021|T021|연애세포 깨우는 로맨스|11|내 머리 속의 지우개|영화|2004|운명적인 만남과 깊어지는 사랑을 담은 멜로|https://m.kinolights.com/search?keyword=%EB%82%B4%20%EB%A8%B8%EB%A6%AC%20%EC%86%8D%EC%9D%98%20%EC%A7%80%EC%9A%B0%EA%B0%9C||search_link_only|0|2026-07-31T12:11:15+00:00
THEME_DB|T021|T021|연애세포 깨우는 로맨스|12|그 시절, 우리가 좋아했던 소녀|영화|2011|학창 시절 짝사랑과 첫사랑의 풋풋함을 담았다|https://m.kinolights.com/search?keyword=%EA%B7%B8%20%EC%8B%9C%EC%A0%88%2C%20%EC%9A%B0%EB%A6%AC%EA%B0%80%20%EC%A2%8B%EC%95%84%ED%96%88%EB%8D%98%20%EC%86%8C%EB%85%80||search_link_only|0|2026-07-31T12:11:16+00:00
THEME_DB|T021|T021|연애세포 깨우는 로맨스|13|너의 결혼식|영화|2018|오랜 시간 이어진 첫사랑과 엇갈린 고백 이야기|https://m.kinolights.com/search?keyword=%EB%84%88%EC%9D%98%20%EA%B2%B0%ED%98%BC%EC%8B%9D||search_link_only|0|2026-07-31T12:11:16+00:00
THEME_DB|T021|T021|연애세포 깨우는 로맨스|14|러브레터|영화|1995|첫사랑의 기억과 그리움을 섬세하게 되살리는 작품|https://m.kinolights.com/search?keyword=%EB%9F%AC%EB%B8%8C%EB%A0%88%ED%84%B0||search_link_only|0|2026-07-31T12:11:16+00:00
THEME_DB|T021|T021|연애세포 깨우는 로맨스|15|플립|영화|2010|서로 다른 시선으로 시작하는 풋풋한 첫사랑 이야기|https://m.kinolights.com/search?keyword=%ED%94%8C%EB%A6%BD||search_link_only|0|2026-07-31T12:11:16+00:00
THEME_DB|T021|T021|연애세포 깨우는 로맨스|16|청설|영화|2009|수어를 매개로 가까워지는 청춘 남녀의 설렘|https://m.kinolights.com/search?keyword=%EC%B2%AD%EC%84%A4||search_link_only|0|2026-07-31T12:11:16+00:00
THEME_DB|T022|T022|밥 먹으면서 틀기 좋은 콘텐츠|1|윤식당|예능|2017|음식을 만들고 손님을 맞는 평온한 일상이 편안하다|https://m.kinolights.com/search?keyword=%EC%9C%A4%EC%8B%9D%EB%8B%B9||search_link_only|0|2026-07-31T12:11:16+00:00
THEME_DB|T022|T022|밥 먹으면서 틀기 좋은 콘텐츠|2|삼시세끼|예능|2014|소박한 밥상과 시골 일상을 바라보는 편안한 밥친구|https://m.kinolights.com/search?keyword=%EC%82%BC%EC%8B%9C%EC%84%B8%EB%81%BC||search_link_only|0|2026-07-31T12:11:16+00:00
THEME_DB|T022|T022|밥 먹으면서 틀기 좋은 콘텐츠|3|신서유기|예능|2015|여행과 게임 중심의 가벼운 웃음으로 부담 없이 즐긴다|https://m.kinolights.com/search?keyword=%EC%8B%A0%EC%84%9C%EC%9C%A0%EA%B8%B0||search_link_only|0|2026-07-31T12:11:16+00:00
THEME_DB|T022|T022|밥 먹으면서 틀기 좋은 콘텐츠|4|놀면 뭐하니?|예능|2019|다양한 프로젝트와 친근한 웃음으로 식사 중 보기 좋다|https://m.kinolights.com/search?keyword=%EB%86%80%EB%A9%B4%20%EB%AD%90%ED%95%98%EB%8B%88%3F||search_link_only|0|2026-07-31T12:11:16+00:00
THEME_DB|T022|T022|밥 먹으면서 틀기 좋은 콘텐츠|5|나 혼자 산다|예능|2013|스타들의 소소한 일상을 편하게 관찰하는 재미가 있다|https://m.kinolights.com/search?keyword=%EB%82%98%20%ED%98%BC%EC%9E%90%20%EC%82%B0%EB%8B%A4||search_link_only|0|2026-07-31T12:11:16+00:00
THEME_DB|T022|T022|밥 먹으면서 틀기 좋은 콘텐츠|6|전지적 참견 시점|예능|2018|일상과 먹는 장면을 가볍게 즐길 수 있는 관찰 예능|https://m.kinolights.com/search?keyword=%EC%A0%84%EC%A7%80%EC%A0%81%20%EC%B0%B8%EA%B2%AC%20%EC%8B%9C%EC%A0%90||search_link_only|0|2026-07-31T12:11:16+00:00
THEME_DB|T022|T022|밥 먹으면서 틀기 좋은 콘텐츠|7|어서와~ 한국은 처음이지?|예능|2017|외국인 친구들의 여행과 음식 경험을 편하게 본다|https://m.kinolights.com/search?keyword=%EC%96%B4%EC%84%9C%EC%99%80~%20%ED%95%9C%EA%B5%AD%EC%9D%80%20%EC%B2%98%EC%9D%8C%EC%9D%B4%EC%A7%80%3F||search_link_only|0|2026-07-31T12:11:16+00:00
THEME_DB|T022|T022|밥 먹으면서 틀기 좋은 콘텐츠|8|스트리트 푸드 파이터|예능|2018|세계 음식 이야기를 따라가며 식사 시간을 풍성하게 한다|https://m.kinolights.com/search?keyword=%EC%8A%A4%ED%8A%B8%EB%A6%AC%ED%8A%B8%20%ED%91%B8%EB%93%9C%20%ED%8C%8C%EC%9D%B4%ED%84%B0||search_link_only|0|2026-07-31T12:11:18+00:00
THEME_DB|T022|T022|밥 먹으면서 틀기 좋은 콘텐츠|9|한국인의 밥상|다큐|2011|전국의 음식과 사람 이야기를 잔잔하게 담아낸다|https://m.kinolights.com/search?keyword=%ED%95%9C%EA%B5%AD%EC%9D%B8%EC%9D%98%20%EB%B0%A5%EC%83%81||search_link_only|0|2026-07-31T12:11:18+00:00
THEME_DB|T022|T022|밥 먹으면서 틀기 좋은 콘텐츠|10|식객 허영만의 백반기행|예능|2019|지역 맛집과 소박한 밥상을 편안하게 소개한다|https://m.kinolights.com/search?keyword=%EC%8B%9D%EA%B0%9D%20%ED%97%88%EC%98%81%EB%A7%8C%EC%9D%98%20%EB%B0%B1%EB%B0%98%EA%B8%B0%ED%96%89||search_link_only|0|2026-07-31T12:11:18+00:00
THEME_DB|T022|T022|밥 먹으면서 틀기 좋은 콘텐츠|11|백종원의 골목식당|예능|2018|식당의 변화 과정과 음식 이야기를 부담 없이 볼 수 있다|https://m.kinolights.com/search?keyword=%EB%B0%B1%EC%A2%85%EC%9B%90%EC%9D%98%20%EA%B3%A8%EB%AA%A9%EC%8B%9D%EB%8B%B9||search_link_only|0|2026-07-31T12:11:18+00:00
THEME_DB|T022|T022|밥 먹으면서 틀기 좋은 콘텐츠|12|놀라운 토요일|예능|2018|음식과 음악 퀴즈가 어우러져 식사 중 가볍게 즐기기 좋다|https://m.kinolights.com/search?keyword=%EB%86%80%EB%9D%BC%EC%9A%B4%20%ED%86%A0%EC%9A%94%EC%9D%BC||search_link_only|0|2026-07-31T12:11:18+00:00
THEME_DB|T022|T022|밥 먹으면서 틀기 좋은 콘텐츠|13|맛있는 녀석들|예능|2015|먹는 즐거움에 집중한 대표적인 밥친구 콘텐츠|https://m.kinolights.com/search?keyword=%EB%A7%9B%EC%9E%88%EB%8A%94%20%EB%85%80%EC%84%9D%EB%93%A4||search_link_only|0|2026-07-31T12:11:18+00:00
THEME_DB|T022|T022|밥 먹으면서 틀기 좋은 콘텐츠|14|장사천재 백사장|예능|2023|해외에서 식당을 운영하는 과정을 흥미롭게 보여준다|https://m.kinolights.com/search?keyword=%EC%9E%A5%EC%82%AC%EC%B2%9C%EC%9E%AC%20%EB%B0%B1%EC%82%AC%EC%9E%A5||search_link_only|0|2026-07-31T12:11:18+00:00
THEME_DB|T022|T022|밥 먹으면서 틀기 좋은 콘텐츠|15|콩 심은 데 콩 나고 팥 심은 데 팥 난다|예능|2023|친구들의 농촌 생활과 소박한 식사를 잔잔하게 담았다|https://m.kinolights.com/search?keyword=%EC%BD%A9%20%EC%8B%AC%EC%9D%80%20%EB%8D%B0%20%EC%BD%A9%20%EB%82%98%EA%B3%A0%20%ED%8C%A5%20%EC%8B%AC%EC%9D%80%20%EB%8D%B0%20%ED%8C%A5%20%EB%82%9C%EB%8B%A4||search_link_only|0|2026-07-31T12:11:17+00:00
THEME_DB|T023|T023|아빠가 좋아할 액션 영화|1|베테랑|영화|2015|형사가 재벌 악인을 쫓는 통쾌한 범죄 액션|https://m.kinolights.com/search?keyword=%EB%B2%A0%ED%85%8C%EB%9E%91||search_link_only|0|2026-07-31T12:11:18+00:00
THEME_DB|T023|T023|아빠가 좋아할 액션 영화|2|범죄도시|영화|2017|강력반 형사가 악당을 제압하는 시원한 액션|https://m.kinolights.com/search?keyword=%EB%B2%94%EC%A3%84%EB%8F%84%EC%8B%9C||search_link_only|0|2026-07-31T12:11:17+00:00
THEME_DB|T023|T023|아빠가 좋아할 액션 영화|3|아저씨|영화|2010|한 남자의 구출과 복수를 강렬한 액션으로 그린다|https://m.kinolights.com/search?keyword=%EC%95%84%EC%A0%80%EC%94%A8||search_link_only|0|2026-07-31T12:11:18+00:00
THEME_DB|T023|T023|아빠가 좋아할 액션 영화|4|더 이퀄라이저|영화|2014|악인에게 정의를 되돌려주는 주인공의 응징극|https://m.kinolights.com/search?keyword=%EB%8D%94%20%EC%9D%B4%ED%80%84%EB%9D%BC%EC%9D%B4%EC%A0%80||search_link_only|0|2026-07-31T12:11:19+00:00
THEME_DB|T023|T023|아빠가 좋아할 액션 영화|5|존 윅|영화|2014|복수를 위해 거침없이 적을 쓸어버리는 액션 영화|https://m.kinolights.com/search?keyword=%EC%A1%B4%20%EC%9C%85||search_link_only|0|2026-07-31T12:11:19+00:00
THEME_DB|T023|T023|아빠가 좋아할 액션 영화|6|테이큰|영화|2008|딸을 구하기 위한 아버지의 집요한 추격과 응징|https://m.kinolights.com/search?keyword=%ED%85%8C%EC%9D%B4%ED%81%B0||search_link_only|0|2026-07-31T12:11:19+00:00
THEME_DB|T023|T023|아빠가 좋아할 액션 영화|7|다이 하드|영화|1988|고립된 형사가 테러리스트와 맞서는 정통 액션|https://m.kinolights.com/search?keyword=%EB%8B%A4%EC%9D%B4%20%ED%95%98%EB%93%9C||search_link_only|0|2026-07-31T12:11:19+00:00
THEME_DB|T023|T023|아빠가 좋아할 액션 영화|8|탑건: 매버릭|영화|2022|속도감 넘치는 비행 액션과 뜨거운 팀워크|https://m.kinolights.com/search?keyword=%ED%83%91%EA%B1%B4%3A%20%EB%A7%A4%EB%B2%84%EB%A6%AD||search_link_only|0|2026-07-31T12:11:19+00:00
THEME_DB|T023|T023|아빠가 좋아할 액션 영화|9|최종병기 활|영화|2011|동생을 구하려는 궁수의 통쾌한 추격 액션|https://m.kinolights.com/search?keyword=%EC%B5%9C%EC%A2%85%EB%B3%91%EA%B8%B0%20%ED%99%9C||search_link_only|0|2026-07-31T12:11:19+00:00
THEME_DB|T023|T023|아빠가 좋아할 액션 영화|10|좋은 놈, 나쁜 놈, 이상한 놈|영화|2008|만주 벌판을 달리는 유쾌하고 시원한 추격 액션|https://m.kinolights.com/search?keyword=%EC%A2%8B%EC%9D%80%20%EB%86%88%2C%20%EB%82%98%EC%81%9C%20%EB%86%88%2C%20%EC%9D%B4%EC%83%81%ED%95%9C%20%EB%86%88||search_link_only|0|2026-07-31T12:11:19+00:00
THEME_DB|T023|T023|아빠가 좋아할 액션 영화|11|공조|영화|2017|남북 형사가 공조해 범죄자를 쫓는 액션 코미디|https://m.kinolights.com/search?keyword=%EA%B3%B5%EC%A1%B0||search_link_only|0|2026-07-31T12:11:19+00:00
THEME_DB|T023|T023|아빠가 좋아할 액션 영화|12|신세계|영화|2013|조직 잠입 경찰의 선택과 배신을 그린 범죄 액션|https://m.kinolights.com/search?keyword=%EC%8B%A0%EC%84%B8%EA%B3%84||search_link_only|0|2026-07-31T12:11:19+00:00
THEME_DB|T023|T023|아빠가 좋아할 액션 영화|13|내부자들|영화|2015|권력형 범죄를 향한 거친 복수와 응징을 담았다|https://m.kinolights.com/search?keyword=%EB%82%B4%EB%B6%80%EC%9E%90%EB%93%A4||search_link_only|0|2026-07-31T12:11:19+00:00
THEME_DB|T023|T023|아빠가 좋아할 액션 영화|14|모범택시|드라마|2021|억울한 피해자를 대신해 악인을 처벌하는 복수 액션|https://m.kinolights.com/search?keyword=%EB%AA%A8%EB%B2%94%ED%83%9D%EC%8B%9C||search_link_only|0|2026-07-31T12:11:20+00:00
THEME_DB|T023|T023|아빠가 좋아할 액션 영화|15|나쁜 녀석들|드라마|2014|범죄자들이 더 큰 악을 쫓는 거친 수사 액션|https://m.kinolights.com/search?keyword=%EB%82%98%EC%81%9C%20%EB%85%80%EC%84%9D%EB%93%A4||search_link_only|0|2026-07-31T12:11:20+00:00
THEME_DB|T023|T023|아빠가 좋아할 액션 영화|16|아이리스|드라마|2009|첩보와 배신, 추격전이 이어지는 대형 액션 드라마|https://m.kinolights.com/search?keyword=%EC%95%84%EC%9D%B4%EB%A6%AC%EC%8A%A4||search_link_only|0|2026-07-31T12:11:21+00:00
THEME_DB|T024|T024|어른들이 더 좋아하는 드라마|1|우리들의 블루스|드라마|2022|다양한 세대의 가족과 인생을 따뜻하게 그린 휴먼 드라마|https://m.kinolights.com/search?keyword=%EC%9A%B0%EB%A6%AC%EB%93%A4%EC%9D%98%20%EB%B8%94%EB%A3%A8%EC%8A%A4||search_link_only|0|2026-07-31T12:11:21+00:00
THEME_DB|T024|T024|어른들이 더 좋아하는 드라마|2|나의 아저씨|드라마|2018|상처 입은 어른들이 서로를 보듬는 깊은 인생 이야기|https://m.kinolights.com/search?keyword=%EB%82%98%EC%9D%98%20%EC%95%84%EC%A0%80%EC%94%A8||search_link_only|0|2026-07-31T12:11:21+00:00
THEME_DB|T024|T024|어른들이 더 좋아하는 드라마|3|디어 마이 프렌즈|드라마|2016|노년의 우정과 가족 관계를 섬세하게 담았다|https://m.kinolights.com/search?keyword=%EB%94%94%EC%96%B4%20%EB%A7%88%EC%9D%B4%20%ED%94%84%EB%A0%8C%EC%A6%88||search_link_only|0|2026-07-31T12:11:21+00:00
THEME_DB|T024|T024|어른들이 더 좋아하는 드라마|4|눈이 부시게|드라마|2019|시간과 가족의 의미를 돌아보게 하는 감동적인 이야기|https://m.kinolights.com/search?keyword=%EB%88%88%EC%9D%B4%20%EB%B6%80%EC%8B%9C%EA%B2%8C||search_link_only|0|2026-07-31T12:11:21+00:00
THEME_DB|T024|T024|어른들이 더 좋아하는 드라마|5|응답하라 1988|드라마|2015|가족과 이웃의 정을 통해 세대 공감을 이끌어낸다|https://m.kinolights.com/search?keyword=%EC%9D%91%EB%8B%B5%ED%95%98%EB%9D%BC%201988||search_link_only|0|2026-07-31T12:11:21+00:00
THEME_DB|T024|T024|어른들이 더 좋아하는 드라마|6|세상에서 제일 예쁜 내 딸|드라마|2019|엄마와 딸의 애증과 가족애를 현실적으로 보여준다|https://m.kinolights.com/search?keyword=%EC%84%B8%EC%83%81%EC%97%90%EC%84%9C%20%EC%A0%9C%EC%9D%BC%20%EC%98%88%EC%81%9C%20%EB%82%B4%20%EB%94%B8||search_link_only|0|2026-07-31T12:11:21+00:00
THEME_DB|T024|T024|어른들이 더 좋아하는 드라마|7|고백부부|드라마|2017|부부가 과거로 돌아가 가족과 인생을 다시 바라본다|https://m.kinolights.com/search?keyword=%EA%B3%A0%EB%B0%B1%EB%B6%80%EB%B6%80||search_link_only|0|2026-07-31T12:11:21+00:00
THEME_DB|T024|T024|어른들이 더 좋아하는 드라마|8|우리 가족: 삼남매|드라마|2022|성인이 된 자녀와 부모의 갈등과 화해를 다룬다|https://m.kinolights.com/search?keyword=%EC%9A%B0%EB%A6%AC%20%EA%B0%80%EC%A1%B1%3A%20%EC%82%BC%EB%82%A8%EB%A7%A4||search_link_only|0|2026-07-31T12:11:21+00:00
THEME_DB|T024|T024|어른들이 더 좋아하는 드라마|9|인생은 아름다워|영화|2022|부부의 마지막 여행과 가족의 사랑을 따뜻하게 그린다|https://m.kinolights.com/search?keyword=%EC%9D%B8%EC%83%9D%EC%9D%80%20%EC%95%84%EB%A6%84%EB%8B%A4%EC%9B%8C||search_link_only|0|2026-07-31T12:11:21+00:00
THEME_DB|T024|T024|어른들이 더 좋아하는 드라마|10|국제시장|영화|2014|한 세대의 희생과 가족을 향한 책임을 그린 감동작|https://m.kinolights.com/search?keyword=%EA%B5%AD%EC%A0%9C%EC%8B%9C%EC%9E%A5||search_link_only|0|2026-07-31T12:11:23+00:00
THEME_DB|T024|T024|어른들이 더 좋아하는 드라마|11|미나리|영화|2020|이민 가족의 생존과 세대 간 사랑을 섬세하게 담았다|https://m.kinolights.com/search?keyword=%EB%AF%B8%EB%82%98%EB%A6%AC||search_link_only|0|2026-07-31T12:11:23+00:00
THEME_DB|T024|T024|어른들이 더 좋아하는 드라마|12|어느 가족|영화|2018|혈연을 넘어선 가족의 의미를 묵직하게 질문한다|https://m.kinolights.com/search?keyword=%EC%96%B4%EB%8A%90%20%EA%B0%80%EC%A1%B1||search_link_only|0|2026-07-31T12:11:23+00:00
THEME_DB|T024|T024|어른들이 더 좋아하는 드라마|13|그렇게 아버지가 된다|영화|2013|부모와 자식의 관계를 통해 가족의 본질을 묻는다|https://m.kinolights.com/search?keyword=%EA%B7%B8%EB%A0%87%EA%B2%8C%20%EC%95%84%EB%B2%84%EC%A7%80%EA%B0%80%20%EB%90%9C%EB%8B%A4||search_link_only|0|2026-07-31T12:11:23+00:00
THEME_DB|T024|T024|어른들이 더 좋아하는 드라마|14|세상에서 가장 아름다운 이별|영화|2011|가족이 함께 이별을 준비하는 애틋한 휴먼 드라마|https://m.kinolights.com/search?keyword=%EC%84%B8%EC%83%81%EC%97%90%EC%84%9C%20%EA%B0%80%EC%9E%A5%20%EC%95%84%EB%A6%84%EB%8B%A4%EC%9A%B4%20%EC%9D%B4%EB%B3%84||search_link_only|0|2026-07-31T12:11:23+00:00
THEME_DB|T024|T024|어른들이 더 좋아하는 드라마|15|슬기로운 의사생활|드라마|2020|일과 우정, 가족의 일상을 따뜻하게 그린 앙상블 드라마|https://m.kinolights.com/search?keyword=%EC%8A%AC%EA%B8%B0%EB%A1%9C%EC%9A%B4%20%EC%9D%98%EC%82%AC%EC%83%9D%ED%99%9C||search_link_only|0|2026-07-31T12:11:23+00:00
THEME_DB|T024|T024|어른들이 더 좋아하는 드라마|16|나빌레라|드라마|2021|세대를 뛰어넘어 꿈과 삶을 응원하는 감동 이야기|https://m.kinolights.com/search?keyword=%EB%82%98%EB%B9%8C%EB%A0%88%EB%9D%BC||search_link_only|0|2026-07-31T12:11:23+00:00
THEME_DB|T025|T025|몰아보기 좋은 회차형 드라마|1|오징어 게임|드라마|2021|강한 생존 규칙과 연속되는 반전으로 정주행을 부른다|https://m.kinolights.com/search?keyword=%EC%98%A4%EC%A7%95%EC%96%B4%20%EA%B2%8C%EC%9E%84||search_link_only|0|2026-07-31T12:11:23+00:00
THEME_DB|T025|T025|몰아보기 좋은 회차형 드라마|2|이상한 변호사 우영우|드라마|2022|에피소드와 성장 서사가 조화를 이뤄 몰입하기 좋다|https://m.kinolights.com/search?keyword=%EC%9D%B4%EC%83%81%ED%95%9C%20%EB%B3%80%ED%98%B8%EC%82%AC%20%EC%9A%B0%EC%98%81%EC%9A%B0||search_link_only|0|2026-07-31T12:11:23+00:00
THEME_DB|T025|T025|몰아보기 좋은 회차형 드라마|3|더 글로리|드라마|2022|치밀한 복수 계획이 회차마다 긴장감을 높인다|https://m.kinolights.com/search?keyword=%EB%8D%94%20%EA%B8%80%EB%A1%9C%EB%A6%AC||search_link_only|0|2026-07-31T12:11:23+00:00
THEME_DB|T025|T025|몰아보기 좋은 회차형 드라마|4|비밀의 숲|드라마|2017|검사와 형사가 권력형 비리를 쫓는 밀도 높은 수사극|https://m.kinolights.com/search?keyword=%EB%B9%84%EB%B0%80%EC%9D%98%20%EC%88%B2||search_link_only|0|2026-07-31T12:11:24+00:00
THEME_DB|T025|T025|몰아보기 좋은 회차형 드라마|5|시그널|드라마|2016|무전기로 연결된 형사들의 수사가 끊임없이 이어진다|https://m.kinolights.com/search?keyword=%EC%8B%9C%EA%B7%B8%EB%84%90||search_link_only|0|2026-07-31T12:11:24+00:00
THEME_DB|T025|T025|몰아보기 좋은 회차형 드라마|6|나의 아저씨|드라마|2018|인물의 감정선이 깊어 다음 회차를 계속 찾게 한다|https://m.kinolights.com/search?keyword=%EB%82%98%EC%9D%98%20%EC%95%84%EC%A0%80%EC%94%A8||search_link_only|0|2026-07-31T12:11:24+00:00
THEME_DB|T025|T025|몰아보기 좋은 회차형 드라마|7|미생|드라마|2014|직장인의 현실과 성장을 촘촘한 회차로 풀어냈다|https://m.kinolights.com/search?keyword=%EB%AF%B8%EC%83%9D||search_link_only|0|2026-07-31T12:11:24+00:00
THEME_DB|T025|T025|몰아보기 좋은 회차형 드라마|8|부부의 세계|드라마|2020|배신과 복수가 이어져 빠른 몰입감을 선사한다|https://m.kinolights.com/search?keyword=%EB%B6%80%EB%B6%80%EC%9D%98%20%EC%84%B8%EA%B3%84||search_link_only|0|2026-07-31T12:11:24+00:00
THEME_DB|T025|T025|몰아보기 좋은 회차형 드라마|9|펜트하우스|드라마|2020|욕망과 반전이 연속되는 대표적인 몰아보기 드라마|https://m.kinolights.com/search?keyword=%ED%8E%9C%ED%8A%B8%ED%95%98%EC%9A%B0%EC%8A%A4||search_link_only|0|2026-07-31T12:11:24+00:00
THEME_DB|T025|T025|몰아보기 좋은 회차형 드라마|10|SKY 캐슬|드라마|2018|상류층 가족의 욕망과 비밀이 회차마다 폭발한다|https://m.kinolights.com/search?keyword=SKY%20%EC%BA%90%EC%8A%AC||search_link_only|0|2026-07-31T12:11:25+00:00
THEME_DB|T025|T025|몰아보기 좋은 회차형 드라마|11|킹덤|드라마|2019|좀비와 정치 음모가 결합된 긴장감 높은 연속극|https://m.kinolights.com/search?keyword=%ED%82%B9%EB%8D%A4||search_link_only|0|2026-07-31T12:11:24+00:00
THEME_DB|T025|T025|몰아보기 좋은 회차형 드라마|12|D.P.|드라마|2021|탈영병 추적을 따라가며 사회적 갈등에 몰입하게 한다|https://m.kinolights.com/search?keyword=D.P.||search_link_only|0|2026-07-31T12:11:24+00:00
THEME_DB|T025|T025|몰아보기 좋은 회차형 드라마|13|악의 꽃|드라마|2020|정체를 둘러싼 미스터리와 부부의 감정이 맞물린다|https://m.kinolights.com/search?keyword=%EC%95%85%EC%9D%98%20%EA%BD%83||search_link_only|0|2026-07-31T12:11:24+00:00
THEME_DB|T025|T025|몰아보기 좋은 회차형 드라마|14|이태원 클라쓰|드라마|2020|복수와 성공을 향한 성장 서사가 빠르게 전개된다|https://m.kinolights.com/search?keyword=%EC%9D%B4%ED%83%9C%EC%9B%90%20%ED%81%B4%EB%9D%BC%EC%93%B0||search_link_only|0|2026-07-31T12:11:25+00:00
THEME_DB|T025|T025|몰아보기 좋은 회차형 드라마|15|나의 해방일지|드라마|2022|인물들의 감정 변화가 차곡차곡 쌓이는 몰입형 드라마|https://m.kinolights.com/search?keyword=%EB%82%98%EC%9D%98%20%ED%95%B4%EB%B0%A9%EC%9D%BC%EC%A7%80||search_link_only|0|2026-07-31T12:11:25+00:00
THEME_DB|T025|T025|몰아보기 좋은 회차형 드라마|16|무빙|드라마|2023|가족 서사와 초능력 액션이 이어져 정주행하기 좋다|https://m.kinolights.com/search?keyword=%EB%AC%B4%EB%B9%99||search_link_only|0|2026-07-31T12:11:25+00:00
THEME_DB|T026|T026|짧게 봐도 바로 빠지는 예능|1|런닝맨|예능|2010|게임과 리액션 중심이라 짧은 구간도 쉽게 웃긴다|https://m.kinolights.com/search?keyword=%EB%9F%B0%EB%8B%9D%EB%A7%A8||search_link_only|0|2026-07-31T12:11:26+00:00
THEME_DB|T026|T026|짧게 봐도 바로 빠지는 예능|2|놀라운 토요일|예능|2018|음악 퀴즈와 출연진의 즉각적인 반응이 재미있다|https://m.kinolights.com/search?keyword=%EB%86%80%EB%9D%BC%EC%9A%B4%20%ED%86%A0%EC%9A%94%EC%9D%BC||search_link_only|0|2026-07-31T12:11:26+00:00
THEME_DB|T026|T026|짧게 봐도 바로 빠지는 예능|3|아는 형님|예능|2015|게스트 토크와 콩트가 짧은 클립으로도 잘 살아난다|https://m.kinolights.com/search?keyword=%EC%95%84%EB%8A%94%20%ED%98%95%EB%8B%98||search_link_only|0|2026-07-31T12:11:26+00:00
THEME_DB|T026|T026|짧게 봐도 바로 빠지는 예능|4|신서유기|예능|2015|게임과 엉뚱한 벌칙에서 강한 웃음이 나온다|https://m.kinolights.com/search?keyword=%EC%8B%A0%EC%84%9C%EC%9C%A0%EA%B8%B0||search_link_only|0|2026-07-31T12:11:16+00:00
THEME_DB|T026|T026|짧게 봐도 바로 빠지는 예능|5|무한도전|예능|2006|다양한 특집과 예측 불가한 순간이 풍부하다|https://m.kinolights.com/search?keyword=%EB%AC%B4%ED%95%9C%EB%8F%84%EC%A0%84||search_link_only|0|2026-07-31T12:11:26+00:00
THEME_DB|T026|T026|짧게 봐도 바로 빠지는 예능|6|코미디빅리그|예능|2011|짧은 코너 단위로 구성돼 부담 없이 웃을 수 있다|https://m.kinolights.com/search?keyword=%EC%BD%94%EB%AF%B8%EB%94%94%EB%B9%85%EB%A6%AC%EA%B7%B8||search_link_only|0|2026-07-31T12:11:26+00:00
THEME_DB|T026|T026|짧게 봐도 바로 빠지는 예능|7|개그콘서트|예능|1999|독립적인 코너 중심이라 짧게 보기 좋다|https://m.kinolights.com/search?keyword=%EA%B0%9C%EA%B7%B8%EC%BD%98%EC%84%9C%ED%8A%B8||search_link_only|0|2026-07-31T12:11:26+00:00
THEME_DB|T026|T026|짧게 봐도 바로 빠지는 예능|8|유 퀴즈 온 더 블럭|예능|2018|짧은 인터뷰와 출연자 반응에서 잔잔한 웃음이 난다|https://m.kinolights.com/search?keyword=%EC%9C%A0%20%ED%80%B4%EC%A6%88%20%EC%98%A8%20%EB%8D%94%20%EB%B8%94%EB%9F%AD||search_link_only|0|2026-07-31T12:11:26+00:00
THEME_DB|T026|T026|짧게 봐도 바로 빠지는 예능|9|출장 십오야|예능|2021|짧은 게임과 빠른 진행으로 클립 시청에 적합하다|https://m.kinolights.com/search?keyword=%EC%B6%9C%EC%9E%A5%20%EC%8B%AD%EC%98%A4%EC%95%BC||search_link_only|0|2026-07-31T12:11:26+00:00
THEME_DB|T026|T026|짧게 봐도 바로 빠지는 예능|10|혜미리예채파|예능|2023|멤버들의 생활 적응기와 리액션이 가볍게 웃긴다|https://m.kinolights.com/search?keyword=%ED%98%9C%EB%AF%B8%EB%A6%AC%EC%98%88%EC%B1%84%ED%8C%8C||search_link_only|0|2026-07-31T12:11:26+00:00
THEME_DB|T026|T026|짧게 봐도 바로 빠지는 예능|11|지구오락실|예능|2022|젊은 출연진의 즉흥 리액션과 게임이 유쾌하다|https://m.kinolights.com/search?keyword=%EC%A7%80%EA%B5%AC%EC%98%A4%EB%9D%BD%EC%8B%A4||search_link_only|0|2026-07-31T12:11:26+00:00
THEME_DB|T026|T026|짧게 봐도 바로 빠지는 예능|12|전지적 참견 시점|예능|2018|일상 속 의외의 장면과 리액션을 짧게 즐길 수 있다|https://m.kinolights.com/search?keyword=%EC%A0%84%EC%A7%80%EC%A0%81%20%EC%B0%B8%EA%B2%AC%20%EC%8B%9C%EC%A0%90||search_link_only|0|2026-07-31T12:11:16+00:00
THEME_DB|T026|T026|짧게 봐도 바로 빠지는 예능|13|라디오스타|예능|2007|게스트별 토크와 순간 반응이 클립으로 강하다|https://m.kinolights.com/search?keyword=%EB%9D%BC%EB%94%94%EC%98%A4%EC%8A%A4%ED%83%80||search_link_only|0|2026-07-31T12:11:27+00:00
THEME_DB|T026|T026|짧게 봐도 바로 빠지는 예능|14|홍김동전|예능|2023|멤버들의 티격태격과 예측 불가한 게임이 웃음을 준다|https://m.kinolights.com/search?keyword=%ED%99%8D%EA%B9%80%EB%8F%99%EC%A0%84||search_link_only|0|2026-07-31T12:11:28+00:00
THEME_DB|T026|T026|짧게 봐도 바로 빠지는 예능|15|뿅뿅 지구오락실|예능|2022|빠른 게임 전개와 강한 리액션으로 짧게 보기 좋다|https://m.kinolights.com/search?keyword=%EB%BF%85%EB%BF%85%20%EC%A7%80%EA%B5%AC%EC%98%A4%EB%9D%BD%EC%8B%A4||search_link_only|0|2026-07-31T12:11:28+00:00
THEME_DB|T026|T026|짧게 봐도 바로 빠지는 예능|16|싱글벙글쇼|예능||짧은 코너와 진행자 호흡으로 가볍게 즐길 수 있다|https://m.kinolights.com/search?keyword=%EC%8B%B1%EA%B8%80%EB%B2%99%EA%B8%80%EC%87%BC||search_link_only|0|2026-07-31T12:11:28+00:00
THEME_DB|T027|T027|범죄 심리 파고드는 이야기|1|살인자ㅇ난감|드라마|2024|우연히 살인을 시작한 남자와 형사의 심리 추적극|https://m.kinolights.com/search?keyword=%EC%82%B4%EC%9D%B8%EC%9E%90%E3%85%87%EB%82%9C%EA%B0%90||search_link_only|0|2026-07-31T12:11:28+00:00
THEME_DB|T027|T027|범죄 심리 파고드는 이야기|2|괴물|드라마|2021|마을의 연쇄 실종을 둘러싼 인물 심리를 파고든다|https://m.kinolights.com/search?keyword=%EA%B4%B4%EB%AC%BC||search_link_only|0|2026-07-31T12:11:28+00:00
THEME_DB|T027|T027|범죄 심리 파고드는 이야기|3|악의 꽃|드라마|2020|형사 아내가 남편의 숨겨진 정체를 추적한다|https://m.kinolights.com/search?keyword=%EC%95%85%EC%9D%98%20%EA%BD%83||search_link_only|0|2026-07-31T12:11:28+00:00
THEME_DB|T027|T027|범죄 심리 파고드는 이야기|4|비밀의 숲|드라마|2017|감정 없는 검사와 형사가 권력형 범죄를 수사한다|https://m.kinolights.com/search?keyword=%EB%B9%84%EB%B0%80%EC%9D%98%20%EC%88%B2||search_link_only|0|2026-07-31T12:11:28+00:00
THEME_DB|T027|T027|범죄 심리 파고드는 이야기|5|시그널|드라마|2016|현재와 과거의 형사가 미제 사건을 함께 추적한다|https://m.kinolights.com/search?keyword=%EC%8B%9C%EA%B7%B8%EB%84%90||search_link_only|0|2026-07-31T12:11:24+00:00
THEME_DB|T027|T027|범죄 심리 파고드는 이야기|6|마우스|드라마|2021|연쇄살인범의 정체와 인간 심리를 집요하게 탐색한다|https://m.kinolights.com/search?keyword=%EB%A7%88%EC%9A%B0%EC%8A%A4||search_link_only|0|2026-07-31T12:11:28+00:00
THEME_DB|T027|T027|범죄 심리 파고드는 이야기|7|손 the guest|드라마|2018|범죄와 빙의를 결합해 악의 정체를 추적한다|https://m.kinolights.com/search?keyword=%EC%86%90%20the%20guest||search_link_only|0|2026-07-31T12:11:28+00:00
THEME_DB|T027|T027|범죄 심리 파고드는 이야기|8|터널|드라마|2017|시간을 넘나들며 연쇄살인 사건을 수사한다|https://m.kinolights.com/search?keyword=%ED%84%B0%EB%84%90||search_link_only|0|2026-07-31T12:11:28+00:00
THEME_DB|T027|T027|범죄 심리 파고드는 이야기|9|추격자|영화|2008|전직 형사가 연쇄살인범을 쫓는 극한의 심리 추격|https://m.kinolights.com/search?keyword=%EC%B6%94%EA%B2%A9%EC%9E%90||search_link_only|0|2026-07-31T12:11:28+00:00
THEME_DB|T027|T027|범죄 심리 파고드는 이야기|10|살인의 추억|영화|2003|미제 연쇄살인 사건과 수사관들의 심리를 그린다|https://m.kinolights.com/search?keyword=%EC%82%B4%EC%9D%B8%EC%9D%98%20%EC%B6%94%EC%96%B5||search_link_only|0|2026-07-31T12:09:20+00:00
THEME_DB|T027|T027|범죄 심리 파고드는 이야기|11|세븐|영화|1995|두 형사가 연쇄살인범의 심리와 범행 패턴을 좇는다|https://m.kinolights.com/search?keyword=%EC%84%B8%EB%B8%90||search_link_only|0|2026-07-31T12:11:29+00:00
THEME_DB|T027|T027|범죄 심리 파고드는 이야기|12|조디악|영화|2007|미궁에 빠진 연쇄살인 사건을 집요하게 파고든다|https://m.kinolights.com/search?keyword=%EC%A1%B0%EB%94%94%EC%95%85||search_link_only|0|2026-07-31T12:11:29+00:00
THEME_DB|T027|T027|범죄 심리 파고드는 이야기|13|양들의 침묵|영화|1991|수사관과 범죄자의 심리 대결이 핵심인 스릴러|https://m.kinolights.com/search?keyword=%EC%96%91%EB%93%A4%EC%9D%98%20%EC%B9%A8%EB%AC%B5||search_link_only|0|2026-07-31T12:11:29+00:00
THEME_DB|T027|T027|범죄 심리 파고드는 이야기|14|나를 찾아줘|영화|2014|실종 사건 뒤에 숨은 심리전과 반전을 다룬다|https://m.kinolights.com/search?keyword=%EB%82%98%EB%A5%BC%20%EC%B0%BE%EC%95%84%EC%A4%98||search_link_only|0|2026-07-31T12:11:29+00:00
THEME_DB|T027|T027|범죄 심리 파고드는 이야기|15|프리즈너스|영화|2013|아이 실종을 둘러싼 수사와 집착의 심리를 그린다|https://m.kinolights.com/search?keyword=%ED%94%84%EB%A6%AC%EC%A6%88%EB%84%88%EC%8A%A4||search_link_only|0|2026-07-31T12:11:29+00:00
THEME_DB|T027|T027|범죄 심리 파고드는 이야기|16|마인드헌터|드라마|2017|연쇄살인범 면담으로 범죄 심리학을 개척하는 이야기|https://m.kinolights.com/search?keyword=%EB%A7%88%EC%9D%B8%EB%93%9C%ED%97%8C%ED%84%B0||search_link_only|0|2026-07-31T12:11:29+00:00
THEME_DB|T028|T028|배우 때문에 다시 보는 작품|1|서울의 봄|영화|2023|황정민과 정우성의 강렬한 연기 대결이 돋보인다|https://m.kinolights.com/search?keyword=%EC%84%9C%EC%9A%B8%EC%9D%98%20%EB%B4%84||search_link_only|0|2026-07-31T12:11:29+00:00
THEME_DB|T028|T028|배우 때문에 다시 보는 작품|2|밀수|영화|2023|김혜수와 염정아의 카리스마 호흡이 작품을 이끈다|https://m.kinolights.com/search?keyword=%EB%B0%80%EC%88%98||search_link_only|0|2026-07-31T12:11:29+00:00
THEME_DB|T028|T028|배우 때문에 다시 보는 작품|3|콘크리트 유토피아|영화|2023|이병헌의 압도적인 인물 연기를 중심으로 전개된다|https://m.kinolights.com/search?keyword=%EC%BD%98%ED%81%AC%EB%A6%AC%ED%8A%B8%20%EC%9C%A0%ED%86%A0%ED%94%BC%EC%95%84||search_link_only|0|2026-07-31T12:11:29+00:00
THEME_DB|T028|T028|배우 때문에 다시 보는 작품|4|파묘|영화|2024|최민식·김고은 등 배우들의 강한 앙상블이 인상적이다|https://m.kinolights.com/search?keyword=%ED%8C%8C%EB%AC%98||search_link_only|0|2026-07-31T10:14:57+00:00
THEME_DB|T028|T028|배우 때문에 다시 보는 작품|5|더 글로리|드라마|2022|송혜교의 변신과 배우들의 팽팽한 연기가 화제였다|https://m.kinolights.com/search?keyword=%EB%8D%94%20%EA%B8%80%EB%A1%9C%EB%A6%AC||search_link_only|0|2026-07-31T12:11:23+00:00
THEME_DB|T028|T028|배우 때문에 다시 보는 작품|6|나의 아저씨|드라마|2018|이선균과 아이유의 섬세한 감정 연기를 만날 수 있다|https://m.kinolights.com/search?keyword=%EB%82%98%EC%9D%98%20%EC%95%84%EC%A0%80%EC%94%A8||search_link_only|0|2026-07-31T12:11:24+00:00
THEME_DB|T028|T028|배우 때문에 다시 보는 작품|7|이상한 변호사 우영우|드라마|2022|박은빈의 독창적인 캐릭터 연기가 중심을 잡는다|https://m.kinolights.com/search?keyword=%EC%9D%B4%EC%83%81%ED%95%9C%20%EB%B3%80%ED%98%B8%EC%82%AC%20%EC%9A%B0%EC%98%81%EC%9A%B0||search_link_only|0|2026-07-31T12:11:29+00:00
THEME_DB|T028|T028|배우 때문에 다시 보는 작품|8|무빙|드라마|2023|류승룡·한효주·조인성의 세대별 앙상블이 돋보인다|https://m.kinolights.com/search?keyword=%EB%AC%B4%EB%B9%99||search_link_only|0|2026-07-31T12:11:30+00:00
THEME_DB|T028|T028|배우 때문에 다시 보는 작품|9|헤어질 결심|영화|2022|박해일과 탕웨이의 미묘한 감정 연기가 깊다|https://m.kinolights.com/search?keyword=%ED%97%A4%EC%96%B4%EC%A7%88%20%EA%B2%B0%EC%8B%AC||search_link_only|0|2026-07-31T12:11:30+00:00
THEME_DB|T028|T028|배우 때문에 다시 보는 작품|10|아가씨|영화|2016|김민희와 김태리의 강렬한 관계 연기가 인상적이다|https://m.kinolights.com/search?keyword=%EC%95%84%EA%B0%80%EC%94%A8||search_link_only|0|2026-07-31T12:11:30+00:00
THEME_DB|T028|T028|배우 때문에 다시 보는 작품|11|베테랑|영화|2015|황정민과 유아인의 대립이 통쾌한 긴장을 만든다|https://m.kinolights.com/search?keyword=%EB%B2%A0%ED%85%8C%EB%9E%91||search_link_only|0|2026-07-31T12:11:31+00:00
THEME_DB|T028|T028|배우 때문에 다시 보는 작품|12|타짜|영화|2006|조승우와 김혜수의 개성 강한 연기 호흡이 돋보인다|https://m.kinolights.com/search?keyword=%ED%83%80%EC%A7%9C||search_link_only|0|2026-07-31T12:11:31+00:00
THEME_DB|T028|T028|배우 때문에 다시 보는 작품|13|범죄도시|영화|2017|마동석과 윤계상의 선명한 캐릭터 대결이 강렬하다|https://m.kinolights.com/search?keyword=%EB%B2%94%EC%A3%84%EB%8F%84%EC%8B%9C||search_link_only|0|2026-07-31T12:11:31+00:00
THEME_DB|T028|T028|배우 때문에 다시 보는 작품|14|미생|드라마|2014|임시완과 이성민의 현실적인 직장 연기가 살아 있다|https://m.kinolights.com/search?keyword=%EB%AF%B8%EC%83%9D||search_link_only|0|2026-07-31T12:11:31+00:00
THEME_DB|T028|T028|배우 때문에 다시 보는 작품|15|시그널|드라마|2016|조진웅과 이제훈의 수사극 연기 호흡이 뛰어나다|https://m.kinolights.com/search?keyword=%EC%8B%9C%EA%B7%B8%EB%84%90||search_link_only|0|2026-07-31T12:11:24+00:00
THEME_DB|T028|T028|배우 때문에 다시 보는 작품|16|동주|영화|2016|강하늘과 박정민의 섬세한 청춘 연기가 돋보인다|https://m.kinolights.com/search?keyword=%EB%8F%99%EC%A3%BC||search_link_only|0|2026-07-31T12:11:31+00:00
THEME_DB|T029|T029|계절감 제대로 타는 영화|1|봄날은 간다|영화|2001|봄의 풍경처럼 피고 지는 사랑을 섬세하게 담았다|https://m.kinolights.com/search?keyword=%EB%B4%84%EB%82%A0%EC%9D%80%20%EA%B0%84%EB%8B%A4||search_link_only|0|2026-07-31T12:11:31+00:00
THEME_DB|T029|T029|계절감 제대로 타는 영화|2|화양연화|영화|2000|비 내리는 계절과 절제된 사랑의 감성이 어우러진다|https://m.kinolights.com/search?keyword=%ED%99%94%EC%96%91%EC%97%B0%ED%99%94||search_link_only|0|2026-07-31T12:11:30+00:00
THEME_DB|T029|T029|계절감 제대로 타는 영화|3|8월의 크리스마스|영화|1998|여름의 햇살 속에 피어난 조용한 사랑과 이별|https://m.kinolights.com/search?keyword=8%EC%9B%94%EC%9D%98%20%ED%81%AC%EB%A6%AC%EC%8A%A4%EB%A7%88%EC%8A%A4||search_link_only|0|2026-07-31T12:11:31+00:00
THEME_DB|T029|T029|계절감 제대로 타는 영화|4|리틀 포레스트|영화|2018|사계절의 음식과 자연으로 마음을 위로하는 영화|https://m.kinolights.com/search?keyword=%EB%A6%AC%ED%8B%80%20%ED%8F%AC%EB%A0%88%EC%8A%A4%ED%8A%B8||search_link_only|0|2026-07-31T12:11:32+00:00
THEME_DB|T029|T029|계절감 제대로 타는 영화|5|윤희에게|영화|2019|겨울 여행지의 풍경 속에서 오래된 마음을 마주한다|https://m.kinolights.com/search?keyword=%EC%9C%A4%ED%9D%AC%EC%97%90%EA%B2%8C||search_link_only|0|2026-07-31T12:11:32+00:00
THEME_DB|T029|T029|계절감 제대로 타는 영화|6|러브레터|영화|1995|설원과 겨울의 정서가 첫사랑의 기억을 감싼다|https://m.kinolights.com/search?keyword=%EB%9F%AC%EB%B8%8C%EB%A0%88%ED%84%B0||search_link_only|0|2026-07-31T12:11:32+00:00
THEME_DB|T029|T029|계절감 제대로 타는 영화|7|비포 선라이즈|영화|1995|여름밤 유럽의 거리에서 피어나는 낭만적인 만남|https://m.kinolights.com/search?keyword=%EB%B9%84%ED%8F%AC%20%EC%84%A0%EB%9D%BC%EC%9D%B4%EC%A6%88||search_link_only|0|2026-07-31T12:11:32+00:00
THEME_DB|T029|T029|계절감 제대로 타는 영화|8|콜 미 바이 유어 네임|영화|2017|여름의 이탈리아에서 시작된 찬란한 사랑과 성장|https://m.kinolights.com/search?keyword=%EC%BD%9C%20%EB%AF%B8%20%EB%B0%94%EC%9D%B4%20%EC%9C%A0%EC%96%B4%20%EB%84%A4%EC%9E%84||search_link_only|0|2026-07-31T12:11:32+00:00
THEME_DB|T029|T029|계절감 제대로 타는 영화|9|중경삼림|영화|1994|도시의 밤과 비가 감각적인 외로움과 사랑을 만든다|https://m.kinolights.com/search?keyword=%EC%A4%91%EA%B2%BD%EC%82%BC%EB%A6%BC||search_link_only|0|2026-07-31T12:11:32+00:00
THEME_DB|T029|T029|계절감 제대로 타는 영화|10|가을의 전설|영화|1994|계절의 변화처럼 이어지는 가족과 사랑의 서사|https://m.kinolights.com/search?keyword=%EA%B0%80%EC%9D%84%EC%9D%98%20%EC%A0%84%EC%84%A4||search_link_only|0|2026-07-31T12:11:32+00:00
THEME_DB|T029|T029|계절감 제대로 타는 영화|11|남과 여|영화|2016|눈 덮인 핀란드에서 시작된 어른들의 사랑 이야기|https://m.kinolights.com/search?keyword=%EB%82%A8%EA%B3%BC%20%EC%97%AC||search_link_only|0|2026-07-31T12:11:32+00:00
THEME_DB|T029|T029|계절감 제대로 타는 영화|12|메디슨 카운티의 다리|영화|1995|가을빛 풍경 속에서 피어난 짧고 깊은 사랑|https://m.kinolights.com/search?keyword=%EB%A9%94%EB%94%94%EC%8A%A8%20%EC%B9%B4%EC%9A%B4%ED%8B%B0%EC%9D%98%20%EB%8B%A4%EB%A6%AC||search_link_only|0|2026-07-31T12:11:32+00:00
THEME_DB|T029|T029|계절감 제대로 타는 영화|13|그해 여름|영화|2006|여름날의 첫사랑과 지나간 시간을 감성적으로 그린다|https://m.kinolights.com/search?keyword=%EA%B7%B8%ED%95%B4%20%EC%97%AC%EB%A6%84||search_link_only|0|2026-07-31T12:11:32+00:00
THEME_DB|T029|T029|계절감 제대로 타는 영화|14|마담 프루스트의 비밀정원|영화|2013|정원과 계절의 이미지로 상처와 기억을 치유한다|https://m.kinolights.com/search?keyword=%EB%A7%88%EB%8B%B4%20%ED%94%84%EB%A3%A8%EC%8A%A4%ED%8A%B8%EC%9D%98%20%EB%B9%84%EB%B0%80%EC%A0%95%EC%9B%90||search_link_only|0|2026-07-31T12:11:34+00:00
THEME_DB|T029|T029|계절감 제대로 타는 영화|15|겨울왕국|애니메이션|2013|겨울 풍경과 가족애가 어우러진 계절감 있는 애니메이션|https://m.kinolights.com/search?keyword=%EA%B2%A8%EC%9A%B8%EC%99%95%EA%B5%AD||search_link_only|0|2026-07-31T12:11:34+00:00
THEME_DB|T030|T030|이거 아직 안 봤어?|1|기생충|영화|2019|전 세계적으로 화제를 모은 한국 대표 영화|https://m.kinolights.com/search?keyword=%EA%B8%B0%EC%83%9D%EC%B6%A9||search_link_only|0|2026-07-31T12:09:19+00:00
THEME_DB|T030|T030|이거 아직 안 봤어?|2|오징어 게임|드라마|2021|글로벌 열풍을 일으킨 생존 게임 드라마|https://m.kinolights.com/search?keyword=%EC%98%A4%EC%A7%95%EC%96%B4%20%EA%B2%8C%EC%9E%84||search_link_only|0|2026-07-31T12:11:34+00:00
THEME_DB|T030|T030|이거 아직 안 봤어?|3|더 글로리|드라마|2022|복수 서사와 화제성으로 큰 입소문을 만든 작품|https://m.kinolights.com/search?keyword=%EB%8D%94%20%EA%B8%80%EB%A1%9C%EB%A6%AC||search_link_only|0|2026-07-31T12:11:23+00:00
THEME_DB|T030|T030|이거 아직 안 봤어?|4|범죄도시2|영화|2022|천만 관객을 돌파한 한국 대표 범죄 액션|https://m.kinolights.com/search?keyword=%EB%B2%94%EC%A3%84%EB%8F%84%EC%8B%9C2||search_link_only|0|2026-07-31T12:11:34+00:00
THEME_DB|T030|T030|이거 아직 안 봤어?|5|서울의 봄|영화|2023|흥행과 사회적 화제를 동시에 일으킨 역사 영화|https://m.kinolights.com/search?keyword=%EC%84%9C%EC%9A%B8%EC%9D%98%20%EB%B4%84||search_link_only|0|2026-07-31T12:11:34+00:00
THEME_DB|T030|T030|이거 아직 안 봤어?|6|파묘|영화|2024|오컬트 소재와 배우들의 연기로 큰 화제를 모았다|https://m.kinolights.com/search?keyword=%ED%8C%8C%EB%AC%98||search_link_only|0|2026-07-31T12:11:33+00:00
THEME_DB|T030|T030|이거 아직 안 봤어?|7|무빙|드라마|2023|한국형 초능력 가족극으로 높은 인기를 얻었다|https://m.kinolights.com/search?keyword=%EB%AC%B4%EB%B9%99||search_link_only|0|2026-07-31T12:11:30+00:00
THEME_DB|T030|T030|이거 아직 안 봤어?|8|이상한 변호사 우영우|드라마|2022|캐릭터와 따뜻한 에피소드로 폭넓은 사랑을 받았다|https://m.kinolights.com/search?keyword=%EC%9D%B4%EC%83%81%ED%95%9C%20%EB%B3%80%ED%98%B8%EC%82%AC%20%EC%9A%B0%EC%98%81%EC%9A%B0||search_link_only|0|2026-07-31T12:11:29+00:00
THEME_DB|T030|T030|이거 아직 안 봤어?|9|슬기로운 의사생활|드라마|2020|우정과 일상을 담아 대중적인 인기를 얻은 드라마|https://m.kinolights.com/search?keyword=%EC%8A%AC%EA%B8%B0%EB%A1%9C%EC%9A%B4%20%EC%9D%98%EC%82%AC%EC%83%9D%ED%99%9C||search_link_only|0|2026-07-31T12:11:34+00:00
THEME_DB|T030|T030|이거 아직 안 봤어?|10|킹덤|드라마|2019|조선시대 좀비물이라는 설정으로 세계적 관심을 받았다|https://m.kinolights.com/search?keyword=%ED%82%B9%EB%8D%A4||search_link_only|0|2026-07-31T12:11:24+00:00
THEME_DB|T030|T030|이거 아직 안 봤어?|11|헤어질 결심|영화|2022|칸 영화제 감독상으로 주목받은 감성 미스터리|https://m.kinolights.com/search?keyword=%ED%97%A4%EC%96%B4%EC%A7%88%20%EA%B2%B0%EC%8B%AC||search_link_only|0|2026-07-31T12:11:30+00:00
THEME_DB|T030|T030|이거 아직 안 봤어?|12|미나리|영화|2020|한국계 가족 이야기로 세계 영화제의 주목을 받았다|https://m.kinolights.com/search?keyword=%EB%AF%B8%EB%82%98%EB%A6%AC||search_link_only|0|2026-07-31T12:11:34+00:00
THEME_DB|T030|T030|이거 아직 안 봤어?|13|택시운전사|영화|2017|흥행과 역사적 공감대를 동시에 이끌어낸 작품|https://m.kinolights.com/search?keyword=%ED%83%9D%EC%8B%9C%EC%9A%B4%EC%A0%84%EC%82%AC||search_link_only|0|2026-07-31T12:11:33+00:00
THEME_DB|T030|T030|이거 아직 안 봤어?|14|아가씨|영화|2016|독창적 미장센과 반전으로 국내외에서 화제였다|https://m.kinolights.com/search?keyword=%EC%95%84%EA%B0%80%EC%94%A8||search_link_only|0|2026-07-31T12:11:34+00:00
THEME_DB|T030|T030|이거 아직 안 봤어?|15|올드보이|영화|2003|강렬한 복수극으로 세계 영화계에 이름을 알렸다|https://m.kinolights.com/search?keyword=%EC%98%AC%EB%93%9C%EB%B3%B4%EC%9D%B4||search_link_only|0|2026-07-31T12:11:34+00:00
THEME_DB|T030|T030|이거 아직 안 봤어?|16|기생충: 흑백판|영화|2019|화제작을 새로운 색감으로 다시 감상할 수 있다|https://m.kinolights.com/search?keyword=%EA%B8%B0%EC%83%9D%EC%B6%A9%3A%20%ED%9D%91%EB%B0%B1%ED%8C%90||search_link_only|0|2026-07-31T12:11:35+00:00
THEME_DB|T031|T031|퇴근하고 아무 생각 없이 보는 예능|1|런닝맨|예능|2010|가벼운 게임과 멤버들의 티격태격으로 피로를 잊는다|https://m.kinolights.com/search?keyword=%EB%9F%B0%EB%8B%9D%EB%A7%A8||search_link_only|0|2026-07-31T12:11:35+00:00
THEME_DB|T031|T031|퇴근하고 아무 생각 없이 보는 예능|2|놀면 뭐하니?|예능|2019|친근한 프로젝트와 웃음으로 퇴근 후 부담 없이 본다|https://m.kinolights.com/search?keyword=%EB%86%80%EB%A9%B4%20%EB%AD%90%ED%95%98%EB%8B%88%3F||search_link_only|0|2026-07-31T12:11:35+00:00
THEME_DB|T031|T031|퇴근하고 아무 생각 없이 보는 예능|3|나 혼자 산다|예능|2013|스타들의 일상을 보며 편안하게 하루를 마무리한다|https://m.kinolights.com/search?keyword=%EB%82%98%20%ED%98%BC%EC%9E%90%20%EC%82%B0%EB%8B%A4||search_link_only|0|2026-07-31T12:11:35+00:00
THEME_DB|T031|T031|퇴근하고 아무 생각 없이 보는 예능|4|전지적 참견 시점|예능|2018|일상 관찰과 매니저의 리액션이 가벼운 웃음을 준다|https://m.kinolights.com/search?keyword=%EC%A0%84%EC%A7%80%EC%A0%81%20%EC%B0%B8%EA%B2%AC%20%EC%8B%9C%EC%A0%90||search_link_only|0|2026-07-31T12:11:35+00:00
THEME_DB|T031|T031|퇴근하고 아무 생각 없이 보는 예능|5|신서유기|예능|2015|단순하고 엉뚱한 게임이 퇴근 후 웃음을 끌어낸다|https://m.kinolights.com/search?keyword=%EC%8B%A0%EC%84%9C%EC%9C%A0%EA%B8%B0||search_link_only|0|2026-07-31T12:11:16+00:00
THEME_DB|T031|T031|퇴근하고 아무 생각 없이 보는 예능|6|아는 형님|예능|2015|편안한 토크와 출연진의 장난이 스트레스를 덜어준다|https://m.kinolights.com/search?keyword=%EC%95%84%EB%8A%94%20%ED%98%95%EB%8B%98||search_link_only|0|2026-07-31T12:11:35+00:00
THEME_DB|T031|T031|퇴근하고 아무 생각 없이 보는 예능|7|놀라운 토요일|예능|2018|음악과 음식, 유쾌한 반응을 함께 즐길 수 있다|https://m.kinolights.com/search?keyword=%EB%86%80%EB%9D%BC%EC%9A%B4%20%ED%86%A0%EC%9A%94%EC%9D%BC||search_link_only|0|2026-07-31T12:11:26+00:00
THEME_DB|T031|T031|퇴근하고 아무 생각 없이 보는 예능|8|유 퀴즈 온 더 블럭|예능|2018|따뜻한 사람 이야기와 소소한 웃음으로 마음을 쉰다|https://m.kinolights.com/search?keyword=%EC%9C%A0%20%ED%80%B4%EC%A6%88%20%EC%98%A8%20%EB%8D%94%20%EB%B8%94%EB%9F%AD||search_link_only|0|2026-07-31T12:11:35+00:00
THEME_DB|T031|T031|퇴근하고 아무 생각 없이 보는 예능|9|코미디빅리그|예능|2011|짧은 코너마다 즉각적인 웃음을 선사한다|https://m.kinolights.com/search?keyword=%EC%BD%94%EB%AF%B8%EB%94%94%EB%B9%85%EB%A6%AC%EA%B7%B8||search_link_only|0|2026-07-31T12:11:35+00:00
THEME_DB|T031|T031|퇴근하고 아무 생각 없이 보는 예능|10|개그콘서트|예능|1999|가벼운 콩트 중심이라 피곤할 때 보기 좋다|https://m.kinolights.com/search?keyword=%EA%B0%9C%EA%B7%B8%EC%BD%98%EC%84%9C%ED%8A%B8||search_link_only|0|2026-07-31T12:11:35+00:00
THEME_DB|T031|T031|퇴근하고 아무 생각 없이 보는 예능|11|지구오락실|예능|2022|멤버들의 활기찬 리액션이 기분을 빠르게 전환한다|https://m.kinolights.com/search?keyword=%EC%A7%80%EA%B5%AC%EC%98%A4%EB%9D%BD%EC%8B%A4||search_link_only|0|2026-07-31T12:11:26+00:00
THEME_DB|T031|T031|퇴근하고 아무 생각 없이 보는 예능|12|출장 십오야|예능|2021|짧고 명확한 게임으로 편하게 웃을 수 있다|https://m.kinolights.com/search?keyword=%EC%B6%9C%EC%9E%A5%20%EC%8B%AD%EC%98%A4%EC%95%BC||search_link_only|0|2026-07-31T12:11:35+00:00
THEME_DB|T031|T031|퇴근하고 아무 생각 없이 보는 예능|13|홍김동전|예능|2023|멤버들의 예측 불가한 호흡이 퇴근 후 즐거움을 준다|https://m.kinolights.com/search?keyword=%ED%99%8D%EA%B9%80%EB%8F%99%EC%A0%84||search_link_only|0|2026-07-31T12:11:37+00:00
THEME_DB|T031|T031|퇴근하고 아무 생각 없이 보는 예능|14|혜미리예채파|예능|2023|친구 같은 멤버들의 생활 예능이 편안하게 다가온다|https://m.kinolights.com/search?keyword=%ED%98%9C%EB%AF%B8%EB%A6%AC%EC%98%88%EC%B1%84%ED%8C%8C||search_link_only|0|2026-07-31T12:11:36+00:00
THEME_DB|T031|T031|퇴근하고 아무 생각 없이 보는 예능|15|라디오스타|예능|2007|토크와 즉흥적인 반응으로 부담 없이 웃긴다|https://m.kinolights.com/search?keyword=%EB%9D%BC%EB%94%94%EC%98%A4%EC%8A%A4%ED%83%80||search_link_only|0|2026-07-31T12:11:27+00:00
THEME_DB|T031|T031|퇴근하고 아무 생각 없이 보는 예능|16|효리네 민박|예능|2017|제주도의 느긋한 풍경과 손님들의 일상이 힐링을 준다|https://m.kinolights.com/search?keyword=%ED%9A%A8%EB%A6%AC%EB%84%A4%20%EB%AF%BC%EB%B0%95||search_link_only|0|2026-07-31T12:11:37+00:00
THEME_DB|T032|T032|결혼 생각나게 하는 이야기|1|결혼의 꼼수|드라마|2022|결혼을 둘러싼 현실적인 연애와 가족 관계를 다룬다|https://m.kinolights.com/search?keyword=%EA%B2%B0%ED%98%BC%EC%9D%98%20%EA%BC%BC%EC%88%98||search_link_only|0|2026-07-31T12:11:37+00:00
THEME_DB|T032|T032|결혼 생각나게 하는 이야기|2|이번 생은 처음이라|드라마|2017|계약 결혼에서 진짜 부부의 의미를 찾아간다|https://m.kinolights.com/search?keyword=%EC%9D%B4%EB%B2%88%20%EC%83%9D%EC%9D%80%20%EC%B2%98%EC%9D%8C%EC%9D%B4%EB%9D%BC||search_link_only|0|2026-07-31T12:11:37+00:00
THEME_DB|T032|T032|결혼 생각나게 하는 이야기|3|고백부부|드라마|2017|부부가 결혼 전으로 돌아가 서로를 다시 이해한다|https://m.kinolights.com/search?keyword=%EA%B3%A0%EB%B0%B1%EB%B6%80%EB%B6%80||search_link_only|0|2026-07-31T12:11:37+00:00
THEME_DB|T032|T032|결혼 생각나게 하는 이야기|4|한 번 다녀왔습니다|드라마|2020|이혼과 재결합을 통해 가족과 부부를 현실적으로 그린다|https://m.kinolights.com/search?keyword=%ED%95%9C%20%EB%B2%88%20%EB%8B%A4%EB%85%80%EC%99%94%EC%8A%B5%EB%8B%88%EB%8B%A4||search_link_only|0|2026-07-31T12:11:37+00:00
THEME_DB|T032|T032|결혼 생각나게 하는 이야기|5|며느라기|드라마|2020|결혼 후 며느리가 겪는 가족 관계를 사실적으로 보여준다|https://m.kinolights.com/search?keyword=%EB%A9%B0%EB%8A%90%EB%9D%BC%EA%B8%B0||search_link_only|0|2026-07-31T12:11:37+00:00
THEME_DB|T032|T032|결혼 생각나게 하는 이야기|6|닥터 차정숙|드라마|2023|오래된 결혼 생활을 돌아보고 자신의 삶을 되찾는다|https://m.kinolights.com/search?keyword=%EB%8B%A5%ED%84%B0%20%EC%B0%A8%EC%A0%95%EC%88%99||search_link_only|0|2026-07-31T12:11:37+00:00
THEME_DB|T032|T032|결혼 생각나게 하는 이야기|7|부부의 세계|드라마|2020|결혼의 균열과 배신이 부부 관계를 깊이 파고든다|https://m.kinolights.com/search?keyword=%EB%B6%80%EB%B6%80%EC%9D%98%20%EC%84%B8%EA%B3%84||search_link_only|0|2026-07-31T12:11:37+00:00
THEME_DB|T032|T032|결혼 생각나게 하는 이야기|8|평일 오후 세시의 연인|드라마|2019|결혼한 어른들의 사랑과 관계의 딜레마를 다룬다|https://m.kinolights.com/search?keyword=%ED%8F%89%EC%9D%BC%20%EC%98%A4%ED%9B%84%20%EC%84%B8%EC%8B%9C%EC%9D%98%20%EC%97%B0%EC%9D%B8||search_link_only|0|2026-07-31T12:11:37+00:00
THEME_DB|T032|T032|결혼 생각나게 하는 이야기|9|연애의 온도|영화|2013|오래 만난 연인의 현실적인 갈등과 감정을 보여준다|https://m.kinolights.com/search?keyword=%EC%97%B0%EC%95%A0%EC%9D%98%20%EC%98%A8%EB%8F%84||search_link_only|0|2026-07-31T12:11:38+00:00
THEME_DB|T032|T032|결혼 생각나게 하는 이야기|10|결혼 이야기|영화|2019|이혼을 앞둔 부부가 관계를 다시 바라보는 작품|https://m.kinolights.com/search?keyword=%EA%B2%B0%ED%98%BC%20%EC%9D%B4%EC%95%BC%EA%B8%B0||search_link_only|0|2026-07-31T12:11:39+00:00
THEME_DB|T032|T032|결혼 생각나게 하는 이야기|11|나를 찾아줘|영화|2014|결혼 생활의 이면과 부부 간 심리전을 그린다|https://m.kinolights.com/search?keyword=%EB%82%98%EB%A5%BC%20%EC%B0%BE%EC%95%84%EC%A4%98||search_link_only|0|2026-07-31T12:11:39+00:00
THEME_DB|T032|T032|결혼 생각나게 하는 이야기|12|우리도 사랑일까|영화|2011|결혼 후 흔들리는 마음과 관계의 현실을 다룬다|https://m.kinolights.com/search?keyword=%EC%9A%B0%EB%A6%AC%EB%8F%84%20%EC%82%AC%EB%9E%91%EC%9D%BC%EA%B9%8C||search_link_only|0|2026-07-31T12:11:39+00:00
THEME_DB|T032|T032|결혼 생각나게 하는 이야기|13|러브 액츄얼리|영화|2003|연애와 결혼, 가족애를 여러 관계로 엮어 보여준다|https://m.kinolights.com/search?keyword=%EB%9F%AC%EB%B8%8C%20%EC%95%A1%EC%B8%84%EC%96%BC%EB%A6%AC||search_link_only|0|2026-07-31T12:11:39+00:00
THEME_DB|T032|T032|결혼 생각나게 하는 이야기|14|어웨이 위 고|영화|2009|아이를 기다리는 커플이 가족의 의미를 찾아간다|https://m.kinolights.com/search?keyword=%EC%96%B4%EC%9B%A8%EC%9D%B4%20%EC%9C%84%20%EA%B3%A0||search_link_only|0|2026-07-31T12:11:39+00:00
THEME_DB|T032|T032|결혼 생각나게 하는 이야기|15|결혼은 미친 짓이다|영화|2002|결혼 제도와 현실 연애를 솔직하고 냉소적으로 묘사한다|https://m.kinolights.com/search?keyword=%EA%B2%B0%ED%98%BC%EC%9D%80%20%EB%AF%B8%EC%B9%9C%20%EC%A7%93%EC%9D%B4%EB%8B%A4||search_link_only|0|2026-07-31T12:11:39+00:00
THEME_DB|T032|T032|결혼 생각나게 하는 이야기|16|우리들의 블루스|드라마|2022|부부와 가족을 둘러싼 사랑의 선택을 폭넓게 그린다|https://m.kinolights.com/search?keyword=%EC%9A%B0%EB%A6%AC%EB%93%A4%EC%9D%98%20%EB%B8%94%EB%A3%A8%EC%8A%A4||search_link_only|0|2026-07-31T12:11:39+00:00
THEME_DB|T033|T033|부모님과 같이 보기 좋은 드라마|1|응답하라 1988|드라마|2015|부모와 자녀, 이웃의 정을 함께 느낄 수 있는 드라마|https://m.kinolights.com/search?keyword=%EC%9D%91%EB%8B%B5%ED%95%98%EB%9D%BC%201988||search_link_only|0|2026-07-31T12:11:39+00:00
THEME_DB|T033|T033|부모님과 같이 보기 좋은 드라마|2|우리들의 블루스|드라마|2022|부모와 자식의 사연을 여러 인물의 삶으로 담아냈다|https://m.kinolights.com/search?keyword=%EC%9A%B0%EB%A6%AC%EB%93%A4%EC%9D%98%20%EB%B8%94%EB%A3%A8%EC%8A%A4||search_link_only|0|2026-07-31T12:11:39+00:00
THEME_DB|T033|T033|부모님과 같이 보기 좋은 드라마|3|나의 아저씨|드라마|2018|가족을 책임지는 어른들의 마음을 깊이 이해하게 한다|https://m.kinolights.com/search?keyword=%EB%82%98%EC%9D%98%20%EC%95%84%EC%A0%80%EC%94%A8||search_link_only|0|2026-07-31T12:11:24+00:00
THEME_DB|T033|T033|부모님과 같이 보기 좋은 드라마|4|디어 마이 프렌즈|드라마|2016|부모 세대의 우정과 인생을 자녀 시선과 함께 보여준다|https://m.kinolights.com/search?keyword=%EB%94%94%EC%96%B4%20%EB%A7%88%EC%9D%B4%20%ED%94%84%EB%A0%8C%EC%A6%88||search_link_only|0|2026-07-31T12:11:39+00:00
THEME_DB|T033|T033|부모님과 같이 보기 좋은 드라마|5|눈이 부시게|드라마|2019|시간과 가족의 소중함을 함께 돌아보게 한다|https://m.kinolights.com/search?keyword=%EB%88%88%EC%9D%B4%20%EB%B6%80%EC%8B%9C%EA%B2%8C||search_link_only|0|2026-07-31T12:11:40+00:00
THEME_DB|T033|T033|부모님과 같이 보기 좋은 드라마|6|슬기로운 의사생활|드라마|2020|가족과 친구, 일상의 따뜻함을 편안하게 담았다|https://m.kinolights.com/search?keyword=%EC%8A%AC%EA%B8%B0%EB%A1%9C%EC%9A%B4%20%EC%9D%98%EC%82%AC%EC%83%9D%ED%99%9C||search_link_only|0|2026-07-31T12:11:40+00:00
THEME_DB|T033|T033|부모님과 같이 보기 좋은 드라마|7|한 번 다녀왔습니다|드라마|2020|세대가 함께 사는 가족의 갈등과 화해를 그린다|https://m.kinolights.com/search?keyword=%ED%95%9C%20%EB%B2%88%20%EB%8B%A4%EB%85%80%EC%99%94%EC%8A%B5%EB%8B%88%EB%8B%A4||search_link_only|0|2026-07-31T12:11:40+00:00
THEME_DB|T033|T033|부모님과 같이 보기 좋은 드라마|8|세상에서 제일 예쁜 내 딸|드라마|2019|엄마와 세 딸의 사랑과 갈등을 정면으로 다룬다|https://m.kinolights.com/search?keyword=%EC%84%B8%EC%83%81%EC%97%90%EC%84%9C%20%EC%A0%9C%EC%9D%BC%20%EC%98%88%EC%81%9C%20%EB%82%B4%20%EB%94%B8||search_link_only|0|2026-07-31T12:11:40+00:00
THEME_DB|T033|T033|부모님과 같이 보기 좋은 드라마|9|동백꽃 필 무렵|드라마|2019|싱글맘과 아이를 둘러싼 가족과 이웃의 정을 보여준다|https://m.kinolights.com/search?keyword=%EB%8F%99%EB%B0%B1%EA%BD%83%20%ED%95%84%20%EB%AC%B4%EB%A0%B5||search_link_only|0|2026-07-31T12:11:40+00:00
THEME_DB|T033|T033|부모님과 같이 보기 좋은 드라마|10|나빌레라|드라마|2021|할아버지와 손자의 꿈과 성장을 따뜻하게 그린다|https://m.kinolights.com/search?keyword=%EB%82%98%EB%B9%8C%EB%A0%88%EB%9D%BC||search_link_only|0|2026-07-31T12:11:40+00:00
THEME_DB|T033|T033|부모님과 같이 보기 좋은 드라마|11|인생은 아름다워|영화|2022|가족이 함께 떠나는 여행으로 사랑을 확인한다|https://m.kinolights.com/search?keyword=%EC%9D%B8%EC%83%9D%EC%9D%80%20%EC%95%84%EB%A6%84%EB%8B%A4%EC%9B%8C||search_link_only|0|2026-07-31T12:11:40+00:00
THEME_DB|T033|T033|부모님과 같이 보기 좋은 드라마|12|국제시장|영화|2014|부모와 자녀 세대의 희생과 가족애를 담은 작품|https://m.kinolights.com/search?keyword=%EA%B5%AD%EC%A0%9C%EC%8B%9C%EC%9E%A5||search_link_only|0|2026-07-31T12:11:40+00:00
THEME_DB|T033|T033|부모님과 같이 보기 좋은 드라마|13|미나리|영화|2020|할머니와 손자를 포함한 가족의 적응과 사랑을 그린다|https://m.kinolights.com/search?keyword=%EB%AF%B8%EB%82%98%EB%A6%AC||search_link_only|0|2026-07-31T12:11:40+00:00
THEME_DB|T033|T033|부모님과 같이 보기 좋은 드라마|14|그렇게 아버지가 된다|영화|2013|아버지와 아들의 관계를 통해 가족의 의미를 묻는다|https://m.kinolights.com/search?keyword=%EA%B7%B8%EB%A0%87%EA%B2%8C%20%EC%95%84%EB%B2%84%EC%A7%80%EA%B0%80%20%EB%90%9C%EB%8B%A4||search_link_only|0|2026-07-31T12:11:40+00:00
THEME_DB|T033|T033|부모님과 같이 보기 좋은 드라마|15|세상에서 가장 아름다운 이별|영화|2011|부모와 자녀가 가족의 마지막 시간을 함께 보낸다|https://m.kinolights.com/search?keyword=%EC%84%B8%EC%83%81%EC%97%90%EC%84%9C%20%EA%B0%80%EC%9E%A5%20%EC%95%84%EB%A6%84%EB%8B%A4%EC%9A%B4%20%EC%9D%B4%EB%B3%84||search_link_only|0|2026-07-31T12:11:41+00:00
THEME_DB|T033|T033|부모님과 같이 보기 좋은 드라마|16|고령화 가족|영화|2013|성인이 된 가족 구성원들의 갈등과 유대를 유쾌하게 그린다|https://m.kinolights.com/search?keyword=%EA%B3%A0%EB%A0%B9%ED%99%94%20%EA%B0%80%EC%A1%B1||search_link_only|0|2026-07-31T12:11:41+00:00
THEME_DB|T034|T034|아이 재우고 보는 영화|1|헤어질 결심|영화|2022|밤의 정서와 어른들의 미스터리한 로맨스가 어우러진다|https://m.kinolights.com/search?keyword=%ED%97%A4%EC%96%B4%EC%A7%88%20%EA%B2%B0%EC%8B%AC||search_link_only|0|2026-07-31T12:11:41+00:00
THEME_DB|T034|T034|아이 재우고 보는 영화|2|나를 찾아줘|영화|2014|부부 관계의 이면을 파고드는 긴장감 높은 스릴러|https://m.kinolights.com/search?keyword=%EB%82%98%EB%A5%BC%20%EC%B0%BE%EC%95%84%EC%A4%98||search_link_only|0|2026-07-31T12:11:39+00:00
THEME_DB|T034|T034|아이 재우고 보는 영화|3|부부의 세계|드라마|2020|부부 관계의 균열과 복수를 몰입감 있게 그린다|https://m.kinolights.com/search?keyword=%EB%B6%80%EB%B6%80%EC%9D%98%20%EC%84%B8%EA%B3%84||search_link_only|0|2026-07-31T12:11:37+00:00
THEME_DB|T034|T034|아이 재우고 보는 영화|4|연애의 온도|영화|2013|현실적인 커플 갈등을 담아 부부가 함께 공감하기 좋다|https://m.kinolights.com/search?keyword=%EC%97%B0%EC%95%A0%EC%9D%98%20%EC%98%A8%EB%8F%84||search_link_only|0|2026-07-31T12:11:38+00:00
THEME_DB|T034|T034|아이 재우고 보는 영화|5|결혼 이야기|영화|2019|부부의 사랑과 이별을 성숙하게 바라보는 영화|https://m.kinolights.com/search?keyword=%EA%B2%B0%ED%98%BC%20%EC%9D%B4%EC%95%BC%EA%B8%B0||search_link_only|0|2026-07-31T12:11:41+00:00
THEME_DB|T034|T034|아이 재우고 보는 영화|6|어바웃 타임|영화|2013|함께 사는 시간의 소중함을 따뜻하게 일깨운다|https://m.kinolights.com/search?keyword=%EC%96%B4%EB%B0%94%EC%9B%83%20%ED%83%80%EC%9E%84||search_link_only|0|2026-07-31T12:11:41+00:00
THEME_DB|T034|T034|아이 재우고 보는 영화|7|러브 액츄얼리|영화|2003|밤에 편안하게 즐기기 좋은 여러 사랑의 이야기|https://m.kinolights.com/search?keyword=%EB%9F%AC%EB%B8%8C%20%EC%95%A1%EC%B8%84%EC%96%BC%EB%A6%AC||search_link_only|0|2026-07-31T12:11:39+00:00
THEME_DB|T034|T034|아이 재우고 보는 영화|8|비포 미드나잇|영화|2013|오랜 커플의 현실적인 대화와 사랑을 담았다|https://m.kinolights.com/search?keyword=%EB%B9%84%ED%8F%AC%20%EB%AF%B8%EB%93%9C%EB%82%98%EC%9E%87||search_link_only|0|2026-07-31T12:11:42+00:00
THEME_DB|T034|T034|아이 재우고 보는 영화|9|화차|영화|2012|실종된 약혼녀의 정체를 좇는 서늘한 미스터리|https://m.kinolights.com/search?keyword=%ED%99%94%EC%B0%A8||search_link_only|0|2026-07-31T12:11:41+00:00
THEME_DB|T034|T034|아이 재우고 보는 영화|10|곡성|영화|2016|밤에 보면 더욱 강렬한 공포와 미스터리를 선사한다|https://m.kinolights.com/search?keyword=%EA%B3%A1%EC%84%B1||search_link_only|0|2026-07-31T12:11:42+00:00
THEME_DB|T034|T034|아이 재우고 보는 영화|11|콜|영화|2020|시간을 연결하는 전화로 펼쳐지는 심리 스릴러|https://m.kinolights.com/search?keyword=%EC%BD%9C||search_link_only|0|2026-07-31T12:11:41+00:00
THEME_DB|T034|T034|아이 재우고 보는 영화|12|끝까지 간다|영화|2014|한 형사의 사건 은폐가 극한의 추격으로 이어진다|https://m.kinolights.com/search?keyword=%EB%81%9D%EA%B9%8C%EC%A7%80%20%EA%B0%84%EB%8B%A4||search_link_only|0|2026-07-31T12:11:41+00:00
THEME_DB|T034|T034|아이 재우고 보는 영화|13|암수살인|영화|2018|형사와 살인범의 심리 대결을 집요하게 그린다|https://m.kinolights.com/search?keyword=%EC%95%94%EC%88%98%EC%82%B4%EC%9D%B8||search_link_only|0|2026-07-31T12:11:42+00:00
THEME_DB|T034|T034|아이 재우고 보는 영화|14|완벽한 타인|영화|2018|부부와 친구들의 비밀이 밤의 게임으로 드러난다|https://m.kinolights.com/search?keyword=%EC%99%84%EB%B2%BD%ED%95%9C%20%ED%83%80%EC%9D%B8||search_link_only|0|2026-07-31T12:11:42+00:00
THEME_DB|T034|T034|아이 재우고 보는 영화|15|싱글 인 서울|영화|2023|어른들의 연애와 혼자 사는 삶을 편안하게 다룬다|https://m.kinolights.com/search?keyword=%EC%8B%B1%EA%B8%80%20%EC%9D%B8%20%EC%84%9C%EC%9A%B8||search_link_only|0|2026-07-31T12:11:42+00:00
THEME_DB|T034|T034|아이 재우고 보는 영화|16|조제|영화|2020|두 사람의 조용한 사랑과 이별을 감성적으로 담았다|https://m.kinolights.com/search?keyword=%EC%A1%B0%EC%A0%9C||search_link_only|0|2026-07-31T12:11:42+00:00
THEME_DB|T035|T035|주말 낮에 틀어두기 좋은 예능|1|런닝맨|예능|2010|가족이 함께 틀어두기 좋은 게임형 예능이다|https://m.kinolights.com/search?keyword=%EB%9F%B0%EB%8B%9D%EB%A7%A8||search_link_only|0|2026-07-31T12:11:42+00:00
THEME_DB|T035|T035|주말 낮에 틀어두기 좋은 예능|2|놀면 뭐하니?|예능|2019|다양한 프로젝트로 주말 낮에 가볍게 즐긴다|https://m.kinolights.com/search?keyword=%EB%86%80%EB%A9%B4%20%EB%AD%90%ED%95%98%EB%8B%88%3F||search_link_only|0|2026-07-31T12:11:43+00:00
THEME_DB|T035|T035|주말 낮에 틀어두기 좋은 예능|3|1박 2일|예능|2007|여행과 복불복이 어우러진 편안한 가족 예능|https://m.kinolights.com/search?keyword=1%EB%B0%95%202%EC%9D%BC||search_link_only|0|2026-07-31T12:11:43+00:00
THEME_DB|T035|T035|주말 낮에 틀어두기 좋은 예능|4|신서유기|예능|2015|여행지 게임과 멤버들의 호흡이 유쾌하다|https://m.kinolights.com/search?keyword=%EC%8B%A0%EC%84%9C%EC%9C%A0%EA%B8%B0||search_link_only|0|2026-07-31T12:11:43+00:00
THEME_DB|T035|T035|주말 낮에 틀어두기 좋은 예능|5|놀라운 토요일|예능|2018|음식과 음악 퀴즈로 온 가족이 함께 즐긴다|https://m.kinolights.com/search?keyword=%EB%86%80%EB%9D%BC%EC%9A%B4%20%ED%86%A0%EC%9A%94%EC%9D%BC||search_link_only|0|2026-07-31T12:11:26+00:00
THEME_DB|T035|T035|주말 낮에 틀어두기 좋은 예능|6|아는 형님|예능|2015|게스트 토크와 게임이 부담 없이 이어진다|https://m.kinolights.com/search?keyword=%EC%95%84%EB%8A%94%20%ED%98%95%EB%8B%98||search_link_only|0|2026-07-31T12:11:43+00:00
THEME_DB|T035|T035|주말 낮에 틀어두기 좋은 예능|7|나 혼자 산다|예능|2013|각자의 주말 일상을 편하게 구경할 수 있다|https://m.kinolights.com/search?keyword=%EB%82%98%20%ED%98%BC%EC%9E%90%20%EC%82%B0%EB%8B%A4||search_link_only|0|2026-07-31T12:11:43+00:00
THEME_DB|T035|T035|주말 낮에 틀어두기 좋은 예능|8|전지적 참견 시점|예능|2018|일상 속 재미있는 순간을 가볍게 보여준다|https://m.kinolights.com/search?keyword=%EC%A0%84%EC%A7%80%EC%A0%81%20%EC%B0%B8%EA%B2%AC%20%EC%8B%9C%EC%A0%90||search_link_only|0|2026-07-31T12:11:35+00:00
THEME_DB|T035|T035|주말 낮에 틀어두기 좋은 예능|9|지구오락실|예능|2022|활기찬 게임과 리액션으로 주말 분위기를 살린다|https://m.kinolights.com/search?keyword=%EC%A7%80%EA%B5%AC%EC%98%A4%EB%9D%BD%EC%8B%A4||search_link_only|0|2026-07-31T12:11:26+00:00
THEME_DB|T035|T035|주말 낮에 틀어두기 좋은 예능|10|유 퀴즈 온 더 블럭|예능|2018|따뜻한 사람 이야기와 유쾌한 대화가 이어진다|https://m.kinolights.com/search?keyword=%EC%9C%A0%20%ED%80%B4%EC%A6%88%20%EC%98%A8%20%EB%8D%94%20%EB%B8%94%EB%9F%AD||search_link_only|0|2026-07-31T12:11:43+00:00
THEME_DB|T035|T035|주말 낮에 틀어두기 좋은 예능|11|효리네 민박|예능|2017|제주도의 풍경과 손님들의 일상을 느긋하게 즐긴다|https://m.kinolights.com/search?keyword=%ED%9A%A8%EB%A6%AC%EB%84%A4%20%EB%AF%BC%EB%B0%95||search_link_only|0|2026-07-31T12:11:43+00:00
THEME_DB|T035|T035|주말 낮에 틀어두기 좋은 예능|12|윤식당|예능|2017|음식과 여행을 함께 담아 낮 시간에 편안하다|https://m.kinolights.com/search?keyword=%EC%9C%A4%EC%8B%9D%EB%8B%B9||search_link_only|0|2026-07-31T12:11:43+00:00
THEME_DB|T035|T035|주말 낮에 틀어두기 좋은 예능|13|삼시세끼|예능|2014|자연 속 식사와 생활을 잔잔하게 보여준다|https://m.kinolights.com/search?keyword=%EC%82%BC%EC%8B%9C%EC%84%B8%EB%81%BC||search_link_only|0|2026-07-31T12:11:43+00:00
THEME_DB|T035|T035|주말 낮에 틀어두기 좋은 예능|14|슈퍼맨이 돌아왔다|예능|2013|아이들과 가족의 일상을 함께 보는 즐거움이 있다|https://m.kinolights.com/search?keyword=%EC%8A%88%ED%8D%BC%EB%A7%A8%EC%9D%B4%20%EB%8F%8C%EC%95%84%EC%99%94%EB%8B%A4||search_link_only|0|2026-07-31T12:11:43+00:00
THEME_DB|T035|T035|주말 낮에 틀어두기 좋은 예능|15|동물농장|예능|2001|동물 이야기 중심이라 가족이 편하게 볼 수 있다|https://m.kinolights.com/search?keyword=%EB%8F%99%EB%AC%BC%EB%86%8D%EC%9E%A5||search_link_only|0|2026-07-31T12:11:43+00:00
THEME_DB|T035|T035|주말 낮에 틀어두기 좋은 예능|16|사장님 귀는 당나귀 귀|예능|2019|직장과 일상을 관찰하며 가볍게 웃을 수 있다|https://m.kinolights.com/search?keyword=%EC%82%AC%EC%9E%A5%EB%8B%98%20%EA%B7%80%EB%8A%94%20%EB%8B%B9%EB%82%98%EA%B7%80%20%EA%B7%80||search_link_only|0|2026-07-31T12:11:44+00:00
THEME_DB|T036|T036|기분 꿀꿀할 때 보는 코미디|1|극한직업|영화|2019|잠복 형사들의 허술한 작전과 연속되는 웃음|https://m.kinolights.com/search?keyword=%EA%B7%B9%ED%95%9C%EC%A7%81%EC%97%85||search_link_only|0|2026-07-31T12:11:44+00:00
THEME_DB|T036|T036|기분 꿀꿀할 때 보는 코미디|2|엑시트|영화|2019|재난 속 청춘 남녀의 기발한 탈출이 유쾌하다|https://m.kinolights.com/search?keyword=%EC%97%91%EC%8B%9C%ED%8A%B8||search_link_only|0|2026-07-31T12:11:44+00:00
THEME_DB|T036|T036|기분 꿀꿀할 때 보는 코미디|3|럭키|영화|2016|기억을 잃은 킬러의 인생 역전이 웃음을 준다|https://m.kinolights.com/search?keyword=%EB%9F%AD%ED%82%A4||search_link_only|0|2026-07-31T12:11:44+00:00
THEME_DB|T036|T036|기분 꿀꿀할 때 보는 코미디|4|수상한 그녀|영화|2014|할머니의 청춘 회귀와 가족 이야기를 유쾌하게 그린다|https://m.kinolights.com/search?keyword=%EC%88%98%EC%83%81%ED%95%9C%20%EA%B7%B8%EB%85%80||search_link_only|0|2026-07-31T12:11:44+00:00
THEME_DB|T036|T036|기분 꿀꿀할 때 보는 코미디|5|웰컴 투 동막골|영화|2005|전쟁 속 순박한 마을 사람들의 따뜻한 코미디|https://m.kinolights.com/search?keyword=%EC%9B%B0%EC%BB%B4%20%ED%88%AC%20%EB%8F%99%EB%A7%89%EA%B3%A8||search_link_only|0|2026-07-31T12:11:44+00:00
THEME_DB|T036|T036|기분 꿀꿀할 때 보는 코미디|6|과속스캔들|영화|2008|갑작스러운 가족의 등장으로 벌어지는 유쾌한 소동|https://m.kinolights.com/search?keyword=%EA%B3%BC%EC%86%8D%EC%8A%A4%EC%BA%94%EB%93%A4||search_link_only|0|2026-07-31T12:11:44+00:00
THEME_DB|T036|T036|기분 꿀꿀할 때 보는 코미디|7|미스터 빈의 홀리데이|영화|2007|말보다 몸짓으로 웃기는 가벼운 여행 코미디|https://m.kinolights.com/search?keyword=%EB%AF%B8%EC%8A%A4%ED%84%B0%20%EB%B9%88%EC%9D%98%20%ED%99%80%EB%A6%AC%EB%8D%B0%EC%9D%B4||search_link_only|0|2026-07-31T12:11:44+00:00
THEME_DB|T036|T036|기분 꿀꿀할 때 보는 코미디|8|스쿨 오브 락|영화|2003|엉뚱한 선생님과 아이들의 밴드 도전이 유쾌하다|https://m.kinolights.com/search?keyword=%EC%8A%A4%EC%BF%A8%20%EC%98%A4%EB%B8%8C%20%EB%9D%BD||search_link_only|0|2026-07-31T12:11:44+00:00
THEME_DB|T036|T036|기분 꿀꿀할 때 보는 코미디|9|인턴|영화|2015|세대가 다른 두 직장인의 우정이 따뜻한 웃음을 준다|https://m.kinolights.com/search?keyword=%EC%9D%B8%ED%84%B4||search_link_only|0|2026-07-31T12:11:44+00:00
THEME_DB|T036|T036|기분 꿀꿀할 때 보는 코미디|10|브루클린 나인-나인|드라마|2013|경찰서 구성원들의 빠른 농담과 팀워크가 즐겁다|https://m.kinolights.com/search?keyword=%EB%B8%8C%EB%A3%A8%ED%81%B4%EB%A6%B0%20%EB%82%98%EC%9D%B8-%EB%82%98%EC%9D%B8||search_link_only|0|2026-07-31T12:11:46+00:00
THEME_DB|T036|T036|기분 꿀꿀할 때 보는 코미디|11|프렌즈|드라마|1994|친구들의 일상과 연애를 편안한 웃음으로 풀어낸다|https://m.kinolights.com/search?keyword=%ED%94%84%EB%A0%8C%EC%A6%88||search_link_only|0|2026-07-31T12:11:46+00:00
THEME_DB|T036|T036|기분 꿀꿀할 때 보는 코미디|12|모던 패밀리|드라마|2009|가족 구성원의 차이에서 일상적인 코미디가 나온다|https://m.kinolights.com/search?keyword=%EB%AA%A8%EB%8D%98%20%ED%8C%A8%EB%B0%80%EB%A6%AC||search_link_only|0|2026-07-31T12:11:46+00:00
THEME_DB|T036|T036|기분 꿀꿀할 때 보는 코미디|13|거침없이 하이킥|드라마|2006|가족과 이웃의 소동을 빠른 코미디로 담았다|https://m.kinolights.com/search?keyword=%EA%B1%B0%EC%B9%A8%EC%97%86%EC%9D%B4%20%ED%95%98%EC%9D%B4%ED%82%A5||search_link_only|0|2026-07-31T12:11:46+00:00
THEME_DB|T036|T036|기분 꿀꿀할 때 보는 코미디|14|웰컴 투 삼달리|드라마|2023|고향 사람들의 관계와 재회가 따뜻한 웃음을 준다|https://m.kinolights.com/search?keyword=%EC%9B%B0%EC%BB%B4%20%ED%88%AC%20%EC%82%BC%EB%8B%AC%EB%A6%AC||search_link_only|0|2026-07-31T12:11:46+00:00
THEME_DB|T036|T036|기분 꿀꿀할 때 보는 코미디|15|쌉니다 천리마마트|드라마|2019|기상천외한 마트 운영과 캐릭터 코미디가 돋보인다|https://m.kinolights.com/search?keyword=%EC%8C%89%EB%8B%88%EB%8B%A4%20%EC%B2%9C%EB%A6%AC%EB%A7%88%EB%A7%88%ED%8A%B8||search_link_only|0|2026-07-31T12:11:46+00:00
THEME_DB|T036|T036|기분 꿀꿀할 때 보는 코미디|16|멜로가 체질|드라마|2019|친구들의 연애와 일상을 솔직하고 유쾌하게 그린다|https://m.kinolights.com/search?keyword=%EB%A9%9C%EB%A1%9C%EA%B0%80%20%EC%B2%B4%EC%A7%88||search_link_only|0|2026-07-31T12:11:46+00:00
THEME_DB|T037|T037|현실 직장인 공감 드라마|1|미생|드라마|2014|회사 생활과 상사, 퇴근의 현실을 가장 사실적으로 담았다|https://m.kinolights.com/search?keyword=%EB%AF%B8%EC%83%9D||search_link_only|0|2026-07-31T12:11:46+00:00
THEME_DB|T037|T037|현실 직장인 공감 드라마|2|나의 해방일지|드라마|2022|반복되는 직장과 일상에 지친 사람들의 감정을 그린다|https://m.kinolights.com/search?keyword=%EB%82%98%EC%9D%98%20%ED%95%B4%EB%B0%A9%EC%9D%BC%EC%A7%80||search_link_only|0|2026-07-31T12:11:46+00:00
THEME_DB|T037|T037|현실 직장인 공감 드라마|3|좋좋소|드라마|2021|중소기업의 현실과 직장인 고충을 날카롭게 풍자한다|https://m.kinolights.com/search?keyword=%EC%A2%8B%EC%A2%8B%EC%86%8C||search_link_only|0|2026-07-31T12:11:46+00:00
THEME_DB|T037|T037|현실 직장인 공감 드라마|4|퇴사한 김에 뮤직비디오|드라마||퇴사와 직장인의 현실을 소재로 한 웹드라마|https://m.kinolights.com/search?keyword=%ED%87%B4%EC%82%AC%ED%95%9C%20%EA%B9%80%EC%97%90%20%EB%AE%A4%EC%A7%81%EB%B9%84%EB%94%94%EC%98%A4||search_link_only|0|2026-07-31T12:11:47+00:00
THEME_DB|T037|T037|현실 직장인 공감 드라마|5|회사 가기 싫어|드라마|2019|직장인의 피로와 조직 생활을 현실적인 시선으로 다룬다|https://m.kinolights.com/search?keyword=%ED%9A%8C%EC%82%AC%20%EA%B0%80%EA%B8%B0%20%EC%8B%AB%EC%96%B4||search_link_only|0|2026-07-31T12:11:48+00:00
THEME_DB|T037|T037|현실 직장인 공감 드라마|6|이번 생은 처음이라|드라마|2017|집과 일, 생계에 대한 현실적인 청춘 고민을 담았다|https://m.kinolights.com/search?keyword=%EC%9D%B4%EB%B2%88%20%EC%83%9D%EC%9D%80%20%EC%B2%98%EC%9D%8C%EC%9D%B4%EB%9D%BC||search_link_only|0|2026-07-31T12:11:48+00:00
THEME_DB|T037|T037|현실 직장인 공감 드라마|7|멜로가 체질|드라마|2019|일과 인간관계에 지친 서른 살들의 현실 공감극|https://m.kinolights.com/search?keyword=%EB%A9%9C%EB%A1%9C%EA%B0%80%20%EC%B2%B4%EC%A7%88||search_link_only|0|2026-07-31T12:11:48+00:00
THEME_DB|T037|T037|현실 직장인 공감 드라마|8|나의 아저씨|드라마|2018|무거운 삶과 회사의 압박을 견디는 어른들의 이야기|https://m.kinolights.com/search?keyword=%EB%82%98%EC%9D%98%20%EC%95%84%EC%A0%80%EC%94%A8||search_link_only|0|2026-07-31T12:11:24+00:00
THEME_DB|T037|T037|현실 직장인 공감 드라마|9|직장의 신|드라마|2013|계약직과 조직 내 권력 관계를 유쾌하게 보여준다|https://m.kinolights.com/search?keyword=%EC%A7%81%EC%9E%A5%EC%9D%98%20%EC%8B%A0||search_link_only|0|2026-07-31T12:11:48+00:00
THEME_DB|T037|T037|현실 직장인 공감 드라마|10|김과장|드라마|2017|부패한 회사를 상대로 싸우는 직장인의 통쾌한 활약|https://m.kinolights.com/search?keyword=%EA%B9%80%EA%B3%BC%EC%9E%A5||search_link_only|0|2026-07-31T12:11:48+00:00
THEME_DB|T037|T037|현실 직장인 공감 드라마|11|검색어를 입력하세요 WWW|드라마|2019|포털 업계 여성 직장인들의 일과 경쟁을 그린다|https://m.kinolights.com/search?keyword=%EA%B2%80%EC%83%89%EC%96%B4%EB%A5%BC%20%EC%9E%85%EB%A0%A5%ED%95%98%EC%84%B8%EC%9A%94%20WWW||search_link_only|0|2026-07-31T12:11:48+00:00
THEME_DB|T037|T037|현실 직장인 공감 드라마|12|청춘시대|드라마|2016|청춘 여성들의 일과 생활, 관계 고민을 담았다|https://m.kinolights.com/search?keyword=%EC%B2%AD%EC%B6%98%EC%8B%9C%EB%8C%80||search_link_only|0|2026-07-31T12:11:48+00:00
THEME_DB|T037|T037|현실 직장인 공감 드라마|13|사내맞선|드라마|2022|회사와 연애를 오가는 직장인의 가벼운 로맨스|https://m.kinolights.com/search?keyword=%EC%82%AC%EB%82%B4%EB%A7%9E%EC%84%A0||search_link_only|0|2026-07-31T12:11:48+00:00
THEME_DB|T037|T037|현실 직장인 공감 드라마|14|좋아하면 울리는|드라마|2019|학교와 일상 속 관계를 통해 청춘의 감정을 그린다|https://m.kinolights.com/search?keyword=%EC%A2%8B%EC%95%84%ED%95%98%EB%A9%B4%20%EC%9A%B8%EB%A6%AC%EB%8A%94||search_link_only|0|2026-07-31T12:11:48+00:00
THEME_DB|T037|T037|현실 직장인 공감 드라마|15|오피스|영화|2015|직장 공간에서 벌어지는 불안과 공포를 다룬다|https://m.kinolights.com/search?keyword=%EC%98%A4%ED%94%BC%EC%8A%A4||search_link_only|0|2026-07-31T12:11:48+00:00
THEME_DB|T037|T037|현실 직장인 공감 드라마|16|인턴|영화|2015|직장 안에서 세대와 리더십을 이해해 가는 이야기|https://m.kinolights.com/search?keyword=%EC%9D%B8%ED%84%B4||search_link_only|0|2026-07-31T12:11:48+00:00
THEME_DB|T038|T038|사이다 복수극 모음|1|더 글로리|드라마|2022|학교 폭력 가해자들을 치밀하게 응징하는 복수극|https://m.kinolights.com/search?keyword=%EB%8D%94%20%EA%B8%80%EB%A1%9C%EB%A6%AC||search_link_only|0|2026-07-31T12:11:23+00:00
THEME_DB|T038|T038|사이다 복수극 모음|2|모범택시|드라마|2021|피해자를 대신해 악인을 처벌하는 사이다 복수극|https://m.kinolights.com/search?keyword=%EB%AA%A8%EB%B2%94%ED%83%9D%EC%8B%9C||search_link_only|0|2026-07-31T12:11:50+00:00
THEME_DB|T038|T038|사이다 복수극 모음|3|빈센조|드라마|2021|악당보다 강한 방식으로 권력형 악을 응징한다|https://m.kinolights.com/search?keyword=%EB%B9%88%EC%84%BC%EC%A1%B0||search_link_only|0|2026-07-31T12:11:50+00:00
THEME_DB|T038|T038|사이다 복수극 모음|4|펜트하우스|드라마|2020|욕망과 배신에 맞서는 인물들의 극적인 복수|https://m.kinolights.com/search?keyword=%ED%8E%9C%ED%8A%B8%ED%95%98%EC%9A%B0%EC%8A%A4||search_link_only|0|2026-07-31T12:11:49+00:00
THEME_DB|T038|T038|사이다 복수극 모음|5|부부의 세계|드라마|2020|배신당한 인물이 관계와 삶을 되찾는 복수극|https://m.kinolights.com/search?keyword=%EB%B6%80%EB%B6%80%EC%9D%98%20%EC%84%B8%EA%B3%84||search_link_only|0|2026-07-31T12:11:49+00:00
THEME_DB|T038|T038|사이다 복수극 모음|6|이태원 클라쓰|드라마|2020|불공정한 권력에 맞서 사업과 복수로 반격한다|https://m.kinolights.com/search?keyword=%EC%9D%B4%ED%83%9C%EC%9B%90%20%ED%81%B4%EB%9D%BC%EC%93%B0||search_link_only|0|2026-07-31T12:11:50+00:00
THEME_DB|T038|T038|사이다 복수극 모음|7|김과장|드라마|2017|부패한 회사와 권력자를 통쾌하게 무너뜨린다|https://m.kinolights.com/search?keyword=%EA%B9%80%EA%B3%BC%EC%9E%A5||search_link_only|0|2026-07-31T12:11:50+00:00
THEME_DB|T038|T038|사이다 복수극 모음|8|내 이름은 김삼순|드라마|2005|상처받은 인물이 사랑과 자존감을 되찾아간다|https://m.kinolights.com/search?keyword=%EB%82%B4%20%EC%9D%B4%EB%A6%84%EC%9D%80%20%EA%B9%80%EC%82%BC%EC%88%9C||search_link_only|0|2026-07-31T12:11:50+00:00
THEME_DB|T038|T038|사이다 복수극 모음|9|마녀의 법정|드라마|2017|성범죄를 파헤치는 검사의 집요한 응징 이야기|https://m.kinolights.com/search?keyword=%EB%A7%88%EB%85%80%EC%9D%98%20%EB%B2%95%EC%A0%95||search_link_only|0|2026-07-31T12:11:50+00:00
THEME_DB|T038|T038|사이다 복수극 모음|10|날씨가 좋으면 찾아가겠어요|드라마|2020|상처와 과거를 천천히 회복하는 따뜻한 감정극|https://m.kinolights.com/search?keyword=%EB%82%A0%EC%94%A8%EA%B0%80%20%EC%A2%8B%EC%9C%BC%EB%A9%B4%20%EC%B0%BE%EC%95%84%EA%B0%80%EA%B2%A0%EC%96%B4%EC%9A%94||search_link_only|0|2026-07-31T12:11:50+00:00
THEME_DB|T038|T038|사이다 복수극 모음|11|친애하는 판사님께|드라마|2018|법의 사각지대에 맞서는 판사의 통쾌한 정의 구현|https://m.kinolights.com/search?keyword=%EC%B9%9C%EC%95%A0%ED%95%98%EB%8A%94%20%ED%8C%90%EC%82%AC%EB%8B%98%EA%BB%98||search_link_only|0|2026-07-31T12:11:50+00:00
THEME_DB|T038|T038|사이다 복수극 모음|12|리멤버-아들의 전쟁|드라마|2015|아버지의 누명을 벗기려는 아들의 법정 복수극|https://m.kinolights.com/search?keyword=%EB%A6%AC%EB%A9%A4%EB%B2%84-%EC%95%84%EB%93%A4%EC%9D%98%20%EC%A0%84%EC%9F%81||search_link_only|0|2026-07-31T12:11:51+00:00
THEME_DB|T038|T038|사이다 복수극 모음|13|카운터즈|드라마||악을 물리치는 초능력 팀의 응징 이야기|https://m.kinolights.com/search?keyword=%EC%B9%B4%EC%9A%B4%ED%84%B0%EC%A6%88||search_link_only|0|2026-07-31T12:11:51+00:00
THEME_DB|T038|T038|사이다 복수극 모음|14|아일랜드|드라마|2022|악의 세력에 맞서 싸우는 퇴마 액션 드라마|https://m.kinolights.com/search?keyword=%EC%95%84%EC%9D%BC%EB%9E%9C%EB%93%9C||search_link_only|0|2026-07-31T12:11:51+00:00
THEME_DB|T038|T038|사이다 복수극 모음|15|악의 마음을 읽는 자들|드라마|2022|범죄자의 심리를 읽으며 연쇄범죄를 추적한다|https://m.kinolights.com/search?keyword=%EC%95%85%EC%9D%98%20%EB%A7%88%EC%9D%8C%EC%9D%84%20%EC%9D%BD%EB%8A%94%20%EC%9E%90%EB%93%A4||search_link_only|0|2026-07-31T12:11:51+00:00
THEME_DB|T038|T038|사이다 복수극 모음|16|마이 네임|드라마|2021|아버지의 죽음을 밝히려 조직에 잠입하는 복수극|https://m.kinolights.com/search?keyword=%EB%A7%88%EC%9D%B4%20%EB%84%A4%EC%9E%84||search_link_only|0|2026-07-31T12:11:51+00:00
THEME_DB|T039|T039|나쁜 놈 잡는 이야기|1|범죄도시|영화|2017|형사들이 조직폭력배를 소탕하는 통쾌한 범죄 액션|https://m.kinolights.com/search?keyword=%EB%B2%94%EC%A3%84%EB%8F%84%EC%8B%9C||search_link_only|0|2026-07-31T12:11:51+00:00
THEME_DB|T039|T039|나쁜 놈 잡는 이야기|2|베테랑|영화|2015|형사가 재벌 악인의 범죄를 끝까지 추적한다|https://m.kinolights.com/search?keyword=%EB%B2%A0%ED%85%8C%EB%9E%91||search_link_only|0|2026-07-31T12:11:51+00:00
THEME_DB|T039|T039|나쁜 놈 잡는 이야기|3|공공의 적|영화|2002|거친 형사가 잔혹한 범인을 집요하게 쫓는다|https://m.kinolights.com/search?keyword=%EA%B3%B5%EA%B3%B5%EC%9D%98%20%EC%A0%81||search_link_only|0|2026-07-31T12:11:51+00:00
THEME_DB|T039|T039|나쁜 놈 잡는 이야기|4|추격자|영화|2008|전직 형사가 연쇄살인범을 끈질기게 추격한다|https://m.kinolights.com/search?keyword=%EC%B6%94%EA%B2%A9%EC%9E%90||search_link_only|0|2026-07-31T12:11:28+00:00
THEME_DB|T039|T039|나쁜 놈 잡는 이야기|5|끝까지 간다|영화|2014|형사가 사건을 숨기려는 순간 더 큰 추격에 휘말린다|https://m.kinolights.com/search?keyword=%EB%81%9D%EA%B9%8C%EC%A7%80%20%EA%B0%84%EB%8B%A4||search_link_only|0|2026-07-31T12:11:41+00:00
THEME_DB|T039|T039|나쁜 놈 잡는 이야기|6|악인전|영화|2019|형사와 조직 보스가 연쇄살인범을 함께 쫓는다|https://m.kinolights.com/search?keyword=%EC%95%85%EC%9D%B8%EC%A0%84||search_link_only|0|2026-07-31T12:11:52+00:00
THEME_DB|T039|T039|나쁜 놈 잡는 이야기|7|신세계|영화|2013|잠입 경찰이 범죄 조직의 수장 교체를 파고든다|https://m.kinolights.com/search?keyword=%EC%8B%A0%EC%84%B8%EA%B3%84||search_link_only|0|2026-07-31T12:11:51+00:00
THEME_DB|T039|T039|나쁜 놈 잡는 이야기|8|독전|영화|2018|형사가 거대 마약 조직의 실체를 추적한다|https://m.kinolights.com/search?keyword=%EB%8F%85%EC%A0%84||search_link_only|0|2026-07-31T12:11:52+00:00
THEME_DB|T039|T039|나쁜 놈 잡는 이야기|9|암수살인|영화|2018|형사가 살인범의 자백 속 숨은 사건을 찾아낸다|https://m.kinolights.com/search?keyword=%EC%95%94%EC%88%98%EC%82%B4%EC%9D%B8||search_link_only|0|2026-07-31T12:11:42+00:00
THEME_DB|T039|T039|나쁜 놈 잡는 이야기|10|살인의 추억|영화|2003|형사들이 연쇄살인 사건의 범인을 추적한다|https://m.kinolights.com/search?keyword=%EC%82%B4%EC%9D%B8%EC%9D%98%20%EC%B6%94%EC%96%B5||search_link_only|0|2026-07-31T12:09:20+00:00
THEME_DB|T039|T039|나쁜 놈 잡는 이야기|11|공조|영화|2017|남북 형사가 국제 범죄자를 함께 쫓는 액션|https://m.kinolights.com/search?keyword=%EA%B3%B5%EC%A1%B0||search_link_only|0|2026-07-31T12:11:53+00:00
THEME_DB|T039|T039|나쁜 놈 잡는 이야기|12|더 킹|영화|2017|검사들이 권력형 범죄와 비리를 상대한다|https://m.kinolights.com/search?keyword=%EB%8D%94%20%ED%82%B9||search_link_only|0|2026-07-31T12:11:53+00:00
THEME_DB|T039|T039|나쁜 놈 잡는 이야기|13|비밀의 숲|드라마|2017|검사와 형사가 조직 내부의 범죄를 추적한다|https://m.kinolights.com/search?keyword=%EB%B9%84%EB%B0%80%EC%9D%98%20%EC%88%B2||search_link_only|0|2026-07-31T12:11:53+00:00
THEME_DB|T039|T039|나쁜 놈 잡는 이야기|14|시그널|드라마|2016|형사들이 시간의 장벽을 넘어 미제 사건을 해결한다|https://m.kinolights.com/search?keyword=%EC%8B%9C%EA%B7%B8%EB%84%90||search_link_only|0|2026-07-31T12:11:24+00:00
THEME_DB|T039|T039|나쁜 놈 잡는 이야기|15|모범택시|드라마|2021|피해자를 대신해 악인을 끝까지 찾아 처벌한다|https://m.kinolights.com/search?keyword=%EB%AA%A8%EB%B2%94%ED%83%9D%EC%8B%9C||search_link_only|0|2026-07-31T12:11:20+00:00
THEME_DB|T039|T039|나쁜 놈 잡는 이야기|16|나쁜 녀석들|드라마|2014|특수팀이 흉악범들을 추적하는 거친 수사극|https://m.kinolights.com/search?keyword=%EB%82%98%EC%81%9C%20%EB%85%80%EC%84%9D%EB%93%A4||search_link_only|0|2026-07-31T12:11:20+00:00
THEME_DB|T040|T040|한 번 보면 계속 보게 되는 수사물|1|시그널|드라마|2016|과거와 현재의 형사가 미제 사건을 연결해 해결한다|https://m.kinolights.com/search?keyword=%EC%8B%9C%EA%B7%B8%EB%84%90||search_link_only|0|2026-07-31T12:11:53+00:00
THEME_DB|T040|T040|한 번 보면 계속 보게 되는 수사물|2|비밀의 숲|드라마|2017|검사와 형사가 권력형 범죄의 단서를 추적한다|https://m.kinolights.com/search?keyword=%EB%B9%84%EB%B0%80%EC%9D%98%20%EC%88%B2||search_link_only|0|2026-07-31T12:11:53+00:00
THEME_DB|T040|T040|한 번 보면 계속 보게 되는 수사물|3|괴물|드라마|2021|오래된 실종 사건을 둘러싼 심리 수사가 이어진다|https://m.kinolights.com/search?keyword=%EA%B4%B4%EB%AC%BC||search_link_only|0|2026-07-31T12:11:53+00:00
THEME_DB|T040|T040|한 번 보면 계속 보게 되는 수사물|4|악의 꽃|드라마|2020|형사 아내가 남편의 과거와 연쇄살인을 파헤친다|https://m.kinolights.com/search?keyword=%EC%95%85%EC%9D%98%20%EA%BD%83||search_link_only|0|2026-07-31T12:11:28+00:00
THEME_DB|T040|T040|한 번 보면 계속 보게 되는 수사물|5|터널|드라마|2017|시간을 뛰어넘어 연쇄살인범을 추적하는 수사물|https://m.kinolights.com/search?keyword=%ED%84%B0%EB%84%90||search_link_only|0|2026-07-31T12:11:28+00:00
THEME_DB|T040|T040|한 번 보면 계속 보게 되는 수사물|6|라이프 온 마스|드라마|2018|과거로 간 형사가 사건과 자신의 정체를 함께 수사한다|https://m.kinolights.com/search?keyword=%EB%9D%BC%EC%9D%B4%ED%94%84%20%EC%98%A8%20%EB%A7%88%EC%8A%A4||search_link_only|0|2026-07-31T12:11:53+00:00
THEME_DB|T040|T040|한 번 보면 계속 보게 되는 수사물|7|모범형사|드라마|2020|형사들이 조작된 사건의 진실을 다시 파헤친다|https://m.kinolights.com/search?keyword=%EB%AA%A8%EB%B2%94%ED%98%95%EC%82%AC||search_link_only|0|2026-07-31T12:11:53+00:00
THEME_DB|T040|T040|한 번 보면 계속 보게 되는 수사물|8|나쁜 녀석들|드라마|2014|범죄자들로 구성된 팀이 흉악범을 쫓는다|https://m.kinolights.com/search?keyword=%EB%82%98%EC%81%9C%20%EB%85%80%EC%84%9D%EB%93%A4||search_link_only|0|2026-07-31T12:11:20+00:00
THEME_DB|T040|T040|한 번 보면 계속 보게 되는 수사물|9|마우스|드라마|2021|연쇄살인범의 정체를 둘러싼 반전 수사극|https://m.kinolights.com/search?keyword=%EB%A7%88%EC%9A%B0%EC%8A%A4||search_link_only|0|2026-07-31T12:11:53+00:00
THEME_DB|T040|T040|한 번 보면 계속 보게 되는 수사물|10|손 the guest|드라마|2018|형사와 사제, 심령술사가 연쇄 사건을 추적한다|https://m.kinolights.com/search?keyword=%EC%86%90%20the%20guest||search_link_only|0|2026-07-31T12:11:53+00:00
THEME_DB|T040|T040|한 번 보면 계속 보게 되는 수사물|11|악의 마음을 읽는 자들|드라마|2022|프로파일러들이 범죄자의 심리와 행동을 분석한다|https://m.kinolights.com/search?keyword=%EC%95%85%EC%9D%98%20%EB%A7%88%EC%9D%8C%EC%9D%84%20%EC%9D%BD%EB%8A%94%20%EC%9E%90%EB%93%A4||search_link_only|0|2026-07-31T12:11:51+00:00
THEME_DB|T040|T040|한 번 보면 계속 보게 되는 수사물|12|살인자의 쇼핑목록|드라마|2022|동네에서 벌어진 살인 사건을 생활 단서로 추리한다|https://m.kinolights.com/search?keyword=%EC%82%B4%EC%9D%B8%EC%9E%90%EC%9D%98%20%EC%87%BC%ED%95%91%EB%AA%A9%EB%A1%9D||search_link_only|0|2026-07-31T12:11:54+00:00
THEME_DB|T040|T040|한 번 보면 계속 보게 되는 수사물|13|천원짜리 변호사|드라마|2022|변호사가 기발한 방식으로 사건의 진실을 파헤친다|https://m.kinolights.com/search?keyword=%EC%B2%9C%EC%9B%90%EC%A7%9C%EB%A6%AC%20%EB%B3%80%ED%98%B8%EC%82%AC||search_link_only|0|2026-07-31T12:11:54+00:00
THEME_DB|T040|T040|한 번 보면 계속 보게 되는 수사물|14|추격자|영화|2008|범인을 눈앞에 두고도 이어지는 극한의 추격 수사|https://m.kinolights.com/search?keyword=%EC%B6%94%EA%B2%A9%EC%9E%90||search_link_only|0|2026-07-31T12:11:54+00:00
THEME_DB|T040|T040|한 번 보면 계속 보게 되는 수사물|15|살인의 추억|영화|2003|형사들의 집요한 연쇄살인 수사와 좌절을 그린다|https://m.kinolights.com/search?keyword=%EC%82%B4%EC%9D%B8%EC%9D%98%20%EC%B6%94%EC%96%B5||search_link_only|0|2026-07-31T12:11:54+00:00
THEME_DB|T040|T040|한 번 보면 계속 보게 되는 수사물|16|나이브스 아웃|영화|2019|저택의 살인 사건을 둘러싼 단서와 추리가 이어진다|https://m.kinolights.com/search?keyword=%EB%82%98%EC%9D%B4%EB%B8%8C%EC%8A%A4%20%EC%95%84%EC%9B%83||search_link_only|0|2026-07-31T12:11:54+00:00
THEME_DB|T511|T511|연애 경험을 다시 점검하는 예능|1|환승연애|예능|2021|이별한 연인들이 지난 관계를 돌아보고 새로운 사랑을 선택한다.|https://m.kinolights.com/search?keyword=%ED%99%98%EC%8A%B9%EC%97%B0%EC%95%A0||search_link_only|0|2026-07-31T09:26:42+00:00
THEME_DB|T511|T511|연애 경험을 다시 점검하는 예능|2|환승연애2|예능|2022|지난 연애의 감정과 선택을 되짚으며 새로운 관계를 시작한다.|https://m.kinolights.com/search?keyword=%ED%99%98%EC%8A%B9%EC%97%B0%EC%95%A02||search_link_only|0|2026-07-31T09:53:56+00:00
THEME_DB|T511|T511|연애 경험을 다시 점검하는 예능|3|환승연애3|예능|2023|헤어진 연인들의 재회와 감정 정리를 통해 다음 사랑을 고민한다.|https://m.kinolights.com/search?keyword=%ED%99%98%EC%8A%B9%EC%97%B0%EC%95%A03||search_link_only|0|2026-07-31T09:53:56+00:00
THEME_DB|T511|T511|연애 경험을 다시 점검하는 예능|4|환승연애4|예능|2025|과거 연애와 현재 감정을 마주하며 새로운 선택을 준비한다.|https://m.kinolights.com/search?keyword=%ED%99%98%EC%8A%B9%EC%97%B0%EC%95%A04||search_link_only|0|2026-07-31T09:53:56+00:00
THEME_DB|T511|T511|연애 경험을 다시 점검하는 예능|5|나는 SOLO|예능|2021|솔로 남녀가 자신의 연애 방식과 선택을 현실적으로 돌아본다.|https://m.kinolights.com/search?keyword=%EB%82%98%EB%8A%94%20SOLO||search_link_only|0|2026-07-31T09:53:56+00:00
THEME_DB|T511|T511|연애 경험을 다시 점검하는 예능|6|나는 SOLO, 그 후 사랑은 계속된다|예능|2022|지난 출연자들이 이전 선택을 돌아보고 다시 사랑을 찾는다.|https://m.kinolights.com/search?keyword=%EB%82%98%EB%8A%94%20SOLO%2C%20%EA%B7%B8%20%ED%9B%84%20%EC%82%AC%EB%9E%91%EC%9D%80%20%EA%B3%84%EC%86%8D%EB%90%9C%EB%8B%A4||search_link_only|0|2026-07-31T09:53:56+00:00
THEME_DB|T511|T511|연애 경험을 다시 점검하는 예능|7|솔로지옥|예능|2021|제한된 환경에서 자신의 연애 감정과 선택을 확인한다.|https://m.kinolights.com/search?keyword=%EC%86%94%EB%A1%9C%EC%A7%80%EC%98%A5||search_link_only|0|2026-07-31T09:53:55+00:00
THEME_DB|T511|T511|연애 경험을 다시 점검하는 예능|8|솔로지옥 2|예능|2022|새로운 솔로들이 관계의 속도와 감정을 고민한다.|https://m.kinolights.com/search?keyword=%EC%86%94%EB%A1%9C%EC%A7%80%EC%98%A5%202||search_link_only|0|2026-07-31T09:53:56+00:00
THEME_DB|T511|T511|연애 경험을 다시 점검하는 예능|9|솔로지옥 3|예능|2023|엇갈리는 호감 속에서 자신의 연애 선택을 점검한다.|https://m.kinolights.com/search?keyword=%EC%86%94%EB%A1%9C%EC%A7%80%EC%98%A5%203||search_link_only|0|2026-07-31T09:53:56+00:00
THEME_DB|T511|T511|연애 경험을 다시 점검하는 예능|10|솔로지옥 4|예능|2025|솔로들의 솔직한 감정과 관계 선택을 관찰한다.|https://m.kinolights.com/search?keyword=%EC%86%94%EB%A1%9C%EC%A7%80%EC%98%A5%204||search_link_only|0|2026-07-31T09:53:56+00:00
THEME_DB|T511|T511|연애 경험을 다시 점검하는 예능|11|돌싱글즈|예능|2021|이혼 경험자들이 과거를 정리하고 새로운 연애를 시작한다.|https://m.kinolights.com/search?keyword=%EB%8F%8C%EC%8B%B1%EA%B8%80%EC%A6%88||search_link_only|0|2026-07-31T09:26:43+00:00
THEME_DB|T511|T511|연애 경험을 다시 점검하는 예능|12|돌싱글즈2|예능|2021|지난 결혼과 이혼을 돌아보며 재혼 가능성을 탐색한다.|https://m.kinolights.com/search?keyword=%EB%8F%8C%EC%8B%B1%EA%B8%80%EC%A6%882||search_link_only|0|2026-07-31T09:53:56+00:00
THEME_DB|T511|T511|연애 경험을 다시 점검하는 예능|13|돌싱글즈3|예능|2022|각자의 연애 경험을 바탕으로 새로운 관계를 선택한다.|https://m.kinolights.com/search?keyword=%EB%8F%8C%EC%8B%B1%EA%B8%80%EC%A6%883||search_link_only|0|2026-07-31T09:53:57+00:00
THEME_DB|T511|T511|연애 경험을 다시 점검하는 예능|14|돌싱글즈4|예능|2023|다양한 이별 경험 뒤 다시 사랑을 준비하는 과정을 담는다.|https://m.kinolights.com/search?keyword=%EB%8F%8C%EC%8B%B1%EA%B8%80%EC%A6%884||search_link_only|0|2026-07-31T09:53:57+00:00
THEME_DB|T511|T511|연애 경험을 다시 점검하는 예능|15|러브캐처|예능|2018|사랑과 선택의 동기를 살피며 자신의 관계 판단을 시험한다.|https://m.kinolights.com/search?keyword=%EB%9F%AC%EB%B8%8C%EC%BA%90%EC%B2%98||search_link_only|0|2026-07-31T09:53:57+00:00
THEME_DB|T511|T511|연애 경험을 다시 점검하는 예능|16|체인지 데이즈|예능|2021|연인들이 관계의 문제를 마주하고 계속 만날지 고민한다.|https://m.kinolights.com/search?keyword=%EC%B2%B4%EC%9D%B8%EC%A7%80%20%EB%8D%B0%EC%9D%B4%EC%A6%88||search_link_only|0|2026-07-31T09:53:57+00:00
THEME_DB|T512|T512|유튜브 리뷰가 뜨거운 영화|1|기생충|영화|2019|유튜브 리뷰와 해석 콘텐츠가 꾸준히 생산된 대표 화제작이다.|https://m.kinolights.com/search?keyword=%EA%B8%B0%EC%83%9D%EC%B6%A9||search_link_only|0|2026-07-31T09:53:57+00:00
THEME_DB|T512|T512|유튜브 리뷰가 뜨거운 영화|2|곡성|영화|2016|결말과 상징을 분석하는 리뷰 영상으로 지속적인 논쟁을 낳았다.|https://m.kinolights.com/search?keyword=%EA%B3%A1%EC%84%B1||search_link_only|0|2026-07-31T09:53:57+00:00
THEME_DB|T512|T512|유튜브 리뷰가 뜨거운 영화|3|헤어질 결심|영화|2022|인물 관계와 결말을 해석하는 리뷰 콘텐츠가 활발했다.|https://m.kinolights.com/search?keyword=%ED%97%A4%EC%96%B4%EC%A7%88%20%EA%B2%B0%EC%8B%AC||search_link_only|0|2026-07-31T09:53:57+00:00
THEME_DB|T512|T512|유튜브 리뷰가 뜨거운 영화|4|파묘|영화|2024|흥행과 장르적 해석이 맞물리며 리뷰 영상에서 큰 반응을 얻었다.|https://m.kinolights.com/search?keyword=%ED%8C%8C%EB%AC%98||search_link_only|0|2026-07-31T09:53:57+00:00
THEME_DB|T512|T512|유튜브 리뷰가 뜨거운 영화|5|서울의 봄|영화|2023|역사적 배경과 인물 분석을 다룬 유튜브 콘텐츠가 주목받았다.|https://m.kinolights.com/search?keyword=%EC%84%9C%EC%9A%B8%EC%9D%98%20%EB%B4%84||search_link_only|0|2026-07-31T09:53:57+00:00
THEME_DB|T512|T512|유튜브 리뷰가 뜨거운 영화|6|범죄도시 4|영화|2024|흥행작의 액션과 캐릭터를 분석하는 리뷰가 활발했다.|https://m.kinolights.com/search?keyword=%EB%B2%94%EC%A3%84%EB%8F%84%EC%8B%9C%204||search_link_only|0|2026-07-31T09:26:43+00:00
THEME_DB|T512|T512|유튜브 리뷰가 뜨거운 영화|7|악마를 보았다|영화|2010|강렬한 폭력성과 결말을 해설하는 영상이 꾸준히 소비된다.|https://m.kinolights.com/search?keyword=%EC%95%85%EB%A7%88%EB%A5%BC%20%EB%B3%B4%EC%95%98%EB%8B%A4||search_link_only|0|2026-07-31T09:53:57+00:00
THEME_DB|T512|T512|유튜브 리뷰가 뜨거운 영화|8|타짜|영화|2006|명장면과 대사를 되짚는 리뷰 콘텐츠의 대표적인 소재다.|https://m.kinolights.com/search?keyword=%ED%83%80%EC%A7%9C||search_link_only|0|2026-07-31T09:53:58+00:00
THEME_DB|T512|T512|유튜브 리뷰가 뜨거운 영화|9|올드보이|영화|2003|반전과 결말 해석으로 오랫동안 리뷰 영상의 단골 작품이다.|https://m.kinolights.com/search?keyword=%EC%98%AC%EB%93%9C%EB%B3%B4%EC%9D%B4||search_link_only|0|2026-07-31T09:53:58+00:00
THEME_DB|T512|T512|유튜브 리뷰가 뜨거운 영화|10|인터스텔라|영화|2014|과학 설정과 결말을 설명하는 리뷰 영상이 큰 인기를 얻었다.|https://m.kinolights.com/search?keyword=%EC%9D%B8%ED%84%B0%EC%8A%A4%ED%85%94%EB%9D%BC||search_link_only|0|2026-07-31T09:53:59+00:00
THEME_DB|T512|T512|유튜브 리뷰가 뜨거운 영화|11|인셉션|영화|2010|복잡한 서사와 열린 결말이 다양한 해석 콘텐츠를 만들었다.|https://m.kinolights.com/search?keyword=%EC%9D%B8%EC%85%89%EC%85%98||search_link_only|0|2026-07-31T09:53:59+00:00
THEME_DB|T512|T512|유튜브 리뷰가 뜨거운 영화|12|위플래쉬|영화|2014|성공과 압박의 관계를 분석하는 리뷰로 꾸준히 회자된다.|https://m.kinolights.com/search?keyword=%EC%9C%84%ED%94%8C%EB%9E%98%EC%89%AC||search_link_only|0|2026-07-31T09:53:59+00:00
THEME_DB|T512|T512|유튜브 리뷰가 뜨거운 영화|13|겟 아웃|영화|2017|장르 장치와 사회적 은유를 설명하는 리뷰가 풍부하다.|https://m.kinolights.com/search?keyword=%EA%B2%9F%20%EC%95%84%EC%9B%83||search_link_only|0|2026-07-31T09:53:59+00:00
THEME_DB|T512|T512|유튜브 리뷰가 뜨거운 영화|14|에브리씽 에브리웨어 올 앳 원스|영화|2022|독특한 세계관과 가족 서사가 리뷰와 해석의 대상이 됐다.|https://m.kinolights.com/search?keyword=%EC%97%90%EB%B8%8C%EB%A6%AC%EC%94%BD%20%EC%97%90%EB%B8%8C%EB%A6%AC%EC%9B%A8%EC%96%B4%20%EC%98%AC%20%EC%95%B3%20%EC%9B%90%EC%8A%A4||search_link_only|0|2026-07-31T09:53:59+00:00
THEME_DB|T512|T512|유튜브 리뷰가 뜨거운 영화|15|스파이더맨: 노 웨이 홈|영화|2021|팬 반응과 캐릭터 분석이 유튜브 리뷰에서 크게 확산됐다.|https://m.kinolights.com/search?keyword=%EC%8A%A4%ED%8C%8C%EC%9D%B4%EB%8D%94%EB%A7%A8%3A%20%EB%85%B8%20%EC%9B%A8%EC%9D%B4%20%ED%99%88||search_link_only|0|2026-07-31T09:53:59+00:00
THEME_DB|T512|T512|유튜브 리뷰가 뜨거운 영화|16|더 퍼스트 슬램덩크|애니메이션|2022|원작 추억과 경기 장면을 다룬 리뷰 콘텐츠가 화제를 모았다.|https://m.kinolights.com/search?keyword=%EB%8D%94%20%ED%8D%BC%EC%8A%A4%ED%8A%B8%20%EC%8A%AC%EB%9E%A8%EB%8D%A9%ED%81%AC||search_link_only|0|2026-07-31T09:26:53+00:00
THEME_DB|T513|T513|극장 흥행 뒤 OTT에서 다시 1위|1|서울의 봄|영화|2023|극장 흥행을 거둔 뒤 OTT에서도 높은 관심을 이어갔다.|https://m.kinolights.com/search?keyword=%EC%84%9C%EC%9A%B8%EC%9D%98%20%EB%B4%84||search_link_only|0|2026-07-31T09:53:59+00:00
THEME_DB|T513|T513|극장 흥행 뒤 OTT에서 다시 1위|2|범죄도시 4|영화|2024|극장 관객을 모은 인기 시리즈 영화로 온라인 재시청 수요가 높다.|https://m.kinolights.com/search?keyword=%EB%B2%94%EC%A3%84%EB%8F%84%EC%8B%9C%204||search_link_only|0|2026-07-31T09:26:43+00:00
THEME_DB|T513|T513|극장 흥행 뒤 OTT에서 다시 1위|3|파묘|영화|2024|극장 흥행 이후 OTT 공개로 다시 대중의 관심을 받았다.|https://m.kinolights.com/search?keyword=%ED%8C%8C%EB%AC%98||search_link_only|0|2026-07-31T09:53:57+00:00
THEME_DB|T513|T513|극장 흥행 뒤 OTT에서 다시 1위|4|밀수|영화|2023|극장 흥행작이 온라인 공개 후 다시 시청자를 만났다.|https://m.kinolights.com/search?keyword=%EB%B0%80%EC%88%98||search_link_only|0|2026-07-31T09:53:59+00:00
THEME_DB|T513|T513|극장 흥행 뒤 OTT에서 다시 1위|5|콘크리트 유토피아|영화|2023|극장에서 주목받은 재난 영화가 OTT에서 재발견됐다.|https://m.kinolights.com/search?keyword=%EC%BD%98%ED%81%AC%EB%A6%AC%ED%8A%B8%20%EC%9C%A0%ED%86%A0%ED%94%BC%EC%95%84||search_link_only|0|2026-07-31T09:53:59+00:00
THEME_DB|T513|T513|극장 흥행 뒤 OTT에서 다시 1위|6|범죄도시 3|영화|2023|극장 흥행을 바탕으로 OTT에서도 시리즈 인기를 이어갔다.|https://m.kinolights.com/search?keyword=%EB%B2%94%EC%A3%84%EB%8F%84%EC%8B%9C%203||search_link_only|0|2026-07-31T09:53:59+00:00
THEME_DB|T513|T513|극장 흥행 뒤 OTT에서 다시 1위|7|더 문|영화|2023|극장 개봉 뒤 온라인 플랫폼에서 다시 관객의 선택을 받았다.|https://m.kinolights.com/search?keyword=%EB%8D%94%20%EB%AC%B8||search_link_only|0|2026-07-31T09:54:00+00:00
THEME_DB|T513|T513|극장 흥행 뒤 OTT에서 다시 1위|8|비공식작전|영화|2023|극장 개봉작이 OTT 공개로 새로운 시청층을 만났다.|https://m.kinolights.com/search?keyword=%EB%B9%84%EA%B3%B5%EC%8B%9D%EC%9E%91%EC%A0%84||search_link_only|0|2026-07-31T09:54:01+00:00
THEME_DB|T513|T513|극장 흥행 뒤 OTT에서 다시 1위|9|천박사 퇴마 연구소: 설경의 비밀|영화|2023|극장 관람 이후 OTT에서 가볍게 재시청하기 좋은 화제작이다.|https://m.kinolights.com/search?keyword=%EC%B2%9C%EB%B0%95%EC%82%AC%20%ED%87%B4%EB%A7%88%20%EC%97%B0%EA%B5%AC%EC%86%8C%3A%20%EC%84%A4%EA%B2%BD%EC%9D%98%20%EB%B9%84%EB%B0%80||search_link_only|0|2026-07-31T09:54:00+00:00
THEME_DB|T513|T513|극장 흥행 뒤 OTT에서 다시 1위|10|노량: 죽음의 바다|영화|2023|극장 대작의 규모와 전투 장면이 OTT에서도 다시 소비됐다.|https://m.kinolights.com/search?keyword=%EB%85%B8%EB%9F%89%3A%20%EC%A3%BD%EC%9D%8C%EC%9D%98%20%EB%B0%94%EB%8B%A4||search_link_only|0|2026-07-31T09:54:00+00:00
THEME_DB|T513|T513|극장 흥행 뒤 OTT에서 다시 1위|11|범죄도시 2|영화|2022|극장 대흥행 이후 반복 시청되는 대표적인 범죄 액션 영화다.|https://m.kinolights.com/search?keyword=%EB%B2%94%EC%A3%84%EB%8F%84%EC%8B%9C%202||search_link_only|0|2026-07-31T09:54:00+00:00
THEME_DB|T513|T513|극장 흥행 뒤 OTT에서 다시 1위|12|탑건: 매버릭|영화|2022|극장 체험 이후 OTT에서도 압도적인 액션을 다시 찾게 한다.|https://m.kinolights.com/search?keyword=%ED%83%91%EA%B1%B4%3A%20%EB%A7%A4%EB%B2%84%EB%A6%AD||search_link_only|0|2026-07-31T09:26:45+00:00
THEME_DB|T513|T513|극장 흥행 뒤 OTT에서 다시 1위|13|아바타: 물의 길|영화|2022|극장 흥행작의 시각적 볼거리가 가정 시청으로 이어졌다.|https://m.kinolights.com/search?keyword=%EC%95%84%EB%B0%94%ED%83%80%3A%20%EB%AC%BC%EC%9D%98%20%EA%B8%B8||search_link_only|0|2026-07-31T09:54:00+00:00
THEME_DB|T513|T513|극장 흥행 뒤 OTT에서 다시 1위|14|엘리멘탈|애니메이션|2023|극장 흥행 후 OTT에서 가족 관객의 재시청을 이끌었다.|https://m.kinolights.com/search?keyword=%EC%97%98%EB%A6%AC%EB%A9%98%ED%83%88||search_link_only|0|2026-07-31T09:54:01+00:00
THEME_DB|T513|T513|극장 흥행 뒤 OTT에서 다시 1위|15|더 퍼스트 슬램덩크|애니메이션|2022|극장 팬덤을 바탕으로 온라인에서도 꾸준한 인기를 얻었다.|https://m.kinolights.com/search?keyword=%EB%8D%94%20%ED%8D%BC%EC%8A%A4%ED%8A%B8%20%EC%8A%AC%EB%9E%A8%EB%8D%A9%ED%81%AC||search_link_only|0|2026-07-31T09:54:00+00:00
THEME_DB|T514|T514|초호화 캐스팅으로 화제 된 드라마|1|폭싹 속았수다|드라마|2025|아이유와 박보검을 비롯한 스타 배우들의 조합이 화제를 모았다.|https://m.kinolights.com/search?keyword=%ED%8F%AD%EC%8B%B9%20%EC%86%8D%EC%95%98%EC%88%98%EB%8B%A4||search_link_only|0|2026-07-31T09:26:45+00:00
THEME_DB|T514|T514|초호화 캐스팅으로 화제 된 드라마|2|눈물의 여왕|드라마|2024|김수현과 김지원 등 주연 배우들의 앙상블이 기대를 높였다.|https://m.kinolights.com/search?keyword=%EB%88%88%EB%AC%BC%EC%9D%98%20%EC%97%AC%EC%99%95||search_link_only|0|2026-07-31T09:54:01+00:00
THEME_DB|T514|T514|초호화 캐스팅으로 화제 된 드라마|3|우리들의 블루스|드라마|2022|다수의 톱배우가 참여한 옴니버스형 앙상블 드라마다.|https://m.kinolights.com/search?keyword=%EC%9A%B0%EB%A6%AC%EB%93%A4%EC%9D%98%20%EB%B8%94%EB%A3%A8%EC%8A%A4||search_link_only|0|2026-07-31T09:54:01+00:00
THEME_DB|T514|T514|초호화 캐스팅으로 화제 된 드라마|4|작은 아씨들|드라마|2022|김고은·남지현·박지후 등 주연진의 조합이 눈길을 끌었다.|https://m.kinolights.com/search?keyword=%EC%9E%91%EC%9D%80%20%EC%95%84%EC%94%A8%EB%93%A4||search_link_only|0|2026-07-31T09:54:01+00:00
THEME_DB|T514|T514|초호화 캐스팅으로 화제 된 드라마|5|사랑의 불시착|드라마|2019|현빈과 손예진을 중심으로 화려한 배우진이 화제를 만들었다.|https://m.kinolights.com/search?keyword=%EC%82%AC%EB%9E%91%EC%9D%98%20%EB%B6%88%EC%8B%9C%EC%B0%A9||search_link_only|0|2026-07-31T09:54:03+00:00
THEME_DB|T514|T514|초호화 캐스팅으로 화제 된 드라마|6|미스터 션샤인|드라마|2018|이병헌·김태리 등 강력한 주연 조합으로 기대를 모았다.|https://m.kinolights.com/search?keyword=%EB%AF%B8%EC%8A%A4%ED%84%B0%20%EC%85%98%EC%83%A4%EC%9D%B8||search_link_only|0|2026-07-31T09:54:03+00:00
THEME_DB|T514|T514|초호화 캐스팅으로 화제 된 드라마|7|도깨비|드라마|2016|공유·김고은·이동욱의 스타 조합이 큰 화제를 낳았다.|https://m.kinolights.com/search?keyword=%EB%8F%84%EA%B9%A8%EB%B9%84||search_link_only|0|2026-07-31T09:54:03+00:00
THEME_DB|T514|T514|초호화 캐스팅으로 화제 된 드라마|8|태양의 후예|드라마|2016|송중기·송혜교 등 인기 배우들의 만남으로 주목받았다.|https://m.kinolights.com/search?keyword=%ED%83%9C%EC%96%91%EC%9D%98%20%ED%9B%84%EC%98%88||search_link_only|0|2026-07-31T09:54:03+00:00
THEME_DB|T514|T514|초호화 캐스팅으로 화제 된 드라마|9|킹덤|드라마|2019|주지훈·류승룡·배두나가 함께한 장르 앙상블 작품이다.|https://m.kinolights.com/search?keyword=%ED%82%B9%EB%8D%A4||search_link_only|0|2026-07-31T09:54:03+00:00
THEME_DB|T514|T514|초호화 캐스팅으로 화제 된 드라마|10|오징어 게임|드라마|2021|유명 배우들이 참여한 대형 제작 드라마로 기대를 모았다.|https://m.kinolights.com/search?keyword=%EC%98%A4%EC%A7%95%EC%96%B4%20%EA%B2%8C%EC%9E%84||search_link_only|0|2026-07-31T09:54:03+00:00
THEME_DB|T514|T514|초호화 캐스팅으로 화제 된 드라마|11|더 글로리|드라마|2022|송혜교를 중심으로 탄탄한 배우진이 복수극을 완성했다.|https://m.kinolights.com/search?keyword=%EB%8D%94%20%EA%B8%80%EB%A1%9C%EB%A6%AC||search_link_only|0|2026-07-31T09:54:03+00:00
THEME_DB|T514|T514|초호화 캐스팅으로 화제 된 드라마|12|무빙|드라마|2023|류승룡·한효주·조인성 등 세대별 배우진이 함께한다.|https://m.kinolights.com/search?keyword=%EB%AC%B4%EB%B9%99||search_link_only|0|2026-07-31T09:54:03+00:00
THEME_DB|T514|T514|초호화 캐스팅으로 화제 된 드라마|13|재벌집 막내아들|드라마|2022|송중기·이성민 등 중심 배우들의 연기 대결이 돋보인다.|https://m.kinolights.com/search?keyword=%EC%9E%AC%EB%B2%8C%EC%A7%91%20%EB%A7%89%EB%82%B4%EC%95%84%EB%93%A4||search_link_only|0|2026-07-31T09:54:03+00:00
THEME_DB|T514|T514|초호화 캐스팅으로 화제 된 드라마|14|알고있지만,|드라마|2021|송강과 한소희를 비롯한 청춘 스타들의 조합이 화제였다.|https://m.kinolights.com/search?keyword=%EC%95%8C%EA%B3%A0%EC%9E%88%EC%A7%80%EB%A7%8C%2C||search_link_only|0|2026-07-31T09:54:03+00:00
THEME_DB|T514|T514|초호화 캐스팅으로 화제 된 드라마|15|마스크걸|드라마|2023|고현정·나나·이한별 등 여러 배우가 한 인물의 삶을 연기한다.|https://m.kinolights.com/search?keyword=%EB%A7%88%EC%8A%A4%ED%81%AC%EA%B1%B8||search_link_only|0|2026-07-31T09:54:04+00:00
THEME_DB|T514|T514|초호화 캐스팅으로 화제 된 드라마|16|카지노|드라마|2022|최민식과 손석구 등 베테랑 배우들의 조합으로 관심을 받았다.|https://m.kinolights.com/search?keyword=%EC%B9%B4%EC%A7%80%EB%85%B8||search_link_only|0|2026-07-31T09:54:04+00:00
THEME_DB|T515|T515|킬러에게 암살 기술을 배운 주인공|1|킬러들의 쇼핑몰|드라마|2024|킬러 삼촌에게 생존 기술을 배운 조카가 위험한 세계에 뛰어든다.|https://m.kinolights.com/search?keyword=%ED%82%AC%EB%9F%AC%EB%93%A4%EC%9D%98%20%EC%87%BC%ED%95%91%EB%AA%B0||search_link_only|0|2026-07-31T09:54:05+00:00
THEME_DB|T515|T515|킬러에게 암살 기술을 배운 주인공|2|존 윅|영화|2014|전설적인 킬러가 과거의 기술을 되살려 복수에 나선다.|https://m.kinolights.com/search?keyword=%EC%A1%B4%20%EC%9C%85||search_link_only|0|2026-07-31T09:54:05+00:00
THEME_DB|T515|T515|킬러에게 암살 기술을 배운 주인공|3|니키타|영화|1990|범죄자가 비밀 조직에서 암살 훈련을 받고 킬러가 된다.|https://m.kinolights.com/search?keyword=%EB%8B%88%ED%82%A4%ED%83%80||search_link_only|0|2026-07-31T09:54:05+00:00
THEME_DB|T515|T515|킬러에게 암살 기술을 배운 주인공|4|콜롬비아나|영화|2011|소녀가 킬러로 성장해 가족을 죽인 이들에게 복수한다.|https://m.kinolights.com/search?keyword=%EC%BD%9C%EB%A1%AC%EB%B9%84%EC%95%84%EB%82%98||search_link_only|0|2026-07-31T09:54:05+00:00
THEME_DB|T515|T515|킬러에게 암살 기술을 배운 주인공|5|한나|영화|2011|아버지에게 훈련받은 소녀 암살자가 추격전에 휘말린다.|https://m.kinolights.com/search?keyword=%ED%95%9C%EB%82%98||search_link_only|0|2026-07-31T09:54:05+00:00
THEME_DB|T515|T515|킬러에게 암살 기술을 배운 주인공|6|아토믹 블론드|영화|2017|최정예 요원이 암살 임무와 생존 기술을 펼친다.|https://m.kinolights.com/search?keyword=%EC%95%84%ED%86%A0%EB%AF%B9%20%EB%B8%94%EB%A1%A0%EB%93%9C||search_link_only|0|2026-07-31T09:26:48+00:00
THEME_DB|T515|T515|킬러에게 암살 기술을 배운 주인공|7|안나|영화|2019|평범한 여성이 비밀 조직의 킬러로 훈련받는다.|https://m.kinolights.com/search?keyword=%EC%95%88%EB%82%98||search_link_only|0|2026-07-31T09:54:05+00:00
THEME_DB|T515|T515|킬러에게 암살 기술을 배운 주인공|8|레드 스패로|영화|2018|발레리나가 정보기관 훈련을 받고 암살 임무에 투입된다.|https://m.kinolights.com/search?keyword=%EB%A0%88%EB%93%9C%20%EC%8A%A4%ED%8C%A8%EB%A1%9C||search_link_only|0|2026-07-31T09:54:05+00:00
THEME_DB|T515|T515|킬러에게 암살 기술을 배운 주인공|9|솔트|영화|2010|비밀 요원 출신 주인공이 뛰어난 암살 기술로 위기를 돌파한다.|https://m.kinolights.com/search?keyword=%EC%86%94%ED%8A%B8||search_link_only|0|2026-07-31T09:54:05+00:00
THEME_DB|T515|T515|킬러에게 암살 기술을 배운 주인공|10|악녀|영화|2017|어린 시절부터 킬러로 길러진 여성이 조직과 맞선다.|https://m.kinolights.com/search?keyword=%EC%95%85%EB%85%80||search_link_only|0|2026-07-31T09:54:05+00:00
THEME_DB|T515|T515|킬러에게 암살 기술을 배운 주인공|11|달콤한 인생|영화|2005|조직의 핵심 행동대원이 배신과 복수의 소용돌이에 빠진다.|https://m.kinolights.com/search?keyword=%EB%8B%AC%EC%BD%A4%ED%95%9C%20%EC%9D%B8%EC%83%9D||search_link_only|0|2026-07-31T09:54:05+00:00
THEME_DB|T515|T515|킬러에게 암살 기술을 배운 주인공|12|아저씨|영화|2010|비밀스러운 과거를 지닌 남자가 소녀를 구하기 위해 움직인다.|https://m.kinolights.com/search?keyword=%EC%95%84%EC%A0%80%EC%94%A8||search_link_only|0|2026-07-31T09:54:06+00:00
THEME_DB|T515|T515|킬러에게 암살 기술을 배운 주인공|13|더 이퀄라이저|영화|2014|은퇴한 요원이 과거의 전투 기술로 약자를 돕는다.|https://m.kinolights.com/search?keyword=%EB%8D%94%20%EC%9D%B4%ED%80%84%EB%9D%BC%EC%9D%B4%EC%A0%80||search_link_only|0|2026-07-31T09:54:07+00:00
THEME_DB|T515|T515|킬러에게 암살 기술을 배운 주인공|14|노바디|영화|2021|평범한 가장이 숨겨둔 암살자 본능을 깨운다.|https://m.kinolights.com/search?keyword=%EB%85%B8%EB%B0%94%EB%94%94||search_link_only|0|2026-07-31T09:54:06+00:00
THEME_DB|T515|T515|킬러에게 암살 기술을 배운 주인공|15|킬러의 보디가드|영화|2017|전설적인 암살자를 둘러싸고 위험한 임무가 펼쳐진다.|https://m.kinolights.com/search?keyword=%ED%82%AC%EB%9F%AC%EC%9D%98%20%EB%B3%B4%EB%94%94%EA%B0%80%EB%93%9C||search_link_only|0|2026-07-31T09:54:06+00:00
THEME_DB|T515|T515|킬러에게 암살 기술을 배운 주인공|16|어쌔신: 더 비기닝|영화|2017|신참 요원이 훈련을 거쳐 테러리스트를 추적한다.|https://m.kinolights.com/search?keyword=%EC%96%B4%EC%8C%94%EC%8B%A0%3A%20%EB%8D%94%20%EB%B9%84%EA%B8%B0%EB%8B%9D||search_link_only|0|2026-07-31T09:54:07+00:00
THEME_DB|T516|T516|재개봉으로 다시 만나는 애니메이션|1|극장판 귀멸의 칼날: 무한열차편|애니메이션|2020|극장 재관람 열풍을 일으킨 대표적인 일본 애니메이션 영화다.|https://m.kinolights.com/search?keyword=%EA%B7%B9%EC%9E%A5%ED%8C%90%20%EA%B7%80%EB%A9%B8%EC%9D%98%20%EC%B9%BC%EB%82%A0%3A%20%EB%AC%B4%ED%95%9C%EC%97%B4%EC%B0%A8%ED%8E%B8||search_link_only|0|2026-07-31T09:54:06+00:00
THEME_DB|T516|T516|재개봉으로 다시 만나는 애니메이션|2|극장판 귀멸의 칼날: 무한성편|애니메이션|2025|대형 스크린에 어울리는 최종 결전과 팬덤 화제성을 갖췄다.|https://m.kinolights.com/search?keyword=%EA%B7%B9%EC%9E%A5%ED%8C%90%20%EA%B7%80%EB%A9%B8%EC%9D%98%20%EC%B9%BC%EB%82%A0%3A%20%EB%AC%B4%ED%95%9C%EC%84%B1%ED%8E%B8||search_link_only|0|2026-07-31T09:26:48+00:00
THEME_DB|T516|T516|재개봉으로 다시 만나는 애니메이션|3|더 퍼스트 슬램덩크|애니메이션|2022|재개봉과 응원 상영으로 극장에서 다시 사랑받은 작품이다.|https://m.kinolights.com/search?keyword=%EB%8D%94%20%ED%8D%BC%EC%8A%A4%ED%8A%B8%20%EC%8A%AC%EB%9E%A8%EB%8D%A9%ED%81%AC||search_link_only|0|2026-07-31T09:54:00+00:00
THEME_DB|T516|T516|재개봉으로 다시 만나는 애니메이션|4|스즈메의 문단속|애니메이션|2022|극장 중심의 영상미와 음악으로 반복 관람을 이끌었다.|https://m.kinolights.com/search?keyword=%EC%8A%A4%EC%A6%88%EB%A9%94%EC%9D%98%20%EB%AC%B8%EB%8B%A8%EC%86%8D||search_link_only|0|2026-07-31T09:26:52+00:00
THEME_DB|T516|T516|재개봉으로 다시 만나는 애니메이션|5|너의 이름은.|애니메이션|2016|재개봉 때마다 관객을 모으는 대표적인 일본 애니메이션이다.|https://m.kinolights.com/search?keyword=%EB%84%88%EC%9D%98%20%EC%9D%B4%EB%A6%84%EC%9D%80.||search_link_only|0|2026-07-31T09:54:07+00:00
THEME_DB|T516|T516|재개봉으로 다시 만나는 애니메이션|6|날씨의 아이|애니메이션|2019|신카이 마코토 특유의 장면을 극장에서 다시 즐기기 좋다.|https://m.kinolights.com/search?keyword=%EB%82%A0%EC%94%A8%EC%9D%98%20%EC%95%84%EC%9D%B4||search_link_only|0|2026-07-31T09:26:49+00:00
THEME_DB|T516|T516|재개봉으로 다시 만나는 애니메이션|7|초속5센티미터|애니메이션|2007|재개봉으로 영상미와 감성을 큰 화면에서 재발견했다.|https://m.kinolights.com/search?keyword=%EC%B4%88%EC%86%8D5%EC%84%BC%ED%8B%B0%EB%AF%B8%ED%84%B0||search_link_only|0|2026-07-31T09:54:07+00:00
THEME_DB|T516|T516|재개봉으로 다시 만나는 애니메이션|8|하울의 움직이는 성|애니메이션|2004|지브리 대표작으로 극장 재상영 때마다 향수를 자극한다.|https://m.kinolights.com/search?keyword=%ED%95%98%EC%9A%B8%EC%9D%98%20%EC%9B%80%EC%A7%81%EC%9D%B4%EB%8A%94%20%EC%84%B1||search_link_only|0|2026-07-31T09:54:07+00:00
THEME_DB|T516|T516|재개봉으로 다시 만나는 애니메이션|9|센과 치히로의 행방불명|애니메이션|2001|재개봉 관객이 꾸준한 극장 대표 애니메이션이다.|https://m.kinolights.com/search?keyword=%EC%84%BC%EA%B3%BC%20%EC%B9%98%ED%9E%88%EB%A1%9C%EC%9D%98%20%ED%96%89%EB%B0%A9%EB%B6%88%EB%AA%85||search_link_only|0|2026-07-31T09:54:07+00:00
THEME_DB|T516|T516|재개봉으로 다시 만나는 애니메이션|10|모노노케 히메|애니메이션|1997|웅장한 자연과 전투 장면을 극장에서 다시 만날 수 있다.|https://m.kinolights.com/search?keyword=%EB%AA%A8%EB%85%B8%EB%85%B8%EC%BC%80%20%ED%9E%88%EB%A9%94||search_link_only|0|2026-07-31T09:54:06+00:00
THEME_DB|T516|T516|재개봉으로 다시 만나는 애니메이션|11|바람계곡의 나우시카|애니메이션|1984|대형 화면에 어울리는 지브리 고전의 세계관을 보여준다.|https://m.kinolights.com/search?keyword=%EB%B0%94%EB%9E%8C%EA%B3%84%EA%B3%A1%EC%9D%98%20%EB%82%98%EC%9A%B0%EC%8B%9C%EC%B9%B4||search_link_only|0|2026-07-31T09:54:07+00:00
THEME_DB|T516|T516|재개봉으로 다시 만나는 애니메이션|12|공각기동대|애니메이션|1995|극장 재상영으로 사이버펑크 영상미를 새롭게 만날 수 있다.|https://m.kinolights.com/search?keyword=%EA%B3%B5%EA%B0%81%EA%B8%B0%EB%8F%99%EB%8C%80||search_link_only|0|2026-07-31T09:54:07+00:00
THEME_DB|T516|T516|재개봉으로 다시 만나는 애니메이션|13|아키라|애니메이션|1988|압도적인 작화와 사운드가 극장 관람에 적합하다.|https://m.kinolights.com/search?keyword=%EC%95%84%ED%82%A4%EB%9D%BC||search_link_only|0|2026-07-31T09:54:07+00:00
THEME_DB|T516|T516|재개봉으로 다시 만나는 애니메이션|14|썸머 워즈|애니메이션|2009|가족과 가상세계의 모험을 극장판 규모로 즐길 수 있다.|https://m.kinolights.com/search?keyword=%EC%8D%B8%EB%A8%B8%20%EC%9B%8C%EC%A6%88||search_link_only|0|2026-07-31T09:54:07+00:00
THEME_DB|T516|T516|재개봉으로 다시 만나는 애니메이션|15|목소리의 형태|애니메이션|2016|관계와 성장의 감정을 큰 화면에서 다시 음미할 수 있다.|https://m.kinolights.com/search?keyword=%EB%AA%A9%EC%86%8C%EB%A6%AC%EC%9D%98%20%ED%98%95%ED%83%9C||search_link_only|0|2026-07-31T09:54:08+00:00
THEME_DB|T516|T516|재개봉으로 다시 만나는 애니메이션|16|극장판 주술회전 0|애니메이션|2021|팬덤 중심의 재관람과 액션 장면 감상에 적합한 극장판이다.|https://m.kinolights.com/search?keyword=%EA%B7%B9%EC%9E%A5%ED%8C%90%20%EC%A3%BC%EC%88%A0%ED%9A%8C%EC%A0%84%200||search_link_only|0|2026-07-31T09:54:08+00:00
THEME_DB|T517|T517|평가가 엇갈린 한국 영화|1|호프|영화|2025|전개와 결말을 둘러싼 상반된 평가와 해석이 이어진다.|https://m.kinolights.com/search?keyword=%ED%98%B8%ED%94%84||search_link_only|0|2026-07-31T09:54:08+00:00
THEME_DB|T517|T517|평가가 엇갈린 한국 영화|2|성실한 나라의 앨리스|영화|2015|독특한 톤과 결말이 관객의 호불호를 갈라놓는다.|https://m.kinolights.com/search?keyword=%EC%84%B1%EC%8B%A4%ED%95%9C%20%EB%82%98%EB%9D%BC%EC%9D%98%20%EC%95%A8%EB%A6%AC%EC%8A%A4||search_link_only|0|2026-07-31T09:54:08+00:00
THEME_DB|T517|T517|평가가 엇갈린 한국 영화|3|곡성|영화|2016|모호한 서사와 결말이 오랫동안 논쟁적인 해석을 낳았다.|https://m.kinolights.com/search?keyword=%EA%B3%A1%EC%84%B1||search_link_only|0|2026-07-31T09:54:08+00:00
THEME_DB|T517|T517|평가가 엇갈린 한국 영화|4|박쥐|영화|2009|파격적인 소재와 스타일이 관객마다 다른 평가를 이끈다.|https://m.kinolights.com/search?keyword=%EB%B0%95%EC%A5%90||search_link_only|0|2026-07-31T09:54:08+00:00
THEME_DB|T517|T517|평가가 엇갈린 한국 영화|5|아가씨|영화|2016|복잡한 서사와 해석의 여지가 다양한 감상을 만든다.|https://m.kinolights.com/search?keyword=%EC%95%84%EA%B0%80%EC%94%A8||search_link_only|0|2026-07-31T09:54:08+00:00
THEME_DB|T517|T517|평가가 엇갈린 한국 영화|6|마더|영화|2009|인물의 선택과 결말을 두고 상반된 해석이 가능하다.|https://m.kinolights.com/search?keyword=%EB%A7%88%EB%8D%94||search_link_only|0|2026-07-31T09:54:08+00:00
THEME_DB|T517|T517|평가가 엇갈린 한국 영화|7|살인의 추억|영화|2003|열린 결말과 실제 사건의 관계가 지속적인 논쟁을 부른다.|https://m.kinolights.com/search?keyword=%EC%82%B4%EC%9D%B8%EC%9D%98%20%EC%B6%94%EC%96%B5||search_link_only|0|2026-07-31T09:26:49+00:00
THEME_DB|T517|T517|평가가 엇갈린 한국 영화|8|설국열차|영화|2013|상징과 계급 해석을 중심으로 평가가 엇갈린 작품이다.|https://m.kinolights.com/search?keyword=%EC%84%A4%EA%B5%AD%EC%97%B4%EC%B0%A8||search_link_only|0|2026-07-31T09:54:08+00:00
THEME_DB|T517|T517|평가가 엇갈린 한국 영화|9|더 킹|영화|2017|정치 풍자와 인물 묘사에 대한 반응이 다양하게 갈렸다.|https://m.kinolights.com/search?keyword=%EB%8D%94%20%ED%82%B9||search_link_only|0|2026-07-31T09:54:08+00:00
THEME_DB|T517|T517|평가가 엇갈린 한국 영화|10|사도|영화|2015|역사적 해석과 가족 갈등 묘사에 대한 평가가 나뉜다.|https://m.kinolights.com/search?keyword=%EC%82%AC%EB%8F%84||search_link_only|0|2026-07-31T09:54:08+00:00
THEME_DB|T517|T517|평가가 엇갈린 한국 영화|11|미성년|영화|2019|불편한 가족 상황을 다루며 관객의 판단을 요구한다.|https://m.kinolights.com/search?keyword=%EB%AF%B8%EC%84%B1%EB%85%84||search_link_only|0|2026-07-31T09:54:08+00:00
THEME_DB|T517|T517|평가가 엇갈린 한국 영화|12|비상선언|영화|2022|재난 전개와 후반부를 두고 호불호가 크게 나뉘었다.|https://m.kinolights.com/search?keyword=%EB%B9%84%EC%83%81%EC%84%A0%EC%96%B8||search_link_only|0|2026-07-31T09:54:09+00:00
THEME_DB|T517|T517|평가가 엇갈린 한국 영화|13|외계+인 1부|영화|2022|장르 혼합과 복잡한 설정이 관객 반응을 갈라놓았다.|https://m.kinolights.com/search?keyword=%EC%99%B8%EA%B3%84%2B%EC%9D%B8%201%EB%B6%80||search_link_only|0|2026-07-31T09:54:09+00:00
THEME_DB|T517|T517|평가가 엇갈린 한국 영화|14|외계+인 2부|영화|2024|전작의 설정을 확장하며 결말과 완성도를 두고 논쟁을 낳았다.|https://m.kinolights.com/search?keyword=%EC%99%B8%EA%B3%84%2B%EC%9D%B8%202%EB%B6%80||search_link_only|0|2026-07-31T09:54:09+00:00
THEME_DB|T517|T517|평가가 엇갈린 한국 영화|15|인랑|영화|2018|원작 각색과 서사 전개에 대한 평가가 엇갈린다.|https://m.kinolights.com/search?keyword=%EC%9D%B8%EB%9E%91||search_link_only|0|2026-07-31T09:54:09+00:00
THEME_DB|T517|T517|평가가 엇갈린 한국 영화|16|유령|영화|2023|스타일과 장르적 방향을 둘러싼 관객 반응이 다양했다.|https://m.kinolights.com/search?keyword=%EC%9C%A0%EB%A0%B9||search_link_only|0|2026-07-31T09:54:09+00:00
THEME_DB|T518|T518|법보다 먼저 악을 응징하는 주인공|1|모범택시|드라마|2021|법이 해결하지 못한 사건을 대신 복수하는 주인공을 그린다.|https://m.kinolights.com/search?keyword=%EB%AA%A8%EB%B2%94%ED%83%9D%EC%8B%9C||search_link_only|0|2026-07-31T09:54:09+00:00
THEME_DB|T518|T518|법보다 먼저 악을 응징하는 주인공|2|모범택시 2|드라마|2023|피해자를 위해 사적 제재에 나서는 팀의 응징을 보여준다.|https://m.kinolights.com/search?keyword=%EB%AA%A8%EB%B2%94%ED%83%9D%EC%8B%9C%202||search_link_only|0|2026-07-31T09:54:09+00:00
THEME_DB|T518|T518|법보다 먼저 악을 응징하는 주인공|3|빈센조|드라마|2021|변호사가 악당의 방식으로 악을 처단하는 복수극이다.|https://m.kinolights.com/search?keyword=%EB%B9%88%EC%84%BC%EC%A1%B0||search_link_only|0|2026-07-31T09:54:09+00:00
THEME_DB|T518|T518|법보다 먼저 악을 응징하는 주인공|4|더 글로리|드라마|2022|학교 폭력 피해자가 치밀하게 가해자에게 복수한다.|https://m.kinolights.com/search?keyword=%EB%8D%94%20%EA%B8%80%EB%A1%9C%EB%A6%AC||search_link_only|0|2026-07-31T09:54:09+00:00
THEME_DB|T518|T518|법보다 먼저 악을 응징하는 주인공|5|악의 마음을 읽는 자들|드라마|2022|범죄자를 추적하며 제도 안팎의 정의를 고민하게 한다.|https://m.kinolights.com/search?keyword=%EC%95%85%EC%9D%98%20%EB%A7%88%EC%9D%8C%EC%9D%84%20%EC%9D%BD%EB%8A%94%20%EC%9E%90%EB%93%A4||search_link_only|0|2026-07-31T09:54:09+00:00
THEME_DB|T518|T518|법보다 먼저 악을 응징하는 주인공|6|비질란테|드라마|2023|법망을 빠져나간 범죄자를 직접 심판하는 인물을 다룬다.|https://m.kinolights.com/search?keyword=%EB%B9%84%EC%A7%88%EB%9E%80%ED%85%8C||search_link_only|0|2026-07-31T09:54:11+00:00
THEME_DB|T518|T518|법보다 먼저 악을 응징하는 주인공|7|복수대행서비스: 모범택시|드라마|2021|억울한 피해자를 대신해 가해자에게 응징을 가한다.|https://m.kinolights.com/search?keyword=%EB%B3%B5%EC%88%98%EB%8C%80%ED%96%89%EC%84%9C%EB%B9%84%EC%8A%A4%3A%20%EB%AA%A8%EB%B2%94%ED%83%9D%EC%8B%9C||search_link_only|0|2026-07-31T09:54:10+00:00
THEME_DB|T518|T518|법보다 먼저 악을 응징하는 주인공|8|나쁜 녀석들|드라마|2014|범죄자들을 이용해 더 큰 악을 잡는 제도 밖 수사극이다.|https://m.kinolights.com/search?keyword=%EB%82%98%EC%81%9C%20%EB%85%80%EC%84%9D%EB%93%A4||search_link_only|0|2026-07-31T09:54:11+00:00
THEME_DB|T518|T518|법보다 먼저 악을 응징하는 주인공|9|나쁜 녀석들: 악의 도시|드라마|2017|부패한 권력과 범죄 조직을 거칠게 응징한다.|https://m.kinolights.com/search?keyword=%EB%82%98%EC%81%9C%20%EB%85%80%EC%84%9D%EB%93%A4%3A%20%EC%95%85%EC%9D%98%20%EB%8F%84%EC%8B%9C||search_link_only|0|2026-07-31T09:54:11+00:00
THEME_DB|T518|T518|법보다 먼저 악을 응징하는 주인공|10|이태원 클라쓰|드라마|2020|주인공이 부당한 권력에 맞서 장기적인 복수를 실행한다.|https://m.kinolights.com/search?keyword=%EC%9D%B4%ED%83%9C%EC%9B%90%20%ED%81%B4%EB%9D%BC%EC%93%B0||search_link_only|0|2026-07-31T09:54:11+00:00
THEME_DB|T518|T518|법보다 먼저 악을 응징하는 주인공|11|라이프 온 마스|드라마|2018|주인공이 범죄와 부조리에 맞서 직접 진실을 파헤친다.|https://m.kinolights.com/search?keyword=%EB%9D%BC%EC%9D%B4%ED%94%84%20%EC%98%A8%20%EB%A7%88%EC%8A%A4||search_link_only|0|2026-07-31T09:54:11+00:00
THEME_DB|T518|T518|법보다 먼저 악을 응징하는 주인공|12|아저씨|영화|2010|과거의 전투 기술을 사용해 범죄 조직을 직접 응징한다.|https://m.kinolights.com/search?keyword=%EC%95%84%EC%A0%80%EC%94%A8||search_link_only|0|2026-07-31T09:54:11+00:00
THEME_DB|T518|T518|법보다 먼저 악을 응징하는 주인공|13|악녀|영화|2017|킬러 출신 주인공이 자신을 이용한 세력에 복수한다.|https://m.kinolights.com/search?keyword=%EC%95%85%EB%85%80||search_link_only|0|2026-07-31T09:54:11+00:00
THEME_DB|T518|T518|법보다 먼저 악을 응징하는 주인공|14|달콤한 인생|영화|2005|조직의 배신에 맞선 남자가 법 밖에서 복수를 수행한다.|https://m.kinolights.com/search?keyword=%EB%8B%AC%EC%BD%A4%ED%95%9C%20%EC%9D%B8%EC%83%9D||search_link_only|0|2026-07-31T09:54:10+00:00
THEME_DB|T518|T518|법보다 먼저 악을 응징하는 주인공|15|존 윅|영화|2014|전설적인 킬러가 직접 적들을 찾아가 응징한다.|https://m.kinolights.com/search?keyword=%EC%A1%B4%20%EC%9C%85||search_link_only|0|2026-07-31T09:54:11+00:00
THEME_DB|T518|T518|법보다 먼저 악을 응징하는 주인공|16|더 이퀄라이저|영화|2014|주인공이 약자를 괴롭히는 범죄자들을 사적으로 처단한다.|https://m.kinolights.com/search?keyword=%EB%8D%94%20%EC%9D%B4%ED%80%84%EB%9D%BC%EC%9D%B4%EC%A0%80||search_link_only|0|2026-07-31T09:54:11+00:00
THEME_DB|T519|T519|500만 관객을 돌파한 흥행 영화|1|명량|영화|2014|천만 관객을 기록한 대표적인 한국 흥행 영화다.|https://m.kinolights.com/search?keyword=%EB%AA%85%EB%9F%89||search_link_only|0|2026-07-31T09:54:12+00:00
THEME_DB|T519|T519|500만 관객을 돌파한 흥행 영화|2|극한직업|영화|2019|천만 관객을 돌파한 대중적인 코미디 액션 흥행작이다.|https://m.kinolights.com/search?keyword=%EA%B7%B9%ED%95%9C%EC%A7%81%EC%97%85||search_link_only|0|2026-07-31T09:54:12+00:00
THEME_DB|T519|T519|500만 관객을 돌파한 흥행 영화|3|베테랑|영화|2015|천만 관객을 기록한 통쾌한 범죄 액션 영화다.|https://m.kinolights.com/search?keyword=%EB%B2%A0%ED%85%8C%EB%9E%91||search_link_only|0|2026-07-31T09:54:12+00:00
THEME_DB|T519|T519|500만 관객을 돌파한 흥행 영화|4|서울의 봄|영화|2023|천만 관객을 넘어선 최근 한국 영화 흥행작이다.|https://m.kinolights.com/search?keyword=%EC%84%9C%EC%9A%B8%EC%9D%98%20%EB%B4%84||search_link_only|0|2026-07-31T09:54:12+00:00
THEME_DB|T519|T519|500만 관객을 돌파한 흥행 영화|5|범죄도시 2|영화|2022|천만 관객을 돌파한 대표적인 범죄 액션 영화다.|https://m.kinolights.com/search?keyword=%EB%B2%94%EC%A3%84%EB%8F%84%EC%8B%9C%202||search_link_only|0|2026-07-31T09:54:12+00:00
THEME_DB|T519|T519|500만 관객을 돌파한 흥행 영화|6|범죄도시 4|영화|2024|500만 관객을 넘어선 시리즈 흥행작이다.|https://m.kinolights.com/search?keyword=%EB%B2%94%EC%A3%84%EB%8F%84%EC%8B%9C%204||search_link_only|0|2026-07-31T09:54:12+00:00
THEME_DB|T519|T519|500만 관객을 돌파한 흥행 영화|7|암살|영화|2015|천만 관객을 기록한 독립운동 액션 대작이다.|https://m.kinolights.com/search?keyword=%EC%95%94%EC%82%B4||search_link_only|0|2026-07-31T09:54:12+00:00
THEME_DB|T519|T519|500만 관객을 돌파한 흥행 영화|8|광해, 왕이 된 남자|영화|2012|천만 관객을 모은 역사극 흥행작이다.|https://m.kinolights.com/search?keyword=%EA%B4%91%ED%95%B4%2C%20%EC%99%95%EC%9D%B4%20%EB%90%9C%20%EB%82%A8%EC%9E%90||search_link_only|0|2026-07-31T09:54:12+00:00
THEME_DB|T519|T519|500만 관객을 돌파한 흥행 영화|9|7번방의 선물|영화|2013|천만 관객을 기록한 감동적인 가족 영화다.|https://m.kinolights.com/search?keyword=7%EB%B2%88%EB%B0%A9%EC%9D%98%20%EC%84%A0%EB%AC%BC||search_link_only|0|2026-07-31T09:54:12+00:00
THEME_DB|T519|T519|500만 관객을 돌파한 흥행 영화|10|도둑들|영화|2012|천만 관객을 돌파한 스타 앙상블 범죄 영화다.|https://m.kinolights.com/search?keyword=%EB%8F%84%EB%91%91%EB%93%A4||search_link_only|0|2026-07-31T09:54:12+00:00
THEME_DB|T519|T519|500만 관객을 돌파한 흥행 영화|11|국제시장|영화|2014|천만 관객을 기록한 세대 공감형 흥행작이다.|https://m.kinolights.com/search?keyword=%EA%B5%AD%EC%A0%9C%EC%8B%9C%EC%9E%A5||search_link_only|0|2026-07-31T09:54:14+00:00
THEME_DB|T519|T519|500만 관객을 돌파한 흥행 영화|12|부산행|영화|2016|천만 관객을 넘어선 한국 좀비 액션 영화다.|https://m.kinolights.com/search?keyword=%EB%B6%80%EC%82%B0%ED%96%89||search_link_only|0|2026-07-31T09:54:14+00:00
THEME_DB|T519|T519|500만 관객을 돌파한 흥행 영화|13|신과함께-죄와 벌|영화|2017|천만 관객을 기록한 판타지 블록버스터다.|https://m.kinolights.com/search?keyword=%EC%8B%A0%EA%B3%BC%ED%95%A8%EA%BB%98-%EC%A3%84%EC%99%80%20%EB%B2%8C||search_link_only|0|2026-07-31T09:54:14+00:00
THEME_DB|T519|T519|500만 관객을 돌파한 흥행 영화|14|신과함께-인과 연|영화|2018|전편에 이어 천만 관객을 달성한 흥행작이다.|https://m.kinolights.com/search?keyword=%EC%8B%A0%EA%B3%BC%ED%95%A8%EA%BB%98-%EC%9D%B8%EA%B3%BC%20%EC%97%B0||search_link_only|0|2026-07-31T09:54:14+00:00
THEME_DB|T519|T519|500만 관객을 돌파한 흥행 영화|15|택시운전사|영화|2017|천만 관객을 모은 역사·휴먼 드라마다.|https://m.kinolights.com/search?keyword=%ED%83%9D%EC%8B%9C%EC%9A%B4%EC%A0%84%EC%82%AC||search_link_only|0|2026-07-31T09:54:14+00:00
THEME_DB|T519|T519|500만 관객을 돌파한 흥행 영화|16|어벤져스: 엔드게임|영화|2019|국내에서 천만 관객을 돌파한 글로벌 흥행작이다.|https://m.kinolights.com/search?keyword=%EC%96%B4%EB%B2%A4%EC%A0%B8%EC%8A%A4%3A%20%EC%97%94%EB%93%9C%EA%B2%8C%EC%9E%84||search_link_only|0|2026-07-31T09:54:14+00:00
THEME_DB|T520|T520|극장에서 다시 보는 일본 애니|1|극장판 귀멸의 칼날: 무한열차편|애니메이션|2020|극장 관람에 최적화된 일본 애니메이션 흥행작이다.|https://m.kinolights.com/search?keyword=%EA%B7%B9%EC%9E%A5%ED%8C%90%20%EA%B7%80%EB%A9%B8%EC%9D%98%20%EC%B9%BC%EB%82%A0%3A%20%EB%AC%B4%ED%95%9C%EC%97%B4%EC%B0%A8%ED%8E%B8||search_link_only|0|2026-07-31T09:54:14+00:00
THEME_DB|T520|T520|극장에서 다시 보는 일본 애니|2|극장판 귀멸의 칼날: 무한성편|애니메이션|2025|최종 결전의 액션과 작화를 대형 화면으로 즐길 수 있다.|https://m.kinolights.com/search?keyword=%EA%B7%B9%EC%9E%A5%ED%8C%90%20%EA%B7%80%EB%A9%B8%EC%9D%98%20%EC%B9%BC%EB%82%A0%3A%20%EB%AC%B4%ED%95%9C%EC%84%B1%ED%8E%B8||search_link_only|0|2026-07-31T09:54:14+00:00
THEME_DB|T520|T520|극장에서 다시 보는 일본 애니|3|더 퍼스트 슬램덩크|애니메이션|2022|극장 재개봉과 응원 상영으로 팬덤 관람이 이어졌다.|https://m.kinolights.com/search?keyword=%EB%8D%94%20%ED%8D%BC%EC%8A%A4%ED%8A%B8%20%EC%8A%AC%EB%9E%A8%EB%8D%A9%ED%81%AC||search_link_only|0|2026-07-31T09:54:14+00:00
THEME_DB|T520|T520|극장에서 다시 보는 일본 애니|4|스즈메의 문단속|애니메이션|2022|광활한 풍경과 음악을 극장에서 몰입해 감상하기 좋다.|https://m.kinolights.com/search?keyword=%EC%8A%A4%EC%A6%88%EB%A9%94%EC%9D%98%20%EB%AC%B8%EB%8B%A8%EC%86%8D||search_link_only|0|2026-07-31T09:54:14+00:00
THEME_DB|T520|T520|극장에서 다시 보는 일본 애니|5|너의 이름은.|애니메이션|2016|재개봉 때마다 극장 관객을 모으는 일본 애니 명작이다.|https://m.kinolights.com/search?keyword=%EB%84%88%EC%9D%98%20%EC%9D%B4%EB%A6%84%EC%9D%80.||search_link_only|0|2026-07-31T09:54:15+00:00
THEME_DB|T520|T520|극장에서 다시 보는 일본 애니|6|날씨의 아이|애니메이션|2019|신카이 마코토의 아름다운 영상미가 대형 화면에 어울린다.|https://m.kinolights.com/search?keyword=%EB%82%A0%EC%94%A8%EC%9D%98%20%EC%95%84%EC%9D%B4||search_link_only|0|2026-07-31T09:54:15+00:00
THEME_DB|T520|T520|극장에서 다시 보는 일본 애니|7|하울의 움직이는 성|애니메이션|2004|지브리의 환상적인 세계를 극장에서 다시 만날 수 있다.|https://m.kinolights.com/search?keyword=%ED%95%98%EC%9A%B8%EC%9D%98%20%EC%9B%80%EC%A7%81%EC%9D%B4%EB%8A%94%20%EC%84%B1||search_link_only|0|2026-07-31T09:54:15+00:00
THEME_DB|T520|T520|극장에서 다시 보는 일본 애니|8|센과 치히로의 행방불명|애니메이션|2001|재상영으로도 꾸준히 관객을 모으는 일본 애니메이션이다.|https://m.kinolights.com/search?keyword=%EC%84%BC%EA%B3%BC%20%EC%B9%98%ED%9E%88%EB%A1%9C%EC%9D%98%20%ED%96%89%EB%B0%A9%EB%B6%88%EB%AA%85||search_link_only|0|2026-07-31T09:54:16+00:00
THEME_DB|T520|T520|극장에서 다시 보는 일본 애니|9|모노노케 히메|애니메이션|1997|자연과 인간의 충돌을 웅장한 화면으로 보여준다.|https://m.kinolights.com/search?keyword=%EB%AA%A8%EB%85%B8%EB%85%B8%EC%BC%80%20%ED%9E%88%EB%A9%94||search_link_only|0|2026-07-31T09:54:16+00:00
THEME_DB|T520|T520|극장에서 다시 보는 일본 애니|10|바람계곡의 나우시카|애니메이션|1984|거대한 자연 풍경과 모험을 극장 스케일로 즐길 수 있다.|https://m.kinolights.com/search?keyword=%EB%B0%94%EB%9E%8C%EA%B3%84%EA%B3%A1%EC%9D%98%20%EB%82%98%EC%9A%B0%EC%8B%9C%EC%B9%B4||search_link_only|0|2026-07-31T09:54:16+00:00
THEME_DB|T520|T520|극장에서 다시 보는 일본 애니|11|공각기동대|애니메이션|1995|사이버펑크 영상미와 사운드가 극장 관람에 적합하다.|https://m.kinolights.com/search?keyword=%EA%B3%B5%EA%B0%81%EA%B8%B0%EB%8F%99%EB%8C%80||search_link_only|0|2026-07-31T09:54:16+00:00
THEME_DB|T520|T520|극장에서 다시 보는 일본 애니|12|아키라|애니메이션|1988|압도적인 작화와 도시 액션을 큰 화면에서 체험할 수 있다.|https://m.kinolights.com/search?keyword=%EC%95%84%ED%82%A4%EB%9D%BC||search_link_only|0|2026-07-31T09:54:16+00:00
THEME_DB|T520|T520|극장에서 다시 보는 일본 애니|13|극장판 주술회전 0|애니메이션|2021|팬덤 중심의 액션과 극장판 스케일을 갖춘 작품이다.|https://m.kinolights.com/search?keyword=%EA%B7%B9%EC%9E%A5%ED%8C%90%20%EC%A3%BC%EC%88%A0%ED%9A%8C%EC%A0%84%200||search_link_only|0|2026-07-31T09:54:16+00:00
THEME_DB|T520|T520|극장에서 다시 보는 일본 애니|14|극장판 명탐정 코난: 흑철의 어영|애니메이션|2023|극장판 특유의 추리와 액션을 대형 화면으로 즐긴다.|https://m.kinolights.com/search?keyword=%EA%B7%B9%EC%9E%A5%ED%8C%90%20%EB%AA%85%ED%83%90%EC%A0%95%20%EC%BD%94%EB%82%9C%3A%20%ED%9D%91%EC%B2%A0%EC%9D%98%20%EC%96%B4%EC%98%81||search_link_only|0|2026-07-31T09:54:16+00:00
THEME_DB|T520|T520|극장에서 다시 보는 일본 애니|15|극장판 하이큐!! 쓰레기장의 결전|애니메이션|2024|라이벌전의 속도감과 응원 열기를 극장에서 만끽할 수 있다.|https://m.kinolights.com/search?keyword=%EA%B7%B9%EC%9E%A5%ED%8C%90%20%ED%95%98%EC%9D%B4%ED%81%90%21%21%20%EC%93%B0%EB%A0%88%EA%B8%B0%EC%9E%A5%EC%9D%98%20%EA%B2%B0%EC%A0%84||search_link_only|0|2026-07-31T09:54:16+00:00
THEME_DB|T520|T520|극장에서 다시 보는 일본 애니|16|극장판 원피스 필름 레드|애니메이션|2022|음악과 전투가 결합된 대형 극장 애니메이션이다.|https://m.kinolights.com/search?keyword=%EA%B7%B9%EC%9E%A5%ED%8C%90%20%EC%9B%90%ED%94%BC%EC%8A%A4%20%ED%95%84%EB%A6%84%20%EB%A0%88%EB%93%9C||search_link_only|0|2026-07-31T09:54:16+00:00
