date|video_id|view_count|like_count|comment_count
2026-07-31|QqIoKmvaUmw|3586|10|0
2026-07-31|V7MheadLhlI|0|0|0
2026-07-31|xT4s3wF6jOA|2|0|0
2026-07-31|usOrIHxGO1Y|6|0|0
2026-07-31|WvPJIQF6CfI|6023|142|7
2026-07-31|rZ5CyOvhseg|187149|842|22
2026-07-31|qwRkEI8PP4k|209|10|0
2026-07-31|hZ8nHkxEDwY|562|27|1
2026-07-31|a1GRR7Lb4cI|255|10|3
2026-07-31|vbe09_s015E|279|0|0
2026-07-31|J4PW9hnfRjM|8371|82|0
2026-07-31|eECxEGjnnms|5369|121|6
2026-07-31|HiMPAyuPLcM|12601|186|0
2026-07-31|L78g2pW_jMY|1226|11|2
2026-07-31|5t2H66JyqWQ|9|0|0
2026-07-31|p4xmVsOeVp8|2|0|0
2026-07-31|1HJNKnOcwas|50848|671|327
2026-07-31|eWZPQEHerU4|498308|3698|549
2026-07-31|_gJQREv6PVI|8777|583|127
2026-07-31|sPqymLzmkYM|1152|18|1
2026-07-31|Z_1S6t38Cxg|81|8|0
2026-07-31|aXCdxIML3XY|3775|26|0
2026-07-31|fTYj4nC7GEQ|5|1|0
2026-07-31|xznuE3AFFLw|1578|15|1
2026-07-31|BvvvZI-ADU8|1580|2|0
2026-07-31|7a4vkDAYmo8|20|1|1
2026-07-31|foFFEOdaudM|11|0|0
2026-07-31|HKj9yCm2R4A|497991|479|49
2026-07-31|_-v-l-EeAJg|26002|124|1
2026-07-31|NozTWTWfSZU|7|0|0
2026-07-31|Ar6pwU3Pon8|951|14|0
2026-07-31|bZjU-xuAxl4|10|0|0
2026-07-31|UO27FCuAwnM|273|3|2
2026-07-31|vJF4niz1IWQ|2104|0|6
2026-07-31|vnbVwdrKPpk|1323|140|8
2026-07-31|tNmU3lYr-l0|27|2|1
2026-07-31|78r6Rclx3W4|39|0|0
2026-07-31|b9ua7aW3WQ4|127|10|0
2026-07-31|lyZpnIrGgTc|1542|16|0
2026-07-31|tiZqIN4BOCo|18486|27|0
2026-07-31|HiR0CF4HKfI|6|0|0
2026-07-31|pLLIrFHldqI|27941|270|14
2026-07-31|Wz3XbgK4Vxw|1474|9|1
2026-07-31|FQqS9bcBcLs|24219|367|20
2026-07-31|Y6KeyW9uIGI|14707|1134|22
2026-07-31|UInOI4pn3Gc|5747|862|10
2026-07-31|9wapEdcN4xg|20865|1649|25
2026-07-31|8hqm56gUDeI|1592|0|1
2026-07-31|7Dpo2xt81Yw|28302|33|0
2026-07-31|oB8U3P-d-fc|9770|84|26
2026-07-31|Ht86AlJSbGo|2323|19|7
2026-07-31|AiInAQ0MSi0|25643|50|4
2026-07-31|1KvO-4GCZ6Y|14|5|0
2026-07-31|V0VJH5b5whs|1146|6|0
2026-07-31|B9Iqc2uipj8|3|0|0
2026-07-31|KpqG61jqrKk|31|1|0
2026-07-31|Jmjv8r7HX1o|6938|360|30
2026-07-31|x7IBEiEESm8|4716|8|0
2026-07-31|pMGj-GbLcMU|791|3|0
2026-07-31|XbzQB4eIM8o|1023|1|0
2026-07-31|_Vzv2YIjGns|281|3|0
2026-07-31|bDs28Xnp1Q0|1168|7|0
2026-07-31|8_P7D_c7Mjk|1293|8|0
2026-07-31|0FAbYWGd1v8|1098|9|1
2026-07-31|Zvw4JgD09R4|183|1|0
2026-07-31|MMJct8CxzTM|357|0|0
2026-07-31|kioNoVlDFVY|1893|7|1
2026-07-31|EH0DcZbejTs|49923|193|1
2026-07-31|4Rh79-I0m-M|1266|2|1
2026-07-31|Hq8-uA6cP9c|5396|58|1
2026-07-31|QyKeYV5CaSc|2910|23|1
2026-07-31|rZr6F_1hkQc|1421|14|0
2026-07-31|HbOO6U8qlkY|185|7|0
2026-07-31|8OnfJwfh8uI|432|0|0
2026-07-31|bjNRTQ1ZFrg|52179|514|11
2026-07-31|2qoP4Qnpvio|2933|12|2
2026-07-31|qtaZTJ9JZXA|2073|2|0
2026-07-31|4I9mCTVCYys|40|2|1
2026-07-31|pYkI3Oaky8Q|103278|949|221
2026-07-31|U93VLY76Kz4|250|3|0
2026-07-31|EstkQBLD6KI|7603|236|104
2026-07-31|mHSvAUOXV6Y|62|4|0
2026-07-31|yKfD-msNCYQ|1362|4|0
2026-07-31|1WykwOo2p9w|682|3|0
2026-07-31|K40aZOp7WDs|52018|281|6
2026-07-31|FaXsG2s5j0w|1|0|0
2026-07-31|Wr_AIrY-XZU|881|3|0
2026-07-31|FSK3803RwLk|3|0|0
2026-07-31|3DrpTvluGHw|1651|8|0
2026-07-31|bZ4IXDLPjG8|1463|4|0
2026-07-31|S6ZMtNoNN9s|21496|147|0
2026-07-31|m8qT37zZN7M|11088|46|0
2026-07-31|Siw7RmlxaFg|7|0|0
2026-07-31|JCNcm4xMo5Y|8723|42|0
2026-07-31|8vvOJojtRHA|1483|17|2
2026-07-31|CmZgzz3g104|55|1|0
2026-07-31|noatZ0FXkpE|2663|11|0
2026-07-31|P77T_9xtu84|2404|8|0
2026-07-31|YpESgFjFRJk|25818|198|6
2026-07-31|KJfo3jbrl90|993|5|0
2026-07-31|5hm47kgx6vo|67062|519|4
2026-07-31|tFgZjE7ZKpg|1404|7|0
2026-07-31|-uvMBIBxvVA|450|6|1
2026-07-31|amtc10DKX_4|484|2|0
2026-07-31|jyqhkGuBQE4|3389|27|1
2026-07-31|b6PpXzJ9GZk|17458|186|13
2026-07-31|hB75_VPuaZw|4658|14|1
2026-07-31|idA7mWsh8Us|844264|5210|260
2026-07-31|8ZIP5zIJ8AM|68572|1626|47
2026-07-31|0Z4kL0je8UQ|354651|2534|282
2026-07-31|cO3wiUvoI48|597436|4088|2075
2026-07-31|UjreUuD-CAM|31613|930|239
2026-07-31|vHpEBqHnojY|8|1|0
2026-07-31|t7DZLa3wra4|0|0|0
2026-07-31|T5T8cQH_Eqg|182|4|0
2026-07-31|5fHACeTj66Y|2|1|0
2026-07-31|hLIMHcenHX4|4|1|0
2026-07-31|Pa00W3-B-tw|178|1|1
2026-07-31|tkehU9o75dQ|2|1|0
2026-07-31|SCEhoPg0_ZM|3966|23|0
2026-07-31|cR0pTCdLeo8|472|3|0
2026-07-31|GwCXA2pW2mk|4657|44|0
2026-07-31|etOwLpUOz8E|1078|5|0
2026-07-31|GyYo6MNDafM|1022|3|0
2026-07-31|Wm9H0950yAU|1096|102|54
2026-07-31|u73z-MixWVo|610|4|0
2026-07-31|_Vb2AWucX-o|32971|361|18
2026-07-31|eV6zbGSnYnw|978|26|0
2026-07-31|xsOmLj6rs9U|98776|947|854
2026-07-31|Rd07XljbcvA|1839|18|0
2026-07-31|tA9fhTZyZlU|5397|87|7
2026-07-31|z9Mgb-accd4|8495|135|7
2026-07-31|33l4u0w0Og4|8932|107|6
2026-07-31|C8GmKuPX2sg|7855|140|10
2026-07-31|uo9fQ9IDbOk|2678|23|1
2026-07-31|_3UARAzbLp4|2495|57|2
2026-07-31|w04dwjRbqCk|824|19|2
2026-07-31|76RxdnZE6Ac|24236|211|155
2026-07-31|NBv_KxiKdPc|11046|108|3
2026-07-31|nTa_OHc6BAE|11861|120|1
2026-07-31|8-jaH--6uFA|4350|16|0
2026-07-31|zj6MRO122u0|15502|204|1
2026-07-31|rFJL2qTwGxg|1651|14|1
2026-07-31|TLx1QWdrGT4|13021|118|1
2026-07-31|y-rPq25JxaA|2909|45|2
2026-07-31|juoZiHoS8AI|16586|150|1
2026-07-31|2iYeqbPdoek|6436|123|7
2026-07-31|WBD-DC4EvhI|3053|95|12
2026-07-31|mCGDPKdaKME|3595|64|1
2026-07-31|dy8xTY_w4Gs|406|27|0
2026-07-31|WVO74jhiAOo|407|9|1
2026-07-31|soQQyxuSdAQ|971|14|0
2026-07-31|xtZNPNpuWCA|54129|10|2
2026-07-31|3o7fv6glXuU|45084|15|0
2026-07-31|W8DE0Y4iN5g|500|28|1
2026-07-31|lfqCHUlmiHI|5548|296|57
2026-07-31|erAD6TlJ7UE|11224|135|2
2026-07-31|JhHsKyk6m4A|319|16|0
2026-07-31|U7xaLXID-3M|2545|28|1
2026-07-31|YIChqU7nkkI|6591|80|1
2026-07-31|tCGLY8bhRmI|5622|33|0
2026-07-31|rcI5wFXCn9s|1841|12|3
2026-07-31|hTw3_nHdXQE|1100|17|4
2026-07-31|bXCMbhuZEXc|123|23|2
2026-07-31|f9dtBW9sie0|1097|9|0
2026-07-31|_hxADk7y_tI|6556|57|1
2026-07-31|eJBN4N8XGas|3690|42|0
2026-07-31|ecsmKjjVEac|1492|15|0
2026-07-31|UzwBlr9TBNc|438996|1770|46
2026-07-31|7Z3VJHFjg6k|3|0|0
2026-07-31|L_TE-YfFSWo|629088|2564|463
2026-07-31|QPePlCYNzfY|5988|144|4
2026-07-31|5v3kzTJ2Apo|42280|1081|7
2026-07-31|8YCrJyGuO7I|758|4|2
2026-07-31|1rwb-7_GFjU|47995|917|5
2026-07-31|JibedtH6wCE|3725170|60046|226
2026-07-31|cHIvtJvhTbc|314298|4787|931
2026-07-31|e4bNNx9UBA0|4|0|0
2026-07-31|jFQDJ-bNFns|440|8|2
2026-07-31|zIlHGlGgyGQ|133409|577|134
2026-07-31|JAuZTKc1BWM|23919|755|66
2026-07-31|GvXhKC0gVIg|9578|92|3
2026-07-31|dgLGWO5HFI8|72393|1396|207
2026-07-31|9HZMhG9sCNg|247|13|1
2026-07-31|WEOnL6a8hfQ|257269|2554|439
2026-07-31|MBZUsqs0bks|19564|188|0
2026-07-31|UQN7A9wT1e0|153101|823|37
2026-07-31|0KhS3Z88zYs|86023|107|2
2026-07-31|lNaSdnz2I8g|25840882|936030|98830
2026-07-31|yAvnjSemp9w|46712|1477|43
2026-07-31|umpIu4Ylkok|2965|22|0
2026-07-31|e8tCHHEPyGk|58567|636|7
2026-07-31|DDFTkZzZqOw|2249|13|0
2026-07-31|Fjafg9L5vDY|2344|31|3
2026-07-31|7ha236-5ayA|169|5|0
2026-07-31|lOVPsscQSvY|238491|3850|253
2026-07-31|yIWIdK614Oo|26017|153|2
2026-07-31|FZS57GFa880|168232|5903|49
2026-07-31|xf7ol23Uc3o|156687|2971|92
2026-07-31|N-uY-s3zobk|71819|4338|243
2026-07-31|Fdi_h18znj0|63119|1786|0
2026-07-31|mL4A2QbFLXo|8321|197|10
2026-07-31|kg6xKcbFxPo|115959|594|311
2026-07-31|yaWTUKiHZNU|20830|771|11
2026-07-31|dQrsOl4jt_4|77765|693|100
2026-07-31|BqR3B1UhsFc|6657|209|33
2026-07-31|19lsRU7I6CE|6073|122|3
2026-07-31|nxSrfGR93TU|24649|2320|431
2026-07-31|6-0_1akmUHs|5210|40|1
2026-07-31|pYmG0OARoUc|9214|102|4
2026-07-31|Ller_FUzPnY|793|14|0
2026-07-31|JRbz6fq8awc|32201|214|12
2026-07-31|55NGgrbPo7k|294|5|1
2026-07-31|9gYmajjBIsQ|3011|15|0
2026-07-31|6m9xcmlhlq8|1958|12|0
2026-07-31|MFQ3xifVrIU|1266|8|0
2026-07-31|7BYXgHb1S_U|190|6|0
2026-07-31|rJuYwBs0F-c|46|0|0
2026-07-31|JbQLQvcCl8U|120|1|0
2026-07-31|pUI783EPXvY|16935|144|15
2026-07-31|sZSIeHspuF0|24640|193|19
2026-07-31|daGOaLYQy0o|240|3|0
2026-07-31|RVUL7joIyOE|7979|83|4
2026-07-31|YjFKWzv_eVM|24110|194|47
2026-07-31|f8Hoz4UiY0A|10966|125|5
2026-07-31|mMcOzgPmm8o|10955|92|5
2026-07-31|I9WxdCEXUHo|14414|125|7
2026-07-31|ZIaijagWOo4|10445|104|5
2026-07-31|snW-k53PMls|9878|102|3
2026-07-31|18LOx9xqk1c|8814|106|10
2026-07-31|pG1FTHu-zbY|287|3|1
2026-07-31|46vVL2HCRVE|258|1|0
2026-07-31|9Rwsur-q_i0|2850|51|6
2026-07-31|z09nkHInWBw|936|10|0
2026-07-31|ZXQDrOP3324|5|0|0
2026-07-31|5ulNk3BvRWs|63|1|0
2026-07-31|IpIPKsr_g64|156|2|0
2026-07-31|BrP1Vybr1zc|746|7|0
2026-07-31|vt8hIEo2_uc|819|4|0
2026-07-31|vD3WfwVlWuY|735|5|1
2026-07-31|0F5iBc-f3Kw|851|4|1
2026-07-31|emLtFGb9EFY|965|12|2
2026-07-31|xm7bWF7LJ8w|11|0|0
2026-07-31|3uKi1sCCmPM|339|1|1
2026-07-31|Sd9uvICtEs4|110|0|0
2026-07-31|DFxtHHOKXi0|799|12|0
2026-07-31|5G-SuMKc5as|31|1|0
2026-07-31|dRAClovWwR8|8|0|0
2026-07-31|b5aOflxvbgQ|19714|134|4
2026-07-31|zZeWVtf6jWY|8889|46|1
2026-07-31|qPtIinGXWJY|215|3|0
2026-07-31|e7HFfcee3Hc|306|3|0
2026-07-31|_UG1kiuuzeE|15401|148|6
2026-07-31|xL0ST5EiPXA|13362|150|7
2026-07-31|Hyfwr32AaW4|2361|27|0
2026-07-31|_dzfnBH5pFs|3012|20|3
2026-07-31|XySSUoRFMxc|896|18|1
2026-07-31|H9eSvu2Fd30|7014|82|2
2026-07-31|7JrYxHSt4CM|7632|39|1
2026-07-31|YOySGiHcbXs|2723|22|2
2026-07-31|IjZ_hNUInXE|1946|13|0
2026-07-31|FMSB_ymd1EE|2466|13|2
2026-07-31|sR81K485yA8|1064|19|1
2026-07-31|C2YyMm57CTc|2409|20|1
2026-07-31|zoSf23U1Kf8|253407|1311|73
2026-07-31|QI3zNbsxPbw|2098|22|0
2026-07-31|xYgrvfAxues|30777|896|24
2026-07-31|glpUJtfdUqQ|24583|503|7
2026-07-31|jkTLsJB2pzs|14498|491|3
2026-07-31|i-SK2HaZWN4|41197|615|8
2026-07-31|gPmwT7HGhLg|20577|1131|30
2026-07-31|0yoGiUME7dc|15475|553|10
2026-07-31|Zp4JWuJ-Me8|17458|654|10
2026-07-31|Kfps0cENazo|29842|192|5
2026-07-31|WAKAJ6rDwkY|11931|86|1
2026-07-31|rSA28xb6NQI|6670|44|0
2026-07-31|P4Yb4u0vGv4|6169|46|0
2026-07-31|mCQSXyWSNxg|2305|46|9
2026-07-31|0qPnUJIUK_0|6576|232|3
2026-07-31|yyBiX0qTFX8|5232|40|1
2026-07-31|1sTkmyge3TY|6348|258|1
2026-07-31|ExyTWJR7GrM|1774|23|3
2026-07-31|ibcHL0y-caY|9038|84|1
2026-07-31|O5Rx6QuaC74|3022|45|1
2026-07-31|MOjTi2pPJ5g|1188|29|7
2026-07-31|5OOKc_SqLQ4|4389|92|2
2026-07-31|368ERwer2JU|2679|27|0
2026-07-31|ziLaBKQNue0|1877|27|0
2026-07-31|bCxxOU8ap-w|15929|196|1
2026-07-31|W0wuc8XM0pU|4110|35|1
2026-07-31|I5Q4Fvf5lYk|717|15|1
2026-07-31|tivN_WkQPo4|4829|84|2
2026-07-31|cURFMHavOT0|2254|20|0
2026-07-31|IbEH-NrsUac|10676|149|2
2026-07-31|1do2YQAmfqs|41761|215|5
2026-07-31|UM03vngLmP8|37|0|0
2026-07-31|DDpkBxp3Glg|22792|136|13
2026-07-31|_J5RSho50Os|46966|1121|93
2026-07-31|XHssla1NsPc|1|0|0
2026-07-31|BHj-idtAlEo|25345|383|26
2026-07-31|JYNBoOL15TY|43009|1208|765
2026-07-31|Gxj28u1n3rc|205320|2858|575
2026-07-31|xavFD_f4xY8|7843|124|23
2026-07-31|j2tTeelHgJk|25433|333|21
2026-07-31|3BYSGjDjj9U|8122|48|11
2026-07-31|Ief1EPOB0BU|3615|8|0
2026-07-31|-HZkCGbADdk|193654|1319|233
2026-07-31|ZA-_mZ2LL6A|31201|197|12
2026-07-31|_8Cuo5snLtY|4|0|0
2026-07-31|5PF9MB43aIA|1|0|0
2026-07-31|DaaCF-3dEOU|54050|465|20
2026-07-31|PISobs7NcJw|56238|432|12
2026-07-31|L4nI2ENXHHs|63378|578|60
2026-07-31|taHlgtMZ-QQ|6342|81|0
2026-07-31|QF33RX1_rps|36201|124|4
2026-07-31|tNcgsnYuGJE|659742|4469|194
2026-07-31|X9CxF6yFTV4|60521|274|6
2026-07-31|TjqbH6ggWy4|21650|60|0
2026-07-31|ZVQrW0JzSiA|49433|1204|61
2026-07-31|e1To8egFFQc|89712|0|3
2026-07-31|OrModJTVICw|24069|248|3
2026-07-31|5TEI0Hg4cJo|194123|2826|50
2026-07-31|v9MILgY3qNY|27933|197|30
2026-07-31|4fnq7ay9nxQ|36304|276|0
2026-07-31|zagxfWqsMDM|13038|20|0
2026-07-31|4PtABR6OPTU|20023|130|3
2026-07-31|Awn4khcHWSQ|28647|86|0
2026-07-31|5n7HYH4W4Og|80032|912|44
2026-07-31|FInglXdorSM|121085|893|39
2026-07-31|JKE5h1yDyzc|4317|53|2
2026-07-31|Sb7C9BD7Myg|24943|331|19
2026-07-31|MkEjomIpuR8|122210|887|24
2026-07-31|XdYVphtABIQ|18054|156|7
2026-07-31|4NfsBBN59HM|5920|98|2
2026-07-31|_W799RfnPR0|21395|135|2
2026-07-31|5hL6MGJZpdg|15915|145|15
2026-07-31|q8PWXXOk1u4|400529|2155|93
2026-07-31|gf2AxA7Y0Kg|6873|137|4
2026-07-31|eltplh8PETQ|67715|482|62
2026-07-31|9SXt9bBVzPo|3396|39|4
2026-07-31|1OoJH3RPm1I|47070|710|15
2026-07-31|e0foGjf2QVw|410192|2068|235
2026-07-31|td82fnpvh6I|119635|1030|19
2026-07-31|0mFAnle5O6A|14477|83|4
2026-07-31|Hr2vhWVIEHs|284539|921|41
2026-07-31|3Xm95HDgwr0|460331|2999|512
2026-07-31|BkBNRv75HPE|743550|4179|346
2026-07-31|Kn8wwl4pXhg|66721|489|15
2026-07-31|iuMEUCF5YoQ|102092|310|2
2026-07-31|vQ1HPALF9eg|164072|990|36
2026-07-31|70snZPbRG9g|26646|148|4
2026-07-31|TO2f1XYjIUM|68292|512|6
2026-07-31|1iq3qX9VlDQ|133|3|0
2026-07-31|o2_7jdzkJbQ|6|1|0
2026-07-31|BnvDeBCaNQw|20424|198|0
2026-07-31|vqSXiNNen6M|7|0|0
2026-07-31|VlEQuLQwzx0|19|0|0
2026-07-31|L_u1ckgFbcg|22|0|0
2026-07-31|7fHzwYUT-UY|87564|431|31
2026-07-31|Rsn1wW1SjtA|121804|2649|166
2026-07-31|em6PBUvWUVQ|1911|56|3
2026-07-31|3Fq0ztUIoLA|1251|66|8
2026-07-31|l-pGHvAgfbo|4021|565|79
2026-07-31|CkfhocAao18|5781|179|12
2026-07-31|mJX00ozItlE|5446|115|11
2026-07-31|CHgLAmtEzgE|204930|3074|148
2026-07-31|dU4qCykISQ0|107172|640|325
2026-07-31|reEySOybwxs|80637|640|120
2026-07-31|5Z6auZojqGA|106506|870|86
2026-07-31|8rR_mCD5Lrw|172049|910|33
2026-07-31|aESQQGg5Cto|235555|2903|237
2026-07-31|INbD9qs1BWE|432616|5641|237
2026-07-31|zo84WNNhdMs|8965|159|2
2026-07-31|yXT5TFd3G6Y|153706|1662|59
2026-08-01|K4RhEsnqD5k|32314|1232|119
2026-08-01|2BWVKBuKuhw|14801|204|18
2026-08-01|pwJV_8t2I4E|51931|320|0
2026-08-01|-VGJvglCuSM|52937|481|1
2026-08-01|_VqVf-YlFZc|1218|18|0
2026-08-01|R6cSFBXWfwM|1383|7|0
2026-08-01|y6Pj1BgmjKE|8042|89|2
2026-08-01|Kvb7djYA0vI|4677|80|1
2026-08-01|fm9C3aLu40s|5112|33|0
2026-08-01|j8X7i4a-kxg|5258|58|4
2026-08-01|Jb2bE-3uoao|823|8|0
2026-08-01|yjRcVeTiWOA|24122|182|13
2026-08-01|ZZ1MxR7_RaI|2395|12|0
2026-08-01|vndaLFPu1io|23076|364|4
2026-08-01|qKm21fV3xts|5787|110|0
2026-08-01|_xY5WIcAK1M|3219|62|1
2026-08-01|uFQOjwtoJ-Y|25295|349|19
2026-08-01|4069M1c-h-M|3440|22|0
2026-08-01|b09cguu1o-A|990|14|0
2026-08-01|TvWvm7k28j8|23119|261|2
2026-08-01|ewqZBP7Keq4|47|0|0
2026-08-01|wmJQmC2sB4c|593|16|2
2026-08-01|1gb1B14rtKY|1682|23|0
2026-08-01|f7F9SQ66uqE|1175|32|3
2026-08-01|DTb5HdVIoSc|40517|270|0
2026-08-01|VDFndOy80VE|7137|51|2
2026-08-01|VLTNBmMNtf8|30127|361|46
2026-08-01|S0CsUmnR7Ns|505|37|2
2026-08-01|kk-jq1ECtzg|678|9|1
2026-08-01|4VgUOoiCyHQ|5633|68|1
2026-08-01|EqSvkcYdNc8|1335|29|2
2026-08-01|PBdNZjiI9ws|3130|41|2
2026-08-01|mUZdjsh-ww0|6667|170|16
2026-08-01|IlZJ1lx3OvY|16057|143|2
2026-08-01|Usb1H8bFs9o|17393|134|28
2026-08-01|ONoyiiur2K0|63624|289|161
2026-08-01|qI9lqu_i0LE|4385|98|3
2026-08-01|z-YKWsx6iUc|194|4|0
2026-08-01|YJ_B0s27FqA|132204|190|1
2026-08-01|nHEZA3KbQmY|70704|445|2
2026-08-01|2v-2vuMM6lM|132961|363|19
2026-08-01|Qqc9ax7-yZo|6|0|0
2026-08-01|33SYEnaZY7g|1|0|0
2026-08-01|XEHlNKNlIxg|0|0|0
2026-08-01|m5kUP58R12k|440827|2228|73
2026-08-01|Qu8Uj2IOYuU|4461|51|1
2026-08-01|96jZU2_6rtk|1134|6|1
2026-08-01|eYaHKkhVIKI|27074|99|12
2026-08-01|VI691p2CMzw|1730|24|1
2026-08-01|WxLlVB8wHkw|639|34|1
2026-08-01|xe_v_VdiM9I|68761|453|116
2026-08-01|82Tu2B-XIOw|150183|1388|13
2026-08-01|Dwf53bhSTYg|8945|168|15
2026-08-01|_stkzkmx0Fk|817|5|0
2026-08-01|S46tL4dpIoY|17250|96|1
2026-08-01|E_xy-w0fH0o|2387|28|4
2026-08-01|VAntl4lXop8|6634|33|0
2026-08-01|Sa4obi0rw1U|1116|8|0
2026-08-01|JMXoLZGmeOU|9260|46|0
2026-08-01|nPeaVFq38CY|1431|14|0
2026-08-01|priYFrTJBUc|24955|45|0
2026-08-01|R6wYIKShyK0|4049|19|0
2026-08-01|kBkakruyK48|2834|37|0
2026-08-01|p7mnl1cjU50|38424|90|1
2026-08-01|ex9OVwHCpqo|4446|40|1
2026-08-01|CnPHMEwUQls|2|0|0
2026-08-01|k3Sml2uJc4I|1005|17|0
2026-08-01|0vGMtwoKXJI|4|0|0
2026-08-01|_K5McXQGy_w|61158|1930|296
2026-08-01|lXv1sMUEFVo|24266|83|3
2026-08-01|zyuCdOPy-mo|6451|55|2
2026-08-01|5XNwPwBjFvw|121745|1406|111
2026-08-01|QJ7FGV02RTQ|127282|493|94
2026-08-01|sb_7BnOdgrA|118029|2989|322
2026-08-01|st-FZgqjegs|1698|1|0
2026-08-01|puqynb5IhHE|136124|699|158
2026-08-01|dD4WbrK0fpU|19335|327|132
2026-08-01|Al5t45aquAA|176860|2269|329
2026-08-01|3efNToHt9XI|3569|56|2
2026-08-01|Z99dx8emumE|2294|48|5
2026-08-01|Fi37tEq9930|10312|97|4
2026-08-01|faK8Lex5pV8|11746|128|6
2026-08-01|URuATVZ3YP8|9267|67|7
2026-08-01|Iz1GrDk8RAg|7472|195|11
2026-08-01|dePs7UPp6GQ|715826|65405|4801
2026-08-01|s4l58qK17tY|20191|192|10
2026-08-01|1MOHQ-Sg4iI|6|0|0
2026-08-01|u0rjpyjzf9k|250906|805|533
2026-08-01|2UJUcPExzDA|756|30|4
2026-08-01|9Vs-_wdi_IY|9027|124|5
2026-08-01|6IlRqOcjmsQ|10580|113|6
2026-08-01|5JUGB2afQCE|4087|85|3
2026-08-01|ppZYz3vb_jc|9501|100|10
2026-08-01|YPeso2r4-IE|20155|138|7
2026-08-01|YGwVV_jfJDs|14078|132|7
2026-08-01|UrLlXlWkn3U|18298|167|15
2026-08-01|Oa2VJC8kKD8|43376|316|14
2026-08-01|DwRXgd7uiks|9264|104|7
2026-08-01|a5ZneZNlbWM|12023|120|7
2026-08-01|o6hJEh4RhT0|7910|96|3
2026-08-01|ORX-3mE_-rU|20137|205|23
2026-08-01|GvXhKC0gVIg|10339|105|3
2026-08-01|8YCrJyGuO7I|761|4|2
2026-08-01|JAuZTKc1BWM|24262|758|66
2026-08-01|zagxfWqsMDM|13122|20|0
2026-08-01|9HZMhG9sCNg|1409|27|22
2026-08-01|WEOnL6a8hfQ|261423|2606|447
2026-08-01|e4bNNx9UBA0|38|2|0
2026-08-01|_Vb2AWucX-o|43488|456|32
2026-08-01|cHIvtJvhTbc|400982|5602|1095
2026-08-01|7Z3VJHFjg6k|51|1|1
2026-08-01|Kn8wwl4pXhg|74510|534|15
2026-08-01|Ief1EPOB0BU|7130|24|0
2026-08-01|pYkI3Oaky8Q|105882|966|226
2026-08-01|3BYSGjDjj9U|8741|51|11
2026-08-01|xavFD_f4xY8|7885|124|23
2026-08-01|-HZkCGbADdk|197765|1349|236
2026-08-01|_8Cuo5snLtY|4|0|0
2026-08-01|5PF9MB43aIA|1|0|0
2026-08-01|ZA-_mZ2LL6A|31452|198|12
2026-08-01|L4nI2ENXHHs|67154|611|62
2026-08-01|_J5RSho50Os|52670|1187|94
2026-08-01|PISobs7NcJw|57882|447|13
2026-08-01|eWZPQEHerU4|562698|3969|571
2026-08-01|_W799RfnPR0|34549|195|2
2026-08-01|q8PWXXOk1u4|403789|2173|93
2026-08-01|9SXt9bBVzPo|6426|66|5
2026-08-01|eltplh8PETQ|78534|543|72
2026-08-01|e0foGjf2QVw|428627|2131|241
2026-08-01|1OoJH3RPm1I|48873|731|23
2026-08-01|X9CxF6yFTV4|63821|287|6
2026-08-01|TO2f1XYjIUM|68873|519|6
2026-08-01|BkBNRv75HPE|770798|4347|357
2026-08-01|EstkQBLD6KI|13381|323|123
2026-08-01|BHj-idtAlEo|28296|417|32
2026-08-01|4fnq7ay9nxQ|40659|285|0
2026-08-01|yXT5TFd3G6Y|163473|1744|60
2026-08-01|TjqbH6ggWy4|22557|63|0
2026-08-01|v9MILgY3qNY|31833|215|30
2026-08-01|iuMEUCF5YoQ|114269|360|2
2026-08-01|ZVQrW0JzSiA|91490|2126|105
2026-08-01|e1To8egFFQc|277982|0|19
2026-08-01|Awn4khcHWSQ|30755|92|0
2026-08-01|4PtABR6OPTU|21107|133|3
2026-08-01|FInglXdorSM|134668|961|39
2026-08-01|5n7HYH4W4Og|101927|1129|52
2026-08-01|5v3kzTJ2Apo|51135|1195|11
2026-08-01|Sb7C9BD7Myg|35242|433|23
2026-08-01|MkEjomIpuR8|125137|912|24
2026-08-01|Jmjv8r7HX1o|13011|610|43
2026-08-01|0mFAnle5O6A|53532|243|8
2026-08-01|3Xm95HDgwr0|511462|3216|539
2026-08-01|70snZPbRG9g|36336|188|6
2026-08-01|tNcgsnYuGJE|686595|4662|204
2026-08-01|4I9mCTVCYys|40|2|1
2026-08-01|JYNBoOL15TY|44446|1220|777
2026-08-01|1rwb-7_GFjU|53642|984|5
2026-08-01|7ha236-5ayA|2080|36|0
2026-08-01|UjreUuD-CAM|282005|2318|516
2026-08-01|INbD9qs1BWE|453032|5826|241
2026-08-01|ziLaBKQNue0|2240|31|0
2026-08-01|bCxxOU8ap-w|17845|218|1
2026-08-01|W0wuc8XM0pU|6797|85|1
2026-08-01|I5Q4Fvf5lYk|1345|19|1
2026-08-01|tivN_WkQPo4|12239|214|7
2026-08-01|8rR_mCD5Lrw|177497|937|33
2026-08-01|aESQQGg5Cto|242292|2972|242
2026-08-01|zo84WNNhdMs|9392|162|2
2026-08-01|5OOKc_SqLQ4|4815|95|2
2026-08-01|CHgLAmtEzgE|213827|3154|151
2026-08-01|mJX00ozItlE|6809|120|11
2026-08-01|7fHzwYUT-UY|111186|498|34
2026-08-01|CkfhocAao18|7088|193|12
2026-08-01|Rsn1wW1SjtA|154529|2981|184
2026-08-01|em6PBUvWUVQ|2340|60|2
2026-08-01|3Fq0ztUIoLA|2859|93|12
2026-08-01|368ERwer2JU|2910|33|0
2026-08-01|MOjTi2pPJ5g|1446|33|7
2026-08-01|glpUJtfdUqQ|25527|507|7
2026-08-01|xm7bWF7LJ8w|11|0|0
2026-08-01|IpIPKsr_g64|157|2|0
2026-08-01|BrP1Vybr1zc|749|7|0
2026-08-01|vt8hIEo2_uc|822|4|0
2026-08-01|vD3WfwVlWuY|758|5|1
2026-08-01|0F5iBc-f3Kw|867|4|1
2026-08-01|emLtFGb9EFY|1014|13|2
2026-08-01|z09nkHInWBw|938|11|0
2026-08-01|Sd9uvICtEs4|110|0|0
2026-08-01|O5Rx6QuaC74|3310|49|1
2026-08-01|DFxtHHOKXi0|822|12|0
2026-08-01|5G-SuMKc5as|33|1|0
2026-08-01|dRAClovWwR8|8|0|0
2026-08-01|yyBiX0qTFX8|5431|42|1
2026-08-01|1sTkmyge3TY|7336|311|1
2026-08-01|ExyTWJR7GrM|1892|24|3
2026-08-01|ibcHL0y-caY|10000|91|1
2026-08-01|l-pGHvAgfbo|18060|1409|145
2026-08-01|HKj9yCm2R4A|569386|525|55
2026-08-01|_gJQREv6PVI|238772|1817|394
2026-08-01|N-uY-s3zobk|73582|4405|245
2026-08-01|1iq3qX9VlDQ|5940|70|23
2026-08-01|Fjafg9L5vDY|26406|269|7
2026-08-01|Hr2vhWVIEHs|296536|959|41
2026-08-01|FZS57GFa880|169762|5934|49
2026-08-01|1HJNKnOcwas|60389|756|348
2026-08-01|xf7ol23Uc3o|160384|3025|94
2026-08-01|e8tCHHEPyGk|59597|648|7
2026-08-01|mL4A2QbFLXo|8534|200|10
2026-08-01|eV6zbGSnYnw|4573|60|0
2026-08-01|kg6xKcbFxPo|119015|603|319
2026-08-01|yaWTUKiHZNU|21843|804|11
2026-08-01|dQrsOl4jt_4|85593|747|109
2026-08-01|BqR3B1UhsFc|18166|442|61
2026-08-01|19lsRU7I6CE|9274|149|5
2026-08-01|Fdi_h18znj0|86734|2089|0
2026-08-01|yAvnjSemp9w|76907|1652|57
2026-08-01|w04dwjRbqCk|7502|138|3
2026-08-01|o2_7jdzkJbQ|174|7|0
2026-08-01|jkTLsJB2pzs|14860|496|3
2026-08-01|6-0_1akmUHs|7021|53|1
2026-08-01|i-SK2HaZWN4|43160|631|9
2026-08-01|gPmwT7HGhLg|20968|1147|30
2026-08-01|0yoGiUME7dc|17571|674|10
2026-08-01|Zp4JWuJ-Me8|18343|694|10
2026-08-01|9Rwsur-q_i0|4313|62|6
2026-08-01|Ller_FUzPnY|1119|18|0
2026-08-01|pYmG0OARoUc|12316|122|4
2026-08-01|WVO74jhiAOo|1664|29|1
2026-08-01|f9dtBW9sie0|2073|17|1
2026-08-01|soQQyxuSdAQ|3768|73|2
2026-08-01|U7xaLXID-3M|3295|39|2
2026-08-01|tCGLY8bhRmI|6787|34|0
2026-08-01|a1GRR7Lb4cI|2110|25|18
2026-08-01|rcI5wFXCn9s|7147|39|19
2026-08-01|hTw3_nHdXQE|3198|33|5
2026-08-01|bXCMbhuZEXc|789|61|5
2026-08-01|QF33RX1_rps|41185|134|4
2026-08-01|5ulNk3BvRWs|68|1|0
2026-08-01|sR81K485yA8|1435|25|1
2026-08-01|HiMPAyuPLcM|14534|236|0
2026-08-01|T5T8cQH_Eqg|1409|10|2
2026-08-01|5t2H66JyqWQ|11|0|0
2026-08-01|foFFEOdaudM|21|0|0
2026-08-01|xT4s3wF6jOA|4|0|0
2026-08-01|usOrIHxGO1Y|8|0|0
2026-08-01|WvPJIQF6CfI|6180|143|7
2026-08-01|rZ5CyOvhseg|214513|955|23
2026-08-01|qwRkEI8PP4k|234|11|0
2026-08-01|hZ8nHkxEDwY|581|31|1
2026-08-01|vbe09_s015E|312|0|0
2026-08-01|J4PW9hnfRjM|8874|88|0
2026-08-01|eECxEGjnnms|5617|127|6
2026-08-01|V7MheadLhlI|0|0|0
2026-08-01|t7DZLa3wra4|0|0|0
2026-08-01|L78g2pW_jMY|1241|11|2
2026-08-01|p4xmVsOeVp8|19|1|0
2026-08-01|sPqymLzmkYM|1191|21|7
2026-08-01|Z_1S6t38Cxg|104|9|0
2026-08-01|aXCdxIML3XY|8003|55|0
2026-08-01|fTYj4nC7GEQ|857|4|0
2026-08-01|xznuE3AFFLw|1832|22|1
2026-08-01|BvvvZI-ADU8|1600|3|0
2026-08-01|7a4vkDAYmo8|44|2|1
2026-08-01|B9Iqc2uipj8|3|0|0
2026-08-01|_-v-l-EeAJg|26027|124|1
2026-08-01|vHpEBqHnojY|7|1|0
2026-08-01|Wz3XbgK4Vxw|1503|10|1
2026-08-01|V0VJH5b5whs|1156|6|0
2026-08-01|1KvO-4GCZ6Y|14|5|0
2026-08-01|AiInAQ0MSi0|27045|51|4
2026-08-01|_dzfnBH5pFs|4214|21|3
2026-08-01|jFQDJ-bNFns|457|8|2
2026-08-01|dgLGWO5HFI8|72561|1399|207
2026-08-01|vQ1HPALF9eg|180973|1156|46
2026-08-01|5hL6MGJZpdg|33679|267|38
2026-08-01|Ar6pwU3Pon8|956|14|0
2026-08-01|bZjU-xuAxl4|14|0|0
2026-08-01|UO27FCuAwnM|363|3|2
2026-08-01|vJF4niz1IWQ|2468|0|6
2026-08-01|vnbVwdrKPpk|2552|213|18
2026-08-01|tNmU3lYr-l0|33|2|1
2026-08-01|78r6Rclx3W4|52|0|0
2026-08-01|b9ua7aW3WQ4|143|11|0
2026-08-01|lyZpnIrGgTc|1542|16|0
2026-08-01|tiZqIN4BOCo|18488|27|0
2026-08-01|HiR0CF4HKfI|7|0|0
2026-08-01|NozTWTWfSZU|7|0|0
2026-08-01|pLLIrFHldqI|28132|273|14
2026-08-01|FQqS9bcBcLs|24259|367|20
2026-08-01|Y6KeyW9uIGI|15433|1148|22
2026-08-01|UInOI4pn3Gc|6279|906|12
2026-08-01|9wapEdcN4xg|22930|1687|25
2026-08-01|8hqm56gUDeI|1601|0|1
2026-08-01|oB8U3P-d-fc|10069|86|26
2026-08-01|Ht86AlJSbGo|2351|19|7
2026-08-01|FaXsG2s5j0w|0|0|0
2026-08-01|Wr_AIrY-XZU|1444|3|0
2026-08-01|UM03vngLmP8|37|0|0
2026-08-01|x7IBEiEESm8|8169|22|0
2026-08-01|HbOO6U8qlkY|299|8|0
2026-08-01|8OnfJwfh8uI|1138|3|0
2026-08-01|5fHACeTj66Y|7|1|0
2026-08-01|tkehU9o75dQ|2|1|0
2026-08-01|hLIMHcenHX4|9|1|0
2026-08-01|Pa00W3-B-tw|13786|151|1
2026-08-01|2qoP4Qnpvio|2983|12|2
2026-08-01|qtaZTJ9JZXA|2074|2|0
2026-08-01|U93VLY76Kz4|253|3|0
2026-08-01|KpqG61jqrKk|34|1|0
2026-08-01|7Dpo2xt81Yw|28319|32|0
2026-08-01|QqIoKmvaUmw|5251|12|0
2026-08-01|K40aZOp7WDs|88281|481|9
2026-08-01|hB75_VPuaZw|8869|39|1
2026-08-01|bZ4IXDLPjG8|2752|4|0
2026-08-01|S6ZMtNoNN9s|28611|180|0
2026-08-01|m8qT37zZN7M|12126|50|0
2026-08-01|XbzQB4eIM8o|1030|1|0
2026-08-01|_Vzv2YIjGns|658|5|1
2026-08-01|bDs28Xnp1Q0|10033|56|3
2026-08-01|8_P7D_c7Mjk|4169|16|0
2026-08-01|0FAbYWGd1v8|1740|13|3
2026-08-01|EH0DcZbejTs|75250|253|1
2026-08-01|4Rh79-I0m-M|1572|3|1
2026-08-01|rZr6F_1hkQc|2390|30|0
2026-08-01|QyKeYV5CaSc|3497|34|1
2026-08-01|Hq8-uA6cP9c|7565|73|1
2026-08-01|Wm9H0950yAU|5992|347|127
2026-08-01|GyYo6MNDafM|14845|26|1
2026-08-01|3DrpTvluGHw|3900|16|0
2026-08-01|Siw7RmlxaFg|7|0|0
2026-08-01|JCNcm4xMo5Y|24203|129|2
2026-08-01|1WykwOo2p9w|1437|4|0
2026-08-01|CmZgzz3g104|15984|281|3
2026-08-01|u73z-MixWVo|5524|16|0
2026-08-01|SCEhoPg0_ZM|18462|46|0
2026-08-01|cR0pTCdLeo8|2136|9|0
2026-08-01|noatZ0FXkpE|3239|18|0
2026-08-01|P77T_9xtu84|3157|18|0
2026-08-01|YpESgFjFRJk|31394|226|6
2026-08-01|KJfo3jbrl90|1764|5|0
2026-08-01|5hm47kgx6vo|256489|1395|6
2026-08-01|tFgZjE7ZKpg|5554|49|0
2026-08-01|amtc10DKX_4|1117|7|0
2026-08-01|b6PpXzJ9GZk|27283|295|26
2026-08-01|8vvOJojtRHA|5475|113|2
2026-08-01|kioNoVlDFVY|2288|10|1
2026-08-01|yKfD-msNCYQ|1451|5|0
2026-08-01|mHSvAUOXV6Y|96|5|0
2026-08-01|pMGj-GbLcMU|801|3|0
2026-08-01|GwCXA2pW2mk|69641|578|20
2026-08-01|Zvw4JgD09R4|2292|3|0
2026-08-01|MMJct8CxzTM|33375|429|1
2026-08-01|etOwLpUOz8E|2614|15|0
2026-08-01|C2YyMm57CTc|3147|21|1
2026-08-01|FMSB_ymd1EE|2835|14|2
2026-08-01|nTa_OHc6BAE|15453|164|2
2026-08-01|Hyfwr32AaW4|12885|102|0
2026-08-01|mCQSXyWSNxg|2834|55|9
2026-08-01|0qPnUJIUK_0|7383|274|3
2026-08-01|dU4qCykISQ0|107246|640|325
2026-08-01|reEySOybwxs|81279|643|120
2026-08-01|5Z6auZojqGA|107856|872|89
2026-08-01|zoSf23U1Kf8|254340|1338|74
2026-08-01|xYgrvfAxues|31534|903|24
2026-08-01|3o7fv6glXuU|108292|18|0
2026-08-01|W8DE0Y4iN5g|670|36|2
2026-08-01|lfqCHUlmiHI|8886|361|69
2026-08-01|erAD6TlJ7UE|138144|187|4
2026-08-01|JhHsKyk6m4A|423|17|0
2026-08-01|dy8xTY_w4Gs|494|29|0
2026-08-01|YIChqU7nkkI|6901|81|1
2026-08-01|WBD-DC4EvhI|3257|95|12
2026-08-01|76RxdnZE6Ac|25526|218|159
2026-08-01|2iYeqbPdoek|7545|134|8
2026-08-01|xsOmLj6rs9U|108202|972|939
2026-08-01|Rd07XljbcvA|2296|23|0
2026-08-01|tA9fhTZyZlU|7318|121|9
2026-08-01|z9Mgb-accd4|12385|192|10
2026-08-01|33l4u0w0Og4|12579|189|10
2026-08-01|C8GmKuPX2sg|11031|222|14
2026-08-01|uo9fQ9IDbOk|3536|31|1
2026-08-01|_3UARAzbLp4|9656|185|3
2026-08-01|QI3zNbsxPbw|14556|90|0
2026-08-01|xL0ST5EiPXA|17849|168|8
2026-08-01|IjZ_hNUInXE|2083|14|0
2026-08-01|_UG1kiuuzeE|20295|162|7
2026-08-01|3uKi1sCCmPM|1118|2|1
2026-08-01|46vVL2HCRVE|844|2|0
2026-08-01|daGOaLYQy0o|769|3|0
2026-08-01|pG1FTHu-zbY|928|4|1
2026-08-01|55NGgrbPo7k|1371|10|1
2026-08-01|9gYmajjBIsQ|13706|31|1
2026-08-01|6m9xcmlhlq8|8096|26|0
2026-08-01|MFQ3xifVrIU|4707|15|1
2026-08-01|7BYXgHb1S_U|1535|11|0
2026-08-01|rJuYwBs0F-c|2189|11|0
2026-08-01|JbQLQvcCl8U|1477|8|0
2026-08-01|vqSXiNNen6M|183|1|0
2026-08-01|VlEQuLQwzx0|314|1|0
2026-08-01|L_u1ckgFbcg|474|5|0
2026-08-01|pUI783EPXvY|20531|169|21
2026-08-01|JRbz6fq8awc|38525|235|15
2026-08-01|sZSIeHspuF0|30276|221|21
2026-08-01|RVUL7joIyOE|10782|92|4
2026-08-01|YjFKWzv_eVM|32160|216|53
2026-08-01|f8Hoz4UiY0A|13346|140|5
2026-08-01|mMcOzgPmm8o|13374|104|5
2026-08-01|I9WxdCEXUHo|19770|139|10
2026-08-01|ZIaijagWOo4|12360|111|7
2026-08-01|snW-k53PMls|12493|111|3
2026-08-01|18LOx9xqk1c|11048|113|10
2026-08-01|NBv_KxiKdPc|12975|115|3
2026-08-01|8-jaH--6uFA|4977|19|0
2026-08-01|ZXQDrOP3324|5|0|0
2026-08-01|XdYVphtABIQ|21198|184|7
2026-08-01|Gxj28u1n3rc|234874|3086|626
2026-08-01|j2tTeelHgJk|25579|335|21
2026-08-01|XHssla1NsPc|1|0|0
2026-08-01|DaaCF-3dEOU|72163|549|27
2026-08-01|taHlgtMZ-QQ|6859|81|0
2026-08-01|4NfsBBN59HM|6563|102|2
2026-08-01|gf2AxA7Y0Kg|37840|353|11
2026-08-01|td82fnpvh6I|126556|1056|21
2026-08-01|b5aOflxvbgQ|39451|197|4
2026-08-01|zZeWVtf6jWY|22410|91|1
2026-08-01|qPtIinGXWJY|403|3|0
2026-08-01|xtZNPNpuWCA|96684|10|2
2026-08-01|_hxADk7y_tI|7278|60|1
2026-08-01|MBZUsqs0bks|22656|219|0
2026-08-01|bjNRTQ1ZFrg|56124|532|11
2026-08-01|cURFMHavOT0|2380|22|0
2026-08-01|IbEH-NrsUac|11029|152|2
2026-08-01|P4Yb4u0vGv4|6391|47|0
2026-08-01|rSA28xb6NQI|6852|46|0
2026-08-01|WAKAJ6rDwkY|12510|88|2
2026-08-01|Kfps0cENazo|30963|198|5
2026-08-01|XySSUoRFMxc|980|18|1
2026-08-01|H9eSvu2Fd30|8019|95|2
2026-08-01|7JrYxHSt4CM|7797|40|1
2026-08-01|YOySGiHcbXs|3746|25|2
2026-08-01|jyqhkGuBQE4|9104|59|1
2026-08-01|JKE5h1yDyzc|43674|296|37
2026-08-01|zj6MRO122u0|16626|219|1
2026-08-01|-uvMBIBxvVA|4706|110|3
2026-08-01|rFJL2qTwGxg|1824|14|1
2026-08-01|TLx1QWdrGT4|21436|188|2
2026-08-01|y-rPq25JxaA|3606|64|2
2026-08-01|juoZiHoS8AI|23155|208|1
2026-08-01|eJBN4N8XGas|4359|47|0
2026-08-01|mCGDPKdaKME|7136|115|1
2026-08-01|ecsmKjjVEac|1811|16|0
2026-08-01|umpIu4Ylkok|3929|31|0
2026-08-01|DDFTkZzZqOw|2936|20|1
2026-08-01|lOVPsscQSvY|242678|3897|254
2026-08-01|yIWIdK614Oo|26454|158|2
2026-08-01|nxSrfGR93TU|38006|2483|488
2026-08-01|zIlHGlGgyGQ|163774|651|143
2026-08-01|lNaSdnz2I8g|36277016|975197|102817
2026-08-01|L_TE-YfFSWo|1044417|2804|493
2026-08-01|QPePlCYNzfY|13670|240|4
2026-08-01|JibedtH6wCE|4079984|64009|247
2026-08-01|UQN7A9wT1e0|203043|1097|46
2026-08-01|0KhS3Z88zYs|100217|114|2
2026-08-01|1do2YQAmfqs|45526|219|5
2026-08-01|BnvDeBCaNQw|23413|249|0
2026-08-01|UzwBlr9TBNc|468616|1933|51
2026-08-01|DDpkBxp3Glg|26328|161|15
2026-08-01|OrModJTVICw|29565|283|4
2026-08-01|5TEI0Hg4cJo|279121|3623|59
2026-08-01|e7HFfcee3Hc|2041|8|1
2026-08-01|idA7mWsh8Us|846322|5214|262
2026-08-01|8ZIP5zIJ8AM|68622|1626|47
2026-08-01|0Z4kL0je8UQ|354760|2534|282
2026-08-01|cO3wiUvoI48|598998|4100|2077
2026-08-02|W52phqOW20g|95260|19078|1142
2026-08-02|lmaHUY7OG5A|2857|19|0
2026-08-02|AIFDPIlGt8E|45425|245|197
2026-08-02|89m2o4YW8so|76881|850|95
2026-08-02|rLQ2W8MK8Qk|9465|193|13
2026-08-02|L-N1ULTZhKY|37962|451|16
2026-08-02|zCoJxPQxGLI|1792|10|0
2026-08-02|YGzMkCkzPPc|2237|26|0
2026-08-02|AROZtDEYOMs|1895|20|0
2026-08-02|RzMk_yguufw|39435|237|100
2026-08-02|sarETzAQCBY|13453|63|0
2026-08-02|6zitB2qBNEU|3102|9|0
2026-08-02|UqVfe5oGLJk|7016|21|0
2026-08-02|kTGfKyP3kwE|8949|38|1
2026-08-02|mUT0l52sZs4|1778|25|0
2026-08-02|FnUAkPQB-og|882|5|0
2026-08-02|3PaHMmHZ3dk|39017|261|112
2026-08-02|hYzwyfGsrro|14955|164|24
2026-08-02|9v5AxbMwgZk|1958|22|7
2026-08-02|lRxOoliEUjM|136582|123|9
2026-08-02|lr_OWJfj7ow|3867|29|9
2026-08-02|VbdgLvapf7g|3786|74|2
2026-08-02|NoiFxZsmNPc|4025|98|5
2026-08-02|eCplbIVQ5zU|2687|42|11
2026-08-02|rJayWf3eAk8|2578|12|0
2026-08-02|N2na8QHffK4|132553|189|16
2026-08-02|xa5ubrMbms8|47085|106|1
2026-08-02|K4lHJl1kVWI|9262|212|31
2026-08-02|LBv3_Pi5DPA|74599|406|4
2026-08-02|ViQGhRTZhao|49593|154|2
2026-08-02|Mh_9Mjt81yQ|42938|117|0
2026-08-02|kMrm9BcMYYo|18067|453|4
2026-08-02|-9tDeT4LqiA|266|9|0
2026-08-02|7gAQg68eANg|5570|96|32
2026-08-02|WqH3cEpx-W8|1029|6|0
2026-08-02|jxb9zwMbfvg|905|14|0
2026-08-02|VVxnQk9Y5rs|76720|454|193
2026-08-02|95cyJOU8CRI|4194|33|0
2026-08-02|eUTzl923t6o|9507|76|18
2026-08-02|a-txjGUqJjI|71912|281|6
2026-08-02|x75vX862Tgc|11924|136|0
2026-08-02|5kWl85Z7qic|12810|109|3
2026-08-02|Tet8KLqfLs4|29120|574|14
2026-08-02|ZfPr3Y7w5D4|257703|2019|173
2026-08-02|8nRzytmp9_w|18470|86|1
2026-08-02|557vxP4XN2s|21040|758|27
2026-08-02|J1u_VRuhuns|101637|2293|77
2026-08-02|mabJM_1fQDo|31538|271|5
2026-08-02|QcfVKaKDp1Q|26333|228|1
2026-08-02|2Eq3cOwpm6E|19685|63|2
2026-08-02|2ajDDJzPJHE|335603|3607|42
2026-08-02|h0Np_gvRY2w|96438|773|15
2026-08-02|P78PYAN_UM8|10635|97|10
2026-08-02|wy8c5VwBbjc|24531|881|68
2026-08-02|GFJWVM63QhU|22700|0|0
2026-08-02|MeTx9y2AFa8|2538|5|0
2026-08-02|jRhA2LV-kuQ|19860|119|29
2026-08-02|WyWB7MwU2jA|1283088|19398|3959
2026-08-02|5dKrLXthTGY|31231|271|47
2026-08-02|Cn_SmW3bS68|10986|60|10
2026-08-02|R0HlvGLRX3k|22535|534|47
2026-08-02|ujj0H0ycY4k|238525|2559|196
2026-08-02|Ww_LzcgtyjI|140916|838|28
2026-08-02|zFCqIp1qJg0|51111|297|14
2026-08-02|dQXa1n8BPIE|153862|602|98
2026-08-02|Ly-4I7ojXy8|63625|470|27
2026-08-02|pQrw9iYCU7g|111203|1059|125
2026-08-02|SE18_eH3FsM|110354|483|183
2026-08-02|61P3LiNBM1o|4865|39|3
2026-08-02|SHBTDvefBaQ|1896|11|1
2026-08-02|GqOOCXC1cFw|4396|50|1
2026-08-02|iSPKvZnOwZw|13079|26|1
2026-08-02|6JCqWJ0syH0|16695|135|9
2026-08-02|-eLUFJ3GUZI|1141|7|0
2026-08-02|ek8dc3P2LcQ|6283|63|4
2026-08-02|NSFqIi4ACJw|4229|48|2
2026-08-02|zzBpZ0Obvao|4680|64|2
2026-08-02|v07tougVDSI|9737|90|7
2026-08-02|iIa4P8yfT-0|25008|154|8
2026-08-02|NwIY1_uDaxY|4759|67|2
2026-08-02|l3crDIZ1Nog|1504|32|3
2026-08-02|T25pDS7l5YQ|457|28|3
2026-08-02|HG491wbNhGQ|11188|103|18
2026-08-02|HkZMjTte68s|606|17|1
2026-08-02|sXMv9L0KMgc|10129|60|7
2026-08-02|JW_fPFkuF4M|16001|91|2
2026-08-02|AmxAu0bk7pQ|24260|158|36
2026-08-02|yFN23p06-Vc|6697|49|0
2026-08-02|IxWczIdbxY0|4604|52|0
2026-08-02|Qm6W4EOiJmA|4896|31|0
2026-08-02|DVt6m8psQ_I|22881|66|0
2026-08-02|RWKyFmXMe28|724|7|0
2026-08-02|kvH_z6-7oX0|2468|20|0
2026-08-02|3zIXJ4Viz9s|1577|18|0
2026-08-02|ZCQJH84VRTI|2617|20|0
2026-08-02|lLK6LDNpBzg|2013|18|0
2026-08-02|IgoLOhumxXg|1825|12|0
2026-08-02|BqKUK1QMepg|1806|24|0
2026-08-02|3J66zrB7NW4|2834|38|2
2026-08-02|veLxt7Xogjc|6772|108|9
2026-08-02|9ZXgwEkhdX8|551|2|1
2026-08-02|sOIQ6lTX0jc|0|0|0
2026-08-02|PnCFw3PN-U0|3|0|0
2026-08-02|3-xUM8V_jfk|3|0|0
2026-08-02|LcIyJ8iM1cs|5231|83|7
2026-08-02|PgMbc_UwiMw|14681|87|3
2026-08-02|gKXqP6f_DS8|451|11|0
2026-08-02|3lF_jgM-otE|3746|28|8
2026-08-02|RgJKUu8yn5Q|13406|128|33
2026-08-02|lC_jhddF9qY|11558|113|3
2026-08-02|1bcaaHsoKz4|16440|154|6
2026-08-02|CiaswYzjH_g|3299|34|6
2026-08-02|gvKJ5wqXxHk|345|11|2
2026-08-02|yK1QLkuHP8s|54847|453|16
2026-08-02|VDFndOy80VE|13765|102|3
2026-08-02|UrLlXlWkn3U|28564|202|15
2026-08-02|_xY5WIcAK1M|6198|113|1
2026-08-02|1MOHQ-Sg4iI|19|0|0
2026-08-02|Oa2VJC8kKD8|78935|444|19
2026-08-02|k3Sml2uJc4I|1475|20|0
2026-08-02|Fi37tEq9930|15616|116|4
2026-08-02|dePs7UPp6GQ|1553006|83869|5788
2026-08-02|s4l58qK17tY|31310|263|23
2026-08-02|5XNwPwBjFvw|219952|2088|145
2026-08-02|zyuCdOPy-mo|6782|57|2
2026-08-02|Jb2bE-3uoao|1325|9|0
2026-08-02|qKm21fV3xts|10163|184|2
2026-08-02|ZZ1MxR7_RaI|2968|13|0
2026-08-02|82Tu2B-XIOw|154853|1443|13
2026-08-02|a5ZneZNlbWM|22507|151|14
2026-08-02|yjRcVeTiWOA|30625|219|15
2026-08-02|2UJUcPExzDA|19338|148|25
2026-08-02|5JUGB2afQCE|77377|393|56
2026-08-02|9Vs-_wdi_IY|19673|158|6
2026-08-02|6IlRqOcjmsQ|15753|129|7
2026-08-02|faK8Lex5pV8|22108|164|7
2026-08-02|K4RhEsnqD5k|113838|2859|228
2026-08-02|fm9C3aLu40s|7555|62|0
2026-08-02|YPeso2r4-IE|36924|179|12
2026-08-02|YGwVV_jfJDs|22670|165|7
2026-08-02|ppZYz3vb_jc|13708|121|12
2026-08-02|j8X7i4a-kxg|14072|132|5
2026-08-02|o6hJEh4RhT0|12605|110|3
2026-08-02|uFQOjwtoJ-Y|140788|1389|51
2026-08-02|QJ7FGV02RTQ|167273|584|103
2026-08-02|dD4WbrK0fpU|31527|437|173
2026-08-02|vndaLFPu1io|40822|584|6
2026-08-02|ORX-3mE_-rU|39028|275|26
2026-08-02|nHEZA3KbQmY|84524|483|2
2026-08-02|PBdNZjiI9ws|4287|54|2
2026-08-02|EqSvkcYdNc8|2355|50|3
2026-08-02|JMXoLZGmeOU|13742|62|0
2026-08-02|Sa4obi0rw1U|1550|13|0
2026-08-02|4VgUOoiCyHQ|8501|71|1
2026-08-02|kk-jq1ECtzg|2420|19|1
2026-08-02|DwRXgd7uiks|15050|118|7
2026-08-02|y6Pj1BgmjKE|10149|106|3
2026-08-02|Qu8Uj2IOYuU|8783|88|2
2026-08-02|96jZU2_6rtk|1445|7|1
2026-08-02|_VqVf-YlFZc|1535|19|0
2026-08-02|R6cSFBXWfwM|1656|7|0
2026-08-02|-VGJvglCuSM|91000|732|1
2026-08-02|pwJV_8t2I4E|58524|339|0
2026-08-02|DTb5HdVIoSc|43844|286|0
2026-08-02|eYaHKkhVIKI|27175|100|12
2026-08-02|Kvb7djYA0vI|15238|320|2
2026-08-02|Dwf53bhSTYg|78378|657|39
2026-08-02|priYFrTJBUc|44624|68|0
2026-08-02|lXv1sMUEFVo|26985|92|4
2026-08-02|u0rjpyjzf9k|366449|837|567
2026-08-02|_stkzkmx0Fk|1288|7|0
2026-08-02|ex9OVwHCpqo|5770|43|1
2026-08-02|p7mnl1cjU50|75937|153|2
2026-08-02|kBkakruyK48|7772|62|0
2026-08-02|R6wYIKShyK0|5853|26|0
2026-08-02|nPeaVFq38CY|2568|25|0
2026-08-02|VAntl4lXop8|8921|49|0
2026-08-02|2BWVKBuKuhw|24778|269|20
2026-08-02|st-FZgqjegs|7781|3|0
2026-08-02|3efNToHt9XI|19412|211|22
2026-08-02|S46tL4dpIoY|42195|167|2
2026-08-02|TvWvm7k28j8|25600|303|2
2026-08-02|IlZJ1lx3OvY|20464|214|3
2026-08-02|E_xy-w0fH0o|2819|33|5
2026-08-02|sb_7BnOdgrA|128921|3074|366
2026-08-02|mUZdjsh-ww0|9174|216|20
2026-08-02|1gb1B14rtKY|2399|36|0
2026-08-02|ONoyiiur2K0|159845|495|276
2026-08-02|Al5t45aquAA|302949|2994|405
2026-08-02|_K5McXQGy_w|151233|3010|385
2026-08-02|WxLlVB8wHkw|986|41|3
2026-08-02|VI691p2CMzw|13732|86|2
2026-08-02|puqynb5IhHE|237030|1022|212
2026-08-02|Iz1GrDk8RAg|18326|448|18
2026-08-02|URuATVZ3YP8|18494|92|9
2026-08-02|2v-2vuMM6lM|234088|504|27
2026-08-02|YJ_B0s27FqA|216012|247|1
2026-08-02|S0CsUmnR7Ns|672|46|2
2026-08-02|z-YKWsx6iUc|323|5|0
2026-08-02|qI9lqu_i0LE|9618|158|5
2026-08-02|Z99dx8emumE|4661|96|8
2026-08-02|xe_v_VdiM9I|161269|725|190
2026-08-02|Usb1H8bFs9o|25642|188|33
2026-08-02|b09cguu1o-A|2040|16|0
2026-08-02|4069M1c-h-M|5250|34|0
2026-08-02|XEHlNKNlIxg|63618|291|719
2026-08-02|33SYEnaZY7g|29758|172|148
2026-08-02|wmJQmC2sB4c|1667|25|2
2026-08-02|Qqc9ax7-yZo|19980|145|118
2026-08-02|CnPHMEwUQls|3|0|0
2026-08-02|m5kUP58R12k|475548|2413|78
2026-08-02|ewqZBP7Keq4|716|8|0
2026-08-02|0vGMtwoKXJI|7|0|0
2026-08-02|VLTNBmMNtf8|90379|480|60
2026-08-02|f7F9SQ66uqE|1244|32|3
2026-08-02|vD3WfwVlWuY|761|5|1
2026-08-02|o2_7jdzkJbQ|264|11|0
2026-08-02|hTw3_nHdXQE|4961|48|7
2026-08-02|CHgLAmtEzgE|221401|3233|156
2026-08-02|DFxtHHOKXi0|851|12|0
2026-08-02|Sd9uvICtEs4|110|0|0
2026-08-02|zo84WNNhdMs|9662|165|2
2026-08-02|bXCMbhuZEXc|995|68|6
2026-08-02|f9dtBW9sie0|3745|30|2
2026-08-02|xm7bWF7LJ8w|13|0|0
2026-08-02|8rR_mCD5Lrw|180610|956|33
2026-08-02|z09nkHInWBw|991|12|1
2026-08-02|INbD9qs1BWE|465820|5985|243
2026-08-02|rcI5wFXCn9s|14018|60|46
2026-08-02|emLtFGb9EFY|1152|14|2
2026-08-02|aESQQGg5Cto|248070|3041|242
2026-08-02|0F5iBc-f3Kw|872|4|1
2026-08-02|yyBiX0qTFX8|5894|47|1
2026-08-02|1sTkmyge3TY|8189|354|1
2026-08-02|5G-SuMKc5as|35|1|0
2026-08-02|a1GRR7Lb4cI|2525|29|24
2026-08-02|I5Q4Fvf5lYk|1486|21|1
2026-08-02|ibcHL0y-caY|10266|96|1
2026-08-02|O5Rx6QuaC74|3592|53|1
2026-08-02|MOjTi2pPJ5g|1620|37|7
2026-08-02|5OOKc_SqLQ4|5223|98|2
2026-08-02|368ERwer2JU|3174|36|0
2026-08-02|ziLaBKQNue0|2484|35|0
2026-08-02|bCxxOU8ap-w|19253|239|1
2026-08-02|W0wuc8XM0pU|8763|106|1
2026-08-02|tivN_WkQPo4|13282|224|6
2026-08-02|ExyTWJR7GrM|2044|26|3
2026-08-02|Zp4JWuJ-Me8|19301|705|10
2026-08-02|9Rwsur-q_i0|5485|67|7
2026-08-02|Ller_FUzPnY|1278|21|0
2026-08-02|pYmG0OARoUc|16760|149|5
2026-08-02|6-0_1akmUHs|10014|69|1
2026-08-02|WVO74jhiAOo|2433|35|2
2026-08-02|dRAClovWwR8|13|0|0
2026-08-02|soQQyxuSdAQ|7232|134|2
2026-08-02|4PtABR6OPTU|21846|141|3
2026-08-02|N-uY-s3zobk|74606|4439|251
2026-08-02|e8tCHHEPyGk|60259|660|7
2026-08-02|3Xm95HDgwr0|560386|3424|557
2026-08-02|_8Cuo5snLtY|4|0|0
2026-08-02|7Z3VJHFjg6k|84|1|1
2026-08-02|EstkQBLD6KI|18309|383|143
2026-08-02|XHssla1NsPc|3|0|0
2026-08-02|pYkI3Oaky8Q|108777|986|230
2026-08-02|j2tTeelHgJk|25679|336|21
2026-08-02|yXT5TFd3G6Y|181003|1929|72
2026-08-02|BHj-idtAlEo|32895|461|34
2026-08-02|q8PWXXOk1u4|410888|2206|93
2026-08-02|JYNBoOL15TY|45846|1250|777
2026-08-02|JAuZTKc1BWM|24446|760|66
2026-08-02|GvXhKC0gVIg|11156|109|3
2026-08-02|e4bNNx9UBA0|67|2|0
2026-08-02|9HZMhG9sCNg|3313|34|59
2026-08-02|_Vb2AWucX-o|53968|602|40
2026-08-02|Sb7C9BD7Myg|53489|569|24
2026-08-02|MkEjomIpuR8|128729|941|23
2026-08-02|TjqbH6ggWy4|23388|63|0
2026-08-02|5n7HYH4W4Og|126902|1455|60
2026-08-02|v9MILgY3qNY|33173|223|30
2026-08-02|iuMEUCF5YoQ|133062|407|2
2026-08-02|ZVQrW0JzSiA|124133|3114|130
2026-08-02|Awn4khcHWSQ|32131|93|0
2026-08-02|e1To8egFFQc|577799|0|26
2026-08-02|3BYSGjDjj9U|9254|52|11
2026-08-02|taHlgtMZ-QQ|7107|83|0
2026-08-02|zagxfWqsMDM|21064|34|0
2026-08-02|QF33RX1_rps|43797|142|4
2026-08-02|mL4A2QbFLXo|8659|202|10
2026-08-02|kg6xKcbFxPo|121130|609|321
2026-08-02|yaWTUKiHZNU|22616|840|12
2026-08-02|dQrsOl4jt_4|90666|767|116
2026-08-02|BqR3B1UhsFc|38958|862|112
2026-08-02|19lsRU7I6CE|11210|196|5
2026-08-02|BrP1Vybr1zc|750|7|0
2026-08-02|IpIPKsr_g64|157|2|0
2026-08-02|5ulNk3BvRWs|68|1|0
2026-08-02|Kn8wwl4pXhg|85310|602|18
2026-08-02|Hr2vhWVIEHs|304906|1000|41
2026-08-02|BkBNRv75HPE|811586|4597|366
2026-08-02|8YCrJyGuO7I|767|4|2
2026-08-02|X9CxF6yFTV4|71404|329|6
2026-08-02|_W799RfnPR0|60580|330|2
2026-08-02|yAvnjSemp9w|120748|1872|77
2026-08-02|7fHzwYUT-UY|124017|545|36
2026-08-02|_gJQREv6PVI|350687|2379|513
2026-08-02|eltplh8PETQ|91568|620|85
2026-08-02|9SXt9bBVzPo|13223|126|8
2026-08-02|eWZPQEHerU4|601187|4052|603
2026-08-02|UjreUuD-CAM|345659|2658|579
2026-08-02|_J5RSho50Os|56787|1227|94
2026-08-02|1rwb-7_GFjU|57792|1043|7
2026-08-02|mJX00ozItlE|7298|121|12
2026-08-02|vt8hIEo2_uc|825|4|0
2026-08-02|CkfhocAao18|7786|200|12
2026-08-02|9wapEdcN4xg|24615|1722|25
2026-08-02|V0VJH5b5whs|1167|8|0
2026-08-02|1KvO-4GCZ6Y|14|5|0
2026-08-02|AiInAQ0MSi0|27083|51|4
2026-08-02|Ht86AlJSbGo|2354|19|7
2026-08-02|oB8U3P-d-fc|10505|86|26
2026-08-02|8hqm56gUDeI|1605|0|1
2026-08-02|UInOI4pn3Gc|7689|949|12
2026-08-02|Z_1S6t38Cxg|123|10|0
2026-08-02|Y6KeyW9uIGI|15995|1167|22
2026-08-02|FQqS9bcBcLs|24445|368|20
2026-08-02|pLLIrFHldqI|28313|278|14
2026-08-02|NozTWTWfSZU|7|0|0
2026-08-02|HiR0CF4HKfI|7|0|0
2026-08-02|tiZqIN4BOCo|18490|27|0
2026-08-02|Wz3XbgK4Vxw|1534|11|1
2026-08-02|T5T8cQH_Eqg|1439|10|2
2026-08-02|5t2H66JyqWQ|17|0|0
2026-08-02|foFFEOdaudM|28|0|0
2026-08-02|xT4s3wF6jOA|7|0|0
2026-08-02|usOrIHxGO1Y|10|0|0
2026-08-02|WvPJIQF6CfI|6255|145|8
2026-08-02|rZ5CyOvhseg|241281|1075|26
2026-08-02|qwRkEI8PP4k|248|11|0
2026-08-02|hZ8nHkxEDwY|592|32|1
2026-08-02|vbe09_s015E|351|0|0
2026-08-02|J4PW9hnfRjM|8916|88|0
2026-08-02|eECxEGjnnms|5795|129|6
2026-08-02|HiMPAyuPLcM|16267|251|0
2026-08-02|V7MheadLhlI|0|0|0
2026-08-02|L78g2pW_jMY|1260|11|2
2026-08-02|p4xmVsOeVp8|35|1|0
2026-08-02|lyZpnIrGgTc|1543|16|0
2026-08-02|b9ua7aW3WQ4|168|11|1
2026-08-02|78r6Rclx3W4|82|0|0
2026-08-02|7JrYxHSt4CM|8012|40|1
2026-08-02|zZeWVtf6jWY|24512|105|2
2026-08-02|qPtIinGXWJY|464|3|0
2026-08-02|xtZNPNpuWCA|143272|12|2
2026-08-02|_hxADk7y_tI|7835|66|1
2026-08-02|MBZUsqs0bks|24306|227|0
2026-08-02|bjNRTQ1ZFrg|59059|550|13
2026-08-02|cURFMHavOT0|2498|23|0
2026-08-02|IbEH-NrsUac|11243|156|2
2026-08-02|P4Yb4u0vGv4|6569|47|0
2026-08-02|rSA28xb6NQI|6993|47|0
2026-08-02|WAKAJ6rDwkY|12852|89|2
2026-08-02|Kfps0cENazo|33701|206|5
2026-08-02|XySSUoRFMxc|1060|18|1
2026-08-02|H9eSvu2Fd30|9552|115|2
2026-08-02|YOySGiHcbXs|4537|26|2
2026-08-02|tNmU3lYr-l0|35|2|1
2026-08-02|IjZ_hNUInXE|2291|14|0
2026-08-02|FMSB_ymd1EE|3377|16|2
2026-08-02|sR81K485yA8|2042|27|1
2026-08-02|C2YyMm57CTc|3989|22|1
2026-08-02|_dzfnBH5pFs|4825|24|3
2026-08-02|jFQDJ-bNFns|460|8|2
2026-08-02|dgLGWO5HFI8|72620|1401|207
2026-08-02|vQ1HPALF9eg|208329|1503|62
2026-08-02|5hL6MGJZpdg|51076|397|52
2026-08-02|Ar6pwU3Pon8|960|14|0
2026-08-02|bZjU-xuAxl4|18|0|0
2026-08-02|UO27FCuAwnM|480|3|2
2026-08-02|vJF4niz1IWQ|3145|0|6
2026-08-02|vnbVwdrKPpk|3229|251|24
2026-08-02|sPqymLzmkYM|1213|22|7
2026-08-02|aXCdxIML3XY|12968|78|0
2026-08-02|td82fnpvh6I|136871|1104|23
2026-08-02|5fHACeTj66Y|6|1|0
2026-08-02|U93VLY76Kz4|264|3|0
2026-08-02|qtaZTJ9JZXA|2077|2|0
2026-08-02|2qoP4Qnpvio|3049|12|2
2026-08-02|Pa00W3-B-tw|18153|179|1
2026-08-02|hLIMHcenHX4|12|1|0
2026-08-02|tkehU9o75dQ|2|1|0
2026-08-02|8OnfJwfh8uI|1139|3|0
2026-08-02|fTYj4nC7GEQ|1272|5|0
2026-08-02|HbOO6U8qlkY|304|8|0
2026-08-02|QyKeYV5CaSc|4793|40|1
2026-08-02|Hq8-uA6cP9c|9336|84|1
2026-08-02|Wm9H0950yAU|8174|428|137
2026-08-02|GyYo6MNDafM|23365|38|1
2026-08-02|etOwLpUOz8E|3341|22|1
2026-08-02|KpqG61jqrKk|36|1|0
2026-08-02|7Dpo2xt81Yw|28322|32|0
2026-08-02|QqIoKmvaUmw|6816|17|0
2026-08-02|x7IBEiEESm8|13187|40|0
2026-08-02|K40aZOp7WDs|100110|547|9
2026-08-02|hB75_VPuaZw|16016|76|2
2026-08-02|bZ4IXDLPjG8|2949|4|0
2026-08-02|S6ZMtNoNN9s|28784|181|0
2026-08-02|m8qT37zZN7M|13577|53|0
2026-08-02|XbzQB4eIM8o|1029|1|0
2026-08-02|_Vzv2YIjGns|988|10|1
2026-08-02|bDs28Xnp1Q0|19601|90|11
2026-08-02|8_P7D_c7Mjk|46065|272|6
2026-08-02|0FAbYWGd1v8|1780|13|3
2026-08-02|EH0DcZbejTs|82492|264|1
2026-08-02|4Rh79-I0m-M|1897|5|1
2026-08-02|rZr6F_1hkQc|3369|52|0
2026-08-02|MMJct8CxzTM|34847|433|1
2026-08-02|Zvw4JgD09R4|5447|11|0
2026-08-02|GwCXA2pW2mk|87015|721|26
2026-08-02|CmZgzz3g104|27202|426|7
2026-08-02|xznuE3AFFLw|8211|152|1
2026-08-02|BvvvZI-ADU8|1614|4|0
2026-08-02|7a4vkDAYmo8|47|2|1
2026-08-02|B9Iqc2uipj8|3|0|0
2026-08-02|_-v-l-EeAJg|26075|124|1
2026-08-02|vHpEBqHnojY|7|1|0
2026-08-02|FaXsG2s5j0w|0|0|0
2026-08-02|t7DZLa3wra4|0|0|0
2026-08-02|Wr_AIrY-XZU|2255|9|1
2026-08-02|3DrpTvluGHw|20584|57|1
2026-08-02|Siw7RmlxaFg|7|0|0
2026-08-02|JCNcm4xMo5Y|29012|137|2
2026-08-02|1WykwOo2p9w|1471|4|0
2026-08-02|u73z-MixWVo|27398|50|0
2026-08-02|pMGj-GbLcMU|824|4|0
2026-08-02|SCEhoPg0_ZM|20338|56|1
2026-08-02|cR0pTCdLeo8|4065|18|0
2026-08-02|noatZ0FXkpE|5609|33|0
2026-08-02|P77T_9xtu84|5091|34|0
2026-08-02|YpESgFjFRJk|32152|230|6
2026-08-02|KJfo3jbrl90|4597|10|0
2026-08-02|5hm47kgx6vo|321840|1728|6
2026-08-02|tFgZjE7ZKpg|12227|154|0
2026-08-02|amtc10DKX_4|1176|10|0
2026-08-02|b6PpXzJ9GZk|30998|328|30
2026-08-02|8vvOJojtRHA|65945|578|12
2026-08-02|kioNoVlDFVY|2918|13|1
2026-08-02|yKfD-msNCYQ|1490|5|0
2026-08-02|mHSvAUOXV6Y|113|5|0
2026-08-02|Rsn1wW1SjtA|188851|3258|203
2026-08-02|b5aOflxvbgQ|44735|212|4
2026-08-02|gf2AxA7Y0Kg|51600|470|11
2026-08-02|9gYmajjBIsQ|17958|37|1
2026-08-02|ZA-_mZ2LL6A|31657|200|12
2026-08-02|L4nI2ENXHHs|69329|632|66
2026-08-02|PISobs7NcJw|59915|458|14
2026-08-02|e0foGjf2QVw|446610|2188|247
2026-08-02|1OoJH3RPm1I|51614|762|23
2026-08-02|TO2f1XYjIUM|69408|523|6
2026-08-02|UM03vngLmP8|37|0|0
2026-08-02|ZXQDrOP3324|5|0|0
2026-08-02|e7HFfcee3Hc|5592|22|2
2026-08-02|3uKi1sCCmPM|2192|4|1
2026-08-02|46vVL2HCRVE|1137|2|0
2026-08-02|daGOaLYQy0o|808|3|0
2026-08-02|pG1FTHu-zbY|1547|5|1
2026-08-02|55NGgrbPo7k|2714|18|1
2026-08-02|6m9xcmlhlq8|9478|29|0
2026-08-02|-HZkCGbADdk|202470|1386|241
2026-08-02|MFQ3xifVrIU|5493|17|1
2026-08-02|7BYXgHb1S_U|2997|15|6
2026-08-02|rJuYwBs0F-c|3405|15|0
2026-08-02|JbQLQvcCl8U|2021|9|0
2026-08-02|vqSXiNNen6M|310|1|0
2026-08-02|VlEQuLQwzx0|580|1|0
2026-08-02|L_u1ckgFbcg|607|5|0
2026-08-02|pUI783EPXvY|21452|177|21
2026-08-02|JRbz6fq8awc|40745|245|15
2026-08-02|sZSIeHspuF0|32299|229|22
2026-08-02|RVUL7joIyOE|12461|94|4
2026-08-02|YjFKWzv_eVM|32920|220|47
2026-08-02|f8Hoz4UiY0A|14412|144|5
2026-08-02|mMcOzgPmm8o|14572|108|5
2026-08-02|5PF9MB43aIA|1|0|0
2026-08-02|xavFD_f4xY8|7937|124|23
2026-08-02|ZIaijagWOo4|13143|111|7
2026-08-02|Fjafg9L5vDY|33585|319|7
2026-08-02|em6PBUvWUVQ|2690|63|2
2026-08-02|3Fq0ztUIoLA|3689|102|12
2026-08-02|l-pGHvAgfbo|27472|1756|173
2026-08-02|glpUJtfdUqQ|26513|509|7
2026-08-02|HKj9yCm2R4A|583235|566|60
2026-08-02|jkTLsJB2pzs|15183|499|4
2026-08-02|i-SK2HaZWN4|47369|646|9
2026-08-02|gPmwT7HGhLg|21493|1166|30
2026-08-02|0yoGiUME7dc|18878|702|10
2026-08-02|U7xaLXID-3M|4072|51|3
2026-08-02|tCGLY8bhRmI|8084|41|1
2026-08-02|eV6zbGSnYnw|8007|109|1
2026-08-02|w04dwjRbqCk|11725|210|4
2026-08-03|VljKV1kCy_k|545|7|4
2026-08-03|TL5ZE1BOw1o|7552|64|6
2026-08-03|zVyvlm-DEOc|654|10|0
2026-08-03|n1vpvzFy-fM|527|4|0
2026-08-03|3Bd3iAlfo6g|609|6|1
2026-08-03|IzFERIsb1uM|5509|11|0
2026-08-03|uPYo6VsTgmk|2767|33|2
2026-08-03|nDZx7CPY7ko|1123|12|0
2026-08-03|uQIBD_Npeb0|1971|13|0
2026-08-03|SkRGqGbH9nQ|1310|14|2
2026-08-03|bPclYGGTqko|3215|43|0
2026-08-03|goAKAImmI-E|2406|9|1
2026-08-03|KGSocXb_9BY|1347|6|0
2026-08-03|v1a10hoddU8|1499|10|0
2026-08-03|vlhAU5PTWvU|64189|632|13
2026-08-03|EEqKhbqDf6o|26491|282|4
2026-08-03|CnbZ0XUE3xU|52077|317|451
2026-08-03|cA2z69Wrw6E|13753|192|7
2026-08-03|7sBrPBunMRI|23424|131|119
2026-08-03|5MSLsmgbNDA|17698|130|62
2026-08-03|jLSz3aA1Uzw|471|13|2
2026-08-03|i_H9fcRs6w4|4438|70|1
2026-08-03|qLHqCmPhKyc|19279|200|3
2026-08-03|dwLO5x2pPrA|9339|71|0
2026-08-03|DaMPbELCkk4|24104|251|3
2026-08-03|VupOL_gO_1w|7032|64|2
2026-08-03|iWgmpDUFqPQ|2056|31|3
2026-08-03|qcuq8TNyUCw|3552|75|10
2026-08-03|1nenDh8UtkE|5870|60|6
2026-08-03|hye1ZLgjCXY|6872|83|8
2026-08-03|9aMGdywDNuQ|27091|243|13
2026-08-03|c2DqimYw-Z0|2096|22|3
2026-08-03|3CGSn_TYLZw|534|2|0
2026-08-03|sx74AZ_WbqY|128501|1015|44
2026-08-03|mxY8CDPNzRI|3820|94|8
2026-08-03|geq67hpTQ4g|46458|184|2
2026-08-03|7qNRsGM2lEM|235073|1324|88
2026-08-03|_V_kTp6r-9M|22679|191|1
2026-08-03|UY-lPhnFHSo|28288|225|14
2026-08-03|tmoJuYJTtrU|16290|216|15
2026-08-03|8lmWo-ArFiQ|182563|873|4
2026-08-03|uZD15w8KTHg|339404|1091|2
2026-08-03|BiK-Bpcddvs|14489|202|1
2026-08-03|mWI5EF-j7Fg|8898|50|0
2026-08-03|pOQ45l4RQAg|27969|267|5
2026-08-03|Y5GUE0gJqg4|12962|147|0
2026-08-03|k8I_GWORHTM|24343|49|0
2026-08-03|fHX1ntdixhw|87625|527|14
2026-08-03|LK6cr-9rfek|73624|807|184
2026-08-03|vVaZaShYuAM|0|0|0
2026-08-03|IIi0nTBPWK0|3|1|0
2026-08-03|6rP9JZ-13eg|1203|4|0
2026-08-03|eLe1VI-SM7w|802930|4794|352
2026-08-03|oB6vBUlJhNM|123486|0|4
2026-08-03|5vgo7kJxs_U|202859|1360|102
2026-08-03|ubCnNH7Rl7A|143047|672|9
2026-08-03|5RhyINKciE8|13726|28|1
2026-08-03|U_-osEsxYyk|617017|8521|136
2026-08-03|MK46Ind7u9U|5113|34|0
2026-08-03|_o6jcs1C1FU|4|1|0
2026-08-03|JqDZRL3DX1c|419765|2734|237
2026-08-03|3mcgKRpLQC8|174479|1050|102
2026-08-03|UfQAx2OTo1s|5467|84|86
2026-08-03|_rZ0uKYFmxo|1501052|16902|80
2026-08-03|LneqOnqXyq4|103497|2379|155
2026-08-03|ZySkQ9PZ0F0|144148|1972|67
2026-08-03|xX-1K9Npm7E|3171|36|3
2026-08-03|-l6CKKsd440|40451|241|14
2026-08-03|UBELQidjwDY|1531|37|1
2026-08-03|rBJprtY-8tk|1843|23|0
2026-08-03|S54no5RkTy0|10275|63|11
2026-08-03|hnSpuodjixA|21423|143|21
2026-08-03|V8DQdtSwuOk|38123|252|29
2026-08-03|OJ9dKPmjTNA|20634|93|3
2026-08-03|KmLyxLCBuFs|35458|277|19
2026-08-03|sLTJTA81Fi8|14575|125|12
2026-08-03|_ok0UjR9RM4|53781|345|39
2026-08-03|KkZ6DCXYKuw|16274|132|9
2026-08-03|P3QuF40u3kk|21924|118|1
2026-08-03|J13l0J86l6s|13054|105|0
2026-08-03|lB0FVgqaSkc|15541|120|5
2026-08-03|Of5V-gA2PrY|13340|99|2
2026-08-03|o1TYmEPusAQ|9349|90|1
2026-08-03|OdGSjMC8blk|7744|47|0
2026-08-03|xZ40s8rXFhk|363|26|1
2026-08-03|61naCxgMyVQ|3805|26|0
2026-08-03|zJKzg5Y2ZUE|5854|66|1
2026-08-03|MI0i5bM89j8|11118|62|0
2026-08-03|eGido_ttrko|5528|63|2
2026-08-03|i4LimtdT7yY|2799|23|0
2026-08-03|kW9tgjXfb9A|1096|12|0
2026-08-03|UCghy9iKvyE|2594|34|0
2026-08-03|C8bJ87dVzOY|1697|14|1
2026-08-03|810f42SEAhY|1954|20|1
2026-08-03|ksgFM5SbIS4|1493|24|0
2026-08-03|n1sJD7_RbxY|3470|25|4
2026-08-03|RlinpjrlzVQ|2229|18|0
2026-08-03|oILsPD2s21o|4227|40|4
2026-08-03|SH199W2UVYw|15779|139|13
2026-08-03|AhaVtSdJNtY|21647|172|7
2026-08-03|lxo0u6rATkk|11956|90|15
2026-08-03|hxqJYMyTZqk|1437|24|0
2026-08-03|zgeIpFZJh0g|1220|29|0
2026-08-03|Jbe5pADNb5I|4070|89|3
2026-08-03|plItcZTmxrU|1801|17|0
2026-08-03|WVS3xVMyETE|8025|91|7
2026-08-03|rOf3Awi4XOA|9613|41|11
2026-08-03|HWnSkaTMnZY|2779|41|8
2026-08-03|xeptIa9UbHk|3746|56|7
2026-08-03|toi6Iu3CiZo|1802|23|0
2026-08-03|x75vX862Tgc|17855|187|2
2026-08-03|wy8c5VwBbjc|37288|1080|78
2026-08-03|eCplbIVQ5zU|4536|58|17
2026-08-03|NoiFxZsmNPc|8052|181|6
2026-08-03|5dKrLXthTGY|56483|418|73
2026-08-03|L-N1ULTZhKY|80314|1151|32
2026-08-03|VbdgLvapf7g|7256|126|2
2026-08-03|Cn_SmW3bS68|14858|86|10
2026-08-03|Ww_LzcgtyjI|235174|1247|45
2026-08-03|lr_OWJfj7ow|8717|56|16
2026-08-03|SHBTDvefBaQ|3304|17|3
2026-08-03|zFCqIp1qJg0|59764|339|21
2026-08-03|9v5AxbMwgZk|3557|29|7
2026-08-03|iSPKvZnOwZw|13863|28|1
2026-08-03|9ZXgwEkhdX8|682|2|1
2026-08-03|jRhA2LV-kuQ|52179|283|63
2026-08-03|LcIyJ8iM1cs|53356|284|19
2026-08-03|2Eq3cOwpm6E|23084|80|3
2026-08-03|3J66zrB7NW4|7259|61|2
2026-08-03|WqH3cEpx-W8|2587|19|0
2026-08-03|kTGfKyP3kwE|13519|54|1
2026-08-03|UqVfe5oGLJk|14063|42|0
2026-08-03|a-txjGUqJjI|83429|334|8
2026-08-03|mUT0l52sZs4|6867|78|0
2026-08-03|6zitB2qBNEU|4557|15|0
2026-08-03|SE18_eH3FsM|168097|710|196
2026-08-03|pQrw9iYCU7g|155849|1323|145
2026-08-03|dQXa1n8BPIE|206839|724|105
2026-08-03|R0HlvGLRX3k|33579|712|63
2026-08-03|W52phqOW20g|135155|23306|1234
2026-08-03|MeTx9y2AFa8|2540|5|0
2026-08-03|sarETzAQCBY|29734|121|0
2026-08-03|P78PYAN_UM8|12407|109|13
2026-08-03|GFJWVM63QhU|23459|0|0
2026-08-03|AROZtDEYOMs|2188|20|0
2026-08-03|lmaHUY7OG5A|5634|32|0
2026-08-03|veLxt7Xogjc|24626|176|10
2026-08-03|IgoLOhumxXg|3636|18|0
2026-08-03|BqKUK1QMepg|3478|30|1
2026-08-03|AmxAu0bk7pQ|59129|243|67
2026-08-03|95cyJOU8CRI|18150|192|0
2026-08-03|NSFqIi4ACJw|6356|57|5
2026-08-03|8nRzytmp9_w|23848|117|1
2026-08-03|J1u_VRuhuns|118038|2558|90
2026-08-03|YGzMkCkzPPc|2662|27|0
2026-08-03|zCoJxPQxGLI|2013|10|0
2026-08-03|Mh_9Mjt81yQ|69710|169|0
2026-08-03|zzBpZ0Obvao|8625|89|3
2026-08-03|v07tougVDSI|109426|438|95
2026-08-03|iIa4P8yfT-0|58752|278|20
2026-08-03|6JCqWJ0syH0|38283|213|20
2026-08-03|NwIY1_uDaxY|8622|83|2
2026-08-03|T25pDS7l5YQ|657|30|3
2026-08-03|HG491wbNhGQ|33566|162|32
2026-08-03|PgMbc_UwiMw|27383|120|4
2026-08-03|sXMv9L0KMgc|18060|81|10
2026-08-03|JW_fPFkuF4M|34669|136|3
2026-08-03|h0Np_gvRY2w|107298|813|15
2026-08-03|2ajDDJzPJHE|476674|4907|52
2026-08-03|ZfPr3Y7w5D4|293238|2316|194
2026-08-03|Tet8KLqfLs4|29444|577|14
2026-08-03|l3crDIZ1Nog|31952|142|39
2026-08-03|yFN23p06-Vc|11305|65|1
2026-08-03|lLK6LDNpBzg|4812|37|0
2026-08-03|ZCQJH84VRTI|6335|34|0
2026-08-03|3zIXJ4Viz9s|3891|34|0
2026-08-03|kvH_z6-7oX0|4686|34|0
2026-08-03|RWKyFmXMe28|1970|17|0
2026-08-03|DVt6m8psQ_I|31058|99|0
2026-08-03|Qm6W4EOiJmA|10145|44|0
2026-08-03|IxWczIdbxY0|10771|93|0
2026-08-03|-eLUFJ3GUZI|1569|8|0
2026-08-03|3lF_jgM-otE|5885|40|10
2026-08-03|ek8dc3P2LcQ|16189|114|5
2026-08-03|HkZMjTte68s|2033|23|1
2026-08-03|yK1QLkuHP8s|100630|769|31
2026-08-03|gvKJ5wqXxHk|2086|21|2
2026-08-03|CiaswYzjH_g|6488|57|7
2026-08-03|1bcaaHsoKz4|18057|161|9
2026-08-03|eUTzl923t6o|27974|218|38
2026-08-03|RgJKUu8yn5Q|17600|161|38
2026-08-03|lC_jhddF9qY|20727|197|4
2026-08-03|Ly-4I7ojXy8|71385|523|35
2026-08-03|kMrm9BcMYYo|20147|473|6
2026-08-03|7gAQg68eANg|7431|124|47
2026-08-03|61P3LiNBM1o|8702|56|3
2026-08-03|557vxP4XN2s|31252|957|32
2026-08-03|VVxnQk9Y5rs|98382|527|259
2026-08-03|jxb9zwMbfvg|3324|31|0
2026-08-03|rLQ2W8MK8Qk|17075|275|21
2026-08-03|89m2o4YW8so|111354|1251|126
2026-08-03|AIFDPIlGt8E|97209|382|291
2026-08-03|3PaHMmHZ3dk|58078|356|157
2026-08-03|RzMk_yguufw|55770|309|140
2026-08-03|hYzwyfGsrro|26836|301|36
2026-08-03|K4lHJl1kVWI|12710|274|40
2026-08-03|-9tDeT4LqiA|328|9|0
2026-08-03|WyWB7MwU2jA|2539902|29049|5681
2026-08-03|5kWl85Z7qic|39439|265|7
2026-08-03|ViQGhRTZhao|128310|506|6
2026-08-03|LBv3_Pi5DPA|272124|988|16
2026-08-03|xa5ubrMbms8|137224|311|1
2026-08-03|lRxOoliEUjM|390111|324|18
2026-08-03|N2na8QHffK4|322822|487|46
2026-08-03|rJayWf3eAk8|4019|16|0
2026-08-03|gKXqP6f_DS8|1269|21|0
2026-08-03|sOIQ6lTX0jc|1|0|0
2026-08-03|PnCFw3PN-U0|4|0|0
2026-08-03|3-xUM8V_jfk|3|0|0
2026-08-03|ujj0H0ycY4k|291648|2844|207
2026-08-03|FnUAkPQB-og|2148|7|0
2026-08-03|GqOOCXC1cFw|23428|169|7
2026-08-03|QcfVKaKDp1Q|29035|242|1
2026-08-03|mabJM_1fQDo|49974|489|6
2026-08-03|ewqZBP7Keq4|1137|15|0
2026-08-03|YJ_B0s27FqA|334544|292|1
2026-08-03|5JUGB2afQCE|89127|423|57
2026-08-03|2UJUcPExzDA|22777|170|26
2026-08-03|Z99dx8emumE|5754|107|10
2026-08-03|xe_v_VdiM9I|204004|841|209
2026-08-03|Usb1H8bFs9o|27855|200|34
2026-08-03|ONoyiiur2K0|200127|549|307
2026-08-03|Qqc9ax7-yZo|22969|166|122
2026-08-03|f7F9SQ66uqE|1328|33|3
2026-08-03|4069M1c-h-M|5681|35|0
2026-08-03|2v-2vuMM6lM|383626|642|42
2026-08-03|S0CsUmnR7Ns|746|49|3
2026-08-03|kk-jq1ECtzg|3356|27|1
2026-08-03|z-YKWsx6iUc|371|6|0
2026-08-03|yjRcVeTiWOA|33512|235|17
2026-08-03|b09cguu1o-A|2271|22|0
2026-08-03|qI9lqu_i0LE|12919|177|6
2026-08-03|wmJQmC2sB4c|2326|31|2
2026-08-03|1gb1B14rtKY|2892|41|0
2026-08-03|33SYEnaZY7g|33767|189|178
2026-08-03|XEHlNKNlIxg|72285|329|793
2026-08-03|82Tu2B-XIOw|157855|1477|13
2026-08-03|mUZdjsh-ww0|10298|228|25
2026-08-03|PBdNZjiI9ws|4699|56|2
2026-08-03|9Vs-_wdi_IY|23898|165|6
2026-08-03|6IlRqOcjmsQ|17285|134|7
2026-08-03|faK8Lex5pV8|25318|169|7
2026-08-03|E_xy-w0fH0o|2899|33|5
2026-08-03|VI691p2CMzw|15404|95|2
2026-08-03|s4l58qK17tY|36734|300|28
2026-08-03|_stkzkmx0Fk|2064|8|0
2026-08-03|ex9OVwHCpqo|6141|45|1
2026-08-03|p7mnl1cjU50|83402|166|3
2026-08-03|kBkakruyK48|10838|73|0
2026-08-03|R6wYIKShyK0|6189|27|1
2026-08-03|priYFrTJBUc|50375|79|0
2026-08-03|nPeaVFq38CY|2934|28|0
2026-08-03|JMXoLZGmeOU|14516|69|0
2026-08-03|Sa4obi0rw1U|2629|19|0
2026-08-03|VAntl4lXop8|9268|49|0
2026-08-03|S46tL4dpIoY|44766|173|2
2026-08-03|a5ZneZNlbWM|26214|161|14
2026-08-03|3efNToHt9XI|29892|286|30
2026-08-03|Dwf53bhSTYg|128203|953|47
2026-08-03|k3Sml2uJc4I|1514|20|0
2026-08-03|Fi37tEq9930|17131|117|4
2026-08-03|UrLlXlWkn3U|34365|218|15
2026-08-03|Oa2VJC8kKD8|93014|479|21
2026-08-03|DwRXgd7uiks|16405|116|7
2026-08-03|ORX-3mE_-rU|45783|289|28
2026-08-03|o6hJEh4RhT0|14058|113|4
2026-08-03|ppZYz3vb_jc|14775|121|12
2026-08-03|YGwVV_jfJDs|25270|169|7
2026-08-03|YPeso2r4-IE|43680|190|12
2026-08-03|EqSvkcYdNc8|2821|54|3
2026-08-03|4VgUOoiCyHQ|9448|76|1
2026-08-03|nHEZA3KbQmY|90923|496|2
2026-08-03|-VGJvglCuSM|99407|802|2
2026-08-03|TvWvm7k28j8|28073|338|2
2026-08-03|IlZJ1lx3OvY|22022|234|3
2026-08-03|eYaHKkhVIKI|27228|101|12
2026-08-03|vndaLFPu1io|48749|653|6
2026-08-03|DTb5HdVIoSc|45295|296|0
2026-08-03|pwJV_8t2I4E|62492|363|0
2026-08-03|URuATVZ3YP8|21103|97|14
2026-08-03|2BWVKBuKuhw|27379|284|20
2026-08-03|Iz1GrDk8RAg|27833|633|20
2026-08-03|K4RhEsnqD5k|167651|4083|306
2026-08-03|j8X7i4a-kxg|21781|181|7
2026-08-03|dD4WbrK0fpU|35292|465|188
2026-08-03|CnPHMEwUQls|5|0|0
2026-08-03|0vGMtwoKXJI|7|0|0
2026-08-03|Al5t45aquAA|330140|3129|402
2026-08-03|u0rjpyjzf9k|423798|856|579
2026-08-03|lXv1sMUEFVo|30001|102|5
2026-08-03|zyuCdOPy-mo|7223|60|2
2026-08-03|_K5McXQGy_w|173228|3246|405
2026-08-03|puqynb5IhHE|258239|1094|326
2026-08-03|st-FZgqjegs|27595|12|0
2026-08-03|VLTNBmMNtf8|134583|536|65
2026-08-03|m5kUP58R12k|483719|2429|77
2026-08-03|WxLlVB8wHkw|1255|46|4
2026-08-03|sb_7BnOdgrA|131827|3116|378
2026-08-03|1MOHQ-Sg4iI|25|0|0
2026-08-03|y6Pj1BgmjKE|10837|110|3
2026-08-03|96jZU2_6rtk|1585|10|1
2026-08-03|Kvb7djYA0vI|24081|486|2
2026-08-03|Qu8Uj2IOYuU|13129|135|5
2026-08-03|fm9C3aLu40s|11656|104|0
2026-08-03|Jb2bE-3uoao|1506|10|0
2026-08-03|ZZ1MxR7_RaI|3101|14|0
2026-08-03|qKm21fV3xts|11406|210|2
2026-08-03|R6cSFBXWfwM|1796|9|0
2026-08-03|_xY5WIcAK1M|7240|126|3
2026-08-03|VDFndOy80VE|17333|130|5
2026-08-03|dePs7UPp6GQ|2195841|92968|6409
2026-08-03|5XNwPwBjFvw|247483|2241|156
2026-08-03|QJ7FGV02RTQ|178142|608|85
2026-08-03|_VqVf-YlFZc|1662|22|0
2026-08-03|emLtFGb9EFY|1175|15|2
2026-08-03|pYmG0OARoUc|27102|243|5
2026-08-03|z09nkHInWBw|1019|12|1
2026-08-03|xm7bWF7LJ8w|13|0|0
2026-08-03|rcI5wFXCn9s|17385|77|53
2026-08-03|0F5iBc-f3Kw|875|4|1
2026-08-03|Sd9uvICtEs4|110|0|0
2026-08-03|vD3WfwVlWuY|763|5|1
2026-08-03|a1GRR7Lb4cI|2791|28|24
2026-08-03|dRAClovWwR8|19|0|0
2026-08-03|tivN_WkQPo4|14058|233|7
2026-08-03|DFxtHHOKXi0|857|13|0
2026-08-03|5G-SuMKc5as|35|1|0
2026-08-03|ziLaBKQNue0|2652|37|0
2026-08-03|6-0_1akmUHs|13315|88|1
2026-08-03|WVO74jhiAOo|3079|38|3
2026-08-03|5n7HYH4W4Og|165234|2062|79
2026-08-03|soQQyxuSdAQ|14417|267|8
2026-08-03|W0wuc8XM0pU|10402|118|1
2026-08-03|bCxxOU8ap-w|20889|264|2
2026-08-03|5OOKc_SqLQ4|5483|105|2
2026-08-03|368ERwer2JU|3392|40|0
2026-08-03|I5Q4Fvf5lYk|1601|25|1
2026-08-03|bXCMbhuZEXc|1138|75|6
2026-08-03|Ller_FUzPnY|1467|21|0
2026-08-03|kg6xKcbFxPo|123170|621|324
2026-08-03|dQrsOl4jt_4|93014|779|118
2026-08-03|BqR3B1UhsFc|49940|1079|134
2026-08-03|19lsRU7I6CE|12900|235|6
2026-08-03|eWZPQEHerU4|608813|4074|609
2026-08-03|9SXt9bBVzPo|22824|210|10
2026-08-03|yAvnjSemp9w|158955|2072|99
2026-08-03|9HZMhG9sCNg|4809|39|80
2026-08-03|_gJQREv6PVI|417930|2625|579
2026-08-03|GvXhKC0gVIg|11548|113|3
2026-08-03|UjreUuD-CAM|387745|2881|621
2026-08-03|e4bNNx9UBA0|72|2|0
2026-08-03|Kn8wwl4pXhg|103204|698|24
2026-08-03|Hr2vhWVIEHs|309590|1016|41
2026-08-03|QF33RX1_rps|45053|147|4
2026-08-03|3Xm95HDgwr0|585509|3546|565
2026-08-03|7Z3VJHFjg6k|86|1|1
2026-08-03|td82fnpvh6I|145896|1146|23
2026-08-03|JAuZTKc1BWM|24496|759|66
2026-08-03|eltplh8PETQ|106596|718|101
2026-08-03|yaWTUKiHZNU|23115|858|12
2026-08-03|DaaCF-3dEOU|88527|640|41
2026-08-03|9Rwsur-q_i0|5526|68|7
2026-08-03|_J5RSho50Os|58524|1240|93
2026-08-03|Zp4JWuJ-Me8|20097|710|10
2026-08-03|-uvMBIBxvVA|8185|268|4
2026-08-03|e1To8egFFQc|812221|0|36
2026-08-03|ZVQrW0JzSiA|149079|3701|131
2026-08-03|TjqbH6ggWy4|23577|66|0
2026-08-03|Awn4khcHWSQ|33061|94|0
2026-08-03|v9MILgY3qNY|34006|232|31
2026-08-03|hTw3_nHdXQE|5884|49|7
2026-08-03|f9dtBW9sie0|5885|37|2
2026-08-03|o2_7jdzkJbQ|340|11|0
2026-08-03|MOjTi2pPJ5g|1712|39|7
2026-08-03|O5Rx6QuaC74|3811|59|1
2026-08-03|ibcHL0y-caY|10478|98|1
2026-08-03|ExyTWJR7GrM|2143|27|3
2026-08-03|1sTkmyge3TY|8555|360|1
2026-08-03|XHssla1NsPc|3|0|0
2026-08-03|EstkQBLD6KI|22431|417|157
2026-08-03|iuMEUCF5YoQ|151719|442|2
2026-08-03|3BYSGjDjj9U|11003|58|11
2026-08-03|jyqhkGuBQE4|15076|91|3
2026-08-03|vt8hIEo2_uc|826|4|0
2026-08-03|e8tCHHEPyGk|61100|671|7
2026-08-03|UInOI4pn3Gc|8086|967|12
2026-08-03|FQqS9bcBcLs|24485|369|20
2026-08-03|pLLIrFHldqI|28818|288|14
2026-08-03|NozTWTWfSZU|7|0|0
2026-08-03|HiR0CF4HKfI|7|0|0
2026-08-03|tiZqIN4BOCo|18492|27|0
2026-08-03|lyZpnIrGgTc|1543|16|0
2026-08-03|b9ua7aW3WQ4|195|11|1
2026-08-03|78r6Rclx3W4|104|0|0
2026-08-03|vnbVwdrKPpk|3720|274|30
2026-08-03|vJF4niz1IWQ|4038|0|8
2026-08-03|UO27FCuAwnM|506|3|2
2026-08-03|bZjU-xuAxl4|21|0|0
2026-08-03|Ar6pwU3Pon8|960|14|0
2026-08-03|5hL6MGJZpdg|61900|483|63
2026-08-03|Y6KeyW9uIGI|16309|1177|22
2026-08-03|9wapEdcN4xg|25524|1750|26
2026-08-03|dgLGWO5HFI8|72622|1402|207
2026-08-03|8hqm56gUDeI|1606|0|1
2026-08-03|hZ8nHkxEDwY|609|32|1
2026-08-03|qwRkEI8PP4k|265|11|0
2026-08-03|rZ5CyOvhseg|264853|1173|30
2026-08-03|WvPJIQF6CfI|6306|144|8
2026-08-03|usOrIHxGO1Y|12|0|0
2026-08-03|xT4s3wF6jOA|11|0|0
2026-08-03|foFFEOdaudM|35|0|0
2026-08-03|5t2H66JyqWQ|18|0|0
2026-08-03|T5T8cQH_Eqg|1441|12|2
2026-08-03|Wz3XbgK4Vxw|1542|12|1
2026-08-03|V0VJH5b5whs|1178|9|0
2026-08-03|1KvO-4GCZ6Y|14|5|0
2026-08-03|AiInAQ0MSi0|27223|51|4
2026-08-03|Ht86AlJSbGo|2364|19|7
2026-08-03|oB8U3P-d-fc|11027|88|26
2026-08-03|vQ1HPALF9eg|238569|1849|68
2026-08-03|jFQDJ-bNFns|470|8|2
2026-08-03|J4PW9hnfRjM|8949|89|0
2026-08-03|xtZNPNpuWCA|186160|12|2
2026-08-03|zZeWVtf6jWY|25808|109|2
2026-08-03|b5aOflxvbgQ|47129|227|5
2026-08-03|gf2AxA7Y0Kg|61220|546|11
2026-08-03|4NfsBBN59HM|7189|113|3
2026-08-03|Gxj28u1n3rc|288965|3559|726
2026-08-03|XdYVphtABIQ|27158|231|9
2026-08-03|JKE5h1yDyzc|90787|523|55
2026-08-03|5TEI0Hg4cJo|386319|4905|64
2026-08-03|OrModJTVICw|35360|327|5
2026-08-03|DDpkBxp3Glg|28480|180|15
2026-08-03|UzwBlr9TBNc|500958|2053|52
2026-08-03|BnvDeBCaNQw|30085|304|0
2026-08-03|1do2YQAmfqs|48137|228|5
2026-08-03|0KhS3Z88zYs|128280|128|2
2026-08-03|UQN7A9wT1e0|263219|1388|48
2026-08-03|qPtIinGXWJY|772|7|0
2026-08-03|_hxADk7y_tI|8415|72|1
2026-08-03|_dzfnBH5pFs|5269|26|3
2026-08-03|MBZUsqs0bks|25857|243|0
2026-08-03|C2YyMm57CTc|5603|26|1
2026-08-03|sR81K485yA8|2794|33|1
2026-08-03|FMSB_ymd1EE|3618|17|2
2026-08-03|IjZ_hNUInXE|2426|14|0
2026-08-03|YOySGiHcbXs|5308|29|2
2026-08-03|7JrYxHSt4CM|8128|40|1
2026-08-03|H9eSvu2Fd30|11036|125|2
2026-08-03|XySSUoRFMxc|1107|20|1
2026-08-03|Kfps0cENazo|35368|211|5
2026-08-03|WAKAJ6rDwkY|13095|89|2
2026-08-03|rSA28xb6NQI|7091|47|0
2026-08-03|P4Yb4u0vGv4|6733|47|0
2026-08-03|IbEH-NrsUac|11441|157|2
2026-08-03|cURFMHavOT0|2597|24|0
2026-08-03|bjNRTQ1ZFrg|62212|569|11
2026-08-03|vbe09_s015E|380|0|0
2026-08-03|eECxEGjnnms|5851|131|6
2026-08-03|QPePlCYNzfY|17733|294|9
2026-08-03|U93VLY76Kz4|292|4|0
2026-08-03|2qoP4Qnpvio|3119|12|2
2026-08-03|Pa00W3-B-tw|20627|193|1
2026-08-03|hLIMHcenHX4|13|1|0
2026-08-03|tkehU9o75dQ|2|1|0
2026-08-03|5fHACeTj66Y|7|1|0
2026-08-03|8OnfJwfh8uI|1140|3|0
2026-08-03|HbOO6U8qlkY|304|8|0
2026-08-03|QyKeYV5CaSc|5767|50|1
2026-08-03|Hq8-uA6cP9c|11229|100|1
2026-08-03|Wm9H0950yAU|9499|469|144
2026-08-03|GyYo6MNDafM|23870|41|1
2026-08-03|etOwLpUOz8E|3990|22|1
2026-08-03|MMJct8CxzTM|36035|435|1
2026-08-03|Zvw4JgD09R4|6595|12|0
2026-08-03|GwCXA2pW2mk|94629|761|27
2026-08-03|qtaZTJ9JZXA|2082|2|0
2026-08-03|KpqG61jqrKk|38|1|0
2026-08-03|mHSvAUOXV6Y|130|5|0
2026-08-03|7Dpo2xt81Yw|28331|32|0
2026-08-03|rZr6F_1hkQc|4261|68|0
2026-08-03|4Rh79-I0m-M|2098|5|1
2026-08-03|EH0DcZbejTs|85402|269|2
2026-08-03|0FAbYWGd1v8|1834|13|3
2026-08-03|8_P7D_c7Mjk|85213|524|16
2026-08-03|bDs28Xnp1Q0|21820|106|11
2026-08-03|_Vzv2YIjGns|1015|11|1
2026-08-03|XbzQB4eIM8o|1029|1|0
2026-08-03|TxPOJMCLjmk|20325|76|0
2026-08-03|IfvQiqgEB3U|20470|195|0
2026-08-03|xH-EeWzTFGc|1326|24|0
2026-08-03|5Epd8xb8nCY|10235|526|61
2026-08-03|BmEUqWoWJKI|17|2|0
2026-08-03|fSYNs_SLQ7M|231|8|0
2026-08-03|C9dRlAEUSWQ|826|17|1
2026-08-03|OLOg0OJ6wdo|219|2|0
2026-08-03|hDubKYwByNE|1430405|19443|361
2026-08-03|lsGyo6gUAsc|18232|133|1
2026-08-03|x0IM7yMU6mw|4668|36|0
2026-08-03|yLfFMCVEif8|145492|973|53
2026-08-03|MwbqM7thxgo|116610|782|155
2026-08-03|D4E7e1DQF-0|12117|109|1
2026-08-03|TnrYBNes2y8|2547|10|0
2026-08-03|6fVFiI5DDwM|408|7|1
2026-08-03|RrZf5FpqU0Q|1203|4|0
2026-08-03|T0MiMUaWM_0|782|4|0
2026-08-03|TLmiRtW9NbA|3661|30|1
2026-08-03|EGdpN8uf6qE|2047|30|4
2026-08-03|oAJicvK2ikk|2510|29|3
2026-08-03|GIeb-eIXfOE|10652|77|2
2026-08-03|fiO0aQvWkkU|2699|64|8
2026-08-03|FJtvBAyMHgc|18814|35|0
2026-08-03|AsRh4UHA1D8|4480|50|5
2026-08-03|bMHsHfoD6w8|1087|13|0
2026-08-03|SHVQx3HgMj8|523|12|0
2026-08-03|S6CfCI2KMEY|36041|331|4
2026-08-03|a4CZqbcbVnQ|2112|23|0
2026-08-03|eAde-0JpB9I|38215|333|10
2026-08-03|du_Yg5u4W-U|1319|6|0
2026-08-03|ABeE89Z-NUI|5117|45|1
2026-08-03|xHRGmL-YiYE|273|12|2
2026-08-03|OJPIs9iNznA|39|0|0
2026-08-03|H5TpY14Ot-0|130|2|1
2026-08-03|QCyyCmzBdsY|1364|11|0
2026-08-03|nHxYX96IygM|299|5|0
2026-08-03|FFTXYrKItrs|2816|11|0
2026-08-03|L-AyeR-5zHE|212|1|1
2026-08-03|cHIvtJvhTbc|547864|7395|1353
2026-08-03|JibedtH6wCE|4657752|70452|270
2026-08-03|L_TE-YfFSWo|2188254|3068|551
2026-08-04|NlcRqQdxf6Y|25|3|1
2026-08-04|lRwcLieeURk|12258|29|1
2026-08-04|nWf-NED85UE|13223|121|2
2026-08-04|7pAhGMpceF8|2721|7|0
2026-08-04|bSy942ha-Yg|15861|118|4
2026-08-04|mTMiRCF5_u0|26649|182|0
2026-08-04|lScKUe5dGI4|7419|33|0
2026-08-04|4SweUh8JNDY|27963|155|1
2026-08-04|3EQrZnUd_rk|1743|7|0
2026-08-04|Pq1G5OFneRw|32338|103|5
2026-08-04|E-lgfU1yrXA|5992|102|7
2026-08-04|sL49w5EWtzI|1496|17|0
2026-08-04|yU0ycfFn6NA|13585|274|5
2026-08-04|ACJNP2muR2c|903|19|0
2026-08-04|KVPAOpGnIug|650|26|0
2026-08-04|X2CSYTxlrvs|1124|16|0
2026-08-04|zjp58WfMaYs|1252|17|0
2026-08-04|oKDcWMdktcY|1683|28|0
2026-08-04|xuYoNfPh2AQ|1057|29|1
2026-08-04|1aGgea-Wx3Q|15535|94|4
2026-08-04|kSEYa3Sqg64|7099|62|0
2026-08-04|1v7O-C_OpVg|257|16|1
2026-08-04|Qd4AMNoyU6g|1506|10|0
2026-08-04|n0JxBqfTia4|2236|29|0
2026-08-04|QKxhQk3zN6c|4215|45|0
2026-08-04|9K54RIBV3hc|3525|10|0
2026-08-04|fBN5sDEIBLA|3507|32|1
2026-08-04|C7gkrBs4FxI|6449|34|24
2026-08-04|31P_7b4t5tw|8476|34|5
2026-08-04|-CvoAIuijWk|6060|81|0
2026-08-04|xayEGu_IRaw|24720|190|10
2026-08-04|VZKsRExubWw|32300|191|13
2026-08-04|TvbIgIVFMmY|17319|148|89
2026-08-04|8neknezag3E|14742|114|2
2026-08-04|sXUqbYIr7u8|2|0|0
2026-08-04|U5KqLx4LMJ8|1801|33|5
2026-08-04|v6rfU2nol90|793|9|0
2026-08-04|7xkpohFK6CA|116|5|0
2026-08-04|yH3mSNNPnDk|1660|31|5
2026-08-04|SVIwPgCQK3w|33072|371|136
2026-08-04|cwmI8Igi-Ms|13925|143|0
2026-08-04|nO7_U_zhjaw|425805|1406|25
2026-08-04|7I7p3jXnp24|17643|508|48
2026-08-04|26WxaqSaseA|7277|117|10
2026-08-04|IBslwVz27g0|11251|365|6
2026-08-04|e1Ho4N2dJk8|30795|251|1
2026-08-04|aC3S6GE4mb4|29333|904|312
2026-08-04|q5J-cB7XtUM|1163|3|0
2026-08-04|W8ouXtLr13s|1643|21|0
2026-08-04|dKjfz3qGNHE|1491|9|1
2026-08-04|7li8dWhUvQE|3076|38|0
2026-08-04|70wWd5PrJBM|536|8|0
2026-08-04|_Rx_klftAuU|8058|79|0
2026-08-04|uwcGGBcpWhg|1669|16|0
2026-08-04|6FsMQTZE_pw|1554|9|0
2026-08-04|PHaBGLUMNNE|1000|13|0
2026-08-04|D3S6ueaeWqU|4088|35|1
2026-08-04|zrm-pTOV7W0|1636|12|0
2026-08-04|ud6M7KkqSYY|2106|11|0
2026-08-04|vduhFcU7IU8|831|8|0
2026-08-04|VjCLgebykgk|1049|7|3
2026-08-04|QVPKElw_WY4|1501|4|0
2026-08-04|tYYOJs3E_WA|63479|472|0
2026-08-04|YIfhPKhojWs|2002|21|3
2026-08-04|d-scKKX1YdE|5359|45|3
2026-08-04|3pFVTZSiP74|12751|129|7
2026-08-04|dngKoBHfqQs|23591|403|145
2026-08-04|Ave17V-Pa3Y|352|18|4
2026-08-04|XjRyum5k3qY|67357|297|109
2026-08-04|GLhzejGyfIo|27920|3034|420
2026-08-04|5Ymdo1ne8pU|3395|32|1
2026-08-04|PdMZDPfk98U|1257|7|2
2026-08-04|1uSWHGfJheQ|2302|25|0
2026-08-04|VRUGDUF5-CY|7497|96|5
2026-08-04|LvBW9D1xkGU|600|43|6
2026-08-04|ucopKmMtMJ8|8522|140|13
2026-08-04|vMw2c5c0CUA|11149|106|8
2026-08-04|x3mJPVwZabg|11091|110|5
2026-08-04|IciAlr514Xc|6418|73|4
2026-08-04|fx54uIt_mAo|5790|73|5
2026-08-04|-Q-HOlij27E|1121|7|1
2026-08-04|uFwTPJvKMQc|14723|162|17
2026-08-04|SoLOVqt0J3o|238|25|1
2026-08-04|BJXp77Uj3KI|6042|67|1
2026-08-04|q1MkwV1YYss|7005|89|4
2026-08-04|o7nTmSg4haQ|1779|11|1
2026-08-04|dI_aze6XWjY|7624|98|2
2026-08-04|fGdjWUGL2GE|20248|184|8
2026-08-04|STB3A6Tk_nk|11056|121|3
2026-08-04|5DjtSBjrogk|25167|225|11
2026-08-04|4SR5TKDQ-Dw|8555|102|2
2026-08-04|SkRGqGbH9nQ|2139|14|2
2026-08-04|UY-lPhnFHSo|41249|298|18
2026-08-04|ZySkQ9PZ0F0|148987|2053|67
2026-08-04|UfQAx2OTo1s|5809|90|91
2026-08-04|eLe1VI-SM7w|935432|6097|437
2026-08-04|LneqOnqXyq4|118124|2576|161
2026-08-04|uQIBD_Npeb0|2859|16|1
2026-08-04|SHVQx3HgMj8|2388|20|0
2026-08-04|7qNRsGM2lEM|251156|1427|92
2026-08-04|nDZx7CPY7ko|1569|14|0
2026-08-04|8lmWo-ArFiQ|189850|891|4
2026-08-04|uZD15w8KTHg|406516|1264|2
2026-08-04|x0IM7yMU6mw|36365|170|0
2026-08-04|3mcgKRpLQC8|184387|1109|109
2026-08-04|MwbqM7thxgo|124142|814|162
2026-08-04|QCyyCmzBdsY|4503|16|2
2026-08-04|rBJprtY-8tk|5380|57|0
2026-08-04|du_Yg5u4W-U|2216|9|0
2026-08-04|xHRGmL-YiYE|1615|27|4
2026-08-04|H5TpY14Ot-0|396|3|1
2026-08-04|L-AyeR-5zHE|1041|4|2
2026-08-04|OJPIs9iNznA|400|2|0
2026-08-04|mWI5EF-j7Fg|14703|70|0
2026-08-04|P3QuF40u3kk|47368|175|4
2026-08-04|nHxYX96IygM|1050|12|1
2026-08-04|J13l0J86l6s|25742|151|0
2026-08-04|61naCxgMyVQ|5894|43|1
2026-08-04|TxPOJMCLjmk|24372|90|1
2026-08-04|FFTXYrKItrs|6319|13|0
2026-08-04|IfvQiqgEB3U|20585|195|0
2026-08-04|5RhyINKciE8|17637|42|3
2026-08-04|ubCnNH7Rl7A|172887|822|11
2026-08-04|6fVFiI5DDwM|1823|8|1
2026-08-04|RrZf5FpqU0Q|3619|10|0
2026-08-04|T0MiMUaWM_0|3216|14|0
2026-08-04|lB0FVgqaSkc|31318|187|9
2026-08-04|OdGSjMC8blk|11279|61|1
2026-08-04|JqDZRL3DX1c|603233|3725|306
2026-08-04|tmoJuYJTtrU|17597|229|15
2026-08-04|OJ9dKPmjTNA|36316|131|5
2026-08-04|bMHsHfoD6w8|7792|51|1
2026-08-04|LK6cr-9rfek|78685|853|194
2026-08-04|fHX1ntdixhw|91326|545|14
2026-08-04|xZ40s8rXFhk|5319|100|6
2026-08-04|IIi0nTBPWK0|4|1|0
2026-08-04|SH199W2UVYw|39363|224|29
2026-08-04|S54no5RkTy0|19131|90|13
2026-08-04|hnSpuodjixA|45194|197|36
2026-08-04|V8DQdtSwuOk|100050|440|58
2026-08-04|_o6jcs1C1FU|95|7|0
2026-08-04|KkZ6DCXYKuw|34012|223|14
2026-08-04|bPclYGGTqko|11115|125|1
2026-08-04|KmLyxLCBuFs|85757|485|39
2026-08-04|AhaVtSdJNtY|43522|265|12
2026-08-04|_ok0UjR9RM4|145803|673|86
2026-08-04|yLfFMCVEif8|146848|979|53
2026-08-04|lsGyo6gUAsc|61247|389|2
2026-08-04|BiK-Bpcddvs|26696|354|2
2026-08-04|MK46Ind7u9U|17188|134|1
2026-08-04|pOQ45l4RQAg|34925|313|8
2026-08-04|6rP9JZ-13eg|1211|5|0
2026-08-04|TnrYBNes2y8|5590|15|0
2026-08-04|goAKAImmI-E|4915|18|1
2026-08-04|9aMGdywDNuQ|34181|273|16
2026-08-04|fiO0aQvWkkU|3781|72|8
2026-08-04|GIeb-eIXfOE|26270|187|4
2026-08-04|EGdpN8uf6qE|2761|36|4
2026-08-04|TLmiRtW9NbA|7411|70|2
2026-08-04|a4CZqbcbVnQ|2465|26|0
2026-08-04|S6CfCI2KMEY|60321|449|9
2026-08-04|oAJicvK2ikk|3461|34|4
2026-08-04|eAde-0JpB9I|81438|537|18
2026-08-04|ABeE89Z-NUI|14167|156|4
2026-08-04|Of5V-gA2PrY|28957|152|3
2026-08-04|lxo0u6rATkk|12663|94|16
2026-08-04|WVS3xVMyETE|8350|94|7
2026-08-04|rOf3Awi4XOA|10123|42|11
2026-08-04|HWnSkaTMnZY|2863|41|8
2026-08-04|xeptIa9UbHk|3856|57|7
2026-08-04|sLTJTA81Fi8|15280|128|12
2026-08-04|UBELQidjwDY|1762|38|2
2026-08-04|mxY8CDPNzRI|4236|99|8
2026-08-04|xX-1K9Npm7E|3400|36|3
2026-08-04|VupOL_gO_1w|9754|84|4
2026-08-04|cA2z69Wrw6E|17752|210|7
2026-08-04|dwLO5x2pPrA|28667|132|0
2026-08-04|qLHqCmPhKyc|89584|612|5
2026-08-04|FJtvBAyMHgc|20122|45|0
2026-08-04|AsRh4UHA1D8|6089|58|5
2026-08-04|o1TYmEPusAQ|13857|113|4
2026-08-04|810f42SEAhY|3407|28|3
2026-08-04|5vgo7kJxs_U|210483|1410|107
2026-08-04|U_-osEsxYyk|635867|8693|138
2026-08-04|geq67hpTQ4g|50111|202|6
2026-08-04|_rZ0uKYFmxo|2732674|30981|153
2026-08-04|D4E7e1DQF-0|27747|167|5
2026-08-04|hDubKYwByNE|1621965|21384|402
2026-08-04|oILsPD2s21o|10163|72|8
2026-08-04|RlinpjrlzVQ|3877|26|1
2026-08-04|n1sJD7_RbxY|14032|62|6
2026-08-04|ksgFM5SbIS4|3630|36|1
2026-08-04|C8bJ87dVzOY|5436|31|3
2026-08-04|zgeIpFZJh0g|5969|104|0
2026-08-04|UCghy9iKvyE|5451|55|2
2026-08-04|kW9tgjXfb9A|2233|19|2
2026-08-04|i4LimtdT7yY|5783|36|1
2026-08-04|eGido_ttrko|9335|95|4
2026-08-04|MI0i5bM89j8|19375|105|1
2026-08-04|zJKzg5Y2ZUE|10346|88|2
2026-08-04|toi6Iu3CiZo|2253|26|0
2026-08-04|hxqJYMyTZqk|1867|25|0
2026-08-04|Jbe5pADNb5I|24221|407|3
2026-08-04|plItcZTmxrU|2967|20|0
2026-08-04|c2DqimYw-Z0|2437|26|3
2026-08-04|DaMPbELCkk4|87900|574|4
2026-08-04|hye1ZLgjCXY|7894|88|10
2026-08-04|CnbZ0XUE3xU|57950|341|488
2026-08-04|EEqKhbqDf6o|28469|288|5
2026-08-04|C9dRlAEUSWQ|11319|25|2
2026-08-04|xH-EeWzTFGc|15856|158|4
2026-08-04|OLOg0OJ6wdo|5668|113|3
2026-08-04|uPYo6VsTgmk|4825|43|6
2026-08-04|v1a10hoddU8|3007|29|0
2026-08-04|IzFERIsb1uM|5968|10|0
2026-08-04|3Bd3iAlfo6g|1087|8|1
2026-08-04|1nenDh8UtkE|6763|62|6
2026-08-04|_V_kTp6r-9M|27096|248|1
2026-08-04|n1vpvzFy-fM|1050|5|0
2026-08-04|zVyvlm-DEOc|1363|13|1
2026-08-04|3CGSn_TYLZw|1126|6|0
2026-08-04|-l6CKKsd440|46427|280|14
2026-08-04|k8I_GWORHTM|26806|58|0
2026-08-04|TL5ZE1BOw1o|9275|78|7
2026-08-04|vVaZaShYuAM|0|0|0
2026-08-04|7sBrPBunMRI|27772|150|143
2026-08-04|iWgmpDUFqPQ|3683|40|5
2026-08-04|i_H9fcRs6w4|6441|94|1
2026-08-04|jLSz3aA1Uzw|755|16|2
2026-08-04|5Epd8xb8nCY|56655|1090|122
2026-08-04|BmEUqWoWJKI|130|5|1
2026-08-04|fSYNs_SLQ7M|2236|44|0
2026-08-04|5MSLsmgbNDA|22922|149|84
2026-08-04|qcuq8TNyUCw|3938|77|11
2026-08-04|Y5GUE0gJqg4|27477|311|1
2026-08-04|VljKV1kCy_k|803|8|4
2026-08-04|KGSocXb_9BY|1618|6|0
2026-08-04|vlhAU5PTWvU|143129|1333|30
2026-08-04|sx74AZ_WbqY|132709|1048|44
2026-08-04|oB6vBUlJhNM|145883|0|4
2026-08-04|wy8c5VwBbjc|44761|1153|80
2026-08-04|Mh_9Mjt81yQ|82836|190|0
2026-08-04|h0Np_gvRY2w|116863|851|17
2026-08-04|2ajDDJzPJHE|581895|5798|55
2026-08-04|FnUAkPQB-og|2279|7|0
2026-08-04|WqH3cEpx-W8|2841|19|0
2026-08-04|mUT0l52sZs4|11643|135|0
2026-08-04|kTGfKyP3kwE|15524|63|1
2026-08-04|x75vX862Tgc|20692|205|1
2026-08-04|UqVfe5oGLJk|17419|56|0
2026-08-04|2Eq3cOwpm6E|24489|84|4
2026-08-04|8nRzytmp9_w|27906|141|2
2026-08-04|GqOOCXC1cFw|26489|192|8
2026-08-04|SE18_eH3FsM|196813|831|207
2026-08-04|pQrw9iYCU7g|169919|1409|151
2026-08-04|sarETzAQCBY|34280|127|0
2026-08-04|dQXa1n8BPIE|222089|763|107
2026-08-04|ujj0H0ycY4k|321581|3002|216
2026-08-04|J1u_VRuhuns|127325|2690|95
2026-08-04|R0HlvGLRX3k|37908|786|67
2026-08-04|ZfPr3Y7w5D4|310097|2442|200
2026-08-04|Tet8KLqfLs4|29736|579|14
2026-08-04|95cyJOU8CRI|22934|255|0
2026-08-04|GFJWVM63QhU|24030|0|0
2026-08-04|Ly-4I7ojXy8|74771|543|40
2026-08-04|MeTx9y2AFa8|2551|5|0
2026-08-04|W52phqOW20g|151990|24803|1252
2026-08-04|6zitB2qBNEU|4876|15|0
2026-08-04|lLK6LDNpBzg|5440|42|1
2026-08-04|AROZtDEYOMs|2279|20|0
2026-08-04|ZCQJH84VRTI|6844|34|1
2026-08-04|NSFqIi4ACJw|7284|60|5
2026-08-04|ek8dc3P2LcQ|23166|134|6
2026-08-04|-eLUFJ3GUZI|1588|8|0
2026-08-04|yFN23p06-Vc|11929|72|2
2026-08-04|IxWczIdbxY0|11541|101|1
2026-08-04|Qm6W4EOiJmA|10944|46|1
2026-08-04|DVt6m8psQ_I|32471|103|1
2026-08-04|RWKyFmXMe28|2232|20|1
2026-08-04|kvH_z6-7oX0|4967|43|1
2026-08-04|3zIXJ4Viz9s|4210|37|1
2026-08-04|K4lHJl1kVWI|14260|300|43
2026-08-04|v07tougVDSI|225651|796|208
2026-08-04|IgoLOhumxXg|3857|19|1
2026-08-04|BqKUK1QMepg|3887|32|2
2026-08-04|3J66zrB7NW4|7947|71|3
2026-08-04|veLxt7Xogjc|28896|196|11
2026-08-04|9ZXgwEkhdX8|1256|5|2
2026-08-04|Cn_SmW3bS68|16334|99|11
2026-08-04|eUTzl923t6o|66067|460|72
2026-08-04|QcfVKaKDp1Q|31657|267|1
2026-08-04|mabJM_1fQDo|64154|654|9
2026-08-04|7gAQg68eANg|8187|134|50
2026-08-04|zzBpZ0Obvao|11492|106|3
2026-08-04|iIa4P8yfT-0|74620|334|25
2026-08-04|lmaHUY7OG5A|8212|48|1
2026-08-04|lC_jhddF9qY|29249|263|4
2026-08-04|YGzMkCkzPPc|2787|27|0
2026-08-04|zCoJxPQxGLI|2093|10|0
2026-08-04|L-N1ULTZhKY|133457|2403|53
2026-08-04|SHBTDvefBaQ|4331|22|4
2026-08-04|9v5AxbMwgZk|5090|40|9
2026-08-04|iSPKvZnOwZw|14077|31|1
2026-08-04|HkZMjTte68s|3764|30|2
2026-08-04|gvKJ5wqXxHk|3748|26|2
2026-08-04|CiaswYzjH_g|7475|59|8
2026-08-04|1bcaaHsoKz4|20477|166|9
2026-08-04|RgJKUu8yn5Q|21436|186|41
2026-08-04|6JCqWJ0syH0|50279|256|23
2026-08-04|3lF_jgM-otE|8778|53|13
2026-08-04|l3crDIZ1Nog|33468|144|39
2026-08-04|LcIyJ8iM1cs|55985|287|19
2026-08-04|AmxAu0bk7pQ|63438|254|71
2026-08-04|JW_fPFkuF4M|40429|154|3
2026-08-04|sXMv9L0KMgc|19906|85|11
2026-08-04|PgMbc_UwiMw|30866|123|4
2026-08-04|HG491wbNhGQ|36634|163|32
2026-08-04|T25pDS7l5YQ|762|31|3
2026-08-04|NwIY1_uDaxY|10033|89|2
2026-08-04|jxb9zwMbfvg|3806|32|0
2026-08-04|yK1QLkuHP8s|118466|881|36
2026-08-04|557vxP4XN2s|34818|1052|34
2026-08-04|61P3LiNBM1o|9646|60|3
2026-08-04|hYzwyfGsrro|31440|341|39
2026-08-04|RzMk_yguufw|61596|332|152
2026-08-04|5dKrLXthTGY|74115|558|100
2026-08-04|3PaHMmHZ3dk|65777|383|173
2026-08-04|AIFDPIlGt8E|142420|414|304
2026-08-04|89m2o4YW8so|136528|1371|138
2026-08-04|rLQ2W8MK8Qk|20902|305|22
2026-08-04|VVxnQk9Y5rs|104055|548|279
2026-08-04|WyWB7MwU2jA|2924145|31709|6024
2026-08-04|kMrm9BcMYYo|21010|486|6
2026-08-04|NoiFxZsmNPc|10511|247|8
2026-08-04|VbdgLvapf7g|9279|162|2
2026-08-04|lr_OWJfj7ow|15219|76|16
2026-08-04|zFCqIp1qJg0|63789|358|22
2026-08-04|5kWl85Z7qic|79623|486|18
2026-08-04|a-txjGUqJjI|92438|364|13
2026-08-04|P78PYAN_UM8|13030|115|14
2026-08-04|Ww_LzcgtyjI|280030|1478|56
2026-08-04|-9tDeT4LqiA|361|9|0
2026-08-04|jRhA2LV-kuQ|66201|339|78
2026-08-04|sOIQ6lTX0jc|1|0|0
2026-08-04|ViQGhRTZhao|162218|710|9
2026-08-04|LBv3_Pi5DPA|345205|1602|29
2026-08-04|xa5ubrMbms8|177194|499|1
2026-08-04|lRxOoliEUjM|560283|444|36
2026-08-04|gKXqP6f_DS8|1635|22|0
2026-08-04|eCplbIVQ5zU|5462|67|17
2026-08-04|N2na8QHffK4|504193|672|56
2026-08-04|rJayWf3eAk8|4940|19|0
2026-08-04|3-xUM8V_jfk|3|0|0
2026-08-04|PnCFw3PN-U0|4|0|0
2026-08-04|1MOHQ-Sg4iI|33|0|1
2026-08-04|u0rjpyjzf9k|445490|871|598
2026-08-04|Usb1H8bFs9o|29325|212|36
2026-08-04|zyuCdOPy-mo|7470|64|2
2026-08-04|Z99dx8emumE|6436|110|10
2026-08-04|ONoyiiur2K0|251668|584|318
2026-08-04|Qqc9ax7-yZo|24981|180|129
2026-08-04|xe_v_VdiM9I|217731|896|221
2026-08-04|pwJV_8t2I4E|67334|387|0
2026-08-04|2BWVKBuKuhw|29612|299|20
2026-08-04|dD4WbrK0fpU|38201|498|193
2026-08-04|QJ7FGV02RTQ|183766|620|87
2026-08-04|DTb5HdVIoSc|47377|306|0
2026-08-04|Fi37tEq9930|18381|119|4
2026-08-04|sb_7BnOdgrA|133218|3127|384
2026-08-04|nHEZA3KbQmY|96551|511|2
2026-08-04|eYaHKkhVIKI|27282|101|12
2026-08-04|IlZJ1lx3OvY|25293|291|3
2026-08-04|TvWvm7k28j8|28254|340|2
2026-08-04|UrLlXlWkn3U|37441|225|15
2026-08-04|82Tu2B-XIOw|159175|1488|13
2026-08-04|K4RhEsnqD5k|218440|5307|430
2026-08-04|lXv1sMUEFVo|34677|114|6
2026-08-04|0vGMtwoKXJI|7|0|0
2026-08-04|CnPHMEwUQls|6|0|0
2026-08-04|1gb1B14rtKY|3208|44|0
2026-08-04|wmJQmC2sB4c|2677|34|2
2026-08-04|WxLlVB8wHkw|1409|46|4
2026-08-04|VI691p2CMzw|15640|95|2
2026-08-04|z-YKWsx6iUc|399|6|0
2026-08-04|qI9lqu_i0LE|13525|184|6
2026-08-04|j8X7i4a-kxg|32636|276|10
2026-08-04|33SYEnaZY7g|35638|195|183
2026-08-04|XEHlNKNlIxg|76170|345|840
2026-08-04|-VGJvglCuSM|108069|874|2
2026-08-04|URuATVZ3YP8|21974|98|14
2026-08-04|Iz1GrDk8RAg|30348|666|21
2026-08-04|b09cguu1o-A|2394|23|1
2026-08-04|VLTNBmMNtf8|177127|582|73
2026-08-04|f7F9SQ66uqE|1366|33|3
2026-08-04|ewqZBP7Keq4|2755|26|1
2026-08-04|4069M1c-h-M|5872|36|0
2026-08-04|vndaLFPu1io|54459|704|6
2026-08-04|5XNwPwBjFvw|260414|2322|159
2026-08-04|YJ_B0s27FqA|376364|307|2
2026-08-04|S46tL4dpIoY|45616|177|2
2026-08-04|E_xy-w0fH0o|2907|33|5
2026-08-04|VAntl4lXop8|9340|49|0
2026-08-04|Sa4obi0rw1U|2953|22|0
2026-08-04|JMXoLZGmeOU|15267|73|0
2026-08-04|nPeaVFq38CY|3143|31|0
2026-08-04|priYFrTJBUc|51951|81|0
2026-08-04|R6wYIKShyK0|6305|29|1
2026-08-04|kBkakruyK48|12240|81|0
2026-08-04|p7mnl1cjU50|87727|176|3
2026-08-04|ex9OVwHCpqo|6283|46|1
2026-08-04|_stkzkmx0Fk|2799|10|1
2026-08-04|2v-2vuMM6lM|489737|711|45
2026-08-04|st-FZgqjegs|30000|12|0
2026-08-04|S0CsUmnR7Ns|813|50|3
2026-08-04|m5kUP58R12k|484240|2432|77
2026-08-04|Oa2VJC8kKD8|101310|495|22
2026-08-04|dePs7UPp6GQ|3321309|99385|6844
2026-08-04|DwRXgd7uiks|17197|118|7
2026-08-04|ORX-3mE_-rU|51156|300|30
2026-08-04|o6hJEh4RhT0|15347|114|6
2026-08-04|ppZYz3vb_jc|15318|123|12
2026-08-04|YGwVV_jfJDs|26432|171|7
2026-08-04|2UJUcPExzDA|24578|173|26
2026-08-04|s4l58qK17tY|40101|317|30
2026-08-04|YPeso2r4-IE|47328|193|14
2026-08-04|a5ZneZNlbWM|28285|164|14
2026-08-04|faK8Lex5pV8|26437|177|7
2026-08-04|6IlRqOcjmsQ|18253|139|7
2026-08-04|9Vs-_wdi_IY|25061|166|6
2026-08-04|3efNToHt9XI|34471|341|36
2026-08-04|Dwf53bhSTYg|156739|1096|50
2026-08-04|EqSvkcYdNc8|3067|55|3
2026-08-04|_xY5WIcAK1M|7708|132|3
2026-08-04|qKm21fV3xts|12092|220|2
2026-08-04|ZZ1MxR7_RaI|3200|14|0
2026-08-04|Jb2bE-3uoao|1573|10|0
2026-08-04|fm9C3aLu40s|15741|147|1
2026-08-04|Kvb7djYA0vI|31584|523|2
2026-08-04|y6Pj1BgmjKE|11094|112|4
2026-08-04|R6cSFBXWfwM|1856|10|0
2026-08-04|k3Sml2uJc4I|1525|20|0
2026-08-04|_VqVf-YlFZc|1741|23|0
2026-08-04|96jZU2_6rtk|1657|10|1
2026-08-04|VDFndOy80VE|19084|145|5
2026-08-04|Qu8Uj2IOYuU|14349|143|5
2026-08-04|kk-jq1ECtzg|3782|31|1
2026-08-04|4VgUOoiCyHQ|9831|78|1
2026-08-04|puqynb5IhHE|265622|1118|327
2026-08-04|PBdNZjiI9ws|4884|59|2
2026-08-04|yjRcVeTiWOA|35021|250|17
2026-08-04|mUZdjsh-ww0|11084|240|25
2026-08-04|Al5t45aquAA|344218|3219|408
2026-08-04|5JUGB2afQCE|90328|425|58
2026-08-04|_K5McXQGy_w|185045|3335|413
2026-08-04|soQQyxuSdAQ|20902|339|8
2026-08-04|WVO74jhiAOo|3416|41|3
2026-08-04|0F5iBc-f3Kw|875|4|1
2026-08-04|dRAClovWwR8|20|0|0
2026-08-04|xm7bWF7LJ8w|13|0|0
2026-08-04|z09nkHInWBw|1019|12|1
2026-08-04|Sd9uvICtEs4|111|0|0
2026-08-04|DFxtHHOKXi0|861|13|0
2026-08-04|tivN_WkQPo4|14564|249|7
2026-08-04|emLtFGb9EFY|1175|15|2
2026-08-04|5G-SuMKc5as|37|1|0
2026-08-04|vD3WfwVlWuY|763|5|1
2026-08-04|e4bNNx9UBA0|376|3|0
2026-08-04|kg6xKcbFxPo|124405|626|329
2026-08-04|eWZPQEHerU4|613332|4086|618
2026-08-04|jyqhkGuBQE4|17606|113|3
2026-08-04|bCxxOU8ap-w|22628|295|2
2026-08-04|cHIvtJvhTbc|584146|7793|1401
2026-08-04|ziLaBKQNue0|2806|38|0
2026-08-04|EstkQBLD6KI|23654|439|167
2026-08-04|XHssla1NsPc|5|0|0
2026-08-04|368ERwer2JU|3503|40|0
2026-08-04|_J5RSho50Os|60459|1257|94
2026-08-04|5OOKc_SqLQ4|5729|106|2
2026-08-04|dQrsOl4jt_4|94273|782|111
2026-08-04|eltplh8PETQ|123847|787|110
2026-08-04|td82fnpvh6I|149844|1163|23
2026-08-04|3Xm95HDgwr0|600665|3611|572
2026-08-04|QF33RX1_rps|46014|152|4
2026-08-04|Kn8wwl4pXhg|111550|749|15
2026-08-04|Awn4khcHWSQ|34479|95|0
2026-08-04|v9MILgY3qNY|34372|236|31
2026-08-04|iuMEUCF5YoQ|162714|464|2
2026-08-04|W0wuc8XM0pU|10820|121|1
2026-08-04|5TEI0Hg4cJo|421062|5224|68
2026-08-04|5hm47kgx6vo|474681|2330|7
2026-08-04|e1To8egFFQc|1017634|0|42
2026-08-04|BqR3B1UhsFc|55533|1180|143
2026-08-04|19lsRU7I6CE|13956|251|6
2026-08-04|_gJQREv6PVI|440944|2756|594
2026-08-04|yaWTUKiHZNU|23431|866|12
2026-08-04|yAvnjSemp9w|195665|2239|119
2026-08-04|o2_7jdzkJbQ|432|12|0
2026-08-04|f9dtBW9sie0|6518|39|2
2026-08-04|UjreUuD-CAM|413850|3010|648
2026-08-05|zZ2urf2-oUU|3448|252|20
2026-08-05|KDPh3VkLAXQ|1720|16|1
2026-08-05|euUTI5_xqRo|3080|25|0
2026-08-05|A1Du6vLjohQ|1473|9|1
2026-08-05|bIBE1Ku_sKo|33502|192|3
2026-08-05|ZYH-QTzfZIU|189379|1409|12
2026-08-05|d5x2wPongDs|3|0|0
2026-08-05|HLodLH-VSxc|2133|15|7
2026-08-05|Iqn9AbE-DOc|5311|13|16
2026-08-05|X5vjmp1PmFY|73575|647|384
2026-08-05|4o4oFjxn0GE|18412|302|5
2026-08-05|Pv3Fk9KIbM0|2172|27|1
2026-08-05|3h9kIY2QZN0|8255|26|1
2026-08-05|sKIXgOMDn1o|4085|41|2
2026-08-05|LdamjF0Nlr4|1005|15|41
2026-08-05|nkqaRoGEcOQ|2290|20|2
2026-08-05|M5TVIhhxNpo|769|13|0
2026-08-05|K56R247X0_k|9231|69|3
2026-08-05|P3NZ0qqjqZc|654|9|0
2026-08-05|6f-hOqXC0kc|799|52|8
2026-08-05|NeK443S8wBI|241|14|1
2026-08-05|mHg_OY8luGo|16534|164|3
2026-08-05|GNNh--llIp8|2829|66|3
2026-08-05|S-ECNDSSuA8|608|4|0
2026-08-05|qIXK1Ci3E6A|5297|16|0
2026-08-05|OHA4Yo3pfkA|25611|244|12
2026-08-05|lWWCoSlWk6A|36041|314|5
2026-08-05|Fppux91uy7U|245557|2253|37
2026-08-05|cz7SAtAo1Ng|8849|46|0
2026-08-05|GNBnDbjRbTc|60513|415|32
2026-08-05|Wb2oLCS55IM|11300|162|12
2026-08-05|ZuURBpXti_A|1279|34|1
2026-08-05|sl6UVvq-xvQ|2622|63|15
2026-08-05|p1coWuLxIZI|31185|239|19
2026-08-05|CbcEtd0ZVT4|66423|788|61
2026-08-05|aitsleoH6J0|3896|41|1
2026-08-05|gJCiaZYly2Q|567719|5305|1897
2026-08-05|Q1syAfe1IdM|361440|3371|1867
2026-08-05|jBcRub1uon0|173710|632|67
2026-08-05|1ixsGgtc9n8|18601|1887|217
2026-08-05|u-NfqFBBsHI|66380|923|297
2026-08-05|sVLFjk51oRI|4831|118|5
2026-08-05|xpL7Pg1JLOo|7284|48|6
2026-08-05|L_g36ozgbLk|6127|43|11
2026-08-05|MO5_dUTR4kE|29843|321|36
2026-08-05|7SYQg8-rxpE|7638|37|15
2026-08-05|cP_M1gYhGjg|178713|2901|389
2026-08-05|MIEEy0UcS9U|67|2|0
2026-08-05|84P1MtfX3uA|37937|829|250
2026-08-05|mXYSYmgpKdo|1997|71|7
2026-08-05|PpGCbjlUQnU|2993|33|0
2026-08-05|wyGifa5lV6w|3565|42|0
2026-08-05|YD226xPuiy4|1378|9|0
2026-08-05|b8OV47gjnrQ|8151|153|1
2026-08-05|zbuE5yj6TJM|3376|30|0
2026-08-05|_g2fjr_9qpY|1394|16|1
2026-08-05|NFL0-PU8WsM|3542|42|1
2026-08-05|fZKiqrAfb4w|3035|73|0
2026-08-05|TwZ4F_7VuXc|1653|126|41
2026-08-05|0yKpmMZ2mNw|4310|299|27
2026-08-05|Wig1PZ2jVA4|71650|890|41
2026-08-05|xzF4oJgd3xk|27506|51|0
2026-08-05|XQkiMDnfGJg|11016|72|79
2026-08-05|CgWKAn6LJ6Q|27903|234|83
2026-08-05|DszookCBL_Y|54632|457|177
2026-08-05|Hdrb-vgqNoI|3077|68|10
2026-08-05|1T2m07PfqFY|509768|4420|2021
2026-08-05|WNUvPnBgFdU|5359|82|3
2026-08-05|-7iqaCZQqAc|7|0|0
2026-08-05|lWllkdTBURA|6505|75|2
2026-08-05|2HISSz1mE6E|20364|174|13
2026-08-05|2E4h_jfwcAU|5801|95|4
2026-08-05|cjx9iuoY0Ck|9985|117|3
2026-08-05|bCTi-5Yi5H8|0|0|0
2026-08-05|BMfGY9EgMdc|9608|110|3
2026-08-05|sX8tfB8GScw|10062|111|5
2026-08-05|hrgBOseZTuU|8613|97|6
2026-08-05|yk4-MqebHys|7112|87|11
2026-08-05|g7TJzp1NdTY|17228|166|38
2026-08-05|KwdNnRdHV50|38316|334|12
2026-08-05|_n3wAaKF0oc|17088|198|19
2026-08-05|xcbtTiSwpfA|8327|95|4
2026-08-05|NS0qPRYwN7Q|5553|74|4
2026-08-05|AhrjC9q-msc|1133|7|0
2026-08-05|R4JCuZ0GUys|869|2|0
2026-08-05|NfEaRZaoVAA|3329|13|1
2026-08-05|ZPN52okTUjM|2579|10|0
2026-08-05|TfQ5YFAA9kI|1848|14|2
2026-08-05|gDztbWKWRwk|1672|4|0
2026-08-05|cSMBxtMG3zA|1574|11|1
2026-08-05|lzvUc_vW4Sc|1354|3|0
2026-08-05|V1Suq5EuVIg|1084|10|0
2026-08-05|ChtF1255jfY|955|5|0
2026-08-05|RfGoIcvDhyU|1563|19|0
2026-08-05|qAn1haCw_JQ|1180|4|0
2026-08-05|tivJypkCBWo|1420|18|0
2026-08-05|Bfgwwcf1yh4|770|63|11
2026-08-05|ktwNCUslYhA|7255|102|12
2026-08-05|gOpO3oOcKHc|27451|160|9
2026-08-05|BXFwCy7GTg8|1378|17|0
2026-08-05|tQQqTF5jzEU|1111|7|0
2026-08-05|D-PP_L00bkM|1547|66|1
2026-08-05|jePrLIQsTQY|32921|158|1
2026-08-05|6A9Zn9OTaxQ|12|0|0
2026-08-05|GGV06yyZ7hI|1571|7|0
2026-08-05|gdBhUHZMij0|144119|699|170
2026-08-05|H9_Rat2DoEs|104|4|1
2026-08-05|AbO8mMNpC5s|18873|319|4
2026-08-05|ee7u-cYhJu4|448|16|0
2026-08-05|EVLzpesFrUQ|1101|21|0
2026-08-05|DvGcrOxRzp4|802|22|0
2026-08-05|jQnMWyaJZNE|2914|19|2
2026-08-05|bBXzplqUMxk|1605|26|1
2026-08-05|MsyoJqMRm30|2871|29|6
2026-08-05|f8kpOL0y9w4|9|0|0
2026-08-05|IOQlft2yhqo|267350|1529|216
2026-08-05|zMwRKXIXfBw|1351|16|0
2026-08-05|ssyNV1kRNa0|5|0|0
2026-08-05|CDwShPnCr7U|3|0|0
2026-08-05|5Ymdo1ne8pU|5836|45|2
2026-08-05|VjCLgebykgk|1505|12|4
2026-08-05|70wWd5PrJBM|1690|11|1
2026-08-05|1uSWHGfJheQ|4491|31|1
2026-08-05|QVPKElw_WY4|2567|6|1
2026-08-05|1aGgea-Wx3Q|17916|108|3
2026-08-05|vduhFcU7IU8|1818|15|1
2026-08-05|dKjfz3qGNHE|2204|15|3
2026-08-05|yU0ycfFn6NA|18450|340|5
2026-08-05|kSEYa3Sqg64|12069|95|0
2026-08-05|bSy942ha-Yg|18225|137|5
2026-08-05|_Rx_klftAuU|15650|128|1
2026-08-05|Qd4AMNoyU6g|3084|18|0
2026-08-05|sXUqbYIr7u8|3|0|0
2026-08-05|IBslwVz27g0|19542|576|12
2026-08-05|26WxaqSaseA|10236|145|13
2026-08-05|TvbIgIVFMmY|33006|231|134
2026-08-05|-CvoAIuijWk|8663|111|0
2026-08-05|7xkpohFK6CA|1195|14|1
2026-08-05|xayEGu_IRaw|28290|206|11
2026-08-05|PHaBGLUMNNE|2023|14|1
2026-08-05|YIfhPKhojWs|2921|30|6
2026-08-05|C7gkrBs4FxI|15920|48|33
2026-08-05|7I7p3jXnp24|26498|610|55
2026-08-05|nO7_U_zhjaw|519693|1646|33
2026-08-05|aC3S6GE4mb4|45888|1202|375
2026-08-05|sL49w5EWtzI|1836|20|1
2026-08-05|SoLOVqt0J3o|674|58|3
2026-08-05|PdMZDPfk98U|2297|8|3
2026-08-05|zrm-pTOV7W0|3065|25|1
2026-08-05|ud6M7KkqSYY|3503|12|1
2026-08-05|q5J-cB7XtUM|31962|212|0
2026-08-05|mTMiRCF5_u0|26687|183|0
2026-08-05|uwcGGBcpWhg|3022|22|1
2026-08-05|7pAhGMpceF8|11150|30|1
2026-08-05|31P_7b4t5tw|11415|42|7
2026-08-05|6FsMQTZE_pw|2807|14|1
2026-08-05|1v7O-C_OpVg|639489|1406|517
2026-08-05|ucopKmMtMJ8|15769|167|25
2026-08-05|7li8dWhUvQE|11569|78|0
2026-08-05|QKxhQk3zN6c|11442|97|1
2026-08-05|lRwcLieeURk|12632|30|1
2026-08-05|XjRyum5k3qY|94057|375|135
2026-08-05|3EQrZnUd_rk|2001|7|0
2026-08-05|-Q-HOlij27E|1980|14|1
2026-08-05|nWf-NED85UE|18918|174|4
2026-08-05|SVIwPgCQK3w|34944|383|138
2026-08-05|yH3mSNNPnDk|4697|56|9
2026-08-05|v6rfU2nol90|1159|16|0
2026-08-05|VZKsRExubWw|38164|216|19
2026-08-05|8neknezag3E|186562|1494|35
2026-08-05|ACJNP2muR2c|1989|29|0
2026-08-05|KVPAOpGnIug|2292|47|0
2026-08-05|X2CSYTxlrvs|1856|29|0
2026-08-05|zjp58WfMaYs|1661|21|0
2026-08-05|oKDcWMdktcY|2932|47|0
2026-08-05|xuYoNfPh2AQ|1265|31|1
2026-08-05|cwmI8Igi-Ms|62565|375|2
2026-08-05|e1Ho4N2dJk8|31255|253|1
2026-08-05|lScKUe5dGI4|25176|124|0
2026-08-05|tYYOJs3E_WA|86529|589|1
2026-08-05|4SweUh8JNDY|31409|167|1
2026-08-05|Pq1G5OFneRw|33625|108|5
2026-08-05|LvBW9D1xkGU|8761|120|25
2026-08-05|GLhzejGyfIo|46827|3643|491
2026-08-05|NlcRqQdxf6Y|1783|16|22
2026-08-05|3pFVTZSiP74|18803|172|10
2026-08-05|fGdjWUGL2GE|37360|239|13
2026-08-05|q1MkwV1YYss|9245|98|4
2026-08-05|fBN5sDEIBLA|5219|39|4
2026-08-05|5DjtSBjrogk|45771|294|14
2026-08-05|dI_aze6XWjY|10418|109|2
2026-08-05|9K54RIBV3hc|4420|12|1
2026-08-05|o7nTmSg4haQ|2599|13|1
2026-08-05|W8ouXtLr13s|2357|30|0
2026-08-05|n0JxBqfTia4|3668|46|2
2026-08-05|4SR5TKDQ-Dw|14134|126|2
2026-08-05|BJXp77Uj3KI|9547|82|2
2026-08-05|STB3A6Tk_nk|16584|142|5
2026-08-05|d-scKKX1YdE|8301|55|5
2026-08-05|VRUGDUF5-CY|12292|108|5
2026-08-05|uFwTPJvKMQc|30128|219|25
2026-08-05|x3mJPVwZabg|20364|145|5
2026-08-05|IciAlr514Xc|9806|89|4
2026-08-05|dngKoBHfqQs|139723|1307|475
2026-08-05|Ave17V-Pa3Y|45415|729|78
2026-08-05|vMw2c5c0CUA|18385|138|14
2026-08-05|fx54uIt_mAo|11132|87|9
2026-08-05|U5KqLx4LMJ8|3037|45|9
2026-08-05|ksgFM5SbIS4|4012|40|1
2026-08-05|810f42SEAhY|3665|29|3
2026-08-05|FJtvBAyMHgc|20623|46|0
2026-08-05|C8bJ87dVzOY|6428|38|3
2026-08-05|AsRh4UHA1D8|7724|66|6
2026-08-05|UCghy9iKvyE|5984|57|2
2026-08-05|Of5V-gA2PrY|33951|160|3
2026-08-05|kW9tgjXfb9A|2414|19|2
2026-08-05|o1TYmEPusAQ|15784|123|11
2026-08-05|zJKzg5Y2ZUE|10937|93|2
2026-08-05|i4LimtdT7yY|6434|43|1
2026-08-05|eGido_ttrko|9945|101|4
2026-08-05|fiO0aQvWkkU|4777|79|8
2026-08-05|jLSz3aA1Uzw|841|16|2
2026-08-05|lxo0u6rATkk|12767|94|16
2026-08-05|sx74AZ_WbqY|137752|1098|47
2026-08-05|BmEUqWoWJKI|165|5|1
2026-08-05|i_H9fcRs6w4|7573|106|1
2026-08-05|fSYNs_SLQ7M|2901|55|0
2026-08-05|ABeE89Z-NUI|23356|272|7
2026-08-05|eAde-0JpB9I|93325|601|19
2026-08-05|oAJicvK2ikk|3923|40|4
2026-08-05|S6CfCI2KMEY|71168|502|9
2026-08-05|a4CZqbcbVnQ|2582|27|0
2026-08-05|vVaZaShYuAM|0|0|0
2026-08-05|WVS3xVMyETE|8439|94|7
2026-08-05|TLmiRtW9NbA|12528|129|5
2026-08-05|EGdpN8uf6qE|3039|39|4
2026-08-05|GIeb-eIXfOE|28693|201|4
2026-08-05|Y5GUE0gJqg4|36822|376|1
2026-08-05|k8I_GWORHTM|28236|59|0
2026-08-05|5Epd8xb8nCY|72220|1244|136
2026-08-05|RlinpjrlzVQ|4106|29|1
2026-08-05|oB6vBUlJhNM|182274|0|9
2026-08-05|n1sJD7_RbxY|17514|78|6
2026-08-05|bMHsHfoD6w8|10880|68|1
2026-08-05|oILsPD2s21o|11816|78|9
2026-08-05|toi6Iu3CiZo|2477|29|0
2026-08-05|6fVFiI5DDwM|1910|8|1
2026-08-05|RrZf5FpqU0Q|12954|34|0
2026-08-05|T0MiMUaWM_0|3404|17|0
2026-08-05|lB0FVgqaSkc|38809|208|9
2026-08-05|J13l0J86l6s|31122|167|1
2026-08-05|P3QuF40u3kk|58317|193|5
2026-08-05|KkZ6DCXYKuw|40959|257|14
2026-08-05|_ok0UjR9RM4|200631|855|102
2026-08-05|AhaVtSdJNtY|52056|295|17
2026-08-05|KmLyxLCBuFs|106292|563|46
2026-08-05|OJ9dKPmjTNA|40833|136|5
2026-08-05|V8DQdtSwuOk|126384|526|64
2026-08-05|hnSpuodjixA|50920|211|41
2026-08-05|S54no5RkTy0|21480|96|14
2026-08-05|SH199W2UVYw|45303|248|32
2026-08-05|TnrYBNes2y8|15514|35|1
2026-08-05|FFTXYrKItrs|9256|15|0
2026-08-05|QCyyCmzBdsY|13573|26|1
2026-08-05|61naCxgMyVQ|6025|43|1
2026-08-05|ZySkQ9PZ0F0|150281|2072|67
2026-08-05|6rP9JZ-13eg|1211|5|0
2026-08-05|UY-lPhnFHSo|50614|353|23
2026-08-05|MwbqM7thxgo|129024|846|169
2026-08-05|IIi0nTBPWK0|6|1|0
2026-08-05|3mcgKRpLQC8|193443|1186|116
2026-08-05|OdGSjMC8blk|11605|64|1
2026-08-05|nHxYX96IygM|1335|13|1
2026-08-05|rBJprtY-8tk|7602|77|0
2026-08-05|du_Yg5u4W-U|2334|11|0
2026-08-05|xHRGmL-YiYE|2636|33|5
2026-08-05|H5TpY14Ot-0|461|3|1
2026-08-05|L-AyeR-5zHE|2197|6|2
2026-08-05|OJPIs9iNznA|692|3|0
2026-08-05|xZ40s8rXFhk|6359|104|7
2026-08-05|SHVQx3HgMj8|3269|23|0
2026-08-05|D4E7e1DQF-0|31893|189|5
2026-08-05|vlhAU5PTWvU|164882|1643|37
2026-08-05|mWI5EF-j7Fg|16660|83|0
2026-08-05|pOQ45l4RQAg|35910|321|8
2026-08-05|MK46Ind7u9U|22621|170|1
2026-08-05|BiK-Bpcddvs|28045|356|3
2026-08-05|lsGyo6gUAsc|91546|558|5
2026-08-05|yLfFMCVEif8|148777|990|53
2026-08-05|_V_kTp6r-9M|28276|247|1
2026-08-05|-l6CKKsd440|52618|312|17
2026-08-05|hDubKYwByNE|1912679|24370|444
2026-08-05|geq67hpTQ4g|51679|220|9
2026-08-05|5MSLsmgbNDA|26076|162|92
2026-08-05|5vgo7kJxs_U|213484|1437|111
2026-08-05|U_-osEsxYyk|651588|8826|139
2026-08-05|_rZ0uKYFmxo|3751682|42235|201
2026-08-05|7sBrPBunMRI|30553|157|155
2026-08-05|uPYo6VsTgmk|5233|50|6
2026-08-05|IzFERIsb1uM|6100|10|0
2026-08-05|nDZx7CPY7ko|1791|14|0
2026-08-05|v1a10hoddU8|5045|60|0
2026-08-05|KGSocXb_9BY|1701|6|0
2026-08-05|goAKAImmI-E|6197|23|2
2026-08-05|bPclYGGTqko|15182|179|1
2026-08-05|SkRGqGbH9nQ|2247|14|2
2026-08-05|uQIBD_Npeb0|3056|16|1
2026-08-05|3CGSn_TYLZw|1316|8|0
2026-08-05|IfvQiqgEB3U|20603|195|0
2026-08-05|zVyvlm-DEOc|2440|23|1
2026-08-05|n1vpvzFy-fM|1183|6|0
2026-08-05|3Bd3iAlfo6g|1805|9|2
2026-08-05|TxPOJMCLjmk|24856|91|1
2026-08-05|ubCnNH7Rl7A|186798|885|11
2026-08-05|5RhyINKciE8|20237|46|3
2026-08-05|hxqJYMyTZqk|2105|27|0
2026-08-05|MI0i5bM89j8|21691|115|1
2026-08-05|iWgmpDUFqPQ|4252|48|6
2026-08-05|eLe1VI-SM7w|1130187|7741|542
2026-08-05|xX-1K9Npm7E|3641|36|3
2026-08-05|c2DqimYw-Z0|2721|25|4
2026-08-05|9aMGdywDNuQ|38530|287|16
2026-08-05|dwLO5x2pPrA|49305|189|0
2026-08-05|hye1ZLgjCXY|8604|91|11
2026-08-05|1nenDh8UtkE|7250|66|6
2026-08-05|qcuq8TNyUCw|4074|76|11
2026-08-05|DaMPbELCkk4|143328|960|9
2026-08-05|tmoJuYJTtrU|18699|244|16
2026-08-05|LK6cr-9rfek|82295|895|200
2026-08-05|8lmWo-ArFiQ|199706|908|4
2026-08-05|VupOL_gO_1w|11620|98|4
2026-08-05|x0IM7yMU6mw|46734|198|1
2026-08-05|uZD15w8KTHg|457323|1382|2
2026-08-05|UfQAx2OTo1s|5903|91|91
2026-08-05|OLOg0OJ6wdo|7026|125|3
2026-08-05|xH-EeWzTFGc|24270|286|5
2026-08-05|EEqKhbqDf6o|30178|298|5
2026-08-05|cA2z69Wrw6E|19897|227|11
2026-08-05|plItcZTmxrU|3304|20|0
2026-08-05|HWnSkaTMnZY|2880|41|8
2026-08-05|JqDZRL3DX1c|720724|4282|342
2026-08-05|LneqOnqXyq4|124529|2638|166
2026-08-05|TL5ZE1BOw1o|10792|85|7
2026-08-05|CnbZ0XUE3xU|61893|358|498
2026-08-05|Jbe5pADNb5I|36218|521|3
2026-08-05|zgeIpFZJh0g|14438|244|1
2026-08-05|rOf3Awi4XOA|10169|41|11
2026-08-05|C9dRlAEUSWQ|21978|28|2
2026-08-05|7qNRsGM2lEM|271374|1512|98
2026-08-05|fHX1ntdixhw|94585|558|14
2026-08-05|xeptIa9UbHk|3891|58|7
2026-08-05|_o6jcs1C1FU|109|7|0
2026-08-05|sLTJTA81Fi8|15419|129|12
2026-08-05|qLHqCmPhKyc|143918|870|6
2026-08-05|UBELQidjwDY|1921|41|2
2026-08-05|mxY8CDPNzRI|4496|102|8
2026-08-05|IxWczIdbxY0|12256|110|1
2026-08-05|-eLUFJ3GUZI|1601|9|0
2026-08-05|ek8dc3P2LcQ|26656|149|6
2026-08-05|NSFqIi4ACJw|7698|62|5
2026-08-05|zzBpZ0Obvao|13118|114|3
2026-08-05|v07tougVDSI|261633|885|231
2026-08-05|Qm6W4EOiJmA|11082|46|1
2026-08-05|yFN23p06-Vc|12104|76|2
2026-08-05|7gAQg68eANg|8746|139|51
2026-08-05|iIa4P8yfT-0|84274|366|31
2026-08-05|6JCqWJ0syH0|56890|283|25
2026-08-05|NwIY1_uDaxY|10589|94|2
2026-08-05|T25pDS7l5YQ|869|32|3
2026-08-05|HG491wbNhGQ|36967|163|32
2026-08-05|PgMbc_UwiMw|32097|126|4
2026-08-05|RWKyFmXMe28|2317|25|1
2026-08-05|sXMv9L0KMgc|20661|86|11
2026-08-05|JW_fPFkuF4M|42681|158|3
2026-08-05|AmxAu0bk7pQ|64340|256|71
2026-08-05|LcIyJ8iM1cs|56632|288|19
2026-08-05|l3crDIZ1Nog|33835|144|40
2026-08-05|lr_OWJfj7ow|19005|85|16
2026-08-05|3lF_jgM-otE|10627|58|13
2026-08-05|DVt6m8psQ_I|33147|105|1
2026-08-05|Cn_SmW3bS68|17579|108|11
2026-08-05|kvH_z6-7oX0|5224|52|1
2026-08-05|K4lHJl1kVWI|15323|311|44
2026-08-05|89m2o4YW8so|180428|1434|142
2026-08-05|Ww_LzcgtyjI|325310|1699|63
2026-08-05|AIFDPIlGt8E|189813|439|309
2026-08-05|5dKrLXthTGY|84203|634|113
2026-08-05|jRhA2LV-kuQ|73802|371|87
2026-08-05|GqOOCXC1cFw|27850|197|8
2026-08-05|95cyJOU8CRI|27248|316|1
2026-08-05|3PaHMmHZ3dk|69794|395|178
2026-08-05|ujj0H0ycY4k|337163|3063|218
2026-08-05|RzMk_yguufw|65223|340|157
2026-08-05|hYzwyfGsrro|34157|368|41
2026-08-05|jxb9zwMbfvg|4115|32|0
2026-08-05|mabJM_1fQDo|72453|749|11
2026-08-05|3zIXJ4Viz9s|4806|46|1
2026-08-05|QcfVKaKDp1Q|33207|272|1
2026-08-05|eUTzl923t6o|92511|602|88
2026-08-05|NoiFxZsmNPc|12591|289|10
2026-08-05|lC_jhddF9qY|29745|264|4
2026-08-05|VbdgLvapf7g|11284|197|3
2026-08-05|9ZXgwEkhdX8|1507|6|2
2026-08-05|veLxt7Xogjc|30919|203|11
2026-08-05|3J66zrB7NW4|8395|91|3
2026-08-05|BqKUK1QMepg|4072|36|2
2026-08-05|IgoLOhumxXg|3929|24|1
2026-08-05|lLK6LDNpBzg|5669|44|1
2026-08-05|ZCQJH84VRTI|6936|36|1
2026-08-05|RgJKUu8yn5Q|23698|192|41
2026-08-05|SHBTDvefBaQ|5148|22|4
2026-08-05|1bcaaHsoKz4|21148|167|9
2026-08-05|dQXa1n8BPIE|229936|782|108
2026-08-05|W52phqOW20g|163034|25640|1286
2026-08-05|MeTx9y2AFa8|2555|5|0
2026-08-05|ViQGhRTZhao|197106|931|14
2026-08-05|GFJWVM63QhU|24224|0|0
2026-08-05|CiaswYzjH_g|8073|59|8
2026-08-05|Tet8KLqfLs4|29818|580|14
2026-08-05|ZfPr3Y7w5D4|319431|2510|208
2026-08-05|8nRzytmp9_w|28025|142|2
2026-08-05|J1u_VRuhuns|135257|2783|96
2026-08-05|xa5ubrMbms8|237126|754|7
2026-08-05|lRxOoliEUjM|703816|518|42
2026-08-05|Mh_9Mjt81yQ|96390|213|0
2026-08-05|h0Np_gvRY2w|122600|874|17
2026-08-05|2ajDDJzPJHE|683940|6736|55
2026-08-05|2Eq3cOwpm6E|26013|93|4
2026-08-05|N2na8QHffK4|650283|769|61
2026-08-05|rJayWf3eAk8|5450|20|0
2026-08-05|x75vX862Tgc|22065|219|2
2026-08-05|zFCqIp1qJg0|66677|366|22
2026-08-05|wy8c5VwBbjc|50153|1210|83
2026-08-05|Ly-4I7ojXy8|78547|572|43
2026-08-05|eCplbIVQ5zU|6113|69|19
2026-08-05|gKXqP6f_DS8|1954|28|0
2026-08-05|P78PYAN_UM8|13321|117|15
2026-08-05|a-txjGUqJjI|99595|394|15
2026-08-05|5kWl85Z7qic|111794|657|27
2026-08-05|sOIQ6lTX0jc|1|0|0
2026-08-05|PnCFw3PN-U0|4|0|0
2026-08-05|3-xUM8V_jfk|3|0|0
2026-08-05|R0HlvGLRX3k|40472|819|71
2026-08-05|LBv3_Pi5DPA|517367|3086|58
2026-08-05|pQrw9iYCU7g|177020|1450|152
2026-08-05|zCoJxPQxGLI|2121|10|0
2026-08-05|gvKJ5wqXxHk|3837|25|2
2026-08-05|yK1QLkuHP8s|135514|978|37
2026-08-05|HkZMjTte68s|4132|33|2
2026-08-05|iSPKvZnOwZw|14154|31|1
2026-08-05|9v5AxbMwgZk|5867|45|10
2026-08-05|WyWB7MwU2jA|3109242|32721|6150
2026-08-05|-9tDeT4LqiA|374|9|0
2026-08-05|kMrm9BcMYYo|21451|493|6
2026-08-05|SE18_eH3FsM|208439|874|207
2026-08-05|61P3LiNBM1o|10224|63|3
2026-08-05|557vxP4XN2s|37084|1118|34
2026-08-05|VVxnQk9Y5rs|107361|562|279
2026-08-05|L-N1ULTZhKY|163476|2986|57
2026-08-05|rLQ2W8MK8Qk|23137|328|25
2026-08-05|YGzMkCkzPPc|2818|27|0
2026-08-05|AROZtDEYOMs|2311|20|0
2026-08-05|UqVfe5oGLJk|18839|58|0
2026-08-05|FnUAkPQB-og|2321|7|0
2026-08-05|6zitB2qBNEU|5038|16|0
2026-08-05|sarETzAQCBY|35075|129|0
2026-08-05|mUT0l52sZs4|14028|168|0
2026-08-05|WqH3cEpx-W8|2911|19|0
2026-08-05|lmaHUY7OG5A|9770|59|1
2026-08-05|kTGfKyP3kwE|16059|65|1
2026-08-05|zyuCdOPy-mo|8160|67|2
2026-08-05|CnPHMEwUQls|6|0|0
2026-08-05|u0rjpyjzf9k|448490|876|606
2026-08-05|0vGMtwoKXJI|7|0|0
2026-08-05|VLTNBmMNtf8|222529|619|99
2026-08-05|f7F9SQ66uqE|1399|33|3
2026-08-05|ewqZBP7Keq4|2991|27|1
2026-08-05|j8X7i4a-kxg|39199|329|11
2026-08-05|m5kUP58R12k|484828|2436|77
2026-08-05|S0CsUmnR7Ns|838|51|3
2026-08-05|82Tu2B-XIOw|159579|1495|13
2026-08-05|1MOHQ-Sg4iI|40|0|1
2026-08-05|st-FZgqjegs|30278|12|0
2026-08-05|VI691p2CMzw|15741|97|2
2026-08-05|VDFndOy80VE|20766|161|5
2026-08-05|2v-2vuMM6lM|613513|773|46
2026-08-05|YJ_B0s27FqA|494817|339|2
2026-08-05|Iz1GrDk8RAg|32160|679|22
2026-08-05|URuATVZ3YP8|22642|98|15
2026-08-05|K4RhEsnqD5k|279232|6813|477
2026-08-05|Fi37tEq9930|18606|119|4
2026-08-05|Kvb7djYA0vI|35448|537|2
2026-08-05|4VgUOoiCyHQ|10094|80|1
2026-08-05|Z99dx8emumE|6871|118|10
2026-08-05|z-YKWsx6iUc|412|6|0
2026-08-05|qI9lqu_i0LE|13734|185|6
2026-08-05|mUZdjsh-ww0|11732|248|24
2026-08-06|Us5aTWQaDyI|1462476|13959|523
2026-08-06|CJenvheHkDk|99479|1024|193
2026-08-06|0d17xirhFBk|816|8|0
2026-08-06|GLuoNz825wo|1919|34|0
2026-08-06|t_NkKVXnq_8|1739|25|1
2026-08-06|z84NemLpibQ|1249|15|0
2026-08-06|1Q17fwqjSgs|2335|56|1
2026-08-06|k8WqMLNqtj4|495|8|0
2026-08-06|tqgmQwuWc08|564|5|0
2026-08-06|IuYFQoAD8RU|794|44|3
2026-08-06|aGmt3vDvDbE|842|42|3
2026-08-06|h4sznb_IhRs|612|8|2
2026-08-06|-QKrD4fJPS8|755|12|2
2026-08-06|THq9jHfwA6E|1|0|0
2026-08-06|-qLQXL2Pfls|33597|516|63
2026-08-06|aMnGWG-gC58|207593|1259|263
2026-08-06|SaZRiEHhXM0|10760|179|7
2026-08-06|03_b_hE8RT8|116140|1148|121
2026-08-06|UpxkTjL8qQ4|128306|565|47
2026-08-06|nAyMVXIhcUM|2639|72|3
2026-08-06|DGwj7XtGCAI|1268|7|0
2026-08-06|jDgv9D37whA|3143|24|0
2026-08-06|0fJIv1Sa57E|173|3|0
2026-08-06|pYtpxJdpGQI|286|8|0
2026-08-06|S8lTlDZMShw|4928|14|0
2026-08-06|is64zDlB_iw|261|9|0
2026-08-06|jRREOI7nTSA|13115|149|2
2026-08-06|pNwobTaKVkM|15742|126|1
2026-08-06|3SaqvLw8f4c|3566|31|1
2026-08-06|w8pomsKu90E|14442|85|1
2026-08-06|0VnEpoRUXgI|19916|311|108
2026-08-06|BC_BBOgkDBM|4|0|0
2026-08-06|BNcU9Cod-zU|2154|356|20
2026-08-06|PEud18cPO04|3859|14|2
2026-08-06|INe3WZn4Xio|114|3|0
2026-08-06|gA2P6NfjpfQ|130|4|0
2026-08-06|zDmRrcti4iY|3287|32|1
2026-08-06|7SybwBdNkG0|196|4|0
2026-08-06|uIlJRU0g7M4|1792|13|0
2026-08-06|PbBiL7TbOxI|473991|4652|176
2026-08-06|9oAcZUzyLpU|232670|1370|249
2026-08-06|sGSk4v4PCYI|119106|655|201
2026-08-06|_CCGIawfw1s|58929|1711|14
2026-08-06|TXS8ydkPzfA|16378|118|1
2026-08-06|q7Zc1w7Mo0A|49536|348|0
2026-08-06|gGcvhqnT2Us|11819|44|1
2026-08-06|HywAZclRprQ|33024|421|7
2026-08-06|247qmTTkTGE|18109|147|5
2026-08-06|eGzHHQUhj7g|10880|41|2
2026-08-06|rF6NeZqg5jo|713269|3783|18
2026-08-06|Cpqz3TsaT7w|388323|4449|87
2026-08-06|QZ2rQiX3Wgo|11652|76|1
2026-08-06|oMVLUcDBqhw|1261|9|0
2026-08-06|I6ggU7zEv5k|2018|27|1
2026-08-06|DtoPVO9zA44|61874|280|47
2026-08-06|kqp6b2Jxakc|0|0|0
2026-08-06|Ahv7tlrXVb4|474|14|4
2026-08-06|9xNVfsw2vC0|119|6|2
2026-08-06|t_OzubpiWpE|2025283|47659|1752
2026-08-06|MVLqK9rD_YE|903|3|0
2026-08-06|N-d5n9wbx4w|44486|1157|44
2026-08-06|5919CXwK55w|301278|2274|381
2026-08-06|8HCeuUGnYZs|2790|18|0
2026-08-06|o5zNSc1xReQ|6293|1163|142
2026-08-06|mxauSnDnNq8|1284|12|0
2026-08-06|eO2sI8XWboA|118|11|0
2026-08-06|XcHDDm6328o|11|1|0
2026-08-06|0vOsWMV_jXs|171|14|0
2026-08-06|LqVJk_tHbHQ|1185|3|0
2026-08-06|FIyDoB5yV1A|36855|314|5
2026-08-06|U_wqpp509CU|212359|1196|69
2026-08-06|rRtEIFNbF8c|49040|769|34
2026-08-06|NI0j3TaM7sc|1023798|16282|1238
2026-08-06|ijZeJEEx_fE|2|0|0
2026-08-06|vgUVexeFjcI|31547|198|2
2026-08-06|p5mluQbC5-U|32018|171|1
2026-08-06|yLarauMgl9c|109084|582|30
2026-08-06|8yeq2a2bB94|40605|90|3
2026-08-06|1pScSw4zN6w|5634|20|1
2026-08-06|Uj__nhXl_QQ|5154|223|4
2026-08-06|YpZQk1JSjWc|43329|561|37
2026-08-06|UHeyPdAid_M|12753|230|21
2026-08-06|vPk-iV3utDs|1147|12|1
2026-08-06|ftn3TlA5aTU|59801|394|24
2026-08-06|krPHzcjLVAQ|2933|31|0
2026-08-06|kpUtlwD85ho|1325|33|0
2026-08-06|R01j2Sz4gV4|452|16|0
2026-08-06|kwn7zWhb9Fo|3262|37|0
2026-08-06|lOV43kfK-EU|1337|27|0
2026-08-06|uibRh3Jjfbs|9449|130|0
2026-08-06|AyteSshV6iU|3675|41|0
2026-08-06|7rvdCfWR6Ks|1382|14|0
2026-08-06|qx4mqK-VjiI|531|0|0
2026-08-06|eP-yZJ1_v_c|739|9|0
2026-08-06|-OYSEtyxWDY|1685|15|1
2026-08-06|8tztPlZYbjc|21122|199|11
2026-08-06|K78EDQwj9P0|4932|150|10
2026-08-06|42mZWr3iGK4|12881|132|5
2026-08-06|rA7hTLUMWV8|13382|111|3
2026-08-06|kFJ3TnVqqOY|13062|139|8
2026-08-06|JVHmnuTTDfE|43925|336|38
2026-08-06|hO_loUfjL9s|7871|86|3
2026-08-06|LU3zgq0vwsY|19698|180|32
2026-08-06|6EVBHKXVjOo|9537|107|6
2026-08-06|MLHghzumei8|6687|83|6
2026-08-06|U3k78d4_yLg|9143|98|9
2026-08-06|G6560BaDzQs|11711|133|6
2026-08-06|pihzUiignAM|11055|128|7
2026-08-06|vYREeRKxgNI|11352|117|10
2026-08-06|Fohit0jyz2Q|7546|102|6
2026-08-06|a6eEQJpqt_4|6605|82|3
2026-08-06|RJG8_m70ezQ|78915|1662|122
2026-08-06|yWPTF1XBQ6w|4667|26|1
2026-08-06|2A8VSM3qu1w|2725|19|0
2026-08-06|5ANylz0pCbM|1314|58|2
2026-08-06|hwY629guPmE|1754|37|1
2026-08-06|1AvWzsS6l8E|872|7|0
2026-08-06|1F86sjKobuw|3530|8|0
2026-08-06|RYojh-PvBY8|6195|10|0
2026-08-06|lTlzl-t2L8Q|3022|9|0
2026-08-06|9N_lovQ2Buk|5864|48|0
2026-08-06|4Ftb-bFvqEo|1070|17|0
2026-08-06|Uuo44C9kVVA|1416|29|1
2026-08-06|5hNOSTVtsxs|11671|68|0
2026-08-06|L_g36ozgbLk|14441|61|19
2026-08-06|euUTI5_xqRo|4070|32|0
2026-08-06|0yKpmMZ2mNw|6738|333|27
2026-08-06|AbO8mMNpC5s|23619|373|5
2026-08-06|gdBhUHZMij0|226067|1005|248
2026-08-06|fZKiqrAfb4w|6707|134|0
2026-08-06|D-PP_L00bkM|3470|89|1
2026-08-06|NFL0-PU8WsM|5200|71|3
2026-08-06|_g2fjr_9qpY|6736|64|1
2026-08-06|sl6UVvq-xvQ|4070|370|83
2026-08-06|b8OV47gjnrQ|15369|295|3
2026-08-06|zbuE5yj6TJM|6116|37|0
2026-08-06|YD226xPuiy4|2031|18|0
2026-08-06|GGV06yyZ7hI|1653|9|0
2026-08-06|H9_Rat2DoEs|627|12|1
2026-08-06|6A9Zn9OTaxQ|17|0|0
2026-08-06|IOQlft2yhqo|306542|1678|235
2026-08-06|gOpO3oOcKHc|46426|303|14
2026-08-06|MsyoJqMRm30|15645|153|14
2026-08-06|BMfGY9EgMdc|14856|127|5
2026-08-06|lWllkdTBURA|17321|131|4
2026-08-06|wyGifa5lV6w|5227|60|0
2026-08-06|lWWCoSlWk6A|52137|431|6
2026-08-06|ZuURBpXti_A|1927|46|2
2026-08-06|Hdrb-vgqNoI|3958|79|4
2026-08-06|Wig1PZ2jVA4|78916|1158|61
2026-08-06|A1Du6vLjohQ|3431|15|2
2026-08-06|NS0qPRYwN7Q|7443|79|4
2026-08-06|xcbtTiSwpfA|9799|106|5
2026-08-06|_n3wAaKF0oc|31755|249|25
2026-08-06|OHA4Yo3pfkA|65565|502|24
2026-08-06|g7TJzp1NdTY|30389|214|42
2026-08-06|WNUvPnBgFdU|8390|95|5
2026-08-06|cz7SAtAo1Ng|50898|289|6
2026-08-06|PpGCbjlUQnU|4902|46|0
2026-08-06|GNBnDbjRbTc|128072|976|74
2026-08-06|Wb2oLCS55IM|17873|229|18
2026-08-06|K56R247X0_k|18675|127|9
2026-08-06|tQQqTF5jzEU|1154|10|0
2026-08-06|ktwNCUslYhA|14020|142|21
2026-08-06|2HISSz1mE6E|41987|236|18
2026-08-06|2E4h_jfwcAU|9008|110|6
2026-08-06|cjx9iuoY0Ck|16053|133|5
2026-08-06|yk4-MqebHys|12468|107|15
2026-08-06|hrgBOseZTuU|14367|121|8
2026-08-06|6f-hOqXC0kc|1059|64|9
2026-08-06|P3NZ0qqjqZc|801|9|0
2026-08-06|M5TVIhhxNpo|893|15|0
2026-08-06|KDPh3VkLAXQ|1881|18|1
2026-08-06|TfQ5YFAA9kI|2909|18|2
2026-08-06|mXYSYmgpKdo|3595|87|8
2026-08-06|u-NfqFBBsHI|116123|1300|413
2026-08-06|3h9kIY2QZN0|117559|102|4
2026-08-06|sX8tfB8GScw|17917|144|8
2026-08-06|sKIXgOMDn1o|10942|51|2
2026-08-06|jQnMWyaJZNE|5678|38|4
2026-08-06|tivJypkCBWo|2257|21|1
2026-08-06|qAn1haCw_JQ|2087|6|1
2026-08-06|RfGoIcvDhyU|3176|35|1
2026-08-06|ChtF1255jfY|1845|11|1
2026-08-06|V1Suq5EuVIg|2277|18|1
2026-08-06|lzvUc_vW4Sc|2307|5|1
2026-08-06|cSMBxtMG3zA|4314|31|2
2026-08-06|gDztbWKWRwk|3005|10|1
2026-08-06|ZPN52okTUjM|3712|15|1
2026-08-06|NfEaRZaoVAA|6711|33|4
2026-08-06|R4JCuZ0GUys|1118|5|0
2026-08-06|AhrjC9q-msc|1632|10|0
2026-08-06|LdamjF0Nlr4|1975|15|55
2026-08-06|nkqaRoGEcOQ|2475|24|2
2026-08-06|KwdNnRdHV50|61397|413|28
2026-08-06|Bfgwwcf1yh4|41625|1074|186
2026-08-06|Iqn9AbE-DOc|8258|27|29
2026-08-06|xpL7Pg1JLOo|17876|75|7
2026-08-06|XQkiMDnfGJg|14857|95|95
2026-08-06|CgWKAn6LJ6Q|36947|264|98
2026-08-06|DszookCBL_Y|68089|520|209
2026-08-06|aitsleoH6J0|7123|63|3
2026-08-06|CbcEtd0ZVT4|95458|1014|81
2026-08-06|p1coWuLxIZI|45848|335|35
2026-08-06|d5x2wPongDs|1393|35|6
2026-08-06|HLodLH-VSxc|3904|24|11
2026-08-06|X5vjmp1PmFY|155094|1067|578
2026-08-06|4o4oFjxn0GE|22935|330|6
2026-08-06|Pv3Fk9KIbM0|4261|47|2
2026-08-06|NeK443S8wBI|176534|70|6
2026-08-06|mHg_OY8luGo|30421|272|7
2026-08-06|GNNh--llIp8|4399|80|3
2026-08-06|DvGcrOxRzp4|1781|30|2
2026-08-06|ee7u-cYhJu4|1324|23|0
2026-08-06|EVLzpesFrUQ|17638|89|0
2026-08-06|BXFwCy7GTg8|3631|33|0
2026-08-06|zMwRKXIXfBw|1680|18|0
2026-08-06|bBXzplqUMxk|4143|92|3
2026-08-06|bCTi-5Yi5H8|70|0|0
2026-08-06|-7iqaCZQqAc|101|1|0
2026-08-06|f8kpOL0y9w4|11|0|0
2026-08-06|CDwShPnCr7U|16|0|0
2026-08-06|ssyNV1kRNa0|30|0|0
2026-08-06|MO5_dUTR4kE|41834|417|45
2026-08-06|zZ2urf2-oUU|7586|382|29
2026-08-06|sVLFjk51oRI|11082|230|7
2026-08-06|gJCiaZYly2Q|730676|6092|2088
2026-08-06|ZYH-QTzfZIU|336654|2589|30
2026-08-06|bIBE1Ku_sKo|39890|223|3
2026-08-06|84P1MtfX3uA|49982|929|289
2026-08-06|qIXK1Ci3E6A|24019|131|1
2026-08-06|MIEEy0UcS9U|96|2|0
2026-08-06|S-ECNDSSuA8|32511|185|0
2026-08-06|cP_M1gYhGjg|356840|5276|616
2026-08-06|7SYQg8-rxpE|11939|53|24
2026-08-06|1T2m07PfqFY|966326|4967|2239
2026-08-06|TwZ4F_7VuXc|2513|151|46
2026-08-06|Q1syAfe1IdM|484935|4288|2472
2026-08-06|xzF4oJgd3xk|32637|68|1
2026-08-06|1ixsGgtc9n8|66741|2584|260
2026-08-06|Fppux91uy7U|378405|3630|57
2026-08-06|jePrLIQsTQY|87491|334|6
2026-08-06|jBcRub1uon0|221079|718|74
2026-08-06|VjCLgebykgk|2239|18|4
2026-08-06|vMw2c5c0CUA|19150|141|15
2026-08-06|x3mJPVwZabg|21593|149|6
2026-08-06|IciAlr514Xc|10403|92|5
2026-08-06|fx54uIt_mAo|13212|92|10
2026-08-06|Qd4AMNoyU6g|3968|18|0
2026-08-06|YIfhPKhojWs|3237|35|7
2026-08-06|8neknezag3E|273127|2321|60
2026-08-06|ucopKmMtMJ8|16714|171|25
2026-08-06|LvBW9D1xkGU|11746|132|29
2026-08-06|70wWd5PrJBM|2745|17|1
2026-08-06|v6rfU2nol90|1570|20|0
2026-08-06|IBslwVz27g0|22971|668|12
2026-08-06|SoLOVqt0J3o|826|69|4
2026-08-06|C7gkrBs4FxI|17475|55|35
2026-08-06|PHaBGLUMNNE|2097|14|1
2026-08-06|PdMZDPfk98U|2390|9|3
2026-08-06|zrm-pTOV7W0|3246|26|1
2026-08-06|31P_7b4t5tw|12376|42|7
2026-08-06|-CvoAIuijWk|10723|136|0
2026-08-06|lRwcLieeURk|12937|31|1
2026-08-06|QKxhQk3zN6c|17278|139|2
2026-08-06|VZKsRExubWw|41769|230|20
2026-08-06|nO7_U_zhjaw|574907|1880|57
2026-08-06|uFwTPJvKMQc|32080|223|25
2026-08-06|VRUGDUF5-CY|13318|113|7
2026-08-06|uwcGGBcpWhg|3161|22|1
2026-08-06|nWf-NED85UE|23306|223|4
2026-08-06|_Rx_klftAuU|17117|137|1
2026-08-06|3EQrZnUd_rk|2026|7|0
2026-08-06|5Ymdo1ne8pU|6017|46|2
2026-08-06|QVPKElw_WY4|2630|6|1
2026-08-06|1uSWHGfJheQ|4633|35|1
2026-08-06|-Q-HOlij27E|3917|27|1
2026-08-06|o7nTmSg4haQ|2636|13|1
2026-08-06|dI_aze6XWjY|10664|110|2
2026-08-06|6FsMQTZE_pw|2904|14|1
2026-08-06|vduhFcU7IU8|2348|18|1
2026-08-06|SVIwPgCQK3w|35758|389|139
2026-08-06|yH3mSNNPnDk|6046|67|11
2026-08-06|sXUqbYIr7u8|9|0|0
2026-08-06|TvbIgIVFMmY|38802|272|152
2026-08-06|fGdjWUGL2GE|40575|253|15
2026-08-06|xayEGu_IRaw|29421|209|11
2026-08-06|STB3A6Tk_nk|17906|147|6
2026-08-06|q1MkwV1YYss|9626|102|4
2026-08-06|5DjtSBjrogk|49777|305|14
2026-08-06|4SR5TKDQ-Dw|14869|131|3
2026-08-06|BJXp77Uj3KI|10145|85|3
2026-08-06|mTMiRCF5_u0|26726|183|0
2026-08-06|7pAhGMpceF8|25772|71|2
2026-08-06|ud6M7KkqSYY|3635|12|1
2026-08-06|dKjfz3qGNHE|2323|15|3
2026-08-06|NlcRqQdxf6Y|2286|24|28
2026-08-06|26WxaqSaseA|12773|166|14
2026-08-06|zjp58WfMaYs|1837|25|0
2026-08-06|oKDcWMdktcY|5932|94|1
2026-08-06|xuYoNfPh2AQ|1521|35|1
2026-08-06|3pFVTZSiP74|22312|210|12
2026-08-06|fBN5sDEIBLA|5892|41|5
2026-08-06|bSy942ha-Yg|19445|143|5
2026-08-06|U5KqLx4LMJ8|3477|49|9
2026-08-06|sL49w5EWtzI|1939|20|1
2026-08-06|aC3S6GE4mb4|52195|1291|520
2026-08-06|7I7p3jXnp24|32125|657|59
2026-08-06|X2CSYTxlrvs|2072|33|0
2026-08-06|7xkpohFK6CA|2210|19|1
2026-08-06|lScKUe5dGI4|46772|206|0
2026-08-06|e1Ho4N2dJk8|31239|253|1
2026-08-06|cwmI8Igi-Ms|70209|412|2
2026-08-06|tYYOJs3E_WA|90549|622|1
2026-08-06|q5J-cB7XtUM|34963|230|0
2026-08-06|1v7O-C_OpVg|1137030|1609|627
2026-08-06|Ave17V-Pa3Y|72494|971|106
2026-08-06|dngKoBHfqQs|232753|1749|631
2026-08-06|kSEYa3Sqg64|14177|119|1
2026-08-06|d-scKKX1YdE|10242|60|5
2026-08-06|yU0ycfFn6NA|18997|348|5
2026-08-06|1aGgea-Wx3Q|18413|112|3
2026-08-06|XjRyum5k3qY|101302|389|138
2026-08-06|KVPAOpGnIug|2897|53|0
2026-08-06|7li8dWhUvQE|13575|81|0
2026-08-06|GLhzejGyfIo|57320|3875|528
2026-08-06|ACJNP2muR2c|2202|28|0
2026-08-06|9K54RIBV3hc|5297|17|1
2026-08-06|Pq1G5OFneRw|34070|108|5
2026-08-06|4SweUh8JNDY|31743|172|1
2026-08-06|n0JxBqfTia4|4142|49|2
2026-08-06|W8ouXtLr13s|2501|30|0
2026-08-06|TxPOJMCLjmk|25155|92|1
2026-08-06|xZ40s8rXFhk|6706|108|7
2026-08-06|ubCnNH7Rl7A|198064|965|11
2026-08-06|vVaZaShYuAM|0|0|0
2026-08-06|bMHsHfoD6w8|13543|74|2
2026-08-06|SHVQx3HgMj8|3846|26|0
2026-08-06|SH199W2UVYw|48439|263|32
2026-08-06|sx74AZ_WbqY|141743|1130|47
2026-08-06|5MSLsmgbNDA|26923|165|93
2026-08-06|Y5GUE0gJqg4|39551|402|1
2026-08-06|k8I_GWORHTM|28625|59|0
2026-08-06|6rP9JZ-13eg|1212|5|0
2026-08-06|jLSz3aA1Uzw|863|16|2
2026-08-06|i_H9fcRs6w4|8917|121|2
2026-08-06|5Epd8xb8nCY|80712|1324|149
2026-08-06|nDZx7CPY7ko|1843|14|0
2026-08-06|uQIBD_Npeb0|3150|16|1
2026-08-06|SkRGqGbH9nQ|2304|14|2
2026-08-06|bPclYGGTqko|18359|239|1
2026-08-06|goAKAImmI-E|8747|31|2
2026-08-06|KGSocXb_9BY|1726|6|0
2026-08-06|vlhAU5PTWvU|180155|1830|40
2026-08-06|toi6Iu3CiZo|2644|30|0
2026-08-06|hxqJYMyTZqk|2312|27|0
2026-08-06|BmEUqWoWJKI|183|5|1
2026-08-06|fSYNs_SLQ7M|3246|64|0
2026-08-06|v1a10hoddU8|6440|75|0
2026-08-06|fiO0aQvWkkU|5653|83|8
2026-08-06|AsRh4UHA1D8|8591|72|6
2026-08-06|RlinpjrlzVQ|4276|31|1
2026-08-06|a4CZqbcbVnQ|2719|29|0
2026-08-06|D4E7e1DQF-0|32575|191|5
2026-08-06|_rZ0uKYFmxo|4084829|45020|226
2026-08-06|S6CfCI2KMEY|74635|524|10
2026-08-06|oAJicvK2ikk|4288|42|3
2026-08-06|U_-osEsxYyk|660873|8903|141
2026-08-06|5vgo7kJxs_U|218071|1479|114
2026-08-06|eAde-0JpB9I|98344|626|19
2026-08-06|ABeE89Z-NUI|26252|287|8
2026-08-06|geq67hpTQ4g|52593|227|11
2026-08-06|-l6CKKsd440|59141|350|20
2026-08-06|_V_kTp6r-9M|28611|249|1
2026-08-06|yLfFMCVEif8|149887|990|53
2026-08-06|lsGyo6gUAsc|111238|668|5
2026-08-06|BiK-Bpcddvs|28174|357|3
2026-08-06|MK46Ind7u9U|23789|182|1
2026-08-06|pOQ45l4RQAg|40742|377|8
2026-08-06|oILsPD2s21o|12706|87|9
2026-08-06|n1sJD7_RbxY|19404|86|6
2026-08-06|oB6vBUlJhNM|188438|0|10
2026-08-06|ksgFM5SbIS4|4501|50|1
2026-08-06|5RhyINKciE8|22083|51|3
2026-08-06|FJtvBAyMHgc|21023|49|0
2026-08-06|IfvQiqgEB3U|20617|195|0
2026-08-06|hnSpuodjixA|53966|221|47
2026-08-06|GIeb-eIXfOE|28795|204|4
2026-08-06|EGdpN8uf6qE|7027|102|4
2026-08-06|TLmiRtW9NbA|14272|137|5
2026-08-06|WVS3xVMyETE|8463|94|7
2026-08-06|lxo0u6rATkk|12774|95|16
2026-08-06|Of5V-gA2PrY|37234|165|4
2026-08-06|o1TYmEPusAQ|16889|128|15
2026-08-06|zJKzg5Y2ZUE|10976|98|2
2026-08-06|MI0i5bM89j8|22381|122|1
2026-08-06|eGido_ttrko|10136|101|4
2026-08-06|i4LimtdT7yY|7110|49|1
2026-08-06|kW9tgjXfb9A|2883|42|3
2026-08-06|UCghy9iKvyE|6085|59|2
2026-08-06|C8bJ87dVzOY|6834|41|3
2026-08-06|810f42SEAhY|4021|31|3
2026-08-06|S54no5RkTy0|22878|99|14
2026-08-06|ZySkQ9PZ0F0|150989|2079|69
2026-08-06|V8DQdtSwuOk|156711|615|81
2026-08-06|HWnSkaTMnZY|2884|41|8
2026-08-06|zgeIpFZJh0g|18933|290|4
2026-08-06|plItcZTmxrU|3416|20|0
2026-08-06|LK6cr-9rfek|84480|929|209
2026-08-06|tmoJuYJTtrU|19166|247|16
2026-08-06|Jbe5pADNb5I|40181|550|3
2026-08-06|UY-lPhnFHSo|58192|392|23
2026-08-06|_o6jcs1C1FU|132|7|0
2026-08-06|MwbqM7thxgo|132340|869|170
2026-08-06|fHX1ntdixhw|96401|567|14
2026-08-06|7qNRsGM2lEM|288100|1599|107
2026-08-06|3Bd3iAlfo6g|2229|10|2
2026-08-06|eLe1VI-SM7w|1331092|9405|651
2026-08-06|JqDZRL3DX1c|785125|4604|362
2026-08-06|IIi0nTBPWK0|7|1|0
2026-08-06|x0IM7yMU6mw|57939|245|1
2026-08-06|IzFERIsb1uM|6044|10|0
2026-08-06|n1vpvzFy-fM|1287|6|0
2026-08-06|3mcgKRpLQC8|200303|1228|114
2026-08-06|OJ9dKPmjTNA|43696|139|5
2026-08-06|rOf3Awi4XOA|10177|42|11
2026-08-06|8lmWo-ArFiQ|201330|913|4
2026-08-06|7sBrPBunMRI|31380|160|157
2026-08-06|xeptIa9UbHk|3783|58|7
2026-08-06|OLOg0OJ6wdo|7384|128|3
2026-08-06|xH-EeWzTFGc|32794|394|5
2026-08-06|C9dRlAEUSWQ|29647|28|2
2026-08-06|EEqKhbqDf6o|30788|299|5
2026-08-06|TL5ZE1BOw1o|11435|87|8
2026-08-06|CnbZ0XUE3xU|63181|362|504
2026-08-06|iWgmpDUFqPQ|4427|49|6
2026-08-06|qcuq8TNyUCw|4075|76|11
2026-08-06|LneqOnqXyq4|126547|2663|166
2026-08-06|1nenDh8UtkE|7243|66|6
2026-08-06|hye1ZLgjCXY|8585|92|11
2026-08-06|UfQAx2OTo1s|5939|92|91
2026-08-06|9aMGdywDNuQ|39316|294|16
2026-08-06|c2DqimYw-Z0|2704|25|4
2026-08-06|xX-1K9Npm7E|3581|36|3
2026-08-06|mxY8CDPNzRI|4522|102|8
2026-08-06|UBELQidjwDY|1939|42|2
2026-08-06|sLTJTA81Fi8|15429|129|12
2026-08-06|uZD15w8KTHg|481423|1454|2
2026-08-06|cA2z69Wrw6E|21392|239|12
2026-08-06|uPYo6VsTgmk|10399|100|8
2026-08-06|61naCxgMyVQ|6073|43|1
2026-08-06|qLHqCmPhKyc|202204|1195|6
2026-08-06|TnrYBNes2y8|18085|45|1
2026-08-06|6fVFiI5DDwM|1925|8|1
2026-08-06|OdGSjMC8blk|11796|68|1
2026-08-06|RrZf5FpqU0Q|17900|44|0
2026-08-06|T0MiMUaWM_0|3637|17|0
2026-08-06|lB0FVgqaSkc|44330|226|9
2026-08-06|J13l0J86l6s|36748|180|1
2026-08-06|dwLO5x2pPrA|71862|231|0
2026-08-06|QCyyCmzBdsY|14781|30|1
2026-08-06|DaMPbELCkk4|214160|1650|13
2026-08-06|VupOL_gO_1w|13229|111|4
2026-08-06|P3QuF40u3kk|69808|216|11
2026-08-06|KkZ6DCXYKuw|47711|292|18
2026-08-06|_ok0UjR9RM4|245270|1008|127
2026-08-06|AhaVtSdJNtY|58584|325|20
2026-08-06|KmLyxLCBuFs|128360|655|53
2026-08-06|FFTXYrKItrs|9688|16|0
2026-08-06|mWI5EF-j7Fg|17517|89|0
2026-08-06|nHxYX96IygM|1514|13|2
2026-08-06|zVyvlm-DEOc|2761|23|1
2026-08-06|OJPIs9iNznA|872|4|0
2026-08-06|rBJprtY-8tk|10593|92|0
2026-08-06|du_Yg5u4W-U|2397|11|0
2026-08-06|3CGSn_TYLZw|1423|8|0
2026-08-06|xHRGmL-YiYE|3051|35|6
2026-08-06|H5TpY14Ot-0|568|4|1
2026-08-06|L-AyeR-5zHE|2629|7|2
2026-08-06|AIFDPIlGt8E|233048|455|311
2026-08-06|95cyJOU8CRI|28956|341|2
2026-08-06|GqOOCXC1cFw|28738|209|8
2026-08-06|kMrm9BcMYYo|21617|496|6
2026-08-06|-9tDeT4LqiA|366|9|0
2026-08-06|zFCqIp1qJg0|68645|374|22
2026-08-06|rLQ2W8MK8Qk|24364|341|25
2026-08-06|89m2o4YW8so|222043|1488|144
2026-08-06|hYzwyfGsrro|35206|377|41
2026-08-06|3PaHMmHZ3dk|70555|398|178
2026-08-06|RzMk_yguufw|66547|343|157
2026-08-06|VbdgLvapf7g|11952|204|4
2026-08-06|5kWl85Z7qic|138292|780|31
2026-08-06|NoiFxZsmNPc|12667|290|10
2026-08-06|ujj0H0ycY4k|343397|3098|218
2026-08-06|P78PYAN_UM8|13504|117|15
2026-08-06|jxb9zwMbfvg|4204|37|0
2026-08-07|ryCjTnb7HYE|8|1|0
2026-08-07|qM11ntNQC6w|1068|6|0
2026-08-07|q5mBfpWYP9w|22405|16|0
2026-08-07|jDFM3yW5u34|18882|141|0
2026-08-07|GqCh4lcO5m4|3735|214|62
2026-08-07|5tXXMqe01gw|3907|48|11
2026-08-07|hAjP8qiXWWI|13314|72|2
2026-08-07|xNJOTXWqSEA|242|7|0
2026-08-07|J-VYpBe_jdI|351|23|1
2026-08-07|LmImYzWj0FU|19162|295|5
2026-08-07|bPWdKCPr4Eg|13190|214|5
2026-08-07|P4NGLorkHw0|1868|23|1
2026-08-07|7dARDo-uT4c|891|86|3
2026-08-07|EaVQ5ZUebVU|4104|21|4
2026-08-07|S_DtcgBFSa4|1280|7|0
2026-08-07|wmNWhed0tiY|1526|7|0
2026-08-07|CWHZtiTdMl0|108944|4279|284
2026-08-07|q5Ghf4-L2qk|2234|141|27
2026-08-07|2zujMNyW_kw|3452|39|1
2026-08-07|dqV8Mat45rc|23062|56|0
2026-08-07|s-IJGPXmMtM|16900|159|2
2026-08-07|4sWuwgykTHE|21152|121|3
2026-08-07|HEX-brfRQlw|17877|72|3
2026-08-07|Qk6XPSAfUz0|4656|24|1
2026-08-07|5kD9XFC_mbA|41563|412|3
2026-08-07|T3nUY_4AFy8|153659|597|8
2026-08-07|SOCCfdFvXGk|1479|18|3
2026-08-07|1vDanh5h8-w|1368|14|0
2026-08-07|MGLqO1DxwZE|2233|23|2
2026-08-07|lqHz2Yjc2oc|3664|24|6
2026-08-07|xEYJRtI_YOY|120475|1176|122
2026-08-07|nozIWZeQkPg|535914|7927|166
2026-08-07|WtBA5PWmlmw|3196|30|2
2026-08-07|8pBj5852pA4|1257|42|0
2026-08-07|POapJ398WFU|217093|956|115
2026-08-07|jampYSDGS40|95981|1238|145
2026-08-07|jFysTgUCc2Y|160150|2058|357
2026-08-07|NZeble3fNfc|142382|3718|1491
2026-08-07|YnAJlzPyp0k|35850|3481|699
2026-08-07|j1GCfcmhjQE|11860|351|9
2026-08-07|Ry9Fhh1k81U|14896|271|8
2026-08-07|SvKWUuIxnJg|30503|835|85
2026-08-07|Q5_J_OKmo6U|0|0|0
2026-08-07|onIhHxczfg4|18|0|0
2026-08-07|J0ZrQjq7dxU|280|2|0
2026-08-07|1Ygqny4Gnvc|303|0|0
2026-08-07|RoGyJmGH6Jc|486|5|0
2026-08-07|374AqfXVepE|851|8|0
2026-08-07|ciZCJmPUf1c|116528|1081|653
2026-08-07|GlwyVplw_1k|1121|17|0
2026-08-07|eyRelpEasGs|6563|19|0
2026-08-07|4bRwoEOeJ64|1309|12|0
2026-08-07|lt7Egrnl3O4|14641|221|3
2026-08-07|jl__2BZghOk|15960|154|0
2026-08-07|E1f6V9yxC5A|3512|57|2
2026-08-07|lFOj86_nciM|1496|26|1
2026-08-07|ERPzAevK5_c|2821|37|1
2026-08-07|ALBQhYDKlJ4|732|3|0
2026-08-07|baAFDjySM18|235|3|0
2026-08-07|gqQsCZhhyE0|164|3|1
2026-08-07|3VWIpt-jLnE|1991|21|1
2026-08-07|i1CCsmOSnps|3330|19|1
2026-08-07|dgKtv4evDqA|4264|52|3
2026-08-07|bZOWaP97Y9k|2107|17|0
2026-08-07|UkhLGvV4_OA|1180|18|4
2026-08-07|1Yx9PBRu78I|34101|266|28
2026-08-07|tJTSPs6nzNk|8284|39|0
2026-08-07|pOAwBOZFwSA|1092|9|3
2026-08-07|ltdEPeLlvpU|1312|16|0
2026-08-07|S57-YZRO5UU|15036|141|5
2026-08-07|qNiGeD9EYRU|12027|135|18
2026-08-07|9hWBoX6PfEU|19430|180|19
2026-08-07|YQoRizZbgys|4646|72|3
2026-08-07|5IaSlA-yQAk|9029|57|0
2026-08-07|xcJ37JiszVw|15015|140|8
2026-08-07|I34DCjAqQ4E|3362|21|2
2026-08-07|8Fe4reyc4lo|8401|99|3
2026-08-07|twR0XJo7G_k|9209|90|4
2026-08-07|xZjmBg2C_q8|8818|103|3
2026-08-07|-HudLvhD6Uw|10076|103|4
2026-08-07|janbhM4ycBg|1888|8|0
2026-08-07|MTmhHcsxN9A|4125|25|0
2026-08-07|0bN1aaLjbj8|7971|95|7
2026-08-07|T4VQIZuEQ-c|1393|5|0
2026-08-07|AcQ50owy6qw|143261|1167|89
2026-08-07|NdO5WixoWNk|54360|747|42
2026-08-07|Zn3hsWsp7Sg|23102|176|6
2026-08-07|01UGC5ThDhY|125120|1829|383
2026-08-07|YTQ9Nts7zKI|138522|2153|679
2026-08-07|lMjklRFLWao|4|0|0
2026-08-07|R9ZoPrYbXjs|2288|21|0
2026-08-07|NRkYBVhMrIY|33680|225|0
2026-08-07|CekJ7EFsfkk|2132|21|0
2026-08-07|Ioyfai7UIII|10789|132|1
2026-08-07|LP1eofy4XHg|3315|25|2
2026-08-07|mFY1b9LhvL4|3124|17|2
2026-08-07|hat2UH2fx_E|2751|34|2
2026-08-07|BJ8NShcmCdU|2270|12|0
2026-08-07|G-jZc8jaGYc|9309|116|6
2026-08-07|cUYr3MedD9A|78157|546|115
2026-08-07|VZnAglXckmI|10107|145|4
2026-08-07|c1qyIedGu8M|57937|1614|21
2026-08-07|wDs3XfzmXg4|193661|812|5
2026-08-07|iVSbJjff6zU|2274|35|0
2026-08-07|U5G446rLKE0|803|25|0
2026-08-07|CXbu4YXrNXk|5877|419|65
2026-08-07|zu8crhOJxc4|53174|102|0
2026-08-07|-0L8KNt4pUM|4536|34|1
2026-08-07|FLPTldNKizg|1458|18|0
2026-08-07|is9C2uf-xLA|2850|24|0
2026-08-07|2y236aVuQcU|1433|17|0
2026-08-07|CTPkel-_4HU|95188|490|3
2026-08-07|7qtbWv4pylQ|6980|97|0
2026-08-07|w5lLkD1RQCc|36538|236|10
2026-08-07|5Rq32S-Ax3c|3070|28|0
2026-08-07|NDDlGd_MJQM|5125|112|2
2026-08-07|_ZFx0oBkSYI|8717|28|0
2026-08-07|Hw4mWzlgzv0|1338|19|0
2026-08-07|IMyqHkhOUVY|69503|397|33
2026-08-07|K9QV0jH30FI|1329|18|1
2026-08-07|qx0DoTn8M2I|33590|151|12
2026-08-07|2X2MCuOMgLU|3834|28|1
2026-08-07|gw88K3bfR9Q|1906|49|4
2026-08-07|_CCGIawfw1s|782917|10161|122
2026-08-07|5hNOSTVtsxs|18096|102|0
2026-08-07|9N_lovQ2Buk|8833|81|0
2026-08-07|krPHzcjLVAQ|4293|41|0
2026-08-07|rF6NeZqg5jo|796185|4226|22
2026-08-07|eGzHHQUhj7g|21567|109|2
2026-08-07|rRtEIFNbF8c|83905|1100|53
2026-08-07|HywAZclRprQ|90570|1117|11
2026-08-07|yWPTF1XBQ6w|7022|35|1
2026-08-07|N-d5n9wbx4w|94405|1714|60
2026-08-07|oMVLUcDBqhw|1899|13|0
2026-08-07|5919CXwK55w|462938|3041|461
2026-08-07|RYojh-PvBY8|7366|12|0
2026-08-07|2A8VSM3qu1w|4049|23|0
2026-08-07|hwY629guPmE|8727|124|2
2026-08-07|1AvWzsS6l8E|1709|16|0
2026-08-07|1F86sjKobuw|5119|9|0
2026-08-07|yLarauMgl9c|121300|636|36
2026-08-07|U_wqpp509CU|229719|1294|72
2026-08-07|lTlzl-t2L8Q|4277|10|0
2026-08-07|UpxkTjL8qQ4|226597|898|67
2026-08-07|Ahv7tlrXVb4|506|14|4
2026-08-07|PbBiL7TbOxI|550563|5337|194
2026-08-07|FIyDoB5yV1A|41005|344|7
2026-08-07|9oAcZUzyLpU|556218|2821|427
2026-08-07|gGcvhqnT2Us|15598|113|1
2026-08-07|kqp6b2Jxakc|0|0|0
2026-08-07|9xNVfsw2vC0|519|9|3
2026-08-07|I6ggU7zEv5k|5500|72|1
2026-08-07|DGwj7XtGCAI|1445|6|0
2026-08-07|7rvdCfWR6Ks|1626|15|0
2026-08-07|0fJIv1Sa57E|857|8|0
2026-08-07|a6eEQJpqt_4|11247|99|3
2026-08-07|Fohit0jyz2Q|12908|136|8
2026-08-07|IuYFQoAD8RU|1759|71|6
2026-08-07|tqgmQwuWc08|892|7|0
2026-08-07|k8WqMLNqtj4|786|11|0
2026-08-07|1Q17fwqjSgs|4521|99|1
2026-08-07|z84NemLpibQ|1772|16|0
2026-08-07|t_NkKVXnq_8|2756|32|1
2026-08-07|GLuoNz825wo|15742|134|1
2026-08-07|0d17xirhFBk|1098|9|0
2026-08-07|nAyMVXIhcUM|6383|175|9
2026-08-07|jDgv9D37whA|3904|35|0
2026-08-07|qx4mqK-VjiI|663|0|0
2026-08-07|pNwobTaKVkM|24063|161|2
2026-08-07|jRREOI7nTSA|49172|220|6
2026-08-07|is64zDlB_iw|347|9|0
2026-08-07|S8lTlDZMShw|15850|15|0
2026-08-07|pYtpxJdpGQI|674|12|0
2026-08-07|Uj__nhXl_QQ|6720|316|5
2026-08-07|CJenvheHkDk|110420|1079|207
2026-08-07|4Ftb-bFvqEo|3154|40|1
2026-08-07|Uuo44C9kVVA|1717|35|1
2026-08-07|5ANylz0pCbM|2076|63|2
2026-08-07|RJG8_m70ezQ|92722|1808|129
2026-08-07|K78EDQwj9P0|5635|164|11
2026-08-07|vYREeRKxgNI|19125|140|11
2026-08-07|pihzUiignAM|18294|164|11
2026-08-07|G6560BaDzQs|19682|163|10
2026-08-07|U3k78d4_yLg|16850|123|12
2026-08-07|eP-yZJ1_v_c|1080|9|0
2026-08-07|q7Zc1w7Mo0A|67835|451|0
2026-08-07|TXS8ydkPzfA|37866|254|1
2026-08-07|1pScSw4zN6w|6803|25|1
2026-08-07|p5mluQbC5-U|32442|170|2
2026-08-07|vgUVexeFjcI|32091|200|2
2026-08-07|LqVJk_tHbHQ|1276|3|0
2026-08-07|mxauSnDnNq8|1464|13|0
2026-08-07|03_b_hE8RT8|167221|1499|143
2026-08-07|aMnGWG-gC58|230146|1377|277
2026-08-07|-OYSEtyxWDY|3561|27|1
2026-08-07|vPk-iV3utDs|2241|18|2
2026-08-07|THq9jHfwA6E|1536|14|14
2026-08-07|-QKrD4fJPS8|1550|15|2
2026-08-07|h4sznb_IhRs|1110|11|2
2026-08-07|aGmt3vDvDbE|1633|78|5
2026-08-07|247qmTTkTGE|19590|158|6
2026-08-07|42mZWr3iGK4|16382|153|7
2026-08-07|rA7hTLUMWV8|16993|127|5
2026-08-07|kFJ3TnVqqOY|17831|171|8
2026-08-07|JVHmnuTTDfE|64944|404|43
2026-08-07|hO_loUfjL9s|15279|117|4
2026-08-07|LU3zgq0vwsY|37997|251|39
2026-08-07|6EVBHKXVjOo|15524|132|10
2026-08-07|MLHghzumei8|10410|107|7
2026-08-07|8tztPlZYbjc|29154|232|12
2026-08-07|UHeyPdAid_M|16512|274|26
2026-08-07|YpZQk1JSjWc|56909|726|45
2026-08-07|ijZeJEEx_fE|2|0|0
2026-08-07|uibRh3Jjfbs|11712|148|0
2026-08-07|lOV43kfK-EU|1733|32|0
2026-08-07|kwn7zWhb9Fo|5705|51|0
2026-08-07|8HCeuUGnYZs|5926|32|0
2026-08-07|ftn3TlA5aTU|70029|433|26
2026-08-07|XcHDDm6328o|20|2|0
2026-08-07|0vOsWMV_jXs|306|19|0
2026-08-07|3SaqvLw8f4c|6271|60|3
2026-08-07|o5zNSc1xReQ|11905|1582|163
2026-08-07|eO2sI8XWboA|196|15|0
2026-08-07|Us5aTWQaDyI|1957137|20856|893
2026-08-07|R01j2Sz4gV4|1411|24|3
2026-08-07|sGSk4v4PCYI|233368|1137|304
2026-08-07|kpUtlwD85ho|7353|113|0
2026-08-07|SaZRiEHhXM0|29411|258|12
2026-08-07|-qLQXL2Pfls|89728|873|102
2026-08-07|BC_BBOgkDBM|4329|88|11
2026-08-07|uIlJRU0g7M4|2438|23|0
2026-08-07|7SybwBdNkG0|390|7|0
2026-08-07|zDmRrcti4iY|4166|46|2
2026-08-07|gA2P6NfjpfQ|195|5|0
2026-08-07|INe3WZn4Xio|435|6|0
2026-08-07|PEud18cPO04|4134|15|2
2026-08-07|NI0j3TaM7sc|1154785|17370|1333
2026-08-07|BNcU9Cod-zU|3299|476|22
2026-08-07|8yeq2a2bB94|41858|92|3
2026-08-07|t_OzubpiWpE|2305178|53481|1900
2026-08-07|AyteSshV6iU|6277|63|0
2026-08-07|Cpqz3TsaT7w|996269|9368|156
2026-08-07|MVLqK9rD_YE|28030|124|1
2026-08-07|DtoPVO9zA44|70238|308|57
2026-08-07|QZ2rQiX3Wgo|23380|185|1
2026-08-07|0VnEpoRUXgI|53485|601|178
2026-08-07|V1Suq5EuVIg|2719|24|1
2026-08-07|ChtF1255jfY|1913|11|1
2026-08-07|qAn1haCw_JQ|2138|7|1
2026-08-07|g7TJzp1NdTY|32482|218|42
2026-08-07|WNUvPnBgFdU|9083|98|5
2026-08-07|yk4-MqebHys|13864|114|15
2026-08-07|hrgBOseZTuU|15320|124|8
2026-08-07|sX8tfB8GScw|21761|153|8
2026-08-07|BMfGY9EgMdc|15925|132|5
2026-08-07|cjx9iuoY0Ck|17122|139|5
2026-08-07|2E4h_jfwcAU|9976|116|7
2026-08-07|RfGoIcvDhyU|3411|38|1
2026-08-07|lzvUc_vW4Sc|2431|5|1
2026-08-07|2HISSz1mE6E|49137|258|18
2026-08-07|ktwNCUslYhA|15437|152|21
2026-08-07|Bfgwwcf1yh4|113504|1897|337
2026-08-07|KwdNnRdHV50|66000|427|31
2026-08-07|xcbtTiSwpfA|10088|108|5
2026-08-07|_n3wAaKF0oc|35893|260|28
2026-08-07|Pv3Fk9KIbM0|6096|69|2
2026-08-07|R4JCuZ0GUys|1138|5|0
2026-08-07|NfEaRZaoVAA|7557|37|4
2026-08-07|ZPN52okTUjM|3778|16|1
2026-08-07|p1coWuLxIZI|48389|353|36
2026-08-07|gDztbWKWRwk|3117|12|1
2026-08-07|cSMBxtMG3zA|4577|34|2
2026-08-07|d5x2wPongDs|1841|42|7
2026-08-07|HLodLH-VSxc|4172|24|11
2026-08-07|aitsleoH6J0|9833|81|5
2026-08-07|DszookCBL_Y|73353|539|232
2026-08-07|Iqn9AbE-DOc|8656|29|29
2026-08-07|CgWKAn6LJ6Q|40397|276|105
2026-08-07|X5vjmp1PmFY|181367|1180|609
2026-08-07|4o4oFjxn0GE|23602|338|6
2026-08-07|jQnMWyaJZNE|7140|46|3
2026-08-07|AhrjC9q-msc|1688|10|0
2026-08-07|NS0qPRYwN7Q|7838|79|4
2026-08-07|CbcEtd0ZVT4|104495|1113|95
2026-08-07|M5TVIhhxNpo|947|17|0
2026-08-07|Hdrb-vgqNoI|4912|91|4
2026-08-07|TfQ5YFAA9kI|3486|22|4
2026-08-07|H9_Rat2DoEs|819|14|1
2026-08-07|PpGCbjlUQnU|5600|48|0
2026-08-07|6A9Zn9OTaxQ|20|0|0
2026-08-07|mXYSYmgpKdo|3905|92|8
2026-08-07|MsyoJqMRm30|31978|338|28
2026-08-07|gOpO3oOcKHc|64960|398|23
2026-08-07|lWllkdTBURA|23159|176|5
2026-08-07|IOQlft2yhqo|325180|1769|244
2026-08-07|u-NfqFBBsHI|141502|1481|462
2026-08-07|AbO8mMNpC5s|27061|452|5
2026-08-07|ZuURBpXti_A|3007|59|2
2026-08-07|GGV06yyZ7hI|1676|9|0
2026-08-07|Wig1PZ2jVA4|97237|1567|90
2026-08-07|D-PP_L00bkM|3726|89|1
2026-08-07|tQQqTF5jzEU|1170|10|0
2026-08-07|K56R247X0_k|23570|165|13
2026-08-07|Wb2oLCS55IM|21910|261|17
2026-08-07|GNBnDbjRbTc|238586|1955|178
2026-08-07|cz7SAtAo1Ng|59505|329|7
2026-08-07|A1Du6vLjohQ|5686|35|2
2026-08-07|wyGifa5lV6w|5403|64|0
2026-08-07|b8OV47gjnrQ|18700|354|5
2026-08-07|zbuE5yj6TJM|6468|43|0
2026-08-07|_g2fjr_9qpY|6906|67|1
2026-08-07|jBcRub1uon0|234509|747|78
2026-08-07|6f-hOqXC0kc|1223|72|9
2026-08-07|P3NZ0qqjqZc|861|10|0
2026-08-07|OHA4Yo3pfkA|82672|652|31
2026-08-07|KDPh3VkLAXQ|1907|18|1
2026-08-07|nkqaRoGEcOQ|2500|25|2
2026-08-07|LdamjF0Nlr4|2079|15|58
2026-08-07|sKIXgOMDn1o|15524|57|2
2026-08-07|3h9kIY2QZN0|203675|180|8
2026-08-07|bIBE1Ku_sKo|39948|223|3
2026-08-07|euUTI5_xqRo|4595|38|0
2026-08-07|xzF4oJgd3xk|91516|260|2
2026-08-07|sl6UVvq-xvQ|5858|638|98
2026-08-07|0yKpmMZ2mNw|7829|372|29
2026-08-07|zZ2urf2-oUU|9871|494|39
2026-08-07|TwZ4F_7VuXc|2639|153|46
2026-08-07|fZKiqrAfb4w|7537|147|0
2026-08-07|Fppux91uy7U|495174|4622|67
2026-08-07|NFL0-PU8WsM|6756|105|4
2026-08-07|YD226xPuiy4|2231|22|0
2026-08-07|tivJypkCBWo|2372|21|1
2026-08-07|gdBhUHZMij0|322150|1345|391
2026-08-07|7SYQg8-rxpE|14665|70|27
2026-08-07|xpL7Pg1JLOo|22041|80|7
2026-08-07|sVLFjk51oRI|13150|241|7
2026-08-07|gJCiaZYly2Q|781748|6271|2113
2026-08-07|MO5_dUTR4kE|55626|482|52
2026-08-07|NeK443S8wBI|486551|107|11
2026-08-07|mHg_OY8luGo|34603|304|7
2026-08-07|GNNh--llIp8|5152|85|3
2026-08-07|bBXzplqUMxk|7214|154|4
2026-08-07|zMwRKXIXfBw|1788|19|0
2026-08-07|1ixsGgtc9n8|118015|2986|287
2026-08-07|jePrLIQsTQY|150819|481|15
2026-08-07|Q1syAfe1IdM|517369|4532|2640
2026-08-07|BXFwCy7GTg8|6027|54|0
2026-08-07|1T2m07PfqFY|1507400|5543|2412
2026-08-07|cP_M1gYhGjg|578173|8643|884
2026-08-07|qIXK1Ci3E6A|34604|187|1
2026-08-07|MIEEy0UcS9U|104|2|0
2026-08-07|84P1MtfX3uA|54878|984|306
2026-08-07|XQkiMDnfGJg|17190|103|107
2026-08-07|S-ECNDSSuA8|48446|263|0
2026-08-07|DvGcrOxRzp4|1984|32|2
2026-08-07|ee7u-cYhJu4|1602|24|0
2026-08-07|EVLzpesFrUQ|18058|96|0
2026-08-07|bCTi-5Yi5H8|77|0|0
2026-08-07|-7iqaCZQqAc|130|1|0
2026-08-07|f8kpOL0y9w4|11|0|0
2026-08-07|CDwShPnCr7U|17|0|0
2026-08-07|ssyNV1kRNa0|30|0|0
2026-08-07|ZYH-QTzfZIU|372439|2933|33
2026-08-07|lWWCoSlWk6A|108354|1042|14
2026-08-07|L_g36ozgbLk|18035|79|30
2026-08-07|v6rfU2nol90|3026|41|0
2026-08-07|bSy942ha-Yg|20434|150|5
2026-08-07|3EQrZnUd_rk|2463|9|0
2026-08-07|lRwcLieeURk|13312|34|1
2026-08-07|sXUqbYIr7u8|13|0|0
2026-08-07|yH3mSNNPnDk|6711|69|11
2026-08-07|TvbIgIVFMmY|40175|287|158
2026-08-07|nWf-NED85UE|25713|237|4
2026-08-07|xayEGu_IRaw|29896|213|11
2026-08-07|aC3S6GE4mb4|54568|1327|528
2026-08-07|nO7_U_zhjaw|614235|2140|91
2026-08-07|7xkpohFK6CA|2517|19|2
2026-08-07|7I7p3jXnp24|35471|673|59
2026-08-07|mTMiRCF5_u0|26764|183|0
2026-08-07|7pAhGMpceF8|35458|100|3
2026-08-07|26WxaqSaseA|13721|182|14
2026-08-07|6FsMQTZE_pw|2913|14|1
2026-08-07|VjCLgebykgk|2667|21|5
2026-08-07|dI_aze6XWjY|10876|110|3
2026-08-07|x3mJPVwZabg|22005|149|6
2026-08-07|vMw2c5c0CUA|19514|144|15
2026-08-07|IciAlr514Xc|10635|95|5
2026-08-07|fx54uIt_mAo|14128|96|10
2026-08-07|uFwTPJvKMQc|32554|224|25
2026-08-07|VRUGDUF5-CY|13938|118|9
2026-08-07|BJXp77Uj3KI|10556|86|3
2026-08-07|4SR5TKDQ-Dw|15467|133|3
2026-08-07|5DjtSBjrogk|51988|315|14
2026-08-07|q1MkwV1YYss|9988|109|5
2026-08-07|STB3A6Tk_nk|18440|155|7
2026-08-07|ucopKmMtMJ8|16861|172|25
2026-08-07|LvBW9D1xkGU|13026|144|29
2026-08-07|fGdjWUGL2GE|41920|255|15
2026-08-07|X2CSYTxlrvs|2506|42|0
2026-08-07|70wWd5PrJBM|3181|18|1
2026-08-07|o7nTmSg4haQ|3311|24|1
2026-08-07|KVPAOpGnIug|3353|58|0
2026-08-07|-Q-HOlij27E|5424|33|2
2026-08-07|ACJNP2muR2c|2330|29|0
2026-08-07|1uSWHGfJheQ|4652|35|1
2026-08-07|QVPKElw_WY4|2651|6|1
2026-08-07|5Ymdo1ne8pU|6149|47|2
2026-08-07|_Rx_klftAuU|17719|145|1
2026-08-07|uwcGGBcpWhg|3190|22|1
2026-08-07|PHaBGLUMNNE|2106|14|1
2026-08-07|PdMZDPfk98U|2397|9|3
2026-08-07|zrm-pTOV7W0|3279|26|1
2026-08-07|ud6M7KkqSYY|3652|12|1
2026-08-07|vduhFcU7IU8|2521|22|1
2026-08-07|IBslwVz27g0|24823|706|12
2026-08-07|SVIwPgCQK3w|36183|393|139
2026-08-07|zjp58WfMaYs|2016|26|0
2026-08-07|lScKUe5dGI4|63394|296|2
2026-08-07|dKjfz3qGNHE|2629|35|3
2026-08-07|SoLOVqt0J3o|969|78|4
2026-08-07|Qd4AMNoyU6g|7185|31|0
2026-08-07|sL49w5EWtzI|2000|21|1
2026-08-07|d-scKKX1YdE|63415|73|5
2026-08-07|yU0ycfFn6NA|19620|358|5
2026-08-07|e1Ho4N2dJk8|31266|253|1
2026-08-07|1aGgea-Wx3Q|18561|114|3
2026-08-07|XjRyum5k3qY|105049|399|138
2026-08-07|7li8dWhUvQE|13612|82|0
2026-08-07|-CvoAIuijWk|12550|152|1
2026-08-07|31P_7b4t5tw|12738|42|7
2026-08-07|4SweUh8JNDY|31893|172|1
2026-08-07|kSEYa3Sqg64|20758|211|5
2026-08-07|Pq1G5OFneRw|34268|109|5
2026-08-07|U5KqLx4LMJ8|3800|51|10
2026-08-07|C7gkrBs4FxI|18078|57|36
2026-08-07|3pFVTZSiP74|35468|233|12
2026-08-07|dngKoBHfqQs|265875|1883|678
2026-08-07|Ave17V-Pa3Y|83565|1073|116
2026-08-07|fBN5sDEIBLA|6376|41|5
2026-08-07|YIfhPKhojWs|3631|36|7
2026-08-07|GLhzejGyfIo|65330|4034|544
2026-08-07|1v7O-C_OpVg|1568714|1684|650
2026-08-07|NlcRqQdxf6Y|2665|25|33
2026-08-07|9K54RIBV3hc|5417|18|1
2026-08-07|W8ouXtLr13s|2873|41|0
2026-08-07|q5J-cB7XtUM|38045|255|1
2026-08-07|QKxhQk3zN6c|21953|182|3
2026-08-07|n0JxBqfTia4|4382|51|2
2026-08-07|oKDcWMdktcY|7328|110|1
2026-08-07|VZKsRExubWw|43646|239|20
2026-08-07|8neknezag3E|286772|2389|61
2026-08-07|xuYoNfPh2AQ|1739|35|1
2026-08-07|cwmI8Igi-Ms|76146|455|2
2026-08-07|tYYOJs3E_WA|93873|641|1
2026-08-07|S6CfCI2KMEY|76297|532|10
2026-08-07|a4CZqbcbVnQ|2816|30|0
2026-08-07|SHVQx3HgMj8|4629|28|0
2026-08-07|oAJicvK2ikk|4438|44|5
2026-08-07|EGdpN8uf6qE|7379|110|4
2026-08-07|bMHsHfoD6w8|18667|93|3
2026-08-07|xZ40s8rXFhk|6816|111|7
2026-08-07|SH199W2UVYw|50419|276|32
2026-08-07|TLmiRtW9NbA|14450|139|5
2026-08-07|jLSz3aA1Uzw|835|16|2
2026-08-07|GIeb-eIXfOE|28922|208|4
2026-08-07|fiO0aQvWkkU|6189|85|8
2026-08-07|FJtvBAyMHgc|21203|51|0
2026-08-07|AsRh4UHA1D8|8954|74|6
2026-08-07|hxqJYMyTZqk|2398|29|0
2026-08-07|3CGSn_TYLZw|1456|7|0
2026-08-07|zVyvlm-DEOc|3015|23|1
2026-08-07|n1vpvzFy-fM|1345|6|0
2026-08-07|3Bd3iAlfo6g|2371|10|2
2026-08-07|IzFERIsb1uM|6111|10|0
2026-08-07|uPYo6VsTgmk|12739|113|9
2026-08-07|7sBrPBunMRI|32237|165|164
2026-08-07|5MSLsmgbNDA|27963|170|97
2026-08-07|vlhAU5PTWvU|189969|1981|45
2026-08-07|toi6Iu3CiZo|2745|32|0
2026-08-07|RrZf5FpqU0Q|17834|44|0
2026-08-07|S54no5RkTy0|23783|101|14
2026-08-07|eAde-0JpB9I|107656|666|26
2026-08-07|H5TpY14Ot-0|586|4|2
2026-08-07|xHRGmL-YiYE|3422|35|7
2026-08-07|du_Yg5u4W-U|2313|11|1
2026-08-07|fSYNs_SLQ7M|3436|68|0
2026-08-07|rBJprtY-8tk|13025|111|2
2026-08-07|OdGSjMC8blk|11883|70|1
2026-08-07|61naCxgMyVQ|6085|43|1
2026-08-07|ABeE89Z-NUI|28811|304|8
2026-08-07|OJPIs9iNznA|1030|5|1
2026-08-07|UY-lPhnFHSo|65729|411|28
2026-08-07|BmEUqWoWJKI|183|5|1
2026-08-07|3mcgKRpLQC8|203493|1247|123
2026-08-07|KGSocXb_9BY|1739|6|0
2026-08-07|5Epd8xb8nCY|86924|1400|154
2026-08-07|IIi0nTBPWK0|9|1|0
2026-08-08|2ZgBk6aCREs|16153|98|8
2026-08-08|vIsOzEjinnM|9390|192|63
2026-08-08|B20H-zjEs2Q|444|3|0
2026-08-08|rp56q3prfT4|3260|21|0
2026-08-08|iVb_OXLKh3k|1674|11|0
2026-08-08|od90K69QoKc|1110|8|0
2026-08-08|GMa76YPXUfI|519|17|0
2026-08-08|dIa4aGDe9Wk|2333|14|0
2026-08-08|MZPXo67thhk|4519|72|0
2026-08-08|VteNjVRCEGQ|1717|27|0
2026-08-08|q-FwYy6bm6E|10252|40|0
2026-08-08|Rm1QPO7wllE|17996|79|0
2026-08-08|ATOf-jR92wA|350|9|2
2026-08-08|5qcXzBxBWKA|2795|7|0
2026-08-08|aERLoxK0mDY|5857|65|95
2026-08-08|ZDR1_2lRf04|14484|115|40
2026-08-08|BGhN8WiV6pQ|7515|170|14
2026-08-08|Prm7MCeNzME|554|7|0
2026-08-08|FiPASOQHkBw|944|84|1
2026-08-08|D3yVmO8hvhs|822|50|16
2026-08-08|yYuYHWbe7PM|9347|53|0
2026-08-08|hQT7dMl2KuA|4849|30|19
2026-08-08|D16fve1rItE|2841|22|3
2026-08-08|fX-plZf23rY|119|7|0
2026-08-08|DeqnWxqshvo|269|11|0
2026-08-08|Ld7Z0S1vb04|217|8|1
2026-08-08|ouMIexkX3GQ|44451|87|0
2026-08-08|SecPkGf3vcc|743|71|7
2026-08-08|hDCK9CSM1ME|1906|32|1
2026-08-08|iDg2Zkx84dQ|1807|59|4
2026-08-08|A3u1e6x0cdE|6133|74|2
2026-08-08|tIUuxzDFBcE|3494|30|9
2026-08-08|2wWcmppQIkY|395|4|0
2026-08-08|8itV4u4oj78|2001|30|2
2026-08-08|lBLkigAiwgM|6006|15|0
2026-08-08|SJQVMQTnQ2A|255011|884|60
2026-08-08|oWj-hJDsG_o|74582|463|8
2026-08-08|DKaTlzdp2aI|35794|176|8
2026-08-08|erybJ-moddQ|56137|673|39
2026-08-08|Y73I6A9WRVE|33332|425|78
2026-08-08|WyObWm6oQXU|410|15|1
2026-08-08|jvrJSz6KqFo|240500|683|2
2026-08-08|EK5Ej4AyWR0|912363|3349|111
2026-08-08|8ccC-FCX6tE|93123|454|1
2026-08-08|22TjxY9l5TI|29016|215|3
2026-08-08|hiLKTrfOBlY|42601|421|14
2026-08-08|SRt7cooBKVY|44545|465|10
2026-08-08|OYkSn6sjcW8|109322|208|4
2026-08-08|VGgQxk-7Tx8|46658|131|13
2026-08-08|TXS0Dgn-lBI|45335|250|7
2026-08-08|fvdW0fgBU8s|32956|1024|68
2026-08-08|yU2iceAAQ_Q|78613|593|52
2026-08-08|tnr9Mcwyarg|15838|121|2
2026-08-08|ldClqA_Rvc8|11023|46|0
2026-08-08|W4ltUbAWmBI|33230|136|7
2026-08-08|KSfOkFBFw-w|3825|15|0
2026-08-08|9HSJTgz-8iI|70|2|0
2026-08-08|f1dsCzoT1W4|84|1|0
2026-08-08|rtaycL675N8|88557|424|1
2026-08-08|pqJscAS-nic|17967|90|0
2026-08-08|BwFJQGzVd0k|186150|906|86
2026-08-08|oZXNHRgA62s|205107|1960|145
2026-08-08|e61MfUOSkRU|81464|595|117
2026-08-08|usnWdTDv8pM|173304|3420|1637
2026-08-08|WYonLS-PVVU|6847|137|7
2026-08-08|M-zWBnWpwsM|5229|106|5
2026-08-08|2JUGp5a5ryc|1960|21|5
2026-08-08|z_kYrRFd6Vg|58091|400|7
2026-08-08|vKKqeR-KVdg|52785|720|43
2026-08-08|Tfu0ri2r_yk|2109|59|3
2026-08-08|H2bIFMdlaCk|1358|22|1
2026-08-08|k0lfRY14gW8|672|4|0
2026-08-08|90bZ_kZbVyg|1264|14|0
2026-08-08|F76IVpgKI0w|9994|76|0
2026-08-08|Oc7wn3u79mo|789|9|0
2026-08-08|yBhfkgarf6I|7834|79|4
2026-08-08|Ag_eY-qlcug|21869|224|14
2026-08-08|H-j2a2ncaJY|9955|115|19
2026-08-08|_3CQanzNGxo|1075|9|0
2026-08-08|W-RReXqH2O8|2557|51|7
2026-08-08|ZhznI5xHxyQ|1943|42|3
2026-08-08|4EYnXNwS2jM|14676|164|4
2026-08-08|KYQP2gKftDQ|6101|97|3
2026-08-08|dJOoCdwWvc8|13162|134|10
2026-08-08|yNYpV5OLuUc|12636|105|6
2026-08-08|cndN2Cfad-U|6729|74|5
2026-08-08|-7GEF_OCCeQ|10228|92|3
2026-08-08|cOFOl4gNDxE|1743|12|0
2026-08-08|CSQgumax6l0|14131|211|52
2026-08-08|9vpJUJ5qHhI|2912|17|0
2026-08-08|WvqMaeZ1h4I|29857|271|36
2026-08-08|O8t5f4hgfWI|6771|77|3
2026-08-08|Odpo2JeJlDY|6695|90|4
2026-08-08|6EOHYudUGZg|19696|184|21
2026-08-08|RsfanooQgfU|735|5|0
2026-08-08|jM8v6ci1uEM|8054|84|4
2026-08-08|nruDII6wFX4|450|16|0
2026-08-08|5hN1ltIWOVE|612|7|1
2026-08-08|o0Cq07u1IIg|11432|85|6
2026-08-08|BP5NbFfmrto|1346|23|1
2026-08-08|QjagifPKuBI|1243|3|0
2026-08-08|KKBzzK4Oqt8|15991|57|7
2026-08-08|i_J487yCVc0|1731|25|0
2026-08-08|wESQzZMzUbw|138|1|0
2026-08-08|2pw8TdrYErE|1640|11|1
2026-08-08|nijnPv0fu08|30275|122|0
2026-08-08|QKmQuAvsKYU|3518|10|0
2026-08-08|H2IP75oQlRc|189|0|0
2026-08-08|iPykEhmZhq8|362|4|0
2026-08-08|wpToPnRZnJY|781|7|0
2026-08-08|SSJpjtjklZc|2421|50|13
2026-08-08|v6HlLCdwt48|19521|136|3
2026-08-08|IOgJthJxVZc|2213|31|16
2026-08-08|mFY1b9LhvL4|4641|20|2
2026-08-08|ryCjTnb7HYE|12|1|0
2026-08-08|ltdEPeLlvpU|6501|92|3
2026-08-08|S57-YZRO5UU|21007|162|5
2026-08-08|YTQ9Nts7zKI|180689|2589|836
2026-08-08|9hWBoX6PfEU|25568|199|19
2026-08-08|qNiGeD9EYRU|14841|150|18
2026-08-08|w5lLkD1RQCc|40105|255|10
2026-08-08|1Yx9PBRu78I|46100|293|32
2026-08-08|YQoRizZbgys|6531|82|4
2026-08-08|AcQ50owy6qw|147237|1200|91
2026-08-08|Zn3hsWsp7Sg|25531|213|6
2026-08-08|01UGC5ThDhY|189940|2531|487
2026-08-08|pOAwBOZFwSA|1445|9|3
2026-08-08|Hw4mWzlgzv0|2386|25|0
2026-08-08|tJTSPs6nzNk|11091|48|1
2026-08-08|hat2UH2fx_E|8608|59|7
2026-08-08|4sWuwgykTHE|30620|179|4
2026-08-08|T4VQIZuEQ-c|2860|9|0
2026-08-08|NdO5WixoWNk|61323|846|47
2026-08-08|R9ZoPrYbXjs|3623|22|0
2026-08-08|janbhM4ycBg|2193|8|0
2026-08-08|5IaSlA-yQAk|13408|72|0
2026-08-08|MTmhHcsxN9A|6398|31|0
2026-08-08|NRkYBVhMrIY|92304|512|3
2026-08-08|Ioyfai7UIII|46913|288|9
2026-08-08|LP1eofy4XHg|4749|28|2
2026-08-08|BJ8NShcmCdU|3882|15|0
2026-08-08|CekJ7EFsfkk|3378|24|0
2026-08-08|VZnAglXckmI|17503|172|6
2026-08-08|xcJ37JiszVw|23047|164|12
2026-08-08|UkhLGvV4_OA|2737|23|4
2026-08-08|dgKtv4evDqA|5765|62|2
2026-08-08|lqHz2Yjc2oc|4449|26|6
2026-08-08|q5Ghf4-L2qk|3437|152|26
2026-08-08|onIhHxczfg4|481|8|0
2026-08-08|qM11ntNQC6w|1173|6|0
2026-08-08|S_DtcgBFSa4|1396|7|0
2026-08-08|J0ZrQjq7dxU|3253|24|0
2026-08-08|1Ygqny4Gnvc|1201|4|0
2026-08-08|RoGyJmGH6Jc|2186|26|0
2026-08-08|EaVQ5ZUebVU|7730|45|10
2026-08-08|7dARDo-uT4c|1425|126|6
2026-08-08|P4NGLorkHw0|2811|25|1
2026-08-08|bPWdKCPr4Eg|76307|391|5
2026-08-08|ERPzAevK5_c|3216|39|1
2026-08-08|lFOj86_nciM|1962|29|2
2026-08-08|E1f6V9yxC5A|6839|70|2
2026-08-08|jl__2BZghOk|21694|212|0
2026-08-08|lt7Egrnl3O4|25233|292|3
2026-08-08|4bRwoEOeJ64|1478|13|0
2026-08-08|eyRelpEasGs|7482|22|0
2026-08-08|GlwyVplw_1k|1494|19|0
2026-08-08|374AqfXVepE|1675|9|0
2026-08-08|8pBj5852pA4|2837|64|0
2026-08-08|WtBA5PWmlmw|8009|63|2
2026-08-08|I34DCjAqQ4E|3651|21|2
2026-08-08|8Fe4reyc4lo|10980|111|4
2026-08-08|NZeble3fNfc|321748|5338|1945
2026-08-08|twR0XJo7G_k|14804|109|6
2026-08-08|xZjmBg2C_q8|11816|116|3
2026-08-08|-HudLvhD6Uw|14775|116|5
2026-08-08|G-jZc8jaGYc|13804|140|9
2026-08-08|0bN1aaLjbj8|11264|113|8
2026-08-08|CXbu4YXrNXk|247880|4886|984
2026-08-08|gw88K3bfR9Q|17660|171|30
2026-08-08|-0L8KNt4pUM|5084|34|1
2026-08-08|_ZFx0oBkSYI|8813|28|0
2026-08-08|5Rq32S-Ax3c|3904|34|0
2026-08-08|2X2MCuOMgLU|4118|28|1
2026-08-08|qx0DoTn8M2I|38285|160|13
2026-08-08|c1qyIedGu8M|208013|2986|49
2026-08-08|wDs3XfzmXg4|411320|2146|18
2026-08-08|5kD9XFC_mbA|42524|418|3
2026-08-08|Qk6XPSAfUz0|7160|38|1
2026-08-08|HEX-brfRQlw|37991|110|6
2026-08-08|K9QV0jH30FI|1666|20|1
2026-08-08|s-IJGPXmMtM|28350|236|2
2026-08-08|q5mBfpWYP9w|22425|16|0
2026-08-08|nozIWZeQkPg|544534|7998|170
2026-08-08|POapJ398WFU|257642|1028|124
2026-08-08|jampYSDGS40|120776|1417|158
2026-08-08|wmNWhed0tiY|1693|7|0
2026-08-08|jDFM3yW5u34|26090|212|1
2026-08-08|CWHZtiTdMl0|110644|4310|286
2026-08-08|iVSbJjff6zU|7786|61|1
2026-08-08|1vDanh5h8-w|2031|18|0
2026-08-08|zu8crhOJxc4|58693|119|0
2026-08-08|SOCCfdFvXGk|2238|21|3
2026-08-08|xEYJRtI_YOY|127317|1224|125
2026-08-08|3VWIpt-jLnE|3066|26|1
2026-08-08|2zujMNyW_kw|22951|106|11
2026-08-08|GqCh4lcO5m4|283630|2607|636
2026-08-08|LmImYzWj0FU|79088|385|6
2026-08-08|cUYr3MedD9A|130931|684|143
2026-08-08|jFysTgUCc2Y|248924|2567|403
2026-08-08|YnAJlzPyp0k|72591|4725|910
2026-08-08|j1GCfcmhjQE|16335|441|10
2026-08-08|Ry9Fhh1k81U|20285|355|10
2026-08-08|SvKWUuIxnJg|48395|1048|95
2026-08-08|J-VYpBe_jdI|468|25|1
2026-08-08|xNJOTXWqSEA|329|10|0
2026-08-08|hAjP8qiXWWI|21651|115|2
2026-08-08|5tXXMqe01gw|115736|298|47
2026-08-08|ciZCJmPUf1c|155116|1115|1118
2026-08-08|i1CCsmOSnps|4191|24|1
2026-08-08|Q5_J_OKmo6U|3091|22|0
2026-08-08|ALBQhYDKlJ4|1082|5|0
2026-08-08|baAFDjySM18|455|5|0
2026-08-08|MGLqO1DxwZE|2846|25|2
2026-08-08|gqQsCZhhyE0|363|3|1
2026-08-08|2y236aVuQcU|1630|19|0
2026-08-08|is9C2uf-xLA|5282|51|0
2026-08-08|T3nUY_4AFy8|163448|622|8
2026-08-08|7qtbWv4pylQ|11266|135|1
2026-08-08|CTPkel-_4HU|111087|551|3
2026-08-08|bZOWaP97Y9k|23609|195|11
2026-08-08|lMjklRFLWao|14|0|0
2026-08-08|IMyqHkhOUVY|86128|518|40
2026-08-08|NDDlGd_MJQM|13335|195|2
2026-08-08|dqV8Mat45rc|25042|62|1
2026-08-08|FLPTldNKizg|2041|23|0
2026-08-08|U5G446rLKE0|2471|49|0
2026-08-08|6EVBHKXVjOo|16421|140|10
2026-08-08|MLHghzumei8|10833|109|7
2026-08-08|2A8VSM3qu1w|4172|23|0
2026-08-08|247qmTTkTGE|20686|163|7
2026-08-08|krPHzcjLVAQ|4723|42|0
2026-08-08|pihzUiignAM|19533|171|11
2026-08-08|U3k78d4_yLg|18126|129|13
2026-08-08|G6560BaDzQs|21015|168|10
2026-08-08|AyteSshV6iU|7306|76|1
2026-08-08|vYREeRKxgNI|20639|152|12
2026-08-08|uibRh3Jjfbs|12649|159|0
2026-08-08|lTlzl-t2L8Q|4454|11|0
2026-08-08|hO_loUfjL9s|16672|121|4
2026-08-08|LU3zgq0vwsY|40086|253|39
2026-08-08|42mZWr3iGK4|16865|155|7
2026-08-08|7rvdCfWR6Ks|1778|15|0
2026-08-08|qx4mqK-VjiI|676|0|0
2026-08-08|5hNOSTVtsxs|18688|104|0
2026-08-08|eP-yZJ1_v_c|1982|13|1
2026-08-08|-OYSEtyxWDY|5473|37|1
2026-08-08|vPk-iV3utDs|3559|31|2
2026-08-08|8tztPlZYbjc|30332|237|12
2026-08-08|rA7hTLUMWV8|17540|132|5
2026-08-08|hwY629guPmE|17765|195|3
2026-08-08|yWPTF1XBQ6w|7301|37|1
2026-08-08|RYojh-PvBY8|7636|14|0
2026-08-08|kFJ3TnVqqOY|18722|174|9
2026-08-08|1F86sjKobuw|5308|9|0
2026-08-08|JVHmnuTTDfE|67204|409|43
2026-08-08|1AvWzsS6l8E|2393|21|0
2026-08-08|9N_lovQ2Buk|9548|93|0
2026-08-08|DtoPVO9zA44|74586|317|60
2026-08-08|RJG8_m70ezQ|100463|1868|131
2026-08-08|a6eEQJpqt_4|11652|98|4
2026-08-08|p5mluQbC5-U|32831|171|2
2026-08-08|tqgmQwuWc08|969|9|0
2026-08-08|IuYFQoAD8RU|1968|73|6
2026-08-08|aGmt3vDvDbE|1897|79|5
2026-08-08|h4sznb_IhRs|1168|11|2
2026-08-08|-QKrD4fJPS8|1714|15|2
2026-08-08|THq9jHfwA6E|1842|18|19
2026-08-08|FIyDoB5yV1A|42526|351|8
2026-08-08|aMnGWG-gC58|242018|1420|278
2026-08-08|03_b_hE8RT8|184187|1603|146
2026-08-08|vgUVexeFjcI|32338|200|2
2026-08-08|1pScSw4zN6w|8083|32|2
2026-08-08|Fohit0jyz2Q|13335|136|8
2026-08-08|TXS8ydkPzfA|47259|310|2
2026-08-08|q7Zc1w7Mo0A|69779|461|0
2026-08-08|gGcvhqnT2Us|16596|119|1
2026-08-08|HywAZclRprQ|115262|1339|17
2026-08-08|I6ggU7zEv5k|5576|73|1
2026-08-08|eGzHHQUhj7g|33650|149|4
2026-08-08|rF6NeZqg5jo|879167|4621|22
2026-08-08|_CCGIawfw1s|1249294|13901|154
2026-08-08|oMVLUcDBqhw|2455|16|0
2026-08-08|Ahv7tlrXVb4|529|14|4
2026-08-08|k8WqMLNqtj4|849|13|0
2026-08-08|1Q17fwqjSgs|5271|116|1
2026-08-08|z84NemLpibQ|1880|17|0
2026-08-08|t_NkKVXnq_8|2965|35|1
2026-08-08|ftn3TlA5aTU|74682|450|26
2026-08-08|UHeyPdAid_M|20512|312|29
2026-08-08|K78EDQwj9P0|6055|169|11
2026-08-08|kwn7zWhb9Fo|6492|58|1
2026-08-08|5ANylz0pCbM|2620|65|2
2026-08-08|Uuo44C9kVVA|2732|44|1
2026-08-08|4Ftb-bFvqEo|3585|45|1
2026-08-08|CJenvheHkDk|112272|1082|208
2026-08-08|Uj__nhXl_QQ|9079|363|5
2026-08-08|pYtpxJdpGQI|940|13|1
2026-08-08|S8lTlDZMShw|24404|18|0
2026-08-08|is64zDlB_iw|385|10|0
2026-08-08|jRREOI7nTSA|128493|311|11
2026-08-08|pNwobTaKVkM|26968|175|4
2026-08-08|w8pomsKu90E|22845|99|1
2026-08-08|0fJIv1Sa57E|1266|13|0
2026-08-08|jDgv9D37whA|4186|36|0
2026-08-08|DGwj7XtGCAI|1503|7|0
2026-08-08|nAyMVXIhcUM|6765|182|10
2026-08-08|0d17xirhFBk|1162|9|0
2026-08-08|GLuoNz825wo|17666|146|1
2026-08-08|lOV43kfK-EU|1919|33|0
2026-08-08|kpUtlwD85ho|7927|113|0
2026-08-08|R01j2Sz4gV4|1783|35|3
2026-08-08|ijZeJEEx_fE|3|0|0
2026-08-08|7SybwBdNkG0|498|11|0
2026-08-08|uIlJRU0g7M4|2777|23|0
2026-08-08|BC_BBOgkDBM|5158|93|11
2026-08-08|3SaqvLw8f4c|9216|90|4
2026-08-08|-qLQXL2Pfls|121074|992|111
2026-08-08|SaZRiEHhXM0|49449|331|12
2026-08-08|Us5aTWQaDyI|2863901|25486|1107
2026-08-08|sGSk4v4PCYI|279234|1327|365
2026-08-08|eO2sI8XWboA|228|15|0
2026-08-08|XcHDDm6328o|22|2|0
2026-08-08|mxauSnDnNq8|1485|13|0
2026-08-08|LqVJk_tHbHQ|1401|3|0
2026-08-08|0vOsWMV_jXs|388|22|0
2026-08-08|8HCeuUGnYZs|7021|37|0
2026-08-08|8yeq2a2bB94|44026|96|3
2026-08-08|PEud18cPO04|4586|19|2
2026-08-08|UpxkTjL8qQ4|278215|1089|94
2026-08-08|9oAcZUzyLpU|746880|3500|493
2026-08-08|PbBiL7TbOxI|633513|5911|210
2026-08-08|5919CXwK55w|516521|3249|472
2026-08-08|U_wqpp509CU|239417|1356|74
2026-08-08|yLarauMgl9c|128464|677|40
2026-08-08|kqp6b2Jxakc|2|0|0
2026-08-08|rRtEIFNbF8c|92862|1182|54
2026-08-08|QZ2rQiX3Wgo|29915|225|1
2026-08-08|N-d5n9wbx4w|106351|1808|61
2026-08-08|MVLqK9rD_YE|38421|164|1
2026-08-08|YpZQk1JSjWc|69992|885|54
2026-08-08|t_OzubpiWpE|2444709|55716|1960
2026-08-08|Cpqz3TsaT7w|1176121|10426|165
2026-08-08|BNcU9Cod-zU|3692|503|22
2026-08-08|9xNVfsw2vC0|602|10|3
2026-08-08|INe3WZn4Xio|1063|10|0
2026-08-08|0VnEpoRUXgI|65831|738|199
2026-08-08|o5zNSc1xReQ|14407|1720|176
2026-08-08|NI0j3TaM7sc|1209151|17949|1370
2026-08-08|gA2P6NfjpfQ|239|5|0
2026-08-08|zDmRrcti4iY|4888|58|3
2026-08-08|yk4-MqebHys|14139|114|15
2026-08-08|zZ2urf2-oUU|10693|526|43
2026-08-08|sX8tfB8GScw|25021|156|8
2026-08-08|KDPh3VkLAXQ|1918|18|1
2026-08-08|BMfGY9EgMdc|16233|131|5
2026-08-08|0yKpmMZ2mNw|8508|394|33
2026-08-08|WNUvPnBgFdU|9277|97|5
2026-08-08|cjx9iuoY0Ck|17551|140|5
2026-08-08|D-PP_L00bkM|3769|92|1
2026-08-08|2E4h_jfwcAU|10273|116|7
2026-08-08|2HISSz1mE6E|51507|261|18
2026-08-08|ktwNCUslYhA|15652|152|21
2026-08-08|TwZ4F_7VuXc|2824|158|46
2026-08-08|Bfgwwcf1yh4|144414|2304|392
2026-08-08|AbO8mMNpC5s|28791|470|6
2026-08-08|hrgBOseZTuU|15642|123|8
2026-08-08|nkqaRoGEcOQ|2507|24|2
2026-08-08|xcbtTiSwpfA|10264|109|5
2026-08-08|sl6UVvq-xvQ|8378|804|109
2026-08-08|TfQ5YFAA9kI|3973|27|4
2026-08-08|gOpO3oOcKHc|75012|460|26
2026-08-08|tQQqTF5jzEU|1193|10|0
2026-08-08|IOQlft2yhqo|334268|1801|247
2026-08-08|MsyoJqMRm30|37946|388|33
2026-08-08|LdamjF0Nlr4|2186|15|60
2026-08-08|6A9Zn9OTaxQ|23|0|0
2026-08-08|sKIXgOMDn1o|20506|67|2
2026-08-08|KwdNnRdHV50|67032|435|31
2026-08-08|GGV06yyZ7hI|1720|9|0
2026-08-08|H9_Rat2DoEs|868|17|1
2026-08-08|3h9kIY2QZN0|281191|244|13
2026-08-08|euUTI5_xqRo|5104|42|0
2026-08-08|_n3wAaKF0oc|37168|262|28
2026-08-08|jQnMWyaJZNE|7594|48|3
2026-08-08|lWllkdTBURA|24686|179|5
2026-08-08|P3NZ0qqjqZc|905|9|0
2026-08-08|ZuURBpXti_A|4632|76|2
2026-08-08|YD226xPuiy4|2606|27|0
2026-08-08|wyGifa5lV6w|5845|71|0
2026-08-08|gDztbWKWRwk|3177|12|1
2026-08-08|ZPN52okTUjM|3843|18|1
2026-08-08|NfEaRZaoVAA|7876|38|4
2026-08-08|R4JCuZ0GUys|1148|5|0
2026-08-08|AhrjC9q-msc|1717|10|0
2026-08-08|NS0qPRYwN7Q|8030|79|4
2026-08-08|PpGCbjlUQnU|5853|51|1
2026-08-08|mXYSYmgpKdo|4057|95|8
2026-08-08|A1Du6vLjohQ|5907|38|2
2026-08-08|Wig1PZ2jVA4|170575|2483|103
2026-08-08|u-NfqFBBsHI|155391|1561|483
2026-08-08|Hdrb-vgqNoI|5369|96|5
2026-08-08|6f-hOqXC0kc|1304|72|9
2026-08-08|M5TVIhhxNpo|969|17|0
2026-08-08|tivJypkCBWo|2493|26|1
2026-08-08|g7TJzp1NdTY|32755|219|42
2026-08-08|K56R247X0_k|27146|194|14
2026-08-08|fZKiqrAfb4w|9222|212|0
2026-08-08|Wb2oLCS55IM|25726|295|18
2026-08-08|GNBnDbjRbTc|311204|2430|209
2026-08-08|cz7SAtAo1Ng|74045|383|8
2026-08-08|NFL0-PU8WsM|8554|139|4
2026-08-08|OHA4Yo3pfkA|95493|718|40
2026-08-08|_g2fjr_9qpY|7961|78|1
2026-08-08|zbuE5yj6TJM|7461|54|0
2026-08-08|qAn1haCw_JQ|2158|8|1
2026-08-08|RfGoIcvDhyU|3574|44|1
2026-08-08|ChtF1255jfY|1969|13|1
2026-08-08|V1Suq5EuVIg|2777|26|1
2026-08-08|lzvUc_vW4Sc|2465|7|1
2026-08-08|cSMBxtMG3zA|4726|36|2
2026-08-08|b8OV47gjnrQ|20563|383|6
2026-08-08|ssyNV1kRNa0|30|0|0
2026-08-08|GNNh--llIp8|5527|89|3
2026-08-08|sVLFjk51oRI|14930|248|8
2026-08-08|ZYH-QTzfZIU|394075|3136|35
2026-08-08|S-ECNDSSuA8|57479|323|0
2026-08-08|mHg_OY8luGo|36699|327|7
2026-08-08|MIEEy0UcS9U|111|2|0
2026-08-08|7SYQg8-rxpE|16038|75|28
2026-08-08|gdBhUHZMij0|380652|1488|442
2026-08-08|gJCiaZYly2Q|788553|6284|2116
2026-08-08|NeK443S8wBI|638866|147|20
2026-08-08|MO5_dUTR4kE|373742|983|74
2026-08-08|xpL7Pg1JLOo|24488|84|7
2026-08-08|1ixsGgtc9n8|153088|3114|297
2026-08-08|Fppux91uy7U|549108|5052|70
2026-08-08|1T2m07PfqFY|1950089|5906|2525
2026-08-08|cP_M1gYhGjg|689817|9974|989
2026-08-08|84P1MtfX3uA|57285|1008|312
2026-08-08|bIBE1Ku_sKo|40129|224|3
2026-08-08|XQkiMDnfGJg|18058|104|111
2026-08-08|qIXK1Ci3E6A|48587|290|1
2026-08-08|ee7u-cYhJu4|1961|29|1
2026-08-08|EVLzpesFrUQ|18687|110|1
2026-08-08|jePrLIQsTQY|187898|575|23
2026-08-08|L_g36ozgbLk|19895|88|30
2026-08-08|lWWCoSlWk6A|325379|2951|17
2026-08-08|Q1syAfe1IdM|525513|4575|2676
2026-08-08|HLodLH-VSxc|4224|24|11
2026-08-08|DvGcrOxRzp4|2167|32|2
2026-08-08|DszookCBL_Y|77417|566|239
2026-08-08|aitsleoH6J0|11829|97|5
2026-08-08|CbcEtd0ZVT4|110794|1154|95
2026-08-08|p1coWuLxIZI|50094|359|38
2026-08-08|d5x2wPongDs|2003|42|7
2026-08-08|CgWKAn6LJ6Q|43340|280|135
2026-08-08|Iqn9AbE-DOc|8727|29|29
2026-08-08|X5vjmp1PmFY|185507|1199|618
2026-08-08|jBcRub1uon0|237519|753|78
2026-08-08|bCTi-5Yi5H8|78|0|0
2026-08-08|4o4oFjxn0GE|23882|340|6
2026-08-08|xzF4oJgd3xk|147109|435|3
2026-08-08|Pv3Fk9KIbM0|8377|87|2
2026-08-08|BXFwCy7GTg8|7802|60|0
2026-08-08|zMwRKXIXfBw|1901|20|0
2026-08-08|bBXzplqUMxk|8212|173|4
2026-08-08|-7iqaCZQqAc|130|1|0
2026-08-08|f8kpOL0y9w4|11|0|0
2026-08-08|CDwShPnCr7U|17|0|0
2026-08-08|dI_aze6XWjY|10873|111|3
2026-08-08|1uSWHGfJheQ|4645|35|1
2026-08-08|fGdjWUGL2GE|41974|259|15
2026-08-08|o7nTmSg4haQ|3730|25|1
2026-08-08|STB3A6Tk_nk|18742|157|7
2026-08-08|sXUqbYIr7u8|16|0|0
2026-08-08|-Q-HOlij27E|6014|37|2
2026-08-08|70wWd5PrJBM|3277|19|2
2026-08-08|QVPKElw_WY4|2650|6|1
2026-08-08|5Ymdo1ne8pU|6159|47|2
2026-08-08|VjCLgebykgk|2779|22|6
2026-08-08|_Rx_klftAuU|18171|148|1
2026-08-08|uwcGGBcpWhg|3195|22|1
2026-08-08|6FsMQTZE_pw|2907|14|1
2026-08-08|PHaBGLUMNNE|2108|14|1
2026-08-08|PdMZDPfk98U|2396|9|3
2026-08-08|zrm-pTOV7W0|3296|26|1
2026-08-08|ud6M7KkqSYY|3655|12|1
2026-08-08|vduhFcU7IU8|2551|23|1
2026-08-08|5DjtSBjrogk|52697|319|14
2026-08-08|q1MkwV1YYss|10113|108|5
2026-08-09|Hhqbm0NhVk8|1597|51|4
2026-08-09|aLIs8tkStZQ|6813|91|2
2026-08-09|uHwHsSKZ6bs|83948|815|582
2026-08-09|jSB4iYrU66U|34249|408|129
2026-08-09|yb5J5Cwywro|3219|112|2
2026-08-09|ItItb48G4yg|5619|244|16
2026-08-09|FMBTmoqyi3o|2645|48|2
2026-08-09|2WENlIFeJPs|11469|99|1
2026-08-09|cu81o1IVi3Q|14209|130|2
2026-08-09|-igV5_6fbVk|631|10|1
2026-08-09|I6u6cd7hWQw|348|4|0
2026-08-09|xYY603UdDVI|3545|122|13
2026-08-09|qkPL85h7MUE|1199|34|1
2026-08-09|vBdeES8gRC8|24916|1119|80
2026-08-09|_6fZzwG7AdU|5857|65|24
2026-08-09|bOnJQuyiPPs|5727|45|2
2026-08-09|iirxATEHNLg|80230|720|211
2026-08-09|g_QRzuufZrY|29313|300|84
2026-08-09|q5iOTiGsagc|6505|39|1
2026-08-09|zNHJkZ38HL8|2876|41|0
2026-08-09|XC5CNf_JO74|3090|27|6
2026-08-09|L1ZIJy9odio|891|14|1
2026-08-09|6WQqhxWVvh4|174347|63|6
2026-08-09|RNZk_KiEhr4|254019|89|8
2026-08-09|_rIbFosE1z8|78393|374|10
2026-08-09|2b6xaePy0ek|4177|74|1
2026-08-09|kE07z2stq7Y|353|42|2
2026-08-09|CLJHvIkXeF0|54849|472|184
2026-08-09|Kmx1uDEHULY|552|14|0
2026-08-09|eF2GRNoECBk|7538|85|1
2026-08-09|rp3QN30vNLQ|21300|105|141
2026-08-09|H1oyCAnu0ek|41222|648|607
2026-08-09|q-B-NI4tQ0Q|36152|206|718
2026-08-09|TDX_Dislk5o|236830|183|96
2026-08-09|9oDWWishrvM|853|46|5
2026-08-09|c8DKssyE1mI|2601|30|6
2026-08-09|HoS6wmSOgYE|28214|570|19
2026-08-09|vHbzcWjK0f4|135323|921|76
2026-08-09|c1hE3BQHPww|108740|900|15
2026-08-09|roCvX79RU5g|16693|35|6
2026-08-09|lM45Oj9NEUM|3920|17|1
2026-08-09|_niqbA-cPSc|65561|2212|479
2026-08-09|VTpm7ezKMPA|23356|84|6
2026-08-09|ENBjLR9zLnE|81445|612|155
2026-08-09|cw5BZdCJaVg|16313|193|3
2026-08-09|9Ap8ff-o7Gg|19814|267|5
2026-08-09|ECGA6MaqW7s|21304|71|2
2026-08-09|R4rF6wLqC4g|29268|307|34
2026-08-09|Yb-GEY_wMC4|28425|573|56
2026-08-09|zlGkmFxFqoM|25798|161|0
2026-08-09|Yl7CSReCaLM|29841|186|1
2026-08-09|CGTrWzPhUh0|4568|29|1
2026-08-09|r5Uw2JxHVI4|93914|309|8
2026-08-09|7GzI66_NDA8|59037|451|2
2026-08-09|5YmnHigHZvU|20|1|0
2026-08-09|qJUDa9J6PsQ|16|0|0
2026-08-09|_NmzLX2bGU4|317009|4875|801
2026-08-09|ql2tIvWfApg|34346|1056|53
2026-08-09|zd5okE5dLDA|344513|11176|748
2026-08-09|6zHypbPmEZ8|33646|114|28
2026-08-09|YlMPthr38PU|80674|966|163
2026-08-09|iKGANRubDiM|8189|89|1
2026-08-09|wUEVifL7zxA|66529|425|40
2026-08-09|ZBQlyREZAtA|55117|2079|164
2026-08-09|0gGIYGkl8MA|773771|4552|61
2026-08-09|gj6ANRZ21y8|208394|4108|547
2026-08-09|IpeRssCS0nw|111083|1426|110
2026-08-09|GRrvCUZWe-4|59971|310|172
2026-08-09|jfTPoKaU9ck|5778|185|9
2026-08-09|XDdlmUsYRgU|4202|39|0
2026-08-09|JHocAFOCP6k|678|4|0
2026-08-09|NGCP_mic7zo|423|8|1
2026-08-09|eOHSpjd_3g0|6373|46|1
2026-08-09|SwbgIH6ovCM|1792|25|0
2026-08-09|EQ9yfO0eiXg|6765|41|3
2026-08-09|4jpkT0WmKp8|491|16|0
2026-08-09|aqO8FHeoeiI|5138|87|1
2026-08-09|Bg5xKVgZoy8|5147|19|0
2026-08-09|kt36BO6XYMM|3865|27|0
2026-08-09|4qzksE4GtK8|11193|100|0
2026-08-09|UsWxCW4YkzY|9091|130|11
2026-08-09|vPMRYYd2kjs|44166|206|6
2026-08-09|oR_5ouRzMj8|2828|6|2
2026-08-09|yu4PVWtGQGs|1427|9|0
2026-08-09|DUF95IM5O-g|26462|156|6
2026-08-09|EB325oV68e4|17470|148|8
2026-08-09|OfNzkm2ddvs|49685|347|21
2026-08-09|VAue7R_T8D8|13882|96|5
2026-08-09|VELd1_rKK4k|17996|122|1
2026-08-09|sUbsqGhKpLo|111631|755|86
2026-08-09|u0v7Ubg5zlk|3458|58|1
2026-08-09|m7LF42bf7bU|2077|48|4
2026-08-09|32dD_3aldGY|13361|109|12
2026-08-09|oOH1okPHdPg|15982|77|3
2026-08-09|7c1VIvG77ng|59748|336|21
2026-08-09|icDzeK6LBUc|91434|470|61
2026-08-09|MsMEDuz_Qjo|58515|410|55
2026-08-09|9jO4XpmqL-g|15257|90|4
2026-08-09|mv8bB3KRrl0|3380|43|1
2026-08-09|lmR5tQL78bk|13665|69|5
2026-08-09|I1exBYSb4nU|2124|22|0
2026-08-09|H2c-Tok8D4c|897|14|7
2026-08-09|clGD1yvXsRQ|46245|462|66
2026-08-09|eILgq7dgcUA|15993|77|4
2026-08-09|SsJfzdwrfvk|2529|23|0
2026-08-09|EpLRLT6z1h0|1|0|0
2026-08-09|vrwFwdPhvP4|2|0|0
2026-08-09|X8HF2H4li_4|2508|28|0
2026-08-09|Gfmnr6mZXR4|1324|17|1
2026-08-09|cGJcUseAaE0|6045|20|1
2026-08-09|hCl_V7hnksE|1097|17|2
2026-08-09|WP1omiVkL0M|1091|32|4
2026-08-09|bfWV5Gq_i3c|8312|59|4
2026-08-09|9zS98d5d5SE|3624|28|3
2026-08-09|oWj-hJDsG_o|76169|463|8
2026-08-09|TXS0Dgn-lBI|51070|273|8
2026-08-09|SJQVMQTnQ2A|481147|1703|114
2026-08-09|WyObWm6oQXU|438|17|1
2026-08-09|D3yVmO8hvhs|1715|79|27
2026-08-09|DKaTlzdp2aI|56584|234|10
2026-08-09|2ZgBk6aCREs|41176|207|11
2026-08-09|8ccC-FCX6tE|94212|457|1
2026-08-09|wpToPnRZnJY|1330|9|0
2026-08-09|QKmQuAvsKYU|5646|17|0
2026-08-09|nijnPv0fu08|47241|166|2
2026-08-09|erybJ-moddQ|60339|717|40
2026-08-09|EK5Ej4AyWR0|978954|3506|121
2026-08-09|2pw8TdrYErE|2082|14|1
2026-08-09|W4ltUbAWmBI|41727|174|7
2026-08-09|z_kYrRFd6Vg|64280|440|7
2026-08-09|fvdW0fgBU8s|56065|1339|90
2026-08-09|Y73I6A9WRVE|199094|750|150
2026-08-09|22TjxY9l5TI|35561|258|5
2026-08-09|Oc7wn3u79mo|1744|16|0
2026-08-09|iPykEhmZhq8|856|7|0
2026-08-09|Rm1QPO7wllE|26605|103|0
2026-08-09|Odpo2JeJlDY|9899|103|4
2026-08-09|O8t5f4hgfWI|9071|89|3
2026-08-09|WvqMaeZ1h4I|51084|362|45
2026-08-09|-7GEF_OCCeQ|18184|118|6
2026-08-09|ATOf-jR92wA|451|9|2
2026-08-09|FiPASOQHkBw|1185|102|1
2026-08-09|cndN2Cfad-U|11205|85|7
2026-08-09|yNYpV5OLuUc|19629|133|7
2026-08-09|dJOoCdwWvc8|24514|172|11
2026-08-09|4EYnXNwS2jM|46747|259|7
2026-08-09|Tfu0ri2r_yk|9073|116|15
2026-08-09|ZhznI5xHxyQ|34482|268|24
2026-08-09|W-RReXqH2O8|127825|970|141
2026-08-09|SSJpjtjklZc|5758|74|21
2026-08-09|IOgJthJxVZc|3410|45|23
2026-08-09|v6HlLCdwt48|26891|171|4
2026-08-09|5hN1ltIWOVE|2202|13|1
2026-08-09|i_J487yCVc0|3224|40|0
2026-08-09|o0Cq07u1IIg|12727|98|6
2026-08-09|9vpJUJ5qHhI|5176|26|1
2026-08-09|vKKqeR-KVdg|95721|1143|73
2026-08-09|yBhfkgarf6I|11869|95|4
2026-08-09|q-FwYy6bm6E|16036|61|0
2026-08-09|RsfanooQgfU|1814|11|1
2026-08-09|VteNjVRCEGQ|5498|53|0
2026-08-09|H2bIFMdlaCk|2141|30|1
2026-08-09|k0lfRY14gW8|838|6|0
2026-08-09|90bZ_kZbVyg|5130|34|0
2026-08-09|F76IVpgKI0w|21863|142|0
2026-08-09|hiLKTrfOBlY|64623|579|17
2026-08-09|SRt7cooBKVY|65210|633|15
2026-08-09|OYkSn6sjcW8|110615|208|4
2026-08-09|KSfOkFBFw-w|5090|16|0
2026-08-09|pqJscAS-nic|18006|90|0
2026-08-09|oZXNHRgA62s|234560|2106|150
2026-08-09|Ag_eY-qlcug|146619|817|47
2026-08-09|H-j2a2ncaJY|38572|305|46
2026-08-09|_3CQanzNGxo|1502|13|1
2026-08-09|cOFOl4gNDxE|2838|16|1
2026-08-09|CSQgumax6l0|22970|266|65
2026-08-09|6EOHYudUGZg|28334|210|22
2026-08-09|e61MfUOSkRU|120187|770|135
2026-08-09|od90K69QoKc|1596|10|0
2026-08-09|GMa76YPXUfI|858|21|0
2026-08-09|dIa4aGDe9Wk|4639|32|0
2026-08-09|MZPXo67thhk|15097|214|0
2026-08-09|KKBzzK4Oqt8|19955|78|8
2026-08-09|jM8v6ci1uEM|14631|108|5
2026-08-09|ZDR1_2lRf04|20772|147|45
2026-08-09|iVb_OXLKh3k|3268|11|0
2026-08-09|tIUuxzDFBcE|5868|45|11
2026-08-09|BwFJQGzVd0k|246620|1043|97
2026-08-09|SecPkGf3vcc|941|80|8
2026-08-09|usnWdTDv8pM|323582|4662|2153
2026-08-09|WYonLS-PVVU|24239|323|15
2026-08-09|M-zWBnWpwsM|9765|154|12
2026-08-09|yU2iceAAQ_Q|174664|947|87
2026-08-09|8itV4u4oj78|8975|91|4
2026-08-09|Prm7MCeNzME|1607|13|0
2026-08-09|2wWcmppQIkY|841|5|0
2026-08-09|B20H-zjEs2Q|905|3|0
2026-08-09|rp56q3prfT4|7635|37|0
2026-08-09|5qcXzBxBWKA|5850|9|2
2026-08-09|2JUGp5a5ryc|3156|30|8
2026-08-09|aERLoxK0mDY|8124|78|119
2026-08-09|vIsOzEjinnM|12161|238|71
2026-08-09|BGhN8WiV6pQ|10950|223|15
2026-08-09|yYuYHWbe7PM|10288|63|0
2026-08-09|hQT7dMl2KuA|15003|102|55
2026-08-09|D16fve1rItE|5007|38|5
2026-08-09|fX-plZf23rY|167|8|0
2026-08-09|DeqnWxqshvo|353|14|0
2026-08-09|Ld7Z0S1vb04|301|12|1
2026-08-09|ouMIexkX3GQ|160017|141|3
2026-08-09|A3u1e6x0cdE|8872|102|2
2026-08-09|iDg2Zkx84dQ|5228|206|8
2026-08-09|rtaycL675N8|95428|458|1
2026-08-09|hDCK9CSM1ME|2264|34|1
2026-08-09|lBLkigAiwgM|6439|16|0
2026-08-09|jvrJSz6KqFo|247632|703|2
2026-08-09|ldClqA_Rvc8|18632|87|1
2026-08-09|tnr9Mcwyarg|28553|249|3
2026-08-09|VGgQxk-7Tx8|78733|237|19
2026-08-09|KYQP2gKftDQ|9521|134|5
2026-08-09|BP5NbFfmrto|1783|25|1
2026-08-09|wESQzZMzUbw|149|2|0
2026-08-09|H2IP75oQlRc|194|0|0
2026-08-09|QjagifPKuBI|1265|3|0
2026-08-09|nruDII6wFX4|1291|24|3
2026-08-09|f1dsCzoT1W4|131|1|0
2026-08-09|9HSJTgz-8iI|155|8|0
2026-08-09|T4VQIZuEQ-c|3242|9|0
2026-08-09|G-jZc8jaGYc|14918|140|9
2026-08-09|lMjklRFLWao|29|0|0
2026-08-09|0bN1aaLjbj8|12379|114|9
2026-08-09|T3nUY_4AFy8|176503|645|9
2026-08-09|NdO5WixoWNk|67210|937|49
2026-08-09|AcQ50owy6qw|152660|1260|96
2026-08-09|-HudLvhD6Uw|15693|117|5
2026-08-09|YTQ9Nts7zKI|215861|2969|971
2026-08-09|dqV8Mat45rc|25540|64|1
2026-08-09|xZjmBg2C_q8|12652|121|3
2026-08-09|c1qyIedGu8M|274091|3923|62
2026-08-09|Ioyfai7UIII|58305|366|15
2026-08-09|R9ZoPrYbXjs|4067|25|1
2026-08-09|9hWBoX6PfEU|26663|202|19
2026-08-09|NRkYBVhMrIY|122378|639|4
2026-08-09|MTmhHcsxN9A|6886|33|0
2026-08-09|5IaSlA-yQAk|14925|81|0
2026-08-09|janbhM4ycBg|2217|8|0
2026-08-09|pOAwBOZFwSA|1472|9|3
2026-08-09|ltdEPeLlvpU|8726|111|9
2026-08-09|S57-YZRO5UU|22598|168|5
2026-08-09|qNiGeD9EYRU|15309|152|18
2026-08-09|1Yx9PBRu78I|48534|301|32
2026-08-09|CekJ7EFsfkk|3654|26|0
2026-08-09|hat2UH2fx_E|9426|64|9
2026-08-09|mFY1b9LhvL4|4965|20|2
2026-08-09|LP1eofy4XHg|5095|28|2
2026-08-09|YQoRizZbgys|7141|82|4
2026-08-09|xcJ37JiszVw|26055|169|12
2026-08-09|8Fe4reyc4lo|12134|112|4
2026-08-09|twR0XJo7G_k|15832|109|6
2026-08-09|BJ8NShcmCdU|4213|15|0
2026-08-09|tJTSPs6nzNk|12022|50|1
2026-08-09|CTPkel-_4HU|123694|590|3
2026-08-09|VZnAglXckmI|20044|181|6
2026-08-09|GlwyVplw_1k|1769|21|1
2026-08-09|s-IJGPXmMtM|30992|255|2
2026-08-09|jDFM3yW5u34|98635|538|14
2026-08-09|ERPzAevK5_c|3408|48|1
2026-08-09|lFOj86_nciM|2172|33|2
2026-08-09|E1f6V9yxC5A|7853|74|2
2026-08-09|jl__2BZghOk|23674|237|0
2026-08-09|lt7Egrnl3O4|28121|328|3
2026-08-09|4bRwoEOeJ64|1568|13|0
2026-08-09|eyRelpEasGs|8602|27|0
2026-08-09|374AqfXVepE|2466|15|0
2026-08-09|bPWdKCPr4Eg|177138|525|8
2026-08-09|8pBj5852pA4|4064|78|1
2026-08-09|RoGyJmGH6Jc|4980|47|0
2026-08-09|1Ygqny4Gnvc|1355|4|0
2026-08-09|J0ZrQjq7dxU|4643|38|0
2026-08-09|onIhHxczfg4|599|9|0
2026-08-09|q5mBfpWYP9w|22441|16|0
2026-08-09|NZeble3fNfc|358552|5631|2019
2026-08-09|jampYSDGS40|125215|1453|158
2026-08-09|POapJ398WFU|271766|1051|128
2026-08-09|HEX-brfRQlw|38991|112|6
2026-08-09|P4NGLorkHw0|3451|34|1
2026-08-09|CXbu4YXrNXk|387276|6989|1518
2026-08-09|I34DCjAqQ4E|4130|21|2
2026-08-09|gw88K3bfR9Q|24861|200|50
2026-08-09|Hw4mWzlgzv0|2661|27|0
2026-08-09|5kD9XFC_mbA|43958|426|3
2026-08-09|xEYJRtI_YOY|135149|1270|135
2026-08-09|-0L8KNt4pUM|5427|35|1
2026-08-09|_ZFx0oBkSYI|8954|28|0
2026-08-09|5Rq32S-Ax3c|4165|35|0
2026-08-09|2X2MCuOMgLU|4174|31|1
2026-08-09|K9QV0jH30FI|2196|21|1
2026-08-09|UkhLGvV4_OA|4358|29|5
2026-08-09|7dARDo-uT4c|1838|136|6
2026-08-09|WtBA5PWmlmw|9325|73|2
2026-08-09|dgKtv4evDqA|6736|65|2
2026-08-09|lqHz2Yjc2oc|5198|27|6
2026-08-09|Qk6XPSAfUz0|22361|176|1
2026-08-09|q5Ghf4-L2qk|3736|158|26
2026-08-09|wmNWhed0tiY|1884|8|0
2026-08-09|qM11ntNQC6w|1247|6|0
2026-08-09|S_DtcgBFSa4|1481|7|0
2026-08-09|EaVQ5ZUebVU|11518|59|11
2026-08-09|zu8crhOJxc4|62918|160|0
2026-08-09|7qtbWv4pylQ|12609|150|1
2026-08-09|CWHZtiTdMl0|112014|4338|286
2026-08-09|Q5_J_OKmo6U|5778|37|0
2026-08-09|baAFDjySM18|1512|14|0
2026-08-09|gqQsCZhhyE0|621|5|1
2026-08-09|3VWIpt-jLnE|3989|31|1
2026-08-09|i1CCsmOSnps|5258|31|1
2026-08-09|ciZCJmPUf1c|195892|1120|1106
2026-08-09|5tXXMqe01gw|310615|381|59
2026-08-09|hAjP8qiXWWI|24230|126|2
2026-08-09|xNJOTXWqSEA|372|11|0
2026-08-09|J-VYpBe_jdI|506|27|1
2026-08-09|LmImYzWj0FU|181051|453|10
2026-08-09|2zujMNyW_kw|24938|114|15
2026-08-09|SOCCfdFvXGk|2553|22|3
2026-08-09|1vDanh5h8-w|2730|19|0
2026-08-09|MGLqO1DxwZE|4133|27|3
2026-08-09|SvKWUuIxnJg|64525|1316|105
2026-08-09|Ry9Fhh1k81U|24783|434|11
2026-08-09|j1GCfcmhjQE|17653|473|12
2026-08-09|YnAJlzPyp0k|94180|5311|979
2026-08-09|4sWuwgykTHE|37866|222|4
2026-08-09|GqCh4lcO5m4|332835|2899|668
2026-08-09|ryCjTnb7HYE|19|2|0
2026-08-09|Zn3hsWsp7Sg|28813|237|6
2026-08-09|01UGC5ThDhY|264381|3299|612
2026-08-09|w5lLkD1RQCc|43451|265|10
2026-08-09|bZOWaP97Y9k|31612|270|14
2026-08-09|IMyqHkhOUVY|91365|550|44
2026-08-09|NDDlGd_MJQM|17902|224|2
2026-08-09|wDs3XfzmXg4|694725|3897|28
2026-08-09|qx0DoTn8M2I|43752|179|14
2026-08-09|ALBQhYDKlJ4|2891|10|0
2026-08-09|nozIWZeQkPg|553060|8083|172
2026-08-09|iVSbJjff6zU|11999|88|1
2026-08-09|2y236aVuQcU|1776|21|0
2026-08-09|FLPTldNKizg|2320|25|0
2026-08-09|is9C2uf-xLA|7220|55|0
2026-08-09|U5G446rLKE0|2955|56|0
2026-08-09|jFysTgUCc2Y|266453|2674|403
2026-08-09|cUYr3MedD9A|156957|721|149
2026-08-09|pYtpxJdpGQI|1152|14|1
2026-08-09|Uj__nhXl_QQ|9250|364|5
2026-08-09|CJenvheHkDk|111694|1082|208
2026-08-09|42mZWr3iGK4|17048|157|7
2026-08-09|-QKrD4fJPS8|2632|18|2
2026-08-09|aGmt3vDvDbE|2118|83|5
2026-08-09|h4sznb_IhRs|1391|12|2
2026-08-09|nAyMVXIhcUM|7931|200|11
2026-08-09|0d17xirhFBk|1226|9|0
2026-08-09|GLuoNz825wo|18837|148|1
2026-08-09|t_NkKVXnq_8|3059|36|1
2026-08-09|z84NemLpibQ|1943|17|0
2026-08-09|S8lTlDZMShw|38713|19|0
2026-08-09|8tztPlZYbjc|30684|237|12
2026-08-09|is64zDlB_iw|407|10|0
2026-08-09|0fJIv1Sa57E|1839|15|0
2026-08-09|NI0j3TaM7sc|1259640|18559|1413
2026-08-09|eP-yZJ1_v_c|2354|14|1
2026-08-09|jDgv9D37whA|4577|39|0
2026-08-09|-OYSEtyxWDY|7089|52|2
2026-08-09|DGwj7XtGCAI|1548|7|0
2026-08-09|7rvdCfWR6Ks|2014|15|0
2026-08-09|krPHzcjLVAQ|4983|46|0
2026-08-09|4Ftb-bFvqEo|3893|53|1
2026-08-09|w8pomsKu90E|49492|156|1
2026-08-09|9N_lovQ2Buk|10481|116|1
2026-08-09|pNwobTaKVkM|28719|197|6
2026-08-09|5hNOSTVtsxs|19605|114|0
2026-08-09|jRREOI7nTSA|263933|448|18
2026-08-09|vPk-iV3utDs|5565|47|2
2026-08-09|1Q17fwqjSgs|5841|132|1
2026-08-09|Uuo44C9kVVA|3668|56|1
2026-08-09|yWPTF1XBQ6w|7586|40|1
2026-08-09|qx4mqK-VjiI|676|0|0
2026-08-09|6EVBHKXVjOo|16917|140|10
2026-08-09|LU3zgq0vwsY|40330|253|39
2026-08-09|hO_loUfjL9s|17456|122|4
2026-08-09|MLHghzumei8|11206|112|7
2026-08-09|U3k78d4_yLg|18480|129|13
2026-08-09|G6560BaDzQs|21586|168|10
2026-08-09|JVHmnuTTDfE|68086|419|44
2026-08-09|THq9jHfwA6E|2689|20|37
2026-08-09|247qmTTkTGE|21291|169|7
2026-08-09|2A8VSM3qu1w|4274|24|0
2026-08-09|pihzUiignAM|20206|175|11
2026-08-09|vYREeRKxgNI|21297|154|12
2026-08-09|a6eEQJpqt_4|11813|98|4
2026-08-09|lTlzl-t2L8Q|4566|11|0
2026-08-09|rA7hTLUMWV8|17714|133|5
2026-08-09|hwY629guPmE|30226|298|7
2026-08-09|1AvWzsS6l8E|3244|30|1
2026-08-09|IuYFQoAD8RU|2207|76|6
2026-08-09|tqgmQwuWc08|1014|10|0
2026-08-09|k8WqMLNqtj4|891|14|0
2026-08-09|ftn3TlA5aTU|76668|464|26
2026-08-09|1F86sjKobuw|5384|10|0
2026-08-09|RYojh-PvBY8|7828|15|0
2026-08-09|kFJ3TnVqqOY|19126|175|9
2026-08-09|UHeyPdAid_M|22318|337|29
2026-08-09|K78EDQwj9P0|6354|177|11
2026-08-09|RJG8_m70ezQ|104215|1903|133
2026-08-09|5ANylz0pCbM|2695|65|2
2026-08-09|Fohit0jyz2Q|13409|136|8
2026-08-09|PbBiL7TbOxI|732613|6615|253
2026-08-09|eGzHHQUhj7g|43441|184|5
2026-08-09|rRtEIFNbF8c|96941|1220|57
2026-08-09|gGcvhqnT2Us|17288|124|1
2026-08-09|sGSk4v4PCYI|315052|1414|399
2026-08-09|HywAZclRprQ|130687|1483|17
2026-08-09|0VnEpoRUXgI|76163|851|208
2026-08-09|aMnGWG-gC58|247090|1466|283
2026-08-09|rF6NeZqg5jo|1009802|5094|24
2026-08-09|BC_BBOgkDBM|5315|95|11
2026-08-09|uIlJRU0g7M4|3388|26|1
2026-08-09|7SybwBdNkG0|576|13|0
2026-08-09|8yeq2a2bB94|49278|103|3
2026-08-09|ijZeJEEx_fE|3|0|0
2026-08-09|I6ggU7zEv5k|5589|73|1
2026-08-09|_CCGIawfw1s|1600408|17011|168
2026-08-09|AyteSshV6iU|7889|81|1
2026-08-09|oMVLUcDBqhw|2781|19|0
2026-08-09|t_OzubpiWpE|2598647|58323|2024
2026-08-09|-qLQXL2Pfls|134640|1052|124
2026-08-09|SaZRiEHhXM0|67689|397|16
2026-08-09|Us5aTWQaDyI|3094903|28463|1300
2026-08-09|UpxkTjL8qQ4|360197|1330|117
2026-08-09|9oAcZUzyLpU|920495|4045|580
2026-08-09|Ahv7tlrXVb4|554|15|4
2026-08-09|9xNVfsw2vC0|865|11|3
2026-08-09|yLarauMgl9c|137528|715|46
2026-08-09|8HCeuUGnYZs|7711|39|0
2026-08-09|o5zNSc1xReQ|16164|1811|183
2026-08-09|eO2sI8XWboA|284|17|0
2026-08-09|kpUtlwD85ho|8509|124|0
2026-08-09|XcHDDm6328o|25|2|0
2026-08-09|q7Zc1w7Mo0A|70859|470|0
2026-08-09|FIyDoB5yV1A|43923|357|11
2026-08-09|03_b_hE8RT8|195013|1660|148
2026-08-09|zDmRrcti4iY|5590|62|3
2026-08-09|gA2P6NfjpfQ|260|5|0
2026-08-09|INe3WZn4Xio|1198|12|0
2026-08-09|PEud18cPO04|5495|23|2
2026-08-09|BNcU9Cod-zU|3797|510|23
2026-08-09|vgUVexeFjcI|32441|200|4
2026-08-09|3SaqvLw8f4c|9316|90|4
2026-08-09|p5mluQbC5-U|33317|172|2
2026-08-09|1pScSw4zN6w|9564|39|2
2026-08-09|5919CXwK55w|541726|3361|480
2026-08-09|U_wqpp509CU|252415|1407|81
2026-08-09|MVLqK9rD_YE|42145|179|2
2026-08-09|mxauSnDnNq8|1507|13|0
2026-08-09|N-d5n9wbx4w|115117|1901|61
2026-08-09|TXS8ydkPzfA|52038|343|2
2026-08-09|kqp6b2Jxakc|4|0|0
2026-08-09|YpZQk1JSjWc|88286|1051|70
2026-08-09|DtoPVO9zA44|77757|332|61
2026-08-09|Cpqz3TsaT7w|1244015|10823|169
2026-08-09|uibRh3Jjfbs|13704|167|0
2026-08-09|lOV43kfK-EU|2150|34|0
2026-08-09|kwn7zWhb9Fo|7243|66|1
2026-08-09|R01j2Sz4gV4|2058|38|4
2026-08-09|QZ2rQiX3Wgo|33280|254|2
2026-08-09|LqVJk_tHbHQ|1497|3|0
2026-08-09|0vOsWMV_jXs|426|22|0
2026-08-09|_n3wAaKF0oc|37380|264|28
2026-08-09|AhrjC9q-msc|1680|10|0
2026-08-09|g7TJzp1NdTY|32698|220|42
2026-08-09|R4JCuZ0GUys|1075|5|0
2026-08-09|NfEaRZaoVAA|7975|39|4
2026-08-09|ZPN52okTUjM|3889|20|1
2026-08-09|NS0qPRYwN7Q|8018|79|4
2026-08-09|xcbtTiSwpfA|10270|110|5
2026-08-09|gDztbWKWRwk|3214|12|1
2026-08-09|cSMBxtMG3zA|4823|38|2
2026-08-09|lzvUc_vW4Sc|2479|7|1
2026-08-09|V1Suq5EuVIg|2932|28|1
2026-08-09|KwdNnRdHV50|67309|438|32
2026-08-09|IOQlft2yhqo|341423|1831|251
2026-08-09|WNUvPnBgFdU|9309|97|5
2026-08-09|zZ2urf2-oUU|10836|555|44
2026-08-09|fZKiqrAfb4w|10029|228|0
2026-08-09|NFL0-PU8WsM|10290|153|5
2026-08-09|_g2fjr_9qpY|10081|100|1
2026-08-09|zbuE5yj6TJM|8194|69|0
2026-08-09|b8OV47gjnrQ|25661|432|6
2026-08-09|RfGoIcvDhyU|3927|52|1
2026-08-09|YD226xPuiy4|3610|31|0
2026-08-09|wyGifa5lV6w|6704|77|0
2026-08-09|PpGCbjlUQnU|6565|58|2
2026-08-09|mXYSYmgpKdo|4121|96|8
2026-08-10|pwNZ6bdcytA|89252|1520|280
2026-08-10|_4VTLpxfzJU|1710|26|1
2026-08-10|S4_I-ddb8-U|7784|498|27
2026-08-10|9TtCo7ELHNA|11696|140|5
2026-08-10|VT-CdL6V0sA|141|4|0
2026-08-10|yaHDKKtMrOM|5334|87|2
2026-08-10|mg2GsQVXwPo|198707|379|26
2026-08-10|zltRrjpyFl4|183277|141|4
2026-08-10|4eRjvvkIAvI|446518|3014|139
2026-08-10|x_rHvJwANJ8|237260|1469|221
2026-08-10|dSb7BBuDG6o|1407|21|0
2026-08-10|l3D3bJEZfgI|20512|259|18
2026-08-10|xuALPKDPkqM|19196|248|3
2026-08-10|ug0qx_htUGo|6292|49|1
2026-08-10|Le-FP2uP-dY|35897|61|0
2026-08-10|OuNNipe2cv4|62664|279|1
2026-08-10|PWog8XWJ-6o|34657|54|0
2026-08-10|m_BstFyylK8|34660|21|0
2026-08-10|MHc0HjYJgbE|27337|45|0
2026-08-10|NmYdKLoEpag|31854|51|1
2026-08-10|ig8iRqpezbY|473|21|7
2026-08-10|Phh9XAjPSvA|26851|111|72
2026-08-10|wNAi4_fbmrU|100065|465|17
2026-08-10|yg8G48PtAcY|20343|189|11
2026-08-10|X_Q0CBIniQA|8145|92|1
2026-08-10|x3bX37-mkxE|32119|184|7
2026-08-10|mzWgPsjozUA|5034|50|4
2026-08-10|adqbLqTYrzM|8628|93|9
2026-08-10|L36_gFUqe_4|18852|148|25
2026-08-10|snw2ffPbJKE|3630|43|9
2026-08-10|ZTLF7SrPuKY|3327|38|1
2026-08-10|WK4kKLRVQbM|105881|1846|110
2026-08-10|QZL-hqKC5SE|22550|147|421
2026-08-10|wEdVoMcb02U|35488|375|220
2026-08-10|KBELKVkrOqM|1889|13|0
2026-08-10|Rt6Dq2cVYUU|66220|2493|192
2026-08-10|8H1HZjmqocA|193823|1886|296
2026-08-10|qBgYYuQpCzw|26740|120|7
2026-08-10|5mgpnb64wE0|16525|364|10
2026-08-10|yMZEoo4tOPg|15729|296|7
2026-08-10|kkeSyA1zSEw|29910|420|6
2026-08-10|t2VDIOXUU6I|41080|518|96
2026-08-10|q9aSy3ITcKg|194257|600|50
2026-08-10|Ng1gR1kAnZM|3817|19|1
2026-08-10|8dNC5LyAupA|278163|2226|8
2026-08-10|p1y9SWNNMi4|38448|83|0
2026-08-10|L0gpkY_tlgY|51820|524|32
2026-08-10|WilmKX8ldCw|26670|134|0
2026-08-10|esiWq3PA74o|1558|10|1
2026-08-10|tdaphF6axL8|40974|412|392
2026-08-10|NheHcU8OlGQ|6194|10|8
2026-08-10|o71sr5-YiGs|7139|41|5
2026-08-10|u34UkYL4gxc|5473|38|0
2026-08-10|ZVzIGbBECws|1906|11|0
2026-08-10|UAytY0ebDwE|14147|240|0
2026-08-10|abgdUkoLKko|13006|99|0
2026-08-10|MDEbMLpjzYE|32838|244|2
2026-08-10|QLlDv6OCp3s|25576|251|3
2026-08-10|a3IQ2IiUNk8|15251|55|1
2026-08-10|gkAzJejw3Yo|895|3|0
2026-08-10|UdI9yYJYWu4|8018|54|0
2026-08-10|E5zhACGndaw|4721|104|7
2026-08-10|LIj-MyG3884|39027|483|67
2026-08-10|rLhxxoRd9Dg|4261|38|0
2026-08-10|K1QquP-qQbg|8808|94|3
2026-08-10|lc9ocY3Ei8M|3025|63|9
2026-08-10|yNDFdAWWgro|59124|426|45
2026-08-10|4UBa5FRGcVU|84145|418|65
2026-08-10|SnmbGZk7A0E|108497|958|64
2026-08-10|jCFzJJBzMtU|38993|185|22
2026-08-10|wrffmP_HkHg|29757|206|15
2026-08-10|ObTV340P33s|71529|366|61
2026-08-10|gSgaMJ5V2ZA|21063|244|7
2026-08-10|FESNOlhz6dk|80014|506|24
2026-08-10|LXPi1RRyqEo|27269|146|6
2026-08-10|WHfcI2LKa8A|52433|318|9
2026-08-10|t6ovqV1wZqk|2163|12|0
2026-08-10|30zPhSvNV9I|861|5|0
2026-08-10|TdfEdwT7P1w|2919|68|5
2026-08-10|aHZQlyhTpjA|18003|213|2
2026-08-10|419TWb2KU4U|3118|27|0
2026-08-10|N8Cy40QE-Qg|8472|106|4
2026-08-10|OjCoIG5vwAQ|10804|67|4
2026-08-10|2nYyOaVTeJ4|547|10|0
2026-08-10|CyHO6slewgA|3813|65|0
2026-08-10|6Dj6f17rzSg|2389|29|3
2026-08-10|I0BabkMWwK8|2507|29|0
2026-08-10|ATI7HxXbZ50|4114|47|1
2026-08-10|UfdI1WCYoO4|5357|60|1
2026-08-10|MYu6Lkzq3F4|1187|17|0
2026-08-10|Ea_Ss_9lTeU|4436|82|1
2026-08-10|A04BjlniW4c|1|0|0
2026-08-10|aGWlnFZ0cD0|9|0|0
2026-08-10|CLxm4YGNoPs|49550|367|45
2026-08-10|We92AD6FtEU|90700|492|49
2026-08-10|Zf9FLIoQU5A|37679|225|4
2026-08-10|OPb-9PrXVa0|29059|227|64
2026-08-10|XziBESp5eqo|475|25|1
2026-08-10|QQBWKFb8_kY|3328|53|0
2026-08-10|QGFkewzkd58|5587|101|0
2026-08-10|uwQ-8WqIWSc|1490|23|0
2026-08-10|bWTgYpvvsSo|7421|75|0
2026-08-10|VlbA4DL28hE|14230|121|5
2026-08-10|oxc2RIb51J8|9142|85|5
2026-08-10|fP_l9rgiGtg|15449|166|22
2026-08-10|nT8zrosllhw|5486|72|24
2026-08-10|vz9fyJ2v2WA|85356|1192|372
2026-08-10|pwJEhN42JgU|504|18|0
2026-08-10|BBbGTcD_1xY|641313|2079|63
2026-08-10|1-L8zzM7y3s|2276|40|0
2026-08-10|K27pXtq40J0|13049|73|7
2026-08-10|WHS7O0Wj-Xo|22399|129|18
2026-08-10|mZ3Oyw8X-UA|17911|121|15
2026-08-10|mv8bB3KRrl0|7946|66|1
2026-08-10|kt36BO6XYMM|7161|50|0
2026-08-10|m7LF42bf7bU|30652|222|37
2026-08-10|r5Uw2JxHVI4|95370|310|8
2026-08-10|7GzI66_NDA8|85682|578|2
2026-08-10|ZBQlyREZAtA|100148|3319|249
2026-08-10|Gfmnr6mZXR4|3768|34|3
2026-08-10|lmR5tQL78bk|25424|106|6
2026-08-10|SwbgIH6ovCM|4032|35|0
2026-08-10|lM45Oj9NEUM|22842|120|2
2026-08-10|bfWV5Gq_i3c|20239|102|4
2026-08-10|Bg5xKVgZoy8|11278|48|0
2026-08-10|CGTrWzPhUh0|25618|157|3
2026-08-10|_NmzLX2bGU4|330489|5030|818
2026-08-10|EQ9yfO0eiXg|14521|74|5
2026-08-10|32dD_3aldGY|28135|164|35
2026-08-10|SsJfzdwrfvk|5982|36|0
2026-08-10|I1exBYSb4nU|12853|80|0
2026-08-10|eOHSpjd_3g0|19208|100|2
2026-08-10|X8HF2H4li_4|6147|52|0
2026-08-10|icDzeK6LBUc|186673|719|99
2026-08-10|EB325oV68e4|39508|229|14
2026-08-10|oR_5ouRzMj8|3389|6|2
2026-08-10|_niqbA-cPSc|70353|2319|504
2026-08-10|sUbsqGhKpLo|300875|1285|189
2026-08-10|ENBjLR9zLnE|145609|996|228
2026-08-10|VELd1_rKK4k|28910|150|3
2026-08-10|MsMEDuz_Qjo|136985|668|119
2026-08-10|7c1VIvG77ng|130810|574|41
2026-08-10|cw5BZdCJaVg|44648|564|18
2026-08-10|vHbzcWjK0f4|382448|2003|146
2026-08-10|vPMRYYd2kjs|79255|309|9
2026-08-10|R4rF6wLqC4g|67382|582|45
2026-08-10|yu4PVWtGQGs|1949|12|0
2026-08-10|VTpm7ezKMPA|27540|100|6
2026-08-10|DUF95IM5O-g|54773|231|13
2026-08-10|IpeRssCS0nw|177124|1952|132
2026-08-10|yb5J5Cwywro|6790|167|10
2026-08-10|gj6ANRZ21y8|332851|5326|633
2026-08-10|9jO4XpmqL-g|37011|157|7
2026-08-10|VAue7R_T8D8|21641|123|8
2026-08-10|_rIbFosE1z8|139014|919|31
2026-08-10|zd5okE5dLDA|349380|11276|750
2026-08-10|c1hE3BQHPww|124470|1080|15
2026-08-10|ItItb48G4yg|9782|334|22
2026-08-10|OfNzkm2ddvs|119061|589|48
2026-08-10|vBdeES8gRC8|60236|2096|146
2026-08-10|roCvX79RU5g|16709|35|6
2026-08-10|Kmx1uDEHULY|1417|24|0
2026-08-10|4jpkT0WmKp8|1255|22|0
2026-08-10|9zS98d5d5SE|6471|38|4
2026-08-10|H2c-Tok8D4c|1650|21|9
2026-08-10|cGJcUseAaE0|6382|23|1
2026-08-10|hCl_V7hnksE|2461|25|2
2026-08-10|WP1omiVkL0M|2248|41|4
2026-08-10|L1ZIJy9odio|1183|16|1
2026-08-10|6WQqhxWVvh4|447711|136|6
2026-08-10|RNZk_KiEhr4|742650|173|15
2026-08-10|Yb-GEY_wMC4|58195|1031|95
2026-08-10|JHocAFOCP6k|952|5|0
2026-08-10|Yl7CSReCaLM|29878|186|1
2026-08-10|Hhqbm0NhVk8|2543|74|6
2026-08-10|2b6xaePy0ek|184865|132|2
2026-08-10|zNHJkZ38HL8|192514|152|4
2026-08-10|aqO8FHeoeiI|7033|99|1
2026-08-10|5YmnHigHZvU|22|1|0
2026-08-10|qJUDa9J6PsQ|19|0|0
2026-08-10|6zHypbPmEZ8|34746|119|28
2026-08-10|XC5CNf_JO74|5083|34|10
2026-08-10|0gGIYGkl8MA|1935781|11045|168
2026-08-10|XDdlmUsYRgU|8439|71|0
2026-08-10|wUEVifL7zxA|80637|522|48
2026-08-10|iKGANRubDiM|8739|90|1
2026-08-10|YlMPthr38PU|81647|969|162
2026-08-10|q5iOTiGsagc|13822|83|4
2026-08-10|clGD1yvXsRQ|98264|784|129
2026-08-10|EpLRLT6z1h0|48|0|0
2026-08-10|vrwFwdPhvP4|66|2|0
2026-08-10|NGCP_mic7zo|561|8|1
2026-08-10|ql2tIvWfApg|46123|1261|70
2026-08-10|oOH1okPHdPg|29992|150|5
2026-08-10|eILgq7dgcUA|26786|126|8
2026-08-10|u0v7Ubg5zlk|76758|362|20
2026-08-10|kE07z2stq7Y|484|49|2
2026-08-10|eF2GRNoECBk|15592|188|2
2026-08-10|I6u6cd7hWQw|468|8|0
2026-08-10|H1oyCAnu0ek|50176|729|670
2026-08-10|rp3QN30vNLQ|23470|116|151
2026-08-10|GRrvCUZWe-4|160260|666|293
2026-08-10|jfTPoKaU9ck|12505|336|11
2026-08-10|9Ap8ff-o7Gg|49744|487|7
2026-08-10|HoS6wmSOgYE|57615|1038|28
2026-08-10|c8DKssyE1mI|4316|37|9
2026-08-10|9oDWWishrvM|1102|58|6
2026-08-10|bOnJQuyiPPs|10090|67|3
2026-08-10|_6fZzwG7AdU|9967|105|37
2026-08-10|ECGA6MaqW7s|21360|71|2
2026-08-10|q-B-NI4tQ0Q|40541|221|749
2026-08-10|qkPL85h7MUE|1769|37|1
2026-08-10|xYY603UdDVI|8508|263|26
2026-08-10|zlGkmFxFqoM|25838|161|0
2026-08-10|cu81o1IVi3Q|16267|149|2
2026-08-10|uHwHsSKZ6bs|149037|1217|746
2026-08-10|TDX_Dislk5o|271570|221|105
2026-08-10|CLJHvIkXeF0|74392|619|226
2026-08-10|g_QRzuufZrY|37393|350|94
2026-08-10|-igV5_6fbVk|903|13|1
2026-08-10|aLIs8tkStZQ|9966|131|2
2026-08-10|iirxATEHNLg|139487|1016|296
2026-08-10|4qzksE4GtK8|19737|133|1
2026-08-10|jSB4iYrU66U|51477|555|158
2026-08-10|UsWxCW4YkzY|23953|248|16
2026-08-10|FMBTmoqyi3o|4497|70|4
2026-08-10|2WENlIFeJPs|15505|124|1
2026-08-10|vIsOzEjinnM|13095|250|76
2026-08-10|aERLoxK0mDY|8763|82|123
2026-08-10|5qcXzBxBWKA|7279|11|2
2026-08-10|ZDR1_2lRf04|24884|180|53
2026-08-10|iVb_OXLKh3k|3667|12|0
2026-08-10|rp56q3prfT4|10019|44|0
2026-08-10|Ld7Z0S1vb04|354|16|1
2026-08-10|BGhN8WiV6pQ|12494|262|16
2026-08-10|od90K69QoKc|1780|10|0
2026-08-10|B20H-zjEs2Q|1037|3|0
2026-08-10|2wWcmppQIkY|1031|5|0
2026-08-10|SecPkGf3vcc|1066|83|8
2026-08-10|cOFOl4gNDxE|3616|23|1
2026-08-10|_3CQanzNGxo|2310|17|1
2026-08-10|H-j2a2ncaJY|51610|392|56
2026-08-10|Ag_eY-qlcug|217734|1091|64
2026-08-10|Oc7wn3u79mo|3237|20|1
2026-08-10|z_kYrRFd6Vg|68340|467|7
2026-08-10|F76IVpgKI0w|23871|156|0
2026-08-10|90bZ_kZbVyg|9523|54|0
2026-08-10|k0lfRY14gW8|1536|8|0
2026-08-10|22TjxY9l5TI|37254|267|5
2026-08-10|H2bIFMdlaCk|2404|30|1
2026-08-10|RsfanooQgfU|2618|12|1
2026-08-10|iPykEhmZhq8|1484|11|0
2026-08-10|wpToPnRZnJY|1946|10|0
2026-08-10|W4ltUbAWmBI|47212|198|9
2026-08-10|QKmQuAvsKYU|6336|18|0
2026-08-10|CSQgumax6l0|26951|282|68
2026-08-10|VGgQxk-7Tx8|140754|575|35
2026-08-10|6EOHYudUGZg|30498|219|22
2026-08-10|cndN2Cfad-U|11983|89|7
2026-08-10|Prm7MCeNzME|2101|14|0
2026-08-10|8itV4u4oj78|15166|140|4
2026-08-10|Tfu0ri2r_yk|19083|189|24
2026-08-10|4EYnXNwS2jM|60631|296|8
2026-08-10|dJOoCdwWvc8|28774|190|11
2026-08-10|yNYpV5OLuUc|21342|139|8
2026-08-10|usnWdTDv8pM|344367|4795|2196
2026-08-10|-7GEF_OCCeQ|19813|130|6
2026-08-10|jM8v6ci1uEM|16055|115|5
2026-08-10|BwFJQGzVd0k|273243|1082|91
2026-08-10|WvqMaeZ1h4I|60630|395|50
2026-08-10|O8t5f4hgfWI|9777|95|3
2026-08-10|Odpo2JeJlDY|10531|107|4
2026-08-10|yBhfkgarf6I|13389|98|4
2026-08-10|ldClqA_Rvc8|21387|120|3
2026-08-10|tnr9Mcwyarg|32676|292|4
2026-08-10|ouMIexkX3GQ|243204|167|4
2026-08-10|jvrJSz6KqFo|249121|708|2
2026-08-10|hDCK9CSM1ME|2390|35|1
2026-08-10|pqJscAS-nic|18084|91|0
2026-08-10|ZhznI5xHxyQ|37943|269|24
2026-08-10|hiLKTrfOBlY|78233|685|19
2026-08-10|SRt7cooBKVY|86138|791|30
2026-08-10|OYkSn6sjcW8|113571|218|4
2026-08-10|WYonLS-PVVU|33016|393|16
2026-08-10|M-zWBnWpwsM|11901|199|16
2026-08-10|yU2iceAAQ_Q|222840|1114|95
2026-08-10|yYuYHWbe7PM|10656|68|0
2026-08-10|hQT7dMl2KuA|26150|161|75
2026-08-10|D16fve1rItE|6037|46|6
2026-08-10|fX-plZf23rY|198|8|0
2026-08-10|DeqnWxqshvo|409|17|0
2026-08-10|iDg2Zkx84dQ|6448|245|8
2026-08-10|A3u1e6x0cdE|10682|110|2
2026-08-10|nruDII6wFX4|1540|27|5
2026-08-10|f1dsCzoT1W4|270|2|0
2026-08-10|KYQP2gKftDQ|10423|143|5
2026-08-10|FiPASOQHkBw|1647|123|3
2026-08-10|oZXNHRgA62s|240758|2124|147
2026-08-10|ATOf-jR92wA|489|11|2
2026-08-10|Rm1QPO7wllE|29632|113|0
2026-08-10|H2IP75oQlRc|196|0|0
2026-08-10|wESQzZMzUbw|149|2|0
2026-08-10|QjagifPKuBI|1308|4|0
2026-08-10|BP5NbFfmrto|1861|25|1
2026-08-10|q-FwYy6bm6E|16638|62|0
2026-08-10|VteNjVRCEGQ|9480|84|0
2026-08-10|MZPXo67thhk|22983|310|0
2026-08-10|dIa4aGDe9Wk|9051|49|0
2026-08-10|GMa76YPXUfI|999|23|0
2026-08-10|9HSJTgz-8iI|175|9|0
2026-08-10|rtaycL675N8|101418|487|1
2026-08-10|8ccC-FCX6tE|95429|458|1
2026-08-10|v6HlLCdwt48|27460|175|4
2026-08-10|2ZgBk6aCREs|50727|251|14
2026-08-10|EK5Ej4AyWR0|1029263|3666|131
2026-08-10|DKaTlzdp2aI|63745|291|12
2026-08-10|KKBzzK4Oqt8|21364|85|9
2026-08-10|i_J487yCVc0|4924|66|0
2026-08-10|5hN1ltIWOVE|3604|15|1
2026-08-10|IOgJthJxVZc|4295|53|24
2026-08-10|fvdW0fgBU8s|64390|1420|90
2026-08-10|SSJpjtjklZc|7891|82|26
2026-08-10|SJQVMQTnQ2A|580825|1966|122
2026-08-10|lBLkigAiwgM|6673|17|0
2026-08-10|2JUGp5a5ryc|3663|35|9
2026-08-10|tIUuxzDFBcE|7106|54|13
2026-08-10|W-RReXqH2O8|142336|1007|146
2026-08-10|e61MfUOSkRU|128296|796|135
2026-08-10|nijnPv0fu08|50372|175|2
2026-08-10|Y73I6A9WRVE|271465|1323|215
2026-08-10|9vpJUJ5qHhI|6260|31|1
2026-08-10|vKKqeR-KVdg|125785|1477|87
2026-08-10|TXS0Dgn-lBI|56267|298|8
2026-08-10|WyObWm6oQXU|467|17|1
2026-08-10|erybJ-moddQ|63369|739|40
2026-08-10|D3yVmO8hvhs|2264|101|26
2026-08-10|KSfOkFBFw-w|10263|28|3
2026-08-10|oWj-hJDsG_o|77447|465|8
2026-08-10|o0Cq07u1IIg|13271|100|6
2026-08-10|2pw8TdrYErE|2265|16|1
2026-08-10|R9ZoPrYbXjs|4388|32|2
2026-08-10|T3nUY_4AFy8|196450|680|9
2026-08-10|CekJ7EFsfkk|3772|25|0
2026-08-10|dqV8Mat45rc|25914|64|1
2026-08-10|T4VQIZuEQ-c|3344|10|0
2026-08-10|NdO5WixoWNk|73073|1028|51
2026-08-10|zu8crhOJxc4|64328|162|0
2026-08-10|xEYJRtI_YOY|142364|1317|142
2026-08-10|jFysTgUCc2Y|270382|2690|392
2026-08-10|cUYr3MedD9A|185129|740|151
2026-08-10|CWHZtiTdMl0|113142|4368|286
2026-08-10|5tXXMqe01gw|476276|417|67
2026-08-10|Ioyfai7UIII|63028|406|18
2026-08-10|lFOj86_nciM|2217|34|3
2026-08-10|GlwyVplw_1k|1848|21|1
2026-08-10|eyRelpEasGs|9684|30|0
2026-08-10|4bRwoEOeJ64|1660|13|0
2026-08-10|lt7Egrnl3O4|29414|351|3
2026-08-10|jl__2BZghOk|24838|265|0
2026-08-10|E1f6V9yxC5A|8451|76|3
2026-08-10|ERPzAevK5_c|4601|82|2
2026-08-10|8pBj5852pA4|4602|83|1
2026-08-10|bPWdKCPr4Eg|272417|594|9
2026-08-10|P4NGLorkHw0|3898|44|2
2026-08-10|7dARDo-uT4c|2045|143|6
2026-08-10|EaVQ5ZUebVU|12103|60|11
2026-08-10|qM11ntNQC6w|1298|6|0
2026-08-10|wmNWhed0tiY|2041|9|0
2026-08-10|374AqfXVepE|2644|16|0
2026-08-10|RoGyJmGH6Jc|5917|52|0
2026-08-10|lqHz2Yjc2oc|5757|30|6
2026-08-10|s-IJGPXmMtM|36009|280|2
2026-08-10|AcQ50owy6qw|159538|1326|104
2026-08-10|YTQ9Nts7zKI|249700|3367|1083
2026-08-10|Hw4mWzlgzv0|2805|31|0
2026-08-10|5kD9XFC_mbA|44410|426|3
2026-08-10|Qk6XPSAfUz0|28597|212|1
2026-08-10|HEX-brfRQlw|39601|112|6
2026-08-10|q5mBfpWYP9w|22452|16|0
2026-08-10|1Ygqny4Gnvc|1406|4|0
2026-08-10|nozIWZeQkPg|563776|8198|177
2026-08-10|POapJ398WFU|278074|1065|113
2026-08-10|jampYSDGS40|125826|1459|148
2026-08-10|NZeble3fNfc|370307|5701|2047
2026-08-10|onIhHxczfg4|678|10|0
2026-08-10|J0ZrQjq7dxU|7116|53|0
2026-08-10|q5Ghf4-L2qk|3920|157|26
2026-08-10|dgKtv4evDqA|6998|66|2
2026-08-10|LP1eofy4XHg|5351|31|2
2026-08-10|tJTSPs6nzNk|13352|60|1
2026-08-10|1Yx9PBRu78I|49616|303|32
2026-08-10|9hWBoX6PfEU|27164|204|19
2026-08-10|qNiGeD9EYRU|15794|152|18
2026-08-10|S57-YZRO5UU|23062|169|5
2026-08-10|ltdEPeLlvpU|9421|125|9
2026-08-10|pOAwBOZFwSA|1481|9|3
2026-08-10|janbhM4ycBg|2234|8|0
2026-08-10|xcJ37JiszVw|27752|174|12
2026-08-10|5IaSlA-yQAk|16712|91|0
2026-08-10|MTmhHcsxN9A|7122|34|0
2026-08-10|NRkYBVhMrIY|139561|702|4
2026-08-10|BJ8NShcmCdU|4413|17|0
2026-08-10|hat2UH2fx_E|10138|73|9
2026-08-10|mFY1b9LhvL4|5459|21|2
2026-08-10|YQoRizZbgys|7361|83|4
2026-08-10|8Fe4reyc4lo|12559|117|4
2026-08-10|WtBA5PWmlmw|9712|73|2
2026-08-10|-0L8KNt4pUM|5664|37|1
2026-08-10|UkhLGvV4_OA|4729|33|5
2026-08-10|I34DCjAqQ4E|4378|21|2
2026-08-10|K9QV0jH30FI|2283|23|1
2026-08-10|2X2MCuOMgLU|4215|32|1
2026-08-10|5Rq32S-Ax3c|4247|36|0
2026-08-10|_ZFx0oBkSYI|9028|28|0
2026-08-10|gw88K3bfR9Q|29093|227|54
2026-08-10|twR0XJo7G_k|16456|111|6
2026-08-10|CXbu4YXrNXk|473141|7925|2041
2026-08-10|VZnAglXckmI|20564|181|6
2026-08-10|0bN1aaLjbj8|12777|116|9
2026-08-10|G-jZc8jaGYc|15747|144|9
2026-08-10|-HudLvhD6Uw|16174|118|5
2026-08-10|xZjmBg2C_q8|13049|123|3
2026-08-10|S_DtcgBFSa4|1531|8|0
2026-08-10|NDDlGd_MJQM|21107|251|2
2026-08-10|LmImYzWj0FU|286961|502|12
2026-08-10|hAjP8qiXWWI|26682|134|2
2026-08-10|J-VYpBe_jdI|531|29|1
2026-08-10|2y236aVuQcU|1905|22|0
2026-08-10|2zujMNyW_kw|25417|114|15
2026-08-10|iVSbJjff6zU|12311|87|1
2026-08-10|SOCCfdFvXGk|4162|28|3
2026-08-10|1vDanh5h8-w|3570|20|0
2026-08-10|U5G446rLKE0|3301|58|0
2026-08-10|SvKWUuIxnJg|92863|1782|130
2026-08-10|Ry9Fhh1k81U|28836|515|13
2026-08-10|MGLqO1DxwZE|5035|29|3
2026-08-10|j1GCfcmhjQE|19148|529|13
2026-08-10|YnAJlzPyp0k|110277|5673|1023
2026-08-10|FLPTldNKizg|2453|27|0
2026-08-10|is9C2uf-xLA|7421|60|0
2026-08-10|7qtbWv4pylQ|13448|162|2
2026-08-10|ryCjTnb7HYE|27|3|0
2026-08-10|lMjklRFLWao|29|0|0
2026-08-10|Zn3hsWsp7Sg|30047|249|6
2026-08-10|w5lLkD1RQCc|44931|278|10
2026-08-10|IMyqHkhOUVY|94496|560|46
2026-08-10|bZOWaP97Y9k|34297|281|14
2026-08-10|qx0DoTn8M2I|49967|190|14
2026-08-10|CTPkel-_4HU|134652|617|3
2026-08-10|xNJOTXWqSEA|392|11|0
2026-08-10|wDs3XfzmXg4|836316|4649|35
2026-08-10|Q5_J_OKmo6U|7728|42|0
2026-08-10|gqQsCZhhyE0|846|5|1
2026-08-10|GqCh4lcO5m4|366711|3028|706
2026-08-10|jDFM3yW5u34|145711|745|27
2026-08-10|3VWIpt-jLnE|4651|49|1
2026-08-10|i1CCsmOSnps|5643|31|1
2026-08-10|baAFDjySM18|5842|44|0
2026-08-10|ALBQhYDKlJ4|4269|12|0
2026-08-10|4sWuwgykTHE|42479|248|7
2026-08-10|ciZCJmPUf1c|223589|1119|1106
2026-08-10|01UGC5ThDhY|360323|4193|726
2026-08-10|c1qyIedGu8M|309701|4537|71
2026-08-10|MVLqK9rD_YE|46969|206|2
2026-08-10|Cpqz3TsaT7w|1309607|11224|174
2026-08-10|eGzHHQUhj7g|52361|214|6
2026-08-10|zDmRrcti4iY|5887|65|3
2026-08-10|gA2P6NfjpfQ|272|5|0
2026-08-10|Us5aTWQaDyI|3177383|30279|1399
2026-08-10|ijZeJEEx_fE|3|0|0
2026-08-10|NI0j3TaM7sc|1308130|19142|1471
2026-08-10|K78EDQwj9P0|6775|191|12
2026-08-10|0vOsWMV_jXs|454|22|0
2026-08-10|o5zNSc1xReQ|17201|1861|186
2026-08-10|HywAZclRprQ|150151|1668|18
2026-08-10|gGcvhqnT2Us|18286|133|1
2026-08-10|eO2sI8XWboA|412|18|0
2026-08-10|q7Zc1w7Mo0A|72266|479|0
2026-08-10|TXS8ydkPzfA|56424|376|2
2026-08-10|UHeyPdAid_M|23315|346|30
2026-08-10|ftn3TlA5aTU|78431|475|27
2026-08-10|rF6NeZqg5jo|1130557|5470|31
2026-08-10|0d17xirhFBk|1246|9|0
2026-08-10|a6eEQJpqt_4|11806|99|4
2026-08-10|Fohit0jyz2Q|13291|136|8
2026-08-10|eP-yZJ1_v_c|2321|14|1
2026-08-10|-OYSEtyxWDY|8729|60|2
2026-08-10|vPk-iV3utDs|6415|54|2
2026-08-10|8tztPlZYbjc|30824|239|12
2026-08-10|42mZWr3iGK4|17115|157|7
2026-08-10|rA7hTLUMWV8|17734|133|5
2026-08-10|kFJ3TnVqqOY|19289|176|9
2026-08-10|I6ggU7zEv5k|5571|73|1
2026-08-10|JVHmnuTTDfE|68108|421|44
2026-08-10|kqp6b2Jxakc|3|0|0
2026-08-10|hO_loUfjL9s|18677|126|4
2026-08-10|LU3zgq0vwsY|40202|254|39
2026-08-10|U3k78d4_yLg|18513|131|12
2026-08-10|9xNVfsw2vC0|971|13|3
2026-08-10|6EVBHKXVjOo|17422|143|10
2026-08-11|SeSkP8gEyzQ|25994|137|2
2026-08-11|omZwCnuy5Ko|5651|221|10
2026-08-11|SNwRfmMB7Hs|1327|18|0
2026-08-11|2MpwIxd9l8s|4123|57|2
2026-08-11|ar2ohxpKKac|4195|265|42
2026-08-11|feCBlcZro8Y|6671|111|41
2026-08-11|ponrAF9_nMA|3548|55|1
2026-08-11|NKjUhl7GtDc|2169|9|0
2026-08-11|COb17reUdfk|16567|1302|74
2026-08-11|O2f5EbwBw_w|2354|125|3
2026-08-11|GvkKlRWIsqw|1499|12|4
2026-08-11|Z-k1ZgaEjfQ|5333|210|11
2026-08-11|MU_DI208JQw|1261|28|22
2026-08-11|KFfyqSyZdjU|5030|49|0
2026-08-11|aodjGln1FQs|2773|34|1
2026-08-11|-lvYLgil7J4|3138|33|1
2026-08-11|JPziv6KzoXw|3466|22|41
2026-08-11|P73Hf_Z-uCU|77524|410|198
2026-08-11|OECJudC4qPU|203|18|0
2026-08-11|hUCltyCKcaM|25185|245|247
2026-08-11|WTy-P4o4k3Q|4518|26|32
2026-08-11|-TWoK0bPzvU|28348|161|117
2026-08-11|IQmbsYIXzsU|1785|27|0
2026-08-11|6Yj3VpCZ2rM|2747|64|3
2026-08-11|ITFVqM6xoKc|1144013|8276|651
2026-08-11|RwLm4qj0tiU|50629|1005|91
2026-08-11|qbYdUsxw96E|2363|41|0
2026-08-11|ubTnw1r8u7s|21249|123|3
2026-08-11|ha81RT-fK1w|3540|57|3
2026-08-11|ZTdbnrOXTXk|8072|269|3
2026-08-11|TnNMwlJN3K0|9253|147|1
2026-08-11|fOvS2gXqB8g|7491|114|8
2026-08-11|NBib0DWLeRI|47042|646|220
2026-08-11|apd4iASlAxg|2614|17|0
2026-08-11|2w7cYmZOLBc|66604|506|0
2026-08-11|G3Gpm7SBgng|46685|388|2
2026-08-11|3oMcYH92CQQ|57773|409|29
2026-08-11|b_WXhwvT1WQ|9938|113|6
2026-08-11|UuWW6tn4XEc|43868|360|14
2026-08-11|K2-AJMDVT6Q|649|21|7
2026-08-11|DEDoCnP7dbI|28968|63|1
2026-08-11|RGJfv-e66bo|1396|10|0
2026-08-11|8PW6bPVXDiY|239761|1293|235
2026-08-11|RV2XCWIfcWI|5487|37|3
2026-08-11|8udklH8wwHQ|34367|148|4
2026-08-11|jT7aUxtybOc|18844|146|0
2026-08-11|lDfIFIwub1o|851678|10136|877
2026-08-11|8vBT0ajH4J4|4699818|71052|1398
2026-08-11|JwAb3Uk2Ufk|510378|6745|1021
2026-08-11|KXAJ8yP3DWU|28|2|0
2026-08-11|wzL2SF3HuzI|2616|37|1
2026-08-11|WMWtkWKGEyI|140575|761|95
2026-08-11|CPj9Iz_4tSo|15496|266|2
2026-08-11|NZ9YLg6coGg|30986|712|75
2026-08-11|Mkm_wgUe78Y|171453|1195|601
2026-08-11|onABsQHTzaI|174587|690|101
2026-08-11|WySinJBB8OY|90803|3631|165
2026-08-11|VME5Dqhm2og|96703|1300|268
2026-08-11|eSD2u0-5q_o|89119|1069|425
2026-08-11|EW7Ou55qJlo|12965|272|0
2026-08-11|ztR4mtmzPUk|5457|95|6
2026-08-11|y9c-Kj7ZjYg|516|8|0
2026-08-11|VZQA_E6M8QY|3524|66|8
2026-08-11|wApkml_RQ8c|6990|139|14
2026-08-11|S_3RONhSJNU|12038|130|4
2026-08-11|fO9zj-Vsiyc|18083|178|6
2026-08-11|nCiLeoY2t1Y|15091|152|4
2026-08-11|YCCS0vOeffk|6069|422|65
2026-08-11|9-MQ9WAWdl4|12427|134|3
2026-08-11|m8thX0wNV-g|8426|88|6
2026-08-11|DsYyvqPM-7I|7738|82|3
2026-08-11|ZksIwryzdTA|11393|137|9
2026-08-11|BZqrAEQp2Uk|5549|99|21
2026-08-11|erZv82tJhBk|5090|72|9
2026-08-11|Z330uhrwPy4|2046|42|7
2026-08-11|ULHZ8-xCcu8|3658|49|6
2026-08-11|ssSd30raAfk|2135|37|4
2026-08-11|O4VAZfAYcMM|1959|13|1
2026-08-11|ekic7YbVaxk|2971|21|0
2026-08-11|R_PZGu44u34|921|10|3
2026-08-11|RhSv_YPm69A|741|7|0
2026-08-11|l3Q84aiMyq4|654|7|1
2026-08-11|6DdqqvP_dhM|5582|35|1
2026-08-11|o3Tdk73Ygvk|3300|31|0
2026-08-11|XAOfKkAHtrg|2046|15|0
2026-08-11|AU5TeJZWRxA|1265|12|0
2026-08-11|_BB8i56X3Gs|3861|18|0
2026-08-11|XMZq__U8y2c|1684|9|0
2026-08-11|Ifw8plQ-xKE|1704|9|0
2026-08-11|Z7t0RZYcFQw|820|7|0
2026-08-11|7Z6mkuia33k|2284|15|0
2026-08-11|0Gm0I84cxxw|708|6|0
2026-08-11|emEck5qwhvI|1114|0|2
2026-08-11|BVfMsj0Cjnw|13666|152|5
2026-08-11|h4Y0M8V_MAU|11408|114|5
2026-08-11|_9jRl6KWCIc|48373|348|1
2026-08-11|XzBSKKT7IqE|61815|339|64
2026-08-11|yG8qkWTdVME|1788|29|0
2026-08-11|MviFYnfUKeo|588|23|0
2026-08-11|j-Vv25XR7GQ|1765|34|0
2026-08-11|42SKkKINemg|1509|22|1
2026-08-11|vC8NpJlVuww|7685|74|0
2026-08-11|S9Z2NbnyUsw|2393|34|0
2026-08-11|x_rHvJwANJ8|250515|1520|222
2026-08-11|4eRjvvkIAvI|590039|3693|159
2026-08-11|mzWgPsjozUA|9860|92|5
2026-08-11|wNAi4_fbmrU|112616|527|19
2026-08-11|adqbLqTYrzM|10647|100|10
2026-08-11|vz9fyJ2v2WA|89850|1251|391
2026-08-11|L36_gFUqe_4|25318|173|26
2026-08-11|BBbGTcD_1xY|674498|2227|67
2026-08-11|snw2ffPbJKE|4161|46|9
2026-08-11|CLxm4YGNoPs|70484|557|58
2026-08-11|Ea_Ss_9lTeU|10702|144|8
2026-08-11|ZTLF7SrPuKY|3702|40|1
2026-08-11|rLhxxoRd9Dg|4488|38|0
2026-08-11|lc9ocY3Ei8M|3196|67|9
2026-08-11|gSgaMJ5V2ZA|29545|335|7
2026-08-11|fP_l9rgiGtg|16059|170|22
2026-08-11|oxc2RIb51J8|10600|103|5
2026-08-11|Phh9XAjPSvA|29700|115|79
2026-08-11|x3bX37-mkxE|33546|194|8
2026-08-11|nT8zrosllhw|9371|127|34
2026-08-11|l3D3bJEZfgI|21455|267|18
2026-08-11|9TtCo7ELHNA|16096|175|5
2026-08-11|WK4kKLRVQbM|115168|2000|113
2026-08-11|dSb7BBuDG6o|1620|27|0
2026-08-11|ZVzIGbBECws|2929|22|0
2026-08-11|u34UkYL4gxc|11094|80|0
2026-08-11|UAytY0ebDwE|18353|295|0
2026-08-11|abgdUkoLKko|14065|109|0
2026-08-11|K1QquP-qQbg|20611|182|6
2026-08-11|yg8G48PtAcY|25005|214|13
2026-08-11|X_Q0CBIniQA|8551|100|1
2026-08-11|xuALPKDPkqM|19485|251|3
2026-08-11|ig8iRqpezbY|846|30|10
2026-08-11|XziBESp5eqo|12075|189|40
2026-08-11|S4_I-ddb8-U|13606|690|37
2026-08-11|VlbA4DL28hE|18709|151|5
2026-08-11|yNDFdAWWgro|118050|629|68
2026-08-11|MYu6Lkzq3F4|2161|19|1
2026-08-11|gkAzJejw3Yo|2846|14|1
2026-08-11|MDEbMLpjzYE|33017|247|2
2026-08-11|WHfcI2LKa8A|105554|539|15
2026-08-11|L0gpkY_tlgY|84174|716|37
2026-08-11|Ng1gR1kAnZM|12612|61|7
2026-08-11|q9aSy3ITcKg|256022|789|58
2026-08-11|qBgYYuQpCzw|28278|128|7
2026-08-11|esiWq3PA74o|1793|11|1
2026-08-11|LXPi1RRyqEo|39175|174|6
2026-08-11|FESNOlhz6dk|154060|776|47
2026-08-11|Zf9FLIoQU5A|64731|305|4
2026-08-11|ObTV340P33s|122474|530|90
2026-08-11|wrffmP_HkHg|53749|279|7
2026-08-11|jCFzJJBzMtU|82906|297|48
2026-08-11|SnmbGZk7A0E|187815|1326|101
2026-08-11|4UBa5FRGcVU|156721|669|115
2026-08-11|a3IQ2IiUNk8|18985|88|6
2026-08-11|NheHcU8OlGQ|6645|11|9
2026-08-11|UfdI1WCYoO4|14834|113|2
2026-08-11|o71sr5-YiGs|15607|125|23
2026-08-11|We92AD6FtEU|159426|726|75
2026-08-11|I0BabkMWwK8|4183|37|1
2026-08-11|6Dj6f17rzSg|4572|44|6
2026-08-11|CyHO6slewgA|10473|124|2
2026-08-11|2nYyOaVTeJ4|1284|9|1
2026-08-11|OjCoIG5vwAQ|15924|113|7
2026-08-11|N8Cy40QE-Qg|13842|144|5
2026-08-11|419TWb2KU4U|4484|38|1
2026-08-11|aHZQlyhTpjA|34879|323|6
2026-08-11|TdfEdwT7P1w|6370|117|7
2026-08-11|30zPhSvNV9I|1084|9|0
2026-08-11|t6ovqV1wZqk|3798|23|0
2026-08-11|mZ3Oyw8X-UA|48243|198|41
2026-08-11|WHS7O0Wj-Xo|47106|194|26
2026-08-11|K27pXtq40J0|26244|118|22
2026-08-11|ATI7HxXbZ50|15390|145|3
2026-08-11|_4VTLpxfzJU|1765|27|1
2026-08-11|kkeSyA1zSEw|42011|554|11
2026-08-11|uwQ-8WqIWSc|7481|73|0
2026-08-11|QQBWKFb8_kY|7180|102|1
2026-08-11|1-L8zzM7y3s|4984|66|0
2026-08-11|zltRrjpyFl4|183448|142|4
2026-08-11|8H1HZjmqocA|258324|2296|335
2026-08-11|mg2GsQVXwPo|202405|471|28
2026-08-11|yaHDKKtMrOM|7699|112|2
2026-08-11|VT-CdL6V0sA|196|5|0
2026-08-11|QZL-hqKC5SE|30777|185|530
2026-08-11|pwJEhN42JgU|1355|31|0
2026-08-11|5mgpnb64wE0|38725|623|31
2026-08-11|OPb-9PrXVa0|31354|254|71
2026-08-11|yMZEoo4tOPg|20906|373|10
2026-08-11|wEdVoMcb02U|41320|427|243
2026-08-11|t2VDIOXUU6I|63123|698|152
2026-08-11|tdaphF6axL8|50711|472|490
2026-08-11|LIj-MyG3884|47670|569|77
2026-08-11|pwNZ6bdcytA|111629|1818|334
2026-08-11|E5zhACGndaw|7695|157|10
2026-08-11|UdI9yYJYWu4|9450|63|0
2026-08-11|KBELKVkrOqM|2429|14|0
2026-08-11|QGFkewzkd58|7711|141|1
2026-08-11|Rt6Dq2cVYUU|131206|3867|288
2026-08-11|MHc0HjYJgbE|72335|95|0
2026-08-11|Le-FP2uP-dY|74503|104|1
2026-08-11|OuNNipe2cv4|116760|455|3
2026-08-11|PWog8XWJ-6o|81178|66|0
2026-08-11|aGWlnFZ0cD0|57|0|0
2026-08-11|A04BjlniW4c|14|0|0
2026-08-11|m_BstFyylK8|78337|29|0
2026-08-11|QLlDv6OCp3s|55156|438|4
2026-08-11|ug0qx_htUGo|8766|65|2
2026-08-11|NmYdKLoEpag|79168|61|1
2026-08-11|8dNC5LyAupA|304516|2431|8
2026-08-11|p1y9SWNNMi4|38530|84|0
2026-08-11|WilmKX8ldCw|26693|134|0
2026-08-11|bWTgYpvvsSo|11323|90|0
2026-08-11|EB325oV68e4|51200|270|15
2026-08-11|OfNzkm2ddvs|153371|712|58
2026-08-11|DUF95IM5O-g|70025|271|16
2026-08-11|2b6xaePy0ek|185044|135|2
2026-08-11|-igV5_6fbVk|1103|18|2
2026-08-11|FMBTmoqyi3o|5550|83|5
2026-08-11|zNHJkZ38HL8|193871|174|5
2026-08-11|g_QRzuufZrY|42811|389|99
2026-08-11|yu4PVWtGQGs|1977|11|0
2026-08-11|oR_5ouRzMj8|3419|6|2
2026-08-11|CLJHvIkXeF0|88068|747|250
2026-08-11|TDX_Dislk5o|295414|260|114
2026-08-11|vPMRYYd2kjs|83955|321|10
2026-08-11|q-B-NI4tQ0Q|43054|230|758
2026-08-11|Hhqbm0NhVk8|3191|92|7
2026-08-11|aLIs8tkStZQ|12034|159|2
2026-08-11|2WENlIFeJPs|17214|147|1
2026-08-11|_rIbFosE1z8|193276|1569|40
2026-08-11|cu81o1IVi3Q|17942|172|4
2026-08-11|0gGIYGkl8MA|2081223|12638|190
2026-08-11|iKGANRubDiM|8894|90|1
2026-08-11|4jpkT0WmKp8|1614|29|0
2026-08-11|aqO8FHeoeiI|7614|109|1
2026-08-11|YlMPthr38PU|82286|973|163
2026-08-11|6zHypbPmEZ8|35410|120|29
2026-08-11|7c1VIvG77ng|160984|660|50
2026-08-11|_niqbA-cPSc|74678|2409|539
2026-08-11|vrwFwdPhvP4|189|2|0
2026-08-11|EpLRLT6z1h0|54|0|0
2026-08-11|rp3QN30vNLQ|24765|119|155
2026-08-11|H1oyCAnu0ek|54133|768|682
2026-08-11|ql2tIvWfApg|51728|1313|69
2026-08-11|ItItb48G4yg|11711|375|24
2026-08-11|bfWV5Gq_i3c|24983|125|5
2026-08-11|yb5J5Cwywro|10112|212|13
2026-08-11|wUEVifL7zxA|90433|591|54
2026-08-11|SsJfzdwrfvk|6604|40|1
2026-08-11|I6u6cd7hWQw|521|10|0
2026-08-11|I1exBYSb4nU|19479|111|1
2026-08-11|xYY603UdDVI|12599|347|28
2026-08-11|qkPL85h7MUE|1857|36|1
2026-08-11|7GzI66_NDA8|95226|629|4
2026-08-11|_NmzLX2bGU4|341983|5168|828
2026-08-11|gj6ANRZ21y8|402219|5817|662
2026-08-11|IpeRssCS0nw|193754|2051|139
2026-08-11|c1hE3BQHPww|181199|1715|20
2026-08-11|UsWxCW4YkzY|26172|265|17
2026-08-11|GRrvCUZWe-4|185291|750|300
2026-08-11|4qzksE4GtK8|21408|143|2
2026-08-11|kt36BO6XYMM|7950|59|1
2026-08-11|Bg5xKVgZoy8|12361|51|1
2026-08-11|SwbgIH6ovCM|5079|44|1
2026-08-11|mv8bB3KRrl0|8858|72|2
2026-08-11|eOHSpjd_3g0|21679|109|3
2026-08-11|VAue7R_T8D8|23250|126|12
2026-08-11|eF2GRNoECBk|17728|207|2
2026-08-11|L1ZIJy9odio|1354|22|3
2026-08-11|Yb-GEY_wMC4|69569|1195|112
2026-08-11|JHocAFOCP6k|973|5|0
2026-08-11|XC5CNf_JO74|5919|40|10
2026-08-11|Yl7CSReCaLM|29931|186|1
2026-08-11|XDdlmUsYRgU|11306|87|0
2026-08-11|zlGkmFxFqoM|25849|161|0
2026-08-11|ECGA6MaqW7s|21443|71|2
2026-08-11|ZBQlyREZAtA|127680|3992|275
2026-08-11|q5iOTiGsagc|14870|86|4
2026-08-11|zd5okE5dLDA|354987|11404|751
2026-08-11|WP1omiVkL0M|3199|48|5
2026-08-11|NGCP_mic7zo|1661|10|4
2026-08-11|lM45Oj9NEUM|23048|126|2
2026-08-11|r5Uw2JxHVI4|95991|315|8
2026-08-11|hCl_V7hnksE|2875|27|2
2026-08-11|cGJcUseAaE0|6490|23|1
2026-08-11|H2c-Tok8D4c|2914|25|9
2026-08-11|9zS98d5d5SE|7393|41|4
2026-08-11|oOH1okPHdPg|33107|167|6
2026-08-11|VTpm7ezKMPA|32163|115|7
2026-08-11|clGD1yvXsRQ|107584|839|137
2026-08-11|X8HF2H4li_4|7030|57|2
2026-08-11|cw5BZdCJaVg|73514|913|26
2026-08-11|ENBjLR9zLnE|171110|1159|260
2026-08-11|vHbzcWjK0f4|466683|2391|153
2026-08-11|eILgq7dgcUA|28271|133|9
2026-08-11|CGTrWzPhUh0|26170|158|3
2026-08-11|6WQqhxWVvh4|799320|165|6
2026-08-11|u0v7Ubg5zlk|79784|365|21
2026-08-11|m7LF42bf7bU|33714|228|40
2026-08-11|RNZk_KiEhr4|1078273|203|16
2026-08-11|VELd1_rKK4k|30719|156|4
2026-08-11|kE07z2stq7Y|552|50|2
2026-08-11|Kmx1uDEHULY|1702|27|0
2026-08-11|R4rF6wLqC4g|96362|735|59
2026-08-11|sUbsqGhKpLo|378244|1488|217
2026-08-11|icDzeK6LBUc|232738|831|111
2026-08-11|MsMEDuz_Qjo|143703|675|125
2026-08-11|9jO4XpmqL-g|45467|171|8
2026-08-11|lmR5tQL78bk|28470|113|6
2026-08-11|EQ9yfO0eiXg|16705|75|5
2026-08-11|iirxATEHNLg|190645|1158|337
2026-08-11|uHwHsSKZ6bs|202869|1401|826
2026-08-11|jSB4iYrU66U|59822|635|179
2026-08-11|roCvX79RU5g|16712|35|6
2026-08-11|vBdeES8gRC8|94587|2885|197
2026-08-11|_6fZzwG7AdU|13661|124|55
2026-08-11|bOnJQuyiPPs|11668|76|3
2026-08-11|9oDWWishrvM|1189|57|6
2026-08-11|c8DKssyE1mI|5183|47|9
2026-08-11|HoS6wmSOgYE|75396|1368|46
2026-08-11|9Ap8ff-o7Gg|64006|623|9
2026-08-11|jfTPoKaU9ck|15063|392|11
2026-08-11|32dD_3aldGY|30387|170|35
2026-08-11|Gfmnr6mZXR4|4161|35|4
2026-08-11|usnWdTDv8pM|354402|4851|2224
2026-08-11|ldClqA_Rvc8|25750|201|5
2026-08-11|VGgQxk-7Tx8|174533|714|43
2026-08-11|BwFJQGzVd0k|283206|1110|93
2026-08-11|tnr9Mcwyarg|34455|304|4
2026-08-11|z_kYrRFd6Vg|70080|473|7
2026-08-11|KKBzzK4Oqt8|21815|86|10
2026-08-11|22TjxY9l5TI|38719|278|5
2026-08-11|8ccC-FCX6tE|96734|466|1
2026-08-11|5hN1ltIWOVE|4131|16|1
2026-08-11|i_J487yCVc0|5888|82|0
2026-08-11|Prm7MCeNzME|2186|14|0
2026-08-11|o0Cq07u1IIg|13516|101|6
2026-08-11|9vpJUJ5qHhI|6875|36|1
2026-08-11|vKKqeR-KVdg|148489|1691|92
2026-08-11|SJQVMQTnQ2A|623307|2104|130
2026-08-11|TXS0Dgn-lBI|59937|321|8
2026-08-11|WyObWm6oQXU|475|17|1
2026-08-11|D3yVmO8hvhs|2627|109|29
2026-08-11|oWj-hJDsG_o|78310|465|8
2026-08-11|erybJ-moddQ|64303|744|40
2026-08-11|EK5Ej4AyWR0|1067577|3763|135
2026-08-11|hiLKTrfOBlY|88589|768|20
2026-08-11|IOgJthJxVZc|4978|55|26
2026-08-11|SRt7cooBKVY|103296|917|31
2026-08-11|OYkSn6sjcW8|116628|224|4
2026-08-11|FiPASOQHkBw|1841|136|3
2026-08-11|ATOf-jR92wA|500|12|2
2026-08-11|Rm1QPO7wllE|30527|116|0
2026-08-11|q-FwYy6bm6E|17073|62|0
2026-08-11|VteNjVRCEGQ|9523|85|0
2026-08-11|MZPXo67thhk|25546|327|0
2026-08-11|dIa4aGDe9Wk|10098|55|0
2026-08-11|GMa76YPXUfI|1051|24|0
2026-08-11|od90K69QoKc|1844|10|0
2026-08-11|pqJscAS-nic|18233|92|0
2026-08-11|e61MfUOSkRU|130453|799|136
2026-08-11|v6HlLCdwt48|27703|176|4
2026-08-11|SSJpjtjklZc|9120|94|27
2026-08-11|2pw8TdrYErE|2379|16|1
2026-08-11|cOFOl4gNDxE|4207|24|1
2026-08-11|nijnPv0fu08|51283|178|2
2026-08-11|QKmQuAvsKYU|6580|19|0
2026-08-11|wpToPnRZnJY|2156|10|0
2026-08-11|iPykEhmZhq8|2183|14|0
2026-08-11|RsfanooQgfU|2661|12|1
2026-08-11|H2bIFMdlaCk|2420|30|1
2026-08-11|k0lfRY14gW8|1691|8|1
2026-08-11|90bZ_kZbVyg|11355|60|0
2026-08-11|F76IVpgKI0w|24777|163|0
2026-08-11|Oc7wn3u79mo|4327|25|1
2026-08-11|Ag_eY-qlcug|258983|1248|78
2026-08-11|H-j2a2ncaJY|58342|434|65
2026-08-11|_3CQanzNGxo|3461|22|1
2026-08-11|CSQgumax6l0|29674|296|72
2026-08-11|W-RReXqH2O8|149794|1029|148
2026-08-11|6EOHYudUGZg|32284|225|22
2026-08-11|jM8v6ci1uEM|17026|118|5
2026-08-11|yBhfkgarf6I|15181|104|4
2026-08-11|Odpo2JeJlDY|11084|109|4
2026-08-11|O8t5f4hgfWI|10313|97|3
2026-08-11|WvqMaeZ1h4I|67937|428|53
2026-08-11|-7GEF_OCCeQ|21134|137|6
2026-08-11|cndN2Cfad-U|12400|91|7
2026-08-11|yNYpV5OLuUc|22616|146|8
2026-08-11|dJOoCdwWvc8|31509|199|11
2026-08-11|4EYnXNwS2jM|70084|318|8
2026-08-11|Tfu0ri2r_yk|26990|254|30
2026-08-11|ZhznI5xHxyQ|38837|270|25
2026-08-11|8itV4u4oj78|18453|163|4
2026-08-11|ouMIexkX3GQ|352037|225|3
2026-08-11|2wWcmppQIkY|1090|5|0
2026-08-11|KYQP2gKftDQ|11155|148|5
2026-08-11|jvrJSz6KqFo|249739|710|2
2026-08-11|KSfOkFBFw-w|13469|38|3
2026-08-11|f1dsCzoT1W4|359|2|0
2026-08-11|9HSJTgz-8iI|199|9|0
2026-08-11|rtaycL675N8|103723|506|2
2026-08-11|yU2iceAAQ_Q|242573|1188|105
2026-08-11|yYuYHWbe7PM|10844|72|0
2026-08-11|hQT7dMl2KuA|28751|171|81
2026-08-11|D16fve1rItE|6970|55|7
2026-08-11|B20H-zjEs2Q|1090|3|0
2026-08-11|DeqnWxqshvo|438|19|0
2026-08-11|W4ltUbAWmBI|51334|213|9
2026-08-11|DKaTlzdp2aI|66944|301|13
2026-08-11|2ZgBk6aCREs|57337|289|15
2026-08-11|Y73I6A9WRVE|328235|1741|275
2026-08-11|WYonLS-PVVU|35757|423|17
2026-08-11|M-zWBnWpwsM|12918|215|16
2026-08-11|iDg2Zkx84dQ|6948|258|9
2026-08-11|A3u1e6x0cdE|11299|111|2
2026-08-11|nruDII6wFX4|1845|30|5
2026-08-11|H2IP75oQlRc|198|0|0
2026-08-11|wESQzZMzUbw|153|2|0
2026-08-11|QjagifPKuBI|1327|4|0
2026-08-11|BP5NbFfmrto|1941|26|1
2026-08-11|fvdW0fgBU8s|69353|1456|92
2026-08-11|fX-plZf23rY|221|9|0
2026-08-11|oZXNHRgA62s|242862|2133|147
2026-08-11|ZDR1_2lRf04|27044|204|59
2026-08-11|SecPkGf3vcc|1090|86|8
2026-08-11|Ld7Z0S1vb04|385|19|1
2026-08-11|BGhN8WiV6pQ|13474|300|16
2026-08-11|tIUuxzDFBcE|7984|64|13
2026-08-11|2JUGp5a5ryc|4303|36|9
2026-08-11|5qcXzBxBWKA|7684|13|2
2026-08-11|aERLoxK0mDY|9027|84|129
2026-08-11|lBLkigAiwgM|6780|17|0
2026-08-11|hDCK9CSM1ME|2464|39|2
2026-08-11|rp56q3prfT4|10778|46|0
2026-08-11|vIsOzEjinnM|13531|256|76
2026-08-11|iVb_OXLKh3k|3762|12|0
2026-08-11|8pBj5852pA4|4852|86|1
2026-08-11|NdO5WixoWNk|79283|1119|54
2026-08-11|jampYSDGS40|125062|1458|148
2026-08-11|NZeble3fNfc|372793|5730|2045
2026-08-11|CekJ7EFsfkk|3776|25|0
2026-08-11|R9ZoPrYbXjs|4483|32|2
2026-08-11|onIhHxczfg4|713|10|0
2026-08-11|RoGyJmGH6Jc|6630|58|0
2026-08-11|T4VQIZuEQ-c|3279|10|0
2026-08-11|J0ZrQjq7dxU|8897|67|0
2026-08-11|GlwyVplw_1k|1863|22|1
2026-08-11|POapJ398WFU|279366|1071|120
2026-08-11|374AqfXVepE|2740|17|0
2026-08-11|1Ygqny4Gnvc|1419|5|0
2026-08-11|HEX-brfRQlw|39864|114|6
2026-08-11|nozIWZeQkPg|570514|8268|177
2026-08-11|q5mBfpWYP9w|22471|16|0
2026-08-11|cUYr3MedD9A|208892|754|153
2026-08-11|CWHZtiTdMl0|114350|4396|287
2026-08-11|xEYJRtI_YOY|146193|1341|145
2026-08-11|-HudLvhD6Uw|16534|120|5
2026-08-11|xZjmBg2C_q8|13364|123|4
2026-08-11|twR0XJo7G_k|16894|115|6
2026-08-11|AcQ50owy6qw|167616|1399|109
2026-08-11|YTQ9Nts7zKI|273811|3655|1160
2026-08-11|Hw4mWzlgzv0|2891|33|0
2026-08-11|5kD9XFC_mbA|44511|427|3
2026-08-11|8Fe4reyc4lo|12757|117|4
2026-08-11|zu8crhOJxc4|64530|162|0
2026-08-11|dqV8Mat45rc|26108|64|1
2026-08-11|xcJ37JiszVw|28881|179|12
2026-08-11|YQoRizZbgys|7428|84|4
2026-08-11|Qk6XPSAfUz0|29780|215|1
2026-08-11|T3nUY_4AFy8|199730|690|9
2026-08-11|LP1eofy4XHg|5366|31|2
2026-08-11|s-IJGPXmMtM|38722|293|2
2026-08-11|Ioyfai7UIII|64415|419|18
2026-08-11|VZnAglXckmI|20648|184|6
2026-08-11|eyRelpEasGs|10270|34|0
2026-08-11|4bRwoEOeJ64|1697|13|0
2026-08-11|WtBA5PWmlmw|9789|75|2
2026-08-11|UkhLGvV4_OA|4848|33|5
2026-08-11|mFY1b9LhvL4|5459|21|2
2026-08-11|I34DCjAqQ4E|4534|23|2
2026-08-11|K9QV0jH30FI|2298|26|2
2026-08-11|2X2MCuOMgLU|4230|33|1
2026-08-11|ltdEPeLlvpU|9535|126|9
2026-08-11|hat2UH2fx_E|10440|76|9
2026-08-11|BJ8NShcmCdU|4419|17|0
2026-08-11|5Rq32S-Ax3c|4299|36|0
2026-08-11|_ZFx0oBkSYI|9075|28|0
2026-08-11|NRkYBVhMrIY|144055|717|4
2026-08-11|MTmhHcsxN9A|7151|34|0
2026-08-11|-0L8KNt4pUM|5959|37|1
2026-08-11|5IaSlA-yQAk|18360|94|0
2026-08-11|janbhM4ycBg|2109|8|0
2026-08-11|gw88K3bfR9Q|32457|251|59
2026-08-12|UuhWr0shq88|513|60|11
2026-08-12|KcNYHVu68p0|1918|9|0
2026-08-12|Mzb3ho6aaBU|5107|66|3
2026-08-12|XtphrhEFEHU|18818|160|21
2026-08-12|FU9lPNFsTL4|8702|87|3
2026-08-12|-nXe7jOg604|1546|4|0
2026-08-12|MfYvZBxrty8|1549|51|12
2026-08-12|QqBbnW0dW2o|54519|285|16
2026-08-12|XhBJpAnjSwY|8841|47|4
2026-08-12|ErchcajRiRw|92|3|0
2026-08-12|z5yIY1_nspY|19201|79|79
2026-08-12|jomHOPeQnX0|15442|138|7
2026-08-12|12a9Ph0iYnI|4339|16|0
2026-08-12|767ZLocR4rQ|4494|13|0
2026-08-12|dupBT_bn3ps|13652|15|1
2026-08-12|MR_OfXYa5xo|3792|56|7
2026-08-12|X-SSBwGKLJU|2558|53|1
2026-08-12|zLDy2dWJpb8|1767|28|0
2026-08-12|m7Yb83h8ylg|13012|18|1
2026-08-12|Z6L_d3oZr-w|5527|18|1
2026-08-12|PxqPmdqKfbY|5076|22|27
2026-08-12|zDhjI6VYaFY|7352|77|12
2026-08-12|QlmEp_2Yodk|227|6|0
2026-08-12|SgK75_vVP7A|2581|41|4
2026-08-12|Diszhz3brQU|38786|538|31
2026-08-12|GYoAZJGCYyw|9003|156|17
2026-08-12|Kuj3YZ-d4DU|229|6|6
2026-08-12|YIr_isU4S-s|3386|15|1
2026-08-12|Owrt_7gvXfA|215193|1540|120
2026-08-12|nc8bVxx-DMQ|6988|43|1
2026-08-12|mVQoC_qWab8|8740|76|23
2026-08-12|U8wqDmgavAQ|9263|89|9
2026-08-12|tL2P-GJoZrk|20268|50|4
2026-08-12|2iNu3XEb54o|276916|6868|335
2026-08-12|-INmc_Te040|29888|401|546
2026-08-12|8HyA1h6VYZk|2365417|21338|447
2026-08-12|IULt7Ca4R8g|6155|144|153
2026-08-12|T-ACD0XKgFg|238312|2762|431
2026-08-12|Zt939FWYipg|221578|13078|630
2026-08-12|HGSVNeI9AkE|94219|648|120
2026-08-12|f_73xKWmoUo|10570|88|8
2026-08-12|UMinXZIMfQc|23843|2152|383
2026-08-12|eSd9Afj6QY0|84150|971|10
2026-08-12|RdyllH1M0iI|104765|920|2
2026-08-12|9mF9czbtRMA|12675|131|3
2026-08-12|bH3pAB-o_pI|158059|1661|1
2026-08-12|1IeTxDiAesM|2231|10|2
2026-08-12|AcW-EyiBg1E|39632|186|1
2026-08-12|E97ilfw9WaI|676151|7654|1271
2026-08-12|Y4EnPy8VaiM|755|18|3
2026-08-12|wOSy0Hcywio|2248|26|2
2026-08-12|O-VGjU5TCAU|3630|74|10
2026-08-12|pSH9EyS9b0M|1979|19|0
2026-08-12|lD8Nb1iHXKY|2280|185|13
2026-08-12|LKP3X4SGzxQ|3567|428|32
2026-08-12|5RUfSYaJL5s|7366|9|0
2026-08-12|-zjz4GsZdOs|4505|17|1
2026-08-12|SDL-qxwjCP8|4311|29|2
2026-08-12|x9HJrvh2Re0|111263|1089|38
2026-08-12|2kIrWcfax5k|165008|1133|49
2026-08-12|l2uHfopU3tE|2040|41|5
2026-08-12|CPaYbElsdlg|1112272|5668|197
2026-08-12|kk3TcUUUDgA|9351|102|5
2026-08-12|ulytN3ZIL84|8684|140|7
2026-08-12|pn9j2LeLKTk|7510|97|4
2026-08-12|3ULSZarcsvg|11332|135|6
2026-08-12|qofv8Q-B8Vw|10909|119|4
2026-08-12|jjantEr5suE|5838|102|11
2026-08-12|ewMiXxjMopM|7686|72|1
2026-08-12|4wcFjiWru4I|1365|26|1
2026-08-12|mdIB4FJs7Qg|12965|131|8
2026-08-12|T3cTKV5Oq1c|5676|63|6
2026-08-12|ENTquj5k_pU|10017|114|5
2026-08-12|7plOX81wHH0|9675|108|6
2026-08-12|vOiaWbmqb_s|5129|62|7
2026-08-12|RhL680_Iii0|1983|40|3
2026-08-12|_2pu4q4Co6s|3387|18|0
2026-08-12|uCU76MfG-lo|783|13|0
2026-08-12|rp777Duwimc|1837|9|1
2026-08-12|DhesTBpN8us|5214|24|0
2026-08-12|OL2rNy3ugLQ|6456|37|1
2026-08-12|HLRGXnagYVs|3148|11|0
2026-08-12|p5htLlvRSw4|4032|20|2
2026-08-12|XgWslsGrQRQ|3597|50|3
2026-08-12|egaHhPLfgPA|891|5|0
2026-08-12|Ek0YFX884wE|934|2|0
2026-08-12|SHZQQySq_9A|565|2|0
2026-08-12|7X6XQ3QUzUM|518|2|0
2026-08-12|G49wRKPC6_k|3901|41|2
2026-08-12|s1ZylVLiteI|2786|28|1
2026-08-12|di4hanA5MRg|797|4|0
2026-08-12|MzG9d5-r4jI|12821|134|7
2026-08-12|YY6LVgruKWc|87331|567|1335
2026-08-12|S5zq1teIGxE|1893|33|0
2026-08-12|Z7zsXY4_y1w|1687|17|0
2026-08-12|blShdFlGgDQ|2098|30|1
2026-08-12|-YMMEtiSKGY|1014|19|0
2026-08-12|eAzVBN349t0|1883|33|0
2026-08-12|AwATP6JmIhI|5603|111|1
2026-08-12|UWuLhOOfX08|546|19|0
2026-08-12|l3Q84aiMyq4|1149|12|1
2026-08-12|6DdqqvP_dhM|8686|66|2
2026-08-12|o3Tdk73Ygvk|5586|47|1
2026-08-12|feCBlcZro8Y|7873|125|41
2026-08-12|DsYyvqPM-7I|13016|116|4
2026-08-12|ITFVqM6xoKc|1198347|8778|692
2026-08-12|XAOfKkAHtrg|3212|17|1
2026-08-12|AU5TeJZWRxA|2127|16|1
2026-08-12|ekic7YbVaxk|4826|24|0
2026-08-12|O4VAZfAYcMM|2540|17|2
2026-08-12|ponrAF9_nMA|5938|79|2
2026-08-12|NKjUhl7GtDc|2524|13|0
2026-08-12|2w7cYmZOLBc|68505|515|0
2026-08-12|_9jRl6KWCIc|54604|421|1
2026-08-12|BVfMsj0Cjnw|33580|209|9
2026-08-12|UuWW6tn4XEc|50191|399|16
2026-08-12|G3Gpm7SBgng|61205|479|4
2026-08-12|DEDoCnP7dbI|29836|63|1
2026-08-12|wApkml_RQ8c|9488|152|18
2026-08-12|qbYdUsxw96E|3383|51|0
2026-08-12|ubTnw1r8u7s|31923|168|3
2026-08-12|ar2ohxpKKac|12059|415|60
2026-08-12|eSD2u0-5q_o|122250|1301|521
2026-08-12|ha81RT-fK1w|3892|61|3
2026-08-12|ztR4mtmzPUk|6219|103|6
2026-08-12|fOvS2gXqB8g|7895|117|9
2026-08-12|JwAb3Uk2Ufk|514745|6793|1021
2026-08-12|VZQA_E6M8QY|3485|66|8
2026-08-12|YCCS0vOeffk|6427|437|65
2026-08-12|COb17reUdfk|28801|1788|92
2026-08-12|Ifw8plQ-xKE|3021|12|2
2026-08-12|O2f5EbwBw_w|4182|222|4
2026-08-12|_BB8i56X3Gs|5995|33|1
2026-08-12|9-MQ9WAWdl4|21269|180|3
2026-08-12|h4Y0M8V_MAU|17303|145|6
2026-08-12|nCiLeoY2t1Y|30576|208|6
2026-08-12|fO9zj-Vsiyc|35382|233|8
2026-08-12|S_3RONhSJNU|23387|170|5
2026-08-12|ZksIwryzdTA|18527|177|11
2026-08-12|wzL2SF3HuzI|4881|61|2
2026-08-12|IQmbsYIXzsU|2395|34|0
2026-08-12|-TWoK0bPzvU|40897|207|136
2026-08-12|6Yj3VpCZ2rM|3459|78|4
2026-08-12|K2-AJMDVT6Q|891|23|8
2026-08-12|y9c-Kj7ZjYg|655|8|0
2026-08-12|MU_DI208JQw|1597|29|26
2026-08-12|RhSv_YPm69A|1129|13|0
2026-08-12|WMWtkWKGEyI|161020|851|103
2026-08-12|Z-k1ZgaEjfQ|12519|351|19
2026-08-12|BZqrAEQp2Uk|15348|138|31
2026-08-12|erZv82tJhBk|13009|121|15
2026-08-12|GvkKlRWIsqw|1623|13|4
2026-08-12|RwLm4qj0tiU|63235|1138|97
2026-08-12|ULHZ8-xCcu8|5848|65|7
2026-08-12|ssSd30raAfk|3352|45|4
2026-08-12|0Gm0I84cxxw|1353|8|1
2026-08-12|7Z6mkuia33k|4825|33|1
2026-08-12|Z7t0RZYcFQw|1579|9|1
2026-08-12|m8thX0wNV-g|12479|101|6
2026-08-12|XMZq__U8y2c|2789|11|1
2026-08-12|R_PZGu44u34|1459|15|6
2026-08-12|Z330uhrwPy4|3102|50|9
2026-08-12|CPj9Iz_4tSo|18885|328|2
2026-08-12|omZwCnuy5Ko|9894|286|15
2026-08-12|SNwRfmMB7Hs|1662|20|1
2026-08-12|2MpwIxd9l8s|5245|66|1
2026-08-12|KFfyqSyZdjU|6838|70|0
2026-08-12|aodjGln1FQs|4678|66|1
2026-08-12|-lvYLgil7J4|3744|39|1
2026-08-12|JPziv6KzoXw|4606|34|52
2026-08-12|P73Hf_Z-uCU|124363|511|234
2026-08-12|apd4iASlAxg|3853|19|0
2026-08-12|3oMcYH92CQQ|68745|467|33
2026-08-12|OECJudC4qPU|504|31|0
2026-08-12|hUCltyCKcaM|76487|491|453
2026-08-12|WTy-P4o4k3Q|5911|33|35
2026-08-12|VME5Dqhm2og|138710|1554|319
2026-08-12|8PW6bPVXDiY|265809|1375|242
2026-08-12|jT7aUxtybOc|19070|151|0
2026-08-12|8vBT0ajH4J4|4809880|72560|1423
2026-08-12|yG8qkWTdVME|5820|64|0
2026-08-12|MviFYnfUKeo|1730|47|0
2026-08-12|j-Vv25XR7GQ|3464|50|0
2026-08-12|S9Z2NbnyUsw|3215|48|0
2026-08-12|42SKkKINemg|2096|28|1
2026-08-12|vC8NpJlVuww|11313|108|0
2026-08-12|emEck5qwhvI|1280|0|2
2026-08-12|ZTdbnrOXTXk|11906|390|4
2026-08-12|XzBSKKT7IqE|60933|340|65
2026-08-12|TnNMwlJN3K0|16424|258|2
2026-08-12|NBib0DWLeRI|66213|757|579
2026-08-12|onABsQHTzaI|215281|784|115
2026-08-12|Mkm_wgUe78Y|213854|1355|657
2026-08-12|lDfIFIwub1o|866096|10271|888
2026-08-12|NZ9YLg6coGg|55173|1026|119
2026-08-12|WySinJBB8OY|152797|4576|180
2026-08-12|8udklH8wwHQ|35051|153|4
2026-08-12|RV2XCWIfcWI|6389|40|3
2026-08-12|KXAJ8yP3DWU|60|2|0
2026-08-12|EW7Ou55qJlo|42984|391|0
2026-08-12|RGJfv-e66bo|9293|84|0
2026-08-12|SeSkP8gEyzQ|26019|137|2
2026-08-12|b_WXhwvT1WQ|17823|226|8
2026-08-12|WHfcI2LKa8A|131699|634|20
2026-08-12|t6ovqV1wZqk|4656|26|1
2026-08-12|30zPhSvNV9I|1097|9|1
2026-08-12|TdfEdwT7P1w|7053|140|7
2026-08-12|FESNOlhz6dk|185700|894|57
2026-08-12|9TtCo7ELHNA|18343|197|5
2026-08-12|aHZQlyhTpjA|36453|347|9
2026-08-12|Zf9FLIoQU5A|74912|335|4
2026-08-12|419TWb2KU4U|4826|42|1
2026-08-12|N8Cy40QE-Qg|14531|155|6
2026-08-12|LXPi1RRyqEo|42908|181|6
2026-08-12|L0gpkY_tlgY|95641|808|40
2026-08-12|ObTV340P33s|148477|596|98
2026-08-12|2nYyOaVTeJ4|1358|9|1
2026-08-12|wrffmP_HkHg|64162|307|9
2026-08-12|jCFzJJBzMtU|109522|369|62
2026-08-12|SnmbGZk7A0E|218961|1498|106
2026-08-12|4UBa5FRGcVU|186057|776|117
2026-08-12|We92AD6FtEU|189746|814|84
2026-08-12|yNDFdAWWgro|149948|711|75
2026-08-12|K27pXtq40J0|30208|132|28
2026-08-12|WHS7O0Wj-Xo|56222|206|27
2026-08-12|mZ3Oyw8X-UA|56902|215|41
2026-08-12|XziBESp5eqo|15929|225|48
2026-08-12|OjCoIG5vwAQ|16933|125|8
2026-08-12|ATI7HxXbZ50|19130|210|6
2026-08-12|CyHO6slewgA|12722|150|3
2026-08-12|esiWq3PA74o|1908|12|1
2026-08-12|p1y9SWNNMi4|38609|84|0
2026-08-12|KBELKVkrOqM|2607|14|0
2026-08-12|o71sr5-YiGs|21660|187|35
2026-08-12|QZL-hqKC5SE|35029|195|584
2026-08-12|QLlDv6OCp3s|69415|532|4
2026-08-12|MDEbMLpjzYE|33142|247|2
2026-08-12|a3IQ2IiUNk8|22552|128|6
2026-08-12|WilmKX8ldCw|26719|134|0
2026-08-12|u34UkYL4gxc|16917|129|3
2026-08-12|gkAzJejw3Yo|2957|14|1
2026-08-12|ZVzIGbBECws|3620|29|0
2026-08-12|UAytY0ebDwE|22302|351|0
2026-08-12|NheHcU8OlGQ|6804|11|9
2026-08-12|OPb-9PrXVa0|33513|273|73
2026-08-12|6Dj6f17rzSg|5164|44|6
2026-08-12|qBgYYuQpCzw|29444|133|9
2026-08-12|l3D3bJEZfgI|22252|273|18
2026-08-12|q9aSy3ITcKg|267790|808|58
2026-08-12|CLxm4YGNoPs|85223|658|65
2026-08-12|VT-CdL6V0sA|215|5|0
2026-08-12|yaHDKKtMrOM|8308|114|2
2026-08-12|mg2GsQVXwPo|245393|580|41
2026-08-12|zltRrjpyFl4|223197|155|5
2026-08-12|Ea_Ss_9lTeU|12621|151|8
2026-08-12|MYu6Lkzq3F4|2272|19|1
2026-08-12|UfdI1WCYoO4|16830|121|2
2026-08-12|x_rHvJwANJ8|261213|1558|223
2026-08-12|I0BabkMWwK8|4496|43|2
2026-08-12|abgdUkoLKko|15320|124|0
2026-08-12|4eRjvvkIAvI|658021|3994|170
2026-08-12|dSb7BBuDG6o|3200|109|0
2026-08-12|8H1HZjmqocA|279331|2450|351
2026-08-12|MHc0HjYJgbE|84678|124|0
2026-08-12|m_BstFyylK8|87534|33|0
2026-08-12|PWog8XWJ-6o|94248|72|0
2026-08-12|OuNNipe2cv4|144368|572|4
2026-08-12|Le-FP2uP-dY|85428|125|1
2026-08-12|ug0qx_htUGo|10480|80|3
2026-08-12|wEdVoMcb02U|44300|459|250
2026-08-12|tdaphF6axL8|56790|516|515
2026-08-12|ig8iRqpezbY|1002|35|10
2026-08-12|pwNZ6bdcytA|135556|2196|375
2026-08-12|E5zhACGndaw|10452|183|15
2026-08-12|UdI9yYJYWu4|10033|68|0
2026-08-12|t2VDIOXUU6I|70390|738|226
2026-08-12|kkeSyA1zSEw|46610|610|13
2026-08-12|yMZEoo4tOPg|23409|406|13
2026-08-12|NmYdKLoEpag|92965|79|1
2026-08-12|yg8G48PtAcY|27380|222|13
2026-08-12|X_Q0CBIniQA|9135|111|1
2026-08-12|lc9ocY3Ei8M|3273|69|9
2026-08-12|aGWlnFZ0cD0|63|0|0
2026-08-12|A04BjlniW4c|21|0|0
2026-08-12|pwJEhN42JgU|1509|37|0
2026-08-12|uwQ-8WqIWSc|10455|103|0
2026-08-12|fP_l9rgiGtg|16423|173|22
2026-08-12|gSgaMJ5V2ZA|31969|353|7
2026-08-12|_4VTLpxfzJU|1806|28|1
2026-08-12|x3bX37-mkxE|34957|210|8
2026-08-12|rLhxxoRd9Dg|4582|41|0
2026-08-12|ZTLF7SrPuKY|3861|43|1
2026-08-12|snw2ffPbJKE|4665|50|10
2026-08-12|L36_gFUqe_4|28198|188|27
2026-08-12|adqbLqTYrzM|11491|111|10
2026-08-12|mzWgPsjozUA|15107|135|5
2026-08-12|5mgpnb64wE0|58591|816|70
2026-08-12|LIj-MyG3884|54866|644|90
2026-08-12|oxc2RIb51J8|11938|123|5
2026-08-12|1-L8zzM7y3s|5287|72|0
2026-08-12|Rt6Dq2cVYUU|160802|4413|328
2026-08-12|Phh9XAjPSvA|31997|122|82
2026-08-12|wNAi4_fbmrU|122940|604|20
2026-08-12|nT8zrosllhw|12228|162|40
2026-08-12|vz9fyJ2v2WA|92174|1291|398
2026-08-12|BBbGTcD_1xY|703622|2358|71
2026-08-12|xuALPKDPkqM|19746|254|3
2026-08-12|K1QquP-qQbg|30409|248|11
2026-08-12|VlbA4DL28hE|21201|172|5
2026-08-12|bWTgYpvvsSo|11738|94|0
2026-08-12|QGFkewzkd58|8711|163|1
2026-08-12|S4_I-ddb8-U|15047|726|39
2026-08-12|QQBWKFb8_kY|7413|103|1
2026-08-12|8dNC5LyAupA|348017|2696|9
2026-08-12|Ng1gR1kAnZM|15880|77|8
2026-08-12|WK4kKLRVQbM|125377|2152|115
2026-08-12|u0v7Ubg5zlk|81681|371|21
2026-08-12|m7LF42bf7bU|34650|229|40
2026-08-12|H2c-Tok8D4c|3615|27|9
2026-08-12|cGJcUseAaE0|6534|23|1
2026-08-12|H1oyCAnu0ek|55745|778|701
2026-08-12|hCl_V7hnksE|3029|28|2
2026-08-12|WP1omiVkL0M|4283|52|5
2026-08-12|rp3QN30vNLQ|25750|122|156
2026-08-12|Hhqbm0NhVk8|3645|97|8
2026-08-12|I1exBYSb4nU|21171|132|1
2026-08-12|SsJfzdwrfvk|6867|51|1
2026-08-12|2b6xaePy0ek|223733|151|3
2026-08-12|zNHJkZ38HL8|232723|204|7
2026-08-12|bfWV5Gq_i3c|26986|134|5
2026-08-12|X8HF2H4li_4|7499|60|2
2026-08-12|7c1VIvG77ng|178375|726|53
2026-08-12|_niqbA-cPSc|77455|2448|553
2026-08-12|Gfmnr6mZXR4|4325|37|4
2026-08-12|9jO4XpmqL-g|48917|179|8
2026-08-12|9zS98d5d5SE|7952|42|4
2026-08-12|lmR5tQL78bk|30043|117|6
2026-08-12|EQ9yfO0eiXg|17393|77|5
2026-08-12|32dD_3aldGY|31030|173|35
2026-08-12|XC5CNf_JO74|6485|44|10
2026-08-12|NGCP_mic7zo|1974|10|5
2026-08-12|clGD1yvXsRQ|115081|912|152
2026-08-12|DUF95IM5O-g|80910|302|18
2026-08-12|4qzksE4GtK8|21930|145|2
2026-08-12|sUbsqGhKpLo|403063|1549|226
2026-08-12|VELd1_rKK4k|31419|157|4
2026-08-12|VAue7R_T8D8|24597|129|12
2026-08-12|OfNzkm2ddvs|169831|785|61
2026-08-12|EB325oV68e4|59304|301|15
2026-08-12|yu4PVWtGQGs|1981|11|0
2026-08-12|q-B-NI4tQ0Q|44834|239|763
2026-08-12|eILgq7dgcUA|29782|138|9
2026-08-12|oR_5ouRzMj8|3423|6|2
2026-08-12|oOH1okPHdPg|34588|174|6
2026-08-12|UsWxCW4YkzY|26848|275|18
2026-08-12|GRrvCUZWe-4|197835|787|304
2026-08-12|vPMRYYd2kjs|85632|327|10
2026-08-12|q5iOTiGsagc|15606|89|4
2026-08-12|kt36BO6XYMM|8165|61|1
2026-08-12|XDdlmUsYRgU|15530|129|2
2026-08-12|Bg5xKVgZoy8|12516|52|1
2026-08-12|qkPL85h7MUE|1918|37|1
2026-08-12|xYY603UdDVI|13011|351|28
2026-08-12|I6u6cd7hWQw|547|10|0
2026-08-12|SwbgIH6ovCM|5616|50|1
2026-08-12|mv8bB3KRrl0|9337|80|2
2026-08-12|eOHSpjd_3g0|23308|121|3
2026-08-12|cu81o1IVi3Q|19928|202|4
2026-08-12|aLIs8tkStZQ|14937|204|2
2026-08-12|2WENlIFeJPs|18543|158|1
2026-08-12|FMBTmoqyi3o|6412|92|5
2026-08-12|-igV5_6fbVk|2058|23|5
2026-08-12|g_QRzuufZrY|47201|423|99
2026-08-12|TDX_Dislk5o|302670|290|122
2026-08-12|CLJHvIkXeF0|108167|942|273
2026-08-12|MsMEDuz_Qjo|145158|678|125
2026-08-12|9oDWWishrvM|1276|57|6
2026-08-12|uHwHsSKZ6bs|290717|1743|941
2026-08-12|HoS6wmSOgYE|89472|1697|76
2026-08-12|9Ap8ff-o7Gg|74370|706|10
2026-08-12|jfTPoKaU9ck|16984|435|13
2026-08-12|ZBQlyREZAtA|140014|4238|288
2026-08-12|Yb-GEY_wMC4|76153|1278|115
2026-08-12|CGTrWzPhUh0|26195|158|3
2026-08-12|cw5BZdCJaVg|108800|1370|39
2026-08-12|ENBjLR9zLnE|184311|1241|272
2026-08-12|gj6ANRZ21y8|440966|6128|686
2026-08-12|IpeRssCS0nw|199854|2099|141
2026-08-12|0gGIYGkl8MA|2111439|12800|194
2026-08-12|jSB4iYrU66U|68289|742|191
2026-08-12|iirxATEHNLg|266413|1358|364
2026-08-12|bOnJQuyiPPs|12558|78|3
2026-08-12|eF2GRNoECBk|18482|220|2
2026-08-12|Kmx1uDEHULY|1864|27|0
2026-08-12|kE07z2stq7Y|601|51|2
2026-08-12|wUEVifL7zxA|100920|668|61
2026-08-12|iKGANRubDiM|9219|92|1
2026-08-12|YlMPthr38PU|83160|977|164
2026-08-12|4jpkT0WmKp8|1893|35|0
2026-08-12|aqO8FHeoeiI|7966|116|1
2026-08-12|6zHypbPmEZ8|35834|119|29
2026-08-12|icDzeK6LBUc|255846|906|121
2026-08-12|c8DKssyE1mI|6029|53|9
2026-08-12|ql2tIvWfApg|55511|1345|71
2026-08-12|lM45Oj9NEUM|23397|136|2
2026-08-12|RNZk_KiEhr4|1080391|217|18
2026-08-12|roCvX79RU5g|16715|35|6
2026-08-12|c1hE3BQHPww|255011|2386|22
2026-08-12|7GzI66_NDA8|108713|717|4
2026-08-12|_NmzLX2bGU4|349955|5261|835
2026-08-12|EpLRLT6z1h0|62|0|0
2026-08-12|vrwFwdPhvP4|227|2|0
2026-08-12|yb5J5Cwywro|11549|232|14
2026-08-12|ECGA6MaqW7s|21481|70|2
2026-08-12|ItItb48G4yg|12428|390|24
2026-08-12|zlGkmFxFqoM|25864|161|0
2026-08-12|L1ZIJy9odio|1414|23|3
2026-08-12|6WQqhxWVvh4|1041064|180|7
2026-08-12|JHocAFOCP6k|981|5|0
2026-08-12|r5Uw2JxHVI4|96214|317|8
2026-08-12|zd5okE5dLDA|358000|11439|752
2026-08-12|Yl7CSReCaLM|29997|186|1
2026-08-12|VTpm7ezKMPA|35655|123|7
2026-08-12|_6fZzwG7AdU|15970|138|64
2026-08-12|_rIbFosE1z8|239069|2002|49
2026-08-12|R4rF6wLqC4g|112372|841|60
2026-08-12|vBdeES8gRC8|125260|3499|238
2026-08-12|vHbzcWjK0f4|535783|2734|166
2026-08-12|lBLkigAiwgM|6805|17|0
2026-08-12|z_kYrRFd6Vg|71604|483|7
2026-08-12|2JUGp5a5ryc|4477|37|9
2026-08-12|usnWdTDv8pM|357753|4882|2242
2026-08-12|tIUuxzDFBcE|8503|67|15
2026-08-12|VGgQxk-7Tx8|189396|757|45
2026-08-12|BwFJQGzVd0k|290544|1135|93
2026-08-12|22TjxY9l5TI|39620|289|6
2026-08-12|rp56q3prfT4|11845|50|0
2026-08-12|hDCK9CSM1ME|2494|40|2
2026-08-12|iVb_OXLKh3k|3810|12|0
2026-08-12|_3CQanzNGxo|3811|23|1
2026-08-12|H2bIFMdlaCk|2349|30|1
2026-08-12|k0lfRY14gW8|1770|8|1
2026-08-12|90bZ_kZbVyg|11893|67|0
2026-08-12|F76IVpgKI0w|25311|163|0
2026-08-12|Oc7wn3u79mo|5390|32|1
2026-08-12|Ag_eY-qlcug|284481|1351|85
2026-08-12|H-j2a2ncaJY|61918|455|65
2026-08-12|8itV4u4oj78|22158|185|4
2026-08-12|SecPkGf3vcc|1114|88|8
2026-08-12|Prm7MCeNzME|2238|14|0
2026-08-12|6EOHYudUGZg|32703|229|22
2026-08-12|5qcXzBxBWKA|8019|13|2
2026-08-12|CSQgumax6l0|30777|302|72
2026-08-12|cOFOl4gNDxE|4371|28|1
2026-08-12|2wWcmppQIkY|1127|5|0
2026-08-12|B20H-zjEs2Q|1119|3|0
2026-08-12|RsfanooQgfU|2564|12|1
2026-08-12|iPykEhmZhq8|2288|14|0
2026-08-12|wpToPnRZnJY|2184|10|0
2026-08-12|W-RReXqH2O8|152754|1043|149
2026-08-12|ouMIexkX3GQ|468056|275|3
2026-08-12|Ld7Z0S1vb04|411|19|1
2026-08-12|2pw8TdrYErE|2327|16|1
2026-08-12|BGhN8WiV6pQ|14272|316|17
2026-08-12|nijnPv0fu08|52264|180|2
2026-08-12|cndN2Cfad-U|12514|91|7
2026-08-12|-7GEF_OCCeQ|21341|137|6
2026-08-12|WvqMaeZ1h4I|71411|442|57
2026-08-12|O8t5f4hgfWI|10510|98|3
2026-08-12|Odpo2JeJlDY|11362|109|4
2026-08-12|yBhfkgarf6I|15630|104|4
2026-08-12|vIsOzEjinnM|13948|259|75
2026-08-12|jM8v6ci1uEM|17230|119|5
2026-08-12|ZDR1_2lRf04|28814|224|68
2026-08-12|QKmQuAvsKYU|6585|18|0
2026-08-12|aERLoxK0mDY|9214|85|129
2026-08-12|tnr9Mcwyarg|35547|317|4
2026-08-12|8ccC-FCX6tE|96871|466|1
2026-08-12|SJQVMQTnQ2A|641499|2163|134
2026-08-12|Rm1QPO7wllE|30923|120|0
2026-08-12|5hN1ltIWOVE|4242|17|1
2026-08-12|nruDII6wFX4|2057|36|5
2026-08-12|i_J487yCVc0|7347|94|0
2026-08-12|KKBzzK4Oqt8|22357|89|11
2026-08-12|o0Cq07u1IIg|13695|101|6
2026-08-12|9vpJUJ5qHhI|7325|41|1
2026-08-12|vKKqeR-KVdg|168042|1881|98
2026-08-12|D3yVmO8hvhs|2753|115|29
2026-08-12|oWj-hJDsG_o|79122|466|8
2026-08-12|erybJ-moddQ|64816|750|40
2026-08-12|EK5Ej4AyWR0|1101012|3854|138
2026-08-12|hQT7dMl2KuA|30470|183|83
2026-08-12|hiLKTrfOBlY|97186|840|21
2026-08-12|SRt7cooBKVY|113023|990|32
2026-08-12|OYkSn6sjcW8|118778|226|4
2026-08-12|fvdW0fgBU8s|72212|1467|92
2026-08-12|dIa4aGDe9Wk|10284|54|0
2026-08-12|MZPXo67thhk|26101|333|0
2026-08-13|1-273RwMv7U|12111|151|7
2026-08-13|SubvCeD_dXE|362|61|7
2026-08-13|7JiN5yyTqtM|302|6|0
2026-08-13|URA26dGOGvQ|336|6|1
2026-08-13|imsDJHfC3y8|831|40|4
2026-08-13|jRe_UMVE98w|243|13|1
2026-08-13|bqyReusaAlw|196|22|1
2026-08-13|7IQgjlW_l9A|278|8|1
2026-08-13|Un1BrMB1s_c|238|15|6
2026-08-13|qbb__Ow-Q0E|1149|40|2
2026-08-13|wFxldqcyQQc|232|5|1
2026-08-13|HF1Z7S3Y9qk|321|9|2
2026-08-13|J_NhQ7xethg|503413|8029|333
2026-08-13|SCyfq1h4C-0|541961|8943|753
2026-08-13|XasRENbvxSs|94759|1373|63
2026-08-13|BBnGWP1cf_E|594828|5438|183
2026-08-13|Ae0b6R9cmM8|337|7|1
2026-08-13|OSW-lHd-s-4|561|37|13
2026-08-13|Tj4MwfNU-Eg|368|17|5
2026-08-13|epjKR83ahqk|664|8|1
2026-08-13|_Soi1Yi2r8Y|918|24|9
2026-08-13|jki_b9I1KXY|1058|3|0
2026-08-13|W3Tvn74rCcU|2410|12|0
2026-08-13|mWsVAfrW6Z8|233|6|0
2026-08-13|oEnc5JyrO10|176|8|1
2026-08-13|MXInlonsmcQ|2235|299|9
2026-08-13|LToiOgexo_8|925858|5046|404
2026-08-13|dPSefMYx8Nc|19559|42|0
2026-08-13|48AifKeqgD8|267|6|2
2026-08-13|fLn-Ke5Q4t0|6660|113|4
2026-08-13|qrd7JE_YkB8|126135|1236|150
2026-08-13|R4Jnk6WSI40|222085|222|11
2026-08-13|LGUEVtyMNKc|915233|8729|109
2026-08-13|N00bEWsLw1k|250417|1196|194
2026-08-13|Cc5-h7KFAMc|9626|250|23
2026-08-13|uVwa3BtXpFU|3908|90|7
2026-08-13|CAdAsvJR4G0|1886|15|0
2026-08-13|XyvS3r-LWgk|28045|147|4
2026-08-13|oXQQxucE3uc|121523|832|3
2026-08-13|KiNaVZeYxzs|8581|51|1
2026-08-13|ebKfLPB24M4|5447|26|0
2026-08-13|e8sohhoNDQ8|3135|24|1
2026-08-13|C9wqbp7Qg-k|1663|19|1
2026-08-13|t4QPTwEhkTs|31291|112|1
2026-08-13|Y_FtL4dop4U|22283|179|6
2026-08-13|eLM7_ozYK64|264546|4437|72
2026-08-13|NwGuTN6W8T4|131473|471|4
2026-08-13|FFudvEieksY|34272|468|26
2026-08-13|UWvgJBpWWZ8|67886|299|2
2026-08-13|lSsYnHBGGlQ|41|1|3
2026-08-13|MohD_xPizqA|47631|244|18
2026-08-13|0r1DMWjgMkA|254931|2591|163
2026-08-13|cuoAaglB4No|6293|131|21
2026-08-13|AzCkR4Js5yQ|5560|138|13
2026-08-13|sgdMB7P9cOA|73583|501|7
2026-08-13|3Gny7QmnEvY|23769|409|191
2026-08-13|PpGeBBw14MQ|63144|844|919
2026-08-13|4xJ-VLPtvBs|60972|314|68
2026-08-13|ioPLGUVGeBc|241860|1642|2059
2026-08-13|T0pBKOLOKLM|42944|2634|565
2026-08-13|5L-T3YSXSLA|87170|1862|206
2026-08-13|NvwwlRuhrKA|107|2|0
2026-08-13|3SdqhUO1zDM|32314|306|1
2026-08-13|ClqOOJGdacY|61|0|0
2026-08-13|DpSASz93jjI|126356|2256|791
2026-08-13|_6hhLfHTKdI|6715|90|8
2026-08-13|lHbIdDu84EU|3381|64|4
2026-08-13|mjtYLFcDiLs|1449|36|3
2026-08-13|z-N90PZWGjI|20640|141|0
2026-08-13|C08_fMZkYsA|5310|82|3
2026-08-13|nMirbcXhc9s|385|9|0
2026-08-13|EkdskXAqPEU|8606|104|4
2026-08-13|bP0iK7RvnI8|1171|12|0
2026-08-13|yGtJCnqiFbk|1048|12|0
2026-08-13|N-mVIa1N9K8|6422|72|16
2026-08-13|473Mh2fwh_U|11145|94|15
2026-08-13|EmRgSge4NNc|3920|61|5
2026-08-13|urDGYm9YYsk|4474|54|4
2026-08-13|CcwEb5uwgUc|10606|91|15
2026-08-13|gXdk7t9c2xA|6927|102|31
2026-08-13|Klv0yc3Qvos|11144|125|6
2026-08-13|AzFQ3Dgslco|672|11|0
2026-08-13|rHoy2yE3OsM|941|33|2
2026-08-13|7lLpzqTGDZU|1380|9|0
2026-08-13|bqyjT1MN83o|3801|49|0
2026-08-13|8LuNqRquVus|3974|61|0
2026-08-13|x3YC0Zou0Jw|5513|128|1
2026-08-13|KId-d32XJpM|2026|29|0
2026-08-13|heQgQcwAQ_g|8414|111|6
2026-08-13|CKS65LRZ388|9458|110|3
2026-08-13|vu0cBTOZlCM|6518|89|4
2026-08-13|mJzF1gNWD9Y|7108|101|3
2026-08-13|R8JRWyghHxA|6372|231|16
2026-08-13|20Q5GouaIJY|17503|180|10
2026-08-13|UxGA3uijEco|20823|179|4
2026-08-13|Q5W1QlAwqvs|2654|14|2
2026-08-13|hjzF1pWzcdE|60208|175|7
2026-08-13|mkem9VutXA8|6197|23|0
2026-08-13|SiMjdZTylHQ|1435|23|2
2026-08-13|dlynLNO3374|8|0|0
2026-08-13|eTtJP2mjniU|7|0|0
2026-08-13|HU22Ix4vwsg|717|6|0
2026-08-13|_lkuhQJFOTc|2|0|0
2026-08-13|uxBbojcu9mk|2853|6|0
2026-08-13|oeEP_IkNUEE|2628|7|0
2026-08-13|xsWlasBRmew|5|0|0
2026-08-13|fHg9xqIdcq8|6029|20|0
2026-08-13|aQ-aha9CK-w|928|2|1
2026-08-13|bqD9ZtDkSNk|13044|88|3
2026-08-13|qyqZBbmkAw4|3623|35|0
2026-08-13|0Ls5vNy8oyY|12114|145|4
2026-08-13|6vJDiGLLZZA|12414|30|0
2026-08-13|MfYvZBxrty8|3750|72|29
2026-08-13|Owrt_7gvXfA|224555|1619|123
2026-08-13|YIr_isU4S-s|10310|44|3
2026-08-13|zDhjI6VYaFY|18001|162|18
2026-08-13|Diszhz3brQU|76431|827|50
2026-08-13|XhBJpAnjSwY|19049|93|4
2026-08-13|GYoAZJGCYyw|39082|509|80
2026-08-13|-nXe7jOg604|1594|5|0
2026-08-13|tL2P-GJoZrk|21374|51|4
2026-08-13|2kIrWcfax5k|180805|1187|52
2026-08-13|E97ilfw9WaI|740000|8227|1346
2026-08-13|x9HJrvh2Re0|126820|1195|41
2026-08-13|1IeTxDiAesM|5416|22|4
2026-08-13|XtphrhEFEHU|21077|181|23
2026-08-13|FU9lPNFsTL4|9361|98|3
2026-08-13|QqBbnW0dW2o|58981|306|16
2026-08-13|AcW-EyiBg1E|47160|237|1
2026-08-13|f_73xKWmoUo|12404|107|8
2026-08-13|bH3pAB-o_pI|318901|2979|5
2026-08-13|9mF9czbtRMA|23350|204|4
2026-08-13|DhesTBpN8us|7202|28|1
2026-08-13|rp777Duwimc|3073|11|1
2026-08-13|Z6L_d3oZr-w|31064|19|2
2026-08-13|_2pu4q4Co6s|7500|39|0
2026-08-13|RhL680_Iii0|2853|47|3
2026-08-13|vOiaWbmqb_s|11394|82|9
2026-08-13|7plOX81wHH0|13500|124|8
2026-08-13|ENTquj5k_pU|18589|134|7
2026-08-13|T3cTKV5Oq1c|9042|80|6
2026-08-13|mdIB4FJs7Qg|18978|155|11
2026-08-13|4wcFjiWru4I|1871|30|1
2026-08-13|ewMiXxjMopM|16676|118|8
2026-08-13|jjantEr5suE|12181|128|21
2026-08-13|qofv8Q-B8Vw|16329|139|4
2026-08-13|3ULSZarcsvg|17332|169|8
2026-08-13|pn9j2LeLKTk|11938|122|5
2026-08-13|MzG9d5-r4jI|22974|169|7
2026-08-13|ulytN3ZIL84|18994|187|17
2026-08-13|U8wqDmgavAQ|10544|99|9
2026-08-13|l2uHfopU3tE|2740|51|5
2026-08-13|PxqPmdqKfbY|5762|24|34
2026-08-13|OL2rNy3ugLQ|11449|57|2
2026-08-13|HLRGXnagYVs|5794|24|1
2026-08-13|p5htLlvRSw4|5262|22|3
2026-08-13|s1ZylVLiteI|7581|58|2
2026-08-13|T-ACD0XKgFg|243846|2829|453
2026-08-13|HGSVNeI9AkE|98203|656|150
2026-08-13|UuhWr0shq88|179275|2044|479
2026-08-13|Y4EnPy8VaiM|4216|124|7
2026-08-13|wOSy0Hcywio|3415|32|2
2026-08-13|O-VGjU5TCAU|5880|96|13
2026-08-13|pSH9EyS9b0M|2525|22|0
2026-08-13|CPaYbElsdlg|1308986|6504|235
2026-08-13|di4hanA5MRg|1439|4|0
2026-08-13|G49wRKPC6_k|12993|93|3
2026-08-13|SDL-qxwjCP8|5795|37|3
2026-08-13|7X6XQ3QUzUM|932|4|1
2026-08-13|SHZQQySq_9A|1746|3|1
2026-08-13|Ek0YFX884wE|1980|3|1
2026-08-13|egaHhPLfgPA|2083|9|1
2026-08-13|XgWslsGrQRQ|10324|79|4
2026-08-13|lD8Nb1iHXKY|3218|203|14
2026-08-13|LKP3X4SGzxQ|5459|498|32
2026-08-13|5RUfSYaJL5s|7767|12|0
2026-08-13|-zjz4GsZdOs|5987|22|1
2026-08-13|uCU76MfG-lo|1318|23|1
2026-08-13|kk3TcUUUDgA|16435|121|5
2026-08-13|RdyllH1M0iI|117293|1032|3
2026-08-13|S5zq1teIGxE|5892|100|1
2026-08-13|-YMMEtiSKGY|2877|30|0
2026-08-13|mVQoC_qWab8|10671|81|32
2026-08-13|nc8bVxx-DMQ|8097|49|1
2026-08-13|Mzb3ho6aaBU|6284|80|4
2026-08-13|eAzVBN349t0|2882|40|0
2026-08-13|ErchcajRiRw|2144|27|0
2026-08-13|z5yIY1_nspY|27058|96|89
2026-08-13|jomHOPeQnX0|22160|191|8
2026-08-13|12a9Ph0iYnI|42570|18|0
2026-08-13|767ZLocR4rQ|141157|171|4
2026-08-13|dupBT_bn3ps|22850|19|1
2026-08-13|MR_OfXYa5xo|4057|62|8
2026-08-13|X-SSBwGKLJU|2853|53|1
2026-08-13|zLDy2dWJpb8|2088|28|0
2026-08-13|m7Yb83h8ylg|54242|24|1
2026-08-13|QlmEp_2Yodk|187466|118|18
2026-08-13|SgK75_vVP7A|3558|51|5
2026-08-13|AwATP6JmIhI|7645|124|1
2026-08-13|Z7zsXY4_y1w|2165|21|0
2026-08-13|UWuLhOOfX08|1578|27|4
2026-08-13|KcNYHVu68p0|2541|10|0
2026-08-13|2iNu3XEb54o|334284|7779|367
2026-08-13|YY6LVgruKWc|91141|576|1369
2026-08-13|IULt7Ca4R8g|22147|251|248
2026-08-13|Zt939FWYipg|436235|18772|807
2026-08-13|UMinXZIMfQc|47411|3128|474
2026-08-13|-INmc_Te040|37516|461|612
2026-08-13|Kuj3YZ-d4DU|384|17|7
2026-08-13|8HyA1h6VYZk|2406191|21636|450
2026-08-13|eSd9Afj6QY0|146011|1599|16
2026-08-13|blShdFlGgDQ|3440|47|1
2026-08-13|ZksIwryzdTA|20026|181|11
2026-08-13|ITFVqM6xoKc|1234696|9280|733
2026-08-13|onABsQHTzaI|228562|812|122
2026-08-13|Mkm_wgUe78Y|226094|1390|656
2026-08-13|NZ9YLg6coGg|69624|1162|142
2026-08-13|h4Y0M8V_MAU|17990|149|6
2026-08-13|Z330uhrwPy4|3342|51|9
2026-08-13|DEDoCnP7dbI|30206|63|1
2026-08-13|ULHZ8-xCcu8|6691|69|7
2026-08-13|_9jRl6KWCIc|59223|461|2
2026-08-13|yG8qkWTdVME|6411|67|0
2026-08-13|emEck5qwhvI|1329|0|2
2026-08-13|ssSd30raAfk|4336|46|4
2026-08-13|O4VAZfAYcMM|2592|17|2
2026-08-13|ekic7YbVaxk|4972|23|0
2026-08-13|2w7cYmZOLBc|70516|519|0
2026-08-13|R_PZGu44u34|1500|16|6
2026-08-13|RhSv_YPm69A|1170|14|0
2026-08-13|KXAJ8yP3DWU|119|2|0
2026-08-13|DsYyvqPM-7I|13894|118|4
2026-08-13|erZv82tJhBk|18813|145|19
2026-08-13|2MpwIxd9l8s|5488|70|1
2026-08-13|XzBSKKT7IqE|60994|340|65
2026-08-13|YCCS0vOeffk|6777|445|65
2026-08-13|VZQA_E6M8QY|3514|66|8
2026-08-13|fOvS2gXqB8g|8256|122|9
2026-08-13|ztR4mtmzPUk|6437|104|6
2026-08-13|ha81RT-fK1w|4067|63|3
2026-08-13|ubTnw1r8u7s|34474|184|3
2026-08-13|TnNMwlJN3K0|19344|301|2
2026-08-13|omZwCnuy5Ko|11262|297|17
2026-08-13|ZTdbnrOXTXk|12764|415|4
2026-08-13|SNwRfmMB7Hs|1767|20|1
2026-08-13|m8thX0wNV-g|13272|103|6
2026-08-13|9-MQ9WAWdl4|23134|185|3
2026-08-13|nCiLeoY2t1Y|33159|219|6
2026-08-13|fO9zj-Vsiyc|39375|248|8
2026-08-13|j-Vv25XR7GQ|3739|54|0
2026-08-13|S_3RONhSJNU|24803|173|5
2026-08-13|BVfMsj0Cjnw|34532|213|9
2026-08-13|wApkml_RQ8c|12108|158|18
2026-08-13|qbYdUsxw96E|3738|57|0
2026-08-13|JwAb3Uk2Ufk|519053|6833|1018
2026-08-13|OECJudC4qPU|545|33|0
2026-08-13|hUCltyCKcaM|84457|520|484
2026-08-13|WTy-P4o4k3Q|6459|36|37
2026-08-13|MviFYnfUKeo|1917|46|0
2026-08-13|XAOfKkAHtrg|3282|17|1
2026-08-13|S9Z2NbnyUsw|3344|49|0
2026-08-13|Ifw8plQ-xKE|3178|12|2
2026-08-13|VME5Dqhm2og|152964|1604|336
2026-08-13|WySinJBB8OY|176540|4966|182
2026-08-13|8vBT0ajH4J4|4837454|72968|1426
2026-08-13|jT7aUxtybOc|19312|155|0
2026-08-13|AU5TeJZWRxA|2195|16|1
2026-08-13|wzL2SF3HuzI|5428|69|2
2026-08-13|_BB8i56X3Gs|6533|35|2
2026-08-13|lDfIFIwub1o|871648|10319|891
2026-08-13|XMZq__U8y2c|2904|12|1
2026-08-13|8udklH8wwHQ|35791|153|4
2026-08-13|RV2XCWIfcWI|7030|44|3
2026-08-13|RGJfv-e66bo|11311|101|0
2026-08-13|ar2ohxpKKac|17251|507|75
2026-08-13|NBib0DWLeRI|74345|791|701
2026-08-13|EW7Ou55qJlo|67298|490|4
2026-08-13|8PW6bPVXDiY|281187|1428|248
2026-08-13|SeSkP8gEyzQ|26034|137|2
2026-08-13|b_WXhwvT1WQ|20019|234|8
2026-08-13|UuWW6tn4XEc|54697|426|19
2026-08-13|Z7t0RZYcFQw|1624|9|1
2026-08-13|7Z6mkuia33k|5045|35|1
2026-08-13|0Gm0I84cxxw|1418|8|1
2026-08-13|apd4iASlAxg|4011|19|0
2026-08-13|G3Gpm7SBgng|61972|485|4
2026-08-13|eSD2u0-5q_o|136743|1399|555
2026-08-13|3oMcYH92CQQ|75137|507|34
2026-08-13|42SKkKINemg|2211|30|1
2026-08-13|MU_DI208JQw|1825|29|30
2026-08-13|vC8NpJlVuww|11522|109|0
2026-08-13|RwLm4qj0tiU|72260|1241|104
2026-08-13|y9c-Kj7ZjYg|723|8|0
2026-08-13|6Yj3VpCZ2rM|3753|85|4
2026-08-13|IQmbsYIXzsU|2629|36|0
2026-08-13|-TWoK0bPzvU|43342|223|141
2026-08-13|l3Q84aiMyq4|1176|12|1
2026-08-13|6DdqqvP_dhM|8858|68|2
2026-08-13|K2-AJMDVT6Q|1119|28|8
2026-08-13|o3Tdk73Ygvk|5687|48|1
2026-08-13|CPj9Iz_4tSo|19833|345|2
2026-08-13|Z-k1ZgaEjfQ|17032|459|21
2026-08-13|feCBlcZro8Y|8573|140|42
2026-08-13|GvkKlRWIsqw|1670|15|4
2026-08-13|P73Hf_Z-uCU|178679|544|241
2026-08-13|JPziv6KzoXw|5701|40|63
2026-08-13|-lvYLgil7J4|4055|40|1
2026-08-13|aodjGln1FQs|5739|77|1
2026-08-13|KFfyqSyZdjU|7481|82|0
2026-08-13|O2f5EbwBw_w|4757|280|6
2026-08-13|COb17reUdfk|30644|1880|94
2026-08-13|NKjUhl7GtDc|2639|14|0
2026-08-13|WMWtkWKGEyI|179402|955|114
2026-08-13|ponrAF9_nMA|6057|81|2
2026-08-13|BZqrAEQp2Uk|16647|142|32
2026-08-13|VT-CdL6V0sA|216|5|0
2026-08-13|N8Cy40QE-Qg|14761|157|6
2026-08-13|OjCoIG5vwAQ|17630|134|8
2026-08-13|K1QquP-qQbg|33545|270|13
2026-08-13|WilmKX8ldCw|26731|134|0
2026-08-13|p1y9SWNNMi4|38662|85|0
2026-08-13|QLlDv6OCp3s|75809|567|4
2026-08-13|ig8iRqpezbY|1072|35|10
2026-08-13|OPb-9PrXVa0|34883|282|77
2026-08-13|l3D3bJEZfgI|23160|279|18
2026-08-13|KBELKVkrOqM|2685|14|0
2026-08-13|QZL-hqKC5SE|37646|206|614
2026-08-13|dSb7BBuDG6o|24248|690|3
2026-08-13|x_rHvJwANJ8|272288|1593|226
2026-08-13|Ea_Ss_9lTeU|13495|161|8
2026-08-13|BBbGTcD_1xY|723967|2471|74
2026-08-13|yaHDKKtMrOM|8522|114|2
2026-08-13|mg2GsQVXwPo|269307|709|48
2026-08-13|zltRrjpyFl4|248722|170|6
2026-08-13|MYu6Lkzq3F4|3724|62|1
2026-08-13|UfdI1WCYoO4|17667|128|5
2026-08-13|ATI7HxXbZ50|20183|221|7
2026-08-13|I0BabkMWwK8|4676|48|2
2026-08-13|6Dj6f17rzSg|5238|44|6
2026-08-13|CyHO6slewgA|13457|164|4
2026-08-13|1-L8zzM7y3s|5637|77|0
2026-08-13|QQBWKFb8_kY|7619|103|1
2026-08-13|QGFkewzkd58|9691|176|1
2026-08-13|bWTgYpvvsSo|12076|96|0
2026-08-13|2nYyOaVTeJ4|1372|10|1
2026-08-13|419TWb2KU4U|5081|47|1
2026-08-13|Zf9FLIoQU5A|81815|350|4
2026-08-13|aHZQlyhTpjA|37571|364|10
2026-08-13|MHc0HjYJgbE|88275|138|0
2026-08-13|yNDFdAWWgro|170130|769|80
2026-08-13|UdI9yYJYWu4|10369|70|0
2026-08-13|ug0qx_htUGo|11951|93|3
2026-08-13|Le-FP2uP-dY|93468|130|1
2026-08-13|OuNNipe2cv4|162592|632|5
2026-08-13|We92AD6FtEU|213738|897|98
2026-08-13|PWog8XWJ-6o|101744|79|0
2026-08-13|m_BstFyylK8|92503|41|1
2026-08-13|NmYdKLoEpag|98200|90|1
2026-08-13|snw2ffPbJKE|4746|50|10
2026-08-13|esiWq3PA74o|1973|12|1
2026-08-13|NheHcU8OlGQ|6887|11|9
2026-08-13|pwJEhN42JgU|1789|41|0
2026-08-13|uwQ-8WqIWSc|11548|111|0
2026-08-13|fP_l9rgiGtg|16924|175|22
2026-08-13|gSgaMJ5V2ZA|32254|354|7
2026-08-13|lc9ocY3Ei8M|3395|69|9
2026-08-13|_4VTLpxfzJU|1827|28|1
2026-08-13|4eRjvvkIAvI|701219|4179|178
2026-08-13|K27pXtq40J0|32074|138|30
2026-08-13|CLxm4YGNoPs|91105|685|70
2026-08-13|WHS7O0Wj-Xo|58805|210|27
2026-08-13|VlbA4DL28hE|21353|173|5
2026-08-13|MDEbMLpjzYE|33257|247|2
2026-08-13|a3IQ2IiUNk8|26430|167|7
2026-08-13|gkAzJejw3Yo|2990|14|1
2026-08-13|9TtCo7ELHNA|19955|208|5
2026-08-13|8H1HZjmqocA|291131|2531|360
2026-08-13|5mgpnb64wE0|73122|907|101
2026-08-13|XziBESp5eqo|17624|236|51
2026-08-13|yMZEoo4tOPg|24373|415|17
2026-08-13|kkeSyA1zSEw|48425|635|15
2026-08-13|t2VDIOXUU6I|73755|749|242
2026-08-13|oxc2RIb51J8|12081|126|5
2026-08-13|L0gpkY_tlgY|107867|900|40
2026-08-13|mZ3Oyw8X-UA|59669|227|43
2026-08-13|nT8zrosllhw|15044|183|42
2026-08-13|q9aSy3ITcKg|269677|812|58
2026-08-13|qBgYYuQpCzw|30790|145|9
2026-08-13|ZTLF7SrPuKY|3973|43|1
2026-08-13|rLhxxoRd9Dg|4648|41|0
2026-08-13|L36_gFUqe_4|29306|198|27
2026-08-13|t6ovqV1wZqk|5217|30|2
2026-08-13|Ng1gR1kAnZM|16291|77|8
2026-08-13|WHfcI2LKa8A|148657|694|23
2026-08-13|A04BjlniW4c|21|0|0
2026-08-13|WK4kKLRVQbM|133583|2279|118
2026-08-13|S4_I-ddb8-U|15895|750|40
2026-08-13|aGWlnFZ0cD0|64|0|0
2026-08-13|UAytY0ebDwE|23335|368|0
2026-08-13|30zPhSvNV9I|1106|9|1
2026-08-13|FESNOlhz6dk|209056|967|59
2026-08-13|abgdUkoLKko|15779|129|0
2026-08-13|xuALPKDPkqM|19969|254|3
2026-08-13|TdfEdwT7P1w|7641|170|10
2026-08-13|Phh9XAjPSvA|33799|127|82
2026-08-13|8dNC5LyAupA|392211|3007|10
2026-08-13|wNAi4_fbmrU|130524|640|22
2026-08-13|vz9fyJ2v2WA|93673|1308|400
2026-08-13|Rt6Dq2cVYUU|177783|4715|343
2026-08-13|LXPi1RRyqEo|45360|182|6
2026-08-13|ObTV340P33s|165803|646|111
2026-08-13|ZVzIGbBECws|3658|28|0
2026-08-13|adqbLqTYrzM|12223|114|12
2026-08-13|mzWgPsjozUA|15530|138|5
2026-08-13|x3bX37-mkxE|35325|213|8
2026-08-13|X_Q0CBIniQA|9357|112|1
2026-08-13|yg8G48PtAcY|28901|226|13
2026-08-13|o71sr5-YiGs|23263|199|39
2026-08-13|u34UkYL4gxc|17885|130|5
2026-08-13|wrffmP_HkHg|69675|323|10
2026-08-13|4UBa5FRGcVU|205703|848|122
2026-08-13|wEdVoMcb02U|46610|478|251
2026-08-13|tdaphF6axL8|60947|542|530
2026-08-13|LIj-MyG3884|59626|710|98
2026-08-13|pwNZ6bdcytA|150063|2375|401
2026-08-13|E5zhACGndaw|11702|200|16
2026-08-13|SnmbGZk7A0E|242783|1633|114
2026-08-13|jCFzJJBzMtU|125440|409|66
2026-08-13|_niqbA-cPSc|79229|2481|561
2026-08-13|7c1VIvG77ng|192679|787|55
2026-08-13|qkPL85h7MUE|1936|37|1
2026-08-13|GRrvCUZWe-4|205673|803|311
2026-08-13|xYY603UdDVI|13085|351|28
2026-08-13|I6u6cd7hWQw|576|10|0
2026-08-13|Gfmnr6mZXR4|4445|41|4
2026-08-13|VTpm7ezKMPA|38256|135|9
2026-08-13|X8HF2H4li_4|7568|62|2
2026-08-13|hCl_V7hnksE|3119|28|3
2026-08-13|cGJcUseAaE0|6570|22|1
2026-08-13|H2c-Tok8D4c|4516|29|11
2026-08-13|9zS98d5d5SE|8469|43|4
2026-08-13|clGD1yvXsRQ|121670|969|161
2026-08-13|eILgq7dgcUA|29988|139|9
2026-08-13|oOH1okPHdPg|34978|175|6
2026-08-13|NGCP_mic7zo|2319|10|5
2026-08-13|q5iOTiGsagc|16098|91|4
2026-08-13|XDdlmUsYRgU|17108|142|2
2026-08-13|XC5CNf_JO74|7016|49|10
2026-08-13|YlMPthr38PU|83678|978|164
2026-08-13|6zHypbPmEZ8|36270|121|30
2026-08-13|ql2tIvWfApg|59229|1375|72
2026-08-13|JHocAFOCP6k|985|5|0
2026-08-13|Yl7CSReCaLM|30031|189|1
2026-08-13|rp3QN30vNLQ|26367|124|159
2026-08-13|H1oyCAnu0ek|57041|789|703
2026-08-13|zlGkmFxFqoM|25870|162|0
2026-08-13|ECGA6MaqW7s|21579|70|2
2026-08-13|roCvX79RU5g|16716|35|6
2026-08-13|yb5J5Cwywro|12146|236|14
2026-08-13|ItItb48G4yg|12781|398|24
2026-08-13|c1hE3BQHPww|321114|2989|24
2026-08-13|7GzI66_NDA8|120326|788|6
2026-08-13|_NmzLX2bGU4|356871|5343|841
2026-08-13|aLIs8tkStZQ|16078|222|3
2026-08-13|WP1omiVkL0M|4507|56|5
2026-08-13|bfWV5Gq_i3c|27886|141|5
2026-08-13|iKGANRubDiM|9434|92|1
2026-08-13|SsJfzdwrfvk|7106|56|1
2026-08-13|I1exBYSb4nU|24574|152|1
2026-08-13|eOHSpjd_3g0|24080|124|3
2026-08-13|mv8bB3KRrl0|9415|82|2
2026-08-13|SwbgIH6ovCM|5850|57|1
2026-08-13|Bg5xKVgZoy8|12629|52|1
2026-08-13|kt36BO6XYMM|8324|69|1
2026-08-13|4qzksE4GtK8|22122|147|2
2026-08-13|UsWxCW4YkzY|27019|275|18
2026-08-13|vPMRYYd2kjs|85885|329|10
2026-08-13|oR_5ouRzMj8|3427|6|2
2026-08-13|yu4PVWtGQGs|1993|12|0
2026-08-13|DUF95IM5O-g|87033|313|19
2026-08-13|EB325oV68e4|64394|313|17
2026-08-13|OfNzkm2ddvs|183720|832|62
2026-08-13|VAue7R_T8D8|25694|132|12
2026-08-13|VELd1_rKK4k|31799|157|4
2026-08-13|sUbsqGhKpLo|419081|1588|231
2026-08-13|icDzeK6LBUc|271882|965|122
2026-08-13|MsMEDuz_Qjo|146955|684|125
2026-08-13|9jO4XpmqL-g|50596|184|8
2026-08-13|lmR5tQL78bk|30895|118|6
2026-08-13|EQ9yfO0eiXg|17850|79|5
2026-08-13|32dD_3aldGY|31638|175|36
2026-08-13|m7LF42bf7bU|35060|229|40
2026-08-13|u0v7Ubg5zlk|82680|373|21
2026-08-13|0gGIYGkl8MA|2121766|12845|194
2026-08-13|cu81o1IVi3Q|20664|212|4
2026-08-13|vBdeES8gRC8|144818|3933|273
2026-08-13|2WENlIFeJPs|19128|167|2
2026-08-13|4jpkT0WmKp8|2154|35|0
2026-08-14|aNPpzMJIiLU|4818|268|39
2026-08-14|STnL0-w0Cb8|645|16|0
2026-08-14|cmQRqEzFcCU|361|20|1
2026-08-14|w8Ay9WnA1cw|58510|393|7
2026-08-14|rIXGiyFlkkw|333|28|1
2026-08-14|Dqa331wSC_I|19249|85|13
2026-08-14|Ki1p1sZWHQ8|3906|89|11
2026-08-14|-NKuCX-kbbM|37914|108|17
2026-08-14|fWK86Z1taf0|19452|197|28
2026-08-14|ysscrJ1scEs|4384|60|3
2026-08-14|K-JLPJBWdFQ|6396|148|65
2026-08-14|KIgI2ej3Esk|192|13|3
2026-08-14|_P7gEq9JDCY|4590|59|4
2026-08-14|iNkp5VeyABI|722|17|0
2026-08-14|QGLoTlHRJmk|28025|450|2
2026-08-14|XcTgUJMjG2c|17033|14|1
2026-08-14|r4JVUA0eSmA|5364|34|1
2026-08-14|Y5FQCNsvLlM|14069|99|1
2026-08-14|wMBYQ5df2Xk|16148|85|2
2026-08-14|XODvu6tvQXg|6080|87|11
2026-08-14|GwdlNJJjfig|30512|298|13
2026-08-14|fxtyOfGb7PU|21099|126|1
2026-08-14|f1TJ6V-fuNA|20482|210|2
2026-08-14|47yNvkGVC_k|59355|553|27
2026-08-14|nZi0kQGkdjc|10397|71|1
2026-08-14|E1IwDRQ5-zk|20257|67|0
2026-08-14|-UUKQxGxI9Y|3671|13|0
2026-08-14|RRfROU-S7aU|225195|2274|703
2026-08-14|rkmjh_IQ6fI|18499|112|3
2026-08-14|V6zZw8M_NCI|134|7|0
2026-08-14|ck3mpjQVU_I|5301|19|8
2026-08-14|YnZ4moBcbnQ|5356|11|5
2026-08-14|4vmZKv2-ETw|1365|12|0
2026-08-14|htaiAyc1JqM|959|16|0
2026-08-14|AvC-KU5V3nk|981|16|0
2026-08-14|eKjYpiKHUSw|2279|45|1
2026-08-14|asXkWT7KsrA|366|0|0
2026-08-14|fyHUI3NVk78|414|4|0
2026-08-14|6Se3LRjzpoc|384|14|0
2026-08-14|w5dmHHL3rrA|4066|64|0
2026-08-14|424EzGWbAHI|2573|61|0
2026-08-14|0JL6_YHCiEc|1423|11|3
2026-08-14|Kmqay1WvXlQ|2820|49|0
2026-08-14|tlXEQGAR33w|3304|20|0
2026-08-14|0vn9bbjnUFw|95516|669|90
2026-08-14|buMcbYYEv5k|1039|10|1
2026-08-14|UDKvqLeQny0|511|1|0
2026-08-14|qB2kvKeR_5U|1274|15|0
2026-08-14|RqHqmQCo63M|402|5|0
2026-08-14|KgI9dq9rIqM|197|5|1
2026-08-14|WJ-J7Ske_KU|164|5|0
2026-08-14|U_bcOyQR3BU|217|4|0
2026-08-14|7J43qPOi_po|608|7|0
2026-08-14|8UWvf7t2nmw|1794|36|0
2026-08-14|eS45fZEPD28|1236|19|4
2026-08-14|Vjh7-mu0fdg|10204|71|61
2026-08-14|IKxJ52GsdMw|94327|791|1219
2026-08-14|wNBzt5O1iyw|1898205|58576|4806
2026-08-14|K89AqzlDG0Y|79950|881|246
2026-08-14|jCUhD29hYjE|8417|60|8
2026-08-14|pHbDYoSjEuw|8989|135|13
2026-08-14|4RdYXh16w6M|10057|89|3
2026-08-14|E3wZ330o1u4|1109|0|2
2026-08-14|PqKNN_OKHO8|11572|121|6
2026-08-14|u8iC7uQKgu0|10372|120|4
2026-08-14|XJ_QjacYIC8|13738|146|4
2026-08-14|4yX90o6Kx2M|12482|128|4
2026-08-14|_A9X_E_O11M|2383|37|12
2026-08-14|R_96f0dOF68|14454|124|4
2026-08-14|MBR3O1MsQgg|528|11|0
2026-08-14|NvpjYi8otD0|5964|65|6
2026-08-14|B9VckdOZGWI|659|1|0
2026-08-14|4-Appe6IhbU|613|5|0
2026-08-14|S0oR3ZPsYHQ|741|2|0
2026-08-14|Gx9Zl5SAry0|1368|0|2
2026-08-14|bA2xP8dHJ-w|261|0|0
2026-08-14|rS3DTc4dJJE|281|1|0
2026-08-14|0FwQmVsIAs8|12986|139|3
2026-08-14|HmlhCfifIqg|1384|0|0
2026-08-14|xnZkAh9VDwI|6|0|0
2026-08-14|A-9ypESV-HU|861|10|0
2026-08-14|2Gh7JKfG4Sk|4638|35|1
2026-08-14|gIyGuvAYHLk|3139|14|0
2026-08-14|lBgfDrB1P8U|4387|17|0
2026-08-14|vdHmNjvmync|14777|115|21
2026-08-14|e7xLLSb0gV0|6828|29|0
2026-08-14|-7yndaATFW8|1604|13|1
2026-08-14|cUyf7joy_3g|2578|34|3
2026-08-14|pdHqUpvSx8M|2390|17|2
2026-08-14|-0sbubkLYQ0|1246|4|0
2026-08-14|UU_BYZ3yQ8g|10|0|0
2026-08-14|97Y7ZYPdPI8|15430|111|5
2026-08-14|xWaVF5xXQD4|6372|91|6
2026-08-14|qO4de5Gydv4|1167|0|2
2026-08-14|dVi8YEpcegQ|834429|3914|330
2026-08-14|PqYUUWyvqhY|1916|33|0
2026-08-14|Nt-I7b_T6-4|992|21|1
2026-08-14|whrsuXGt2U4|2125|45|0
2026-08-14|GceTvW7gNjs|2081|33|0
2026-08-14|-2kTSzXOakM|33306|127|1
2026-08-14|_NuxM1ZqIvU|36476|247|3
2026-08-14|T38E1_5cd_I|1189|10|0
2026-08-14|85EoD5Ol1YQ|2962|7|1
2026-08-14|4mLUwjRwUPg|12359|207|14
2026-08-14|DeMJlexGzfU|572600|9282|321
2026-08-14|tNDS7dwwnuQ|14832|170|19
2026-08-14|uqppG3auJV0|321590|1104|202
2026-08-14|1QGUbCL8ntw|30013|823|64
2026-08-14|Ap8E0nu7eXc|1252|65|18
2026-08-14|XFSwwkChDYs|19939|148|0
2026-08-14|9NzlBLkSCnM|22539|226|8
2026-08-14|fiJyDn9OrM8|67051|336|10
2026-08-14|21GRBKYFBYc|13295|186|22
2026-08-14|-6gQva2MM6c|32478|130|2
2026-08-14|92JVhRzD5HU|116322|662|30
2026-08-14|TOzUoQv3A4c|9794|108|3
2026-08-14|AGHmM-wS5JY|9760|109|4
2026-08-14|_IPax25RqVQ|7440|85|7
2026-08-14|gbTx9uWqPw0|4|0|0
2026-08-14|N-mVIa1N9K8|13234|90|14
2026-08-14|bP0iK7RvnI8|1769|13|0
2026-08-14|473Mh2fwh_U|28887|141|16
2026-08-14|EmRgSge4NNc|5827|71|7
2026-08-14|urDGYm9YYsk|10732|70|4
2026-08-14|SCyfq1h4C-0|559280|9234|769
2026-08-14|hjzF1pWzcdE|163327|397|12
2026-08-14|fHg9xqIdcq8|7412|21|0
2026-08-14|J_NhQ7xethg|529070|8297|348
2026-08-14|gXdk7t9c2xA|15761|142|39
2026-08-14|LToiOgexo_8|1002128|5407|426
2026-08-14|uxBbojcu9mk|4314|8|0
2026-08-14|oeEP_IkNUEE|3956|7|0
2026-08-14|SiMjdZTylHQ|2299|45|3
2026-08-14|6vJDiGLLZZA|15203|36|0
2026-08-14|Q5W1QlAwqvs|6933|28|4
2026-08-14|aQ-aha9CK-w|1044|2|1
2026-08-14|qyqZBbmkAw4|6683|49|0
2026-08-14|bqD9ZtDkSNk|17605|115|3
2026-08-14|HU22Ix4vwsg|858|7|0
2026-08-14|mkem9VutXA8|8438|36|0
2026-08-14|7lLpzqTGDZU|1979|12|0
2026-08-14|CcwEb5uwgUc|22192|136|21
2026-08-14|_Soi1Yi2r8Y|1780|32|10
2026-08-14|Klv0yc3Qvos|15295|147|7
2026-08-14|heQgQcwAQ_g|13302|135|6
2026-08-14|wFxldqcyQQc|558|8|1
2026-08-14|HF1Z7S3Y9qk|844|15|3
2026-08-14|DpSASz93jjI|196284|2747|1007
2026-08-14|4xJ-VLPtvBs|64020|323|73
2026-08-14|3Gny7QmnEvY|35048|500|228
2026-08-14|MohD_xPizqA|48056|249|18
2026-08-14|UWvgJBpWWZ8|69968|304|2
2026-08-14|FFudvEieksY|35227|476|26
2026-08-14|NwGuTN6W8T4|146563|493|4
2026-08-14|C9wqbp7Qg-k|37734|278|7
2026-08-14|e8sohhoNDQ8|9493|77|2
2026-08-14|ebKfLPB24M4|9867|68|0
2026-08-14|z-N90PZWGjI|20803|144|0
2026-08-14|LGUEVtyMNKc|983530|9614|117
2026-08-14|KiNaVZeYxzs|16448|102|1
2026-08-14|eLM7_ozYK64|278120|4667|77
2026-08-14|0r1DMWjgMkA|451854|4120|267
2026-08-14|AzCkR4Js5yQ|38875|471|52
2026-08-14|NvwwlRuhrKA|128|2|0
2026-08-14|3SdqhUO1zDM|33549|310|1
2026-08-14|ClqOOJGdacY|196|1|0
2026-08-14|N00bEWsLw1k|257033|1243|194
2026-08-14|BBnGWP1cf_E|643125|5828|190
2026-08-14|XasRENbvxSs|104748|1538|77
2026-08-14|1-273RwMv7U|12789|156|7
2026-08-14|Un1BrMB1s_c|549|28|9
2026-08-14|SubvCeD_dXE|985|119|11
2026-08-14|7IQgjlW_l9A|691|21|4
2026-08-14|mjtYLFcDiLs|2136|40|3
2026-08-14|CKS65LRZ388|13937|128|3
2026-08-14|vu0cBTOZlCM|9493|100|6
2026-08-14|mJzF1gNWD9Y|13722|113|3
2026-08-14|EkdskXAqPEU|13793|136|5
2026-08-14|0Ls5vNy8oyY|20186|181|4
2026-08-14|UxGA3uijEco|43863|249|6
2026-08-14|20Q5GouaIJY|41447|250|15
2026-08-14|R8JRWyghHxA|7891|248|16
2026-08-14|C08_fMZkYsA|6640|88|3
2026-08-14|qbb__Ow-Q0E|1670|47|2
2026-08-14|5L-T3YSXSLA|91481|1965|210
2026-08-14|R4Jnk6WSI40|554694|518|26
2026-08-14|bqyReusaAlw|638|60|24
2026-08-14|qrd7JE_YkB8|144209|1327|170
2026-08-14|fLn-Ke5Q4t0|14695|161|4
2026-08-14|48AifKeqgD8|514|7|3
2026-08-14|epjKR83ahqk|1151|32|3
2026-08-14|Tj4MwfNU-Eg|1158|47|7
2026-08-14|OSW-lHd-s-4|1318|71|16
2026-08-14|Ae0b6R9cmM8|677|20|1
2026-08-14|7JiN5yyTqtM|581|14|0
2026-08-14|URA26dGOGvQ|771|14|1
2026-08-14|imsDJHfC3y8|3024|264|9
2026-08-14|jRe_UMVE98w|564|24|1
2026-08-14|sgdMB7P9cOA|77933|528|8
2026-08-14|yGtJCnqiFbk|1793|17|0
2026-08-14|xsWlasBRmew|560|0|0
2026-08-14|oEnc5JyrO10|337|10|1
2026-08-14|PpGeBBw14MQ|70289|915|973
2026-08-14|T0pBKOLOKLM|77749|3400|768
2026-08-14|_6hhLfHTKdI|24248|180|19
2026-08-14|lHbIdDu84EU|6238|96|5
2026-08-14|cuoAaglB4No|43950|481|102
2026-08-14|uVwa3BtXpFU|4799|101|8
2026-08-14|jki_b9I1KXY|1379|2|0
2026-08-14|W3Tvn74rCcU|2989|14|0
2026-08-14|mWsVAfrW6Z8|396|7|0
2026-08-14|dlynLNO3374|39|0|0
2026-08-14|MXInlonsmcQ|3408|379|13
2026-08-14|CAdAsvJR4G0|7745|62|2
2026-08-14|eTtJP2mjniU|22|0|0
2026-08-14|dPSefMYx8Nc|164209|124|1
2026-08-14|_lkuhQJFOTc|41|0|0
2026-08-14|KId-d32XJpM|2719|34|0
2026-08-14|x3YC0Zou0Jw|9047|171|3
2026-08-14|8LuNqRquVus|7080|100|1
2026-08-14|bqyjT1MN83o|11388|80|1
2026-08-14|rHoy2yE3OsM|4764|98|3
2026-08-14|nMirbcXhc9s|1117|14|0
2026-08-14|AzFQ3Dgslco|1531|21|0
2026-08-14|ioPLGUVGeBc|275724|1730|2144
2026-08-14|Cc5-h7KFAMc|15979|335|42
2026-08-14|t4QPTwEhkTs|33368|118|1
2026-08-14|lSsYnHBGGlQ|41|1|3
2026-08-14|oXQQxucE3uc|160452|1109|3
2026-08-14|Y_FtL4dop4U|22311|180|6
2026-08-14|XyvS3r-LWgk|49100|223|6
2026-08-14|UMinXZIMfQc|65002|3515|508
2026-08-14|9mF9czbtRMA|26435|228|4
2026-08-14|egaHhPLfgPA|2156|10|1
2026-08-14|Ek0YFX884wE|2138|3|1
2026-08-14|SHZQQySq_9A|1882|3|1
2026-08-14|7X6XQ3QUzUM|971|5|1
2026-08-14|G49wRKPC6_k|15437|101|4
2026-08-14|s1ZylVLiteI|8645|61|2
2026-08-14|di4hanA5MRg|1513|4|0
2026-08-14|zDhjI6VYaFY|23011|202|22
2026-08-14|Diszhz3brQU|113516|1028|63
2026-08-14|HGSVNeI9AkE|98845|659|155
2026-08-14|MfYvZBxrty8|5031|86|34
2026-08-14|T-ACD0XKgFg|247338|2872|460
2026-08-14|f_73xKWmoUo|14309|127|8
2026-08-14|KcNYHVu68p0|2891|12|0
2026-08-14|FU9lPNFsTL4|10007|110|3
2026-08-14|2iNu3XEb54o|376104|8429|383
2026-08-14|1IeTxDiAesM|10272|50|4
2026-08-14|p5htLlvRSw4|5395|22|3
2026-08-14|l2uHfopU3tE|3234|54|6
2026-08-14|UWuLhOOfX08|1848|33|4
2026-08-14|-YMMEtiSKGY|3082|32|0
2026-08-14|E97ilfw9WaI|795894|8708|1403
2026-08-14|2kIrWcfax5k|188709|1223|53
2026-08-14|tL2P-GJoZrk|22192|53|4
2026-08-14|U8wqDmgavAQ|11344|105|10
2026-08-14|-nXe7jOg604|1613|5|0
2026-08-14|RdyllH1M0iI|136874|1186|4
2026-08-14|XhBJpAnjSwY|22615|102|4
2026-08-14|YIr_isU4S-s|11912|48|5
2026-08-14|Owrt_7gvXfA|231054|1660|124
2026-08-14|XgWslsGrQRQ|10843|80|4
2026-08-14|5RUfSYaJL5s|7995|15|0
2026-08-14|HLRGXnagYVs|5988|27|1
2026-08-14|3ULSZarcsvg|18168|173|9
2026-08-14|ewMiXxjMopM|20288|133|8
2026-08-14|pSH9EyS9b0M|2607|23|0
2026-08-14|lD8Nb1iHXKY|3756|215|14
2026-08-14|kk3TcUUUDgA|17117|123|5
2026-08-14|jjantEr5suE|13517|129|21
2026-08-14|qofv8Q-B8Vw|18090|139|4
2026-08-14|pn9j2LeLKTk|12608|124|5
2026-08-14|-zjz4GsZdOs|7237|39|1
2026-08-14|LKP3X4SGzxQ|6126|522|32
2026-08-14|MzG9d5-r4jI|24294|171|7
2026-08-14|ulytN3ZIL84|19881|189|17
2026-08-14|PxqPmdqKfbY|5965|24|34
2026-08-14|Z6L_d3oZr-w|66176|22|2
2026-08-14|SDL-qxwjCP8|7311|47|3
2026-08-14|4wcFjiWru4I|2106|30|1
2026-08-14|O-VGjU5TCAU|6203|101|13
2026-08-14|mdIB4FJs7Qg|19987|154|11
2026-08-14|wOSy0Hcywio|3876|34|2
2026-08-14|Mzb3ho6aaBU|7836|95|4
2026-08-14|T3cTKV5Oq1c|10071|85|6
2026-08-14|ENTquj5k_pU|19709|138|7
2026-08-14|7plOX81wHH0|13905|124|8
2026-08-14|vOiaWbmqb_s|13559|92|9
2026-08-14|RhL680_Iii0|3054|47|3
2026-08-14|_2pu4q4Co6s|10786|54|2
2026-08-14|uCU76MfG-lo|1795|28|1
2026-08-14|rp777Duwimc|3170|12|1
2026-08-14|DhesTBpN8us|7506|29|1
2026-08-14|OL2rNy3ugLQ|11769|57|2
2026-08-14|Y4EnPy8VaiM|6564|200|10
2026-08-14|UuhWr0shq88|268127|2702|682
2026-08-14|nc8bVxx-DMQ|8567|48|1
2026-08-14|XtphrhEFEHU|24738|205|23
2026-08-14|bH3pAB-o_pI|470387|4577|12
2026-08-14|767ZLocR4rQ|243795|262|5
2026-08-14|QqBbnW0dW2o|63260|322|17
2026-08-14|8HyA1h6VYZk|2434835|21892|454
2026-08-14|CPaYbElsdlg|1471026|7155|257
2026-08-14|SgK75_vVP7A|4059|54|5
2026-08-14|GYoAZJGCYyw|57606|779|113
2026-08-14|QlmEp_2Yodk|478894|170|29
2026-08-14|eAzVBN349t0|3018|43|0
2026-08-14|X-SSBwGKLJU|2939|53|1
2026-08-14|MR_OfXYa5xo|4133|64|8
2026-08-14|AwATP6JmIhI|7994|134|1
2026-08-14|dupBT_bn3ps|39182|36|1
2026-08-14|Z7zsXY4_y1w|2246|22|0
2026-08-14|ErchcajRiRw|2851|35|1
2026-08-14|z5yIY1_nspY|28040|97|89
2026-08-14|jomHOPeQnX0|24453|204|8
2026-08-14|x9HJrvh2Re0|139846|1298|43
2026-08-14|zLDy2dWJpb8|2159|28|0
2026-08-14|m7Yb83h8ylg|74279|27|1
2026-08-14|IULt7Ca4R8g|23257|258|247
2026-08-14|eSd9Afj6QY0|176735|1959|21
2026-08-14|AcW-EyiBg1E|50243|266|1
2026-08-14|Zt939FWYipg|607029|21485|895
2026-08-14|Kuj3YZ-d4DU|550|22|8
2026-08-14|mVQoC_qWab8|11282|85|33
2026-08-14|-INmc_Te040|38968|466|623
2026-08-14|YY6LVgruKWc|91576|580|1357
2026-08-14|S5zq1teIGxE|8220|132|1
2026-08-14|blShdFlGgDQ|3561|51|1
2026-08-14|12a9Ph0iYnI|59104|19|0
2026-08-14|onABsQHTzaI|233581|820|123
2026-08-14|Mkm_wgUe78Y|229257|1399|656
2026-08-14|NZ9YLg6coGg|76886|1233|157
2026-08-14|KXAJ8yP3DWU|135|2|0
2026-08-14|-TWoK0bPzvU|44611|224|143
2026-08-14|-lvYLgil7J4|4216|40|1
2026-08-14|MU_DI208JQw|2010|29|32
2026-08-14|Z-k1ZgaEjfQ|18481|584|21
2026-08-14|eSD2u0-5q_o|144848|1466|565
2026-08-14|WTy-P4o4k3Q|6582|36|37
2026-08-14|hUCltyCKcaM|86620|527|491
2026-08-14|OECJudC4qPU|569|34|0
2026-08-14|ar2ohxpKKac|19325|530|76
2026-08-14|feCBlcZro8Y|8954|158|42
2026-08-14|ponrAF9_nMA|6345|95|2
2026-08-14|NKjUhl7GtDc|2668|14|0
2026-08-14|COb17reUdfk|31924|2021|100
2026-08-14|2MpwIxd9l8s|5546|72|1
2026-08-14|SNwRfmMB7Hs|1803|20|1
2026-08-14|ZTdbnrOXTXk|14443|516|5
2026-08-14|omZwCnuy5Ko|11567|300|17
2026-08-14|TnNMwlJN3K0|20811|336|2
2026-08-14|G3Gpm7SBgng|70849|568|4
2026-08-14|O2f5EbwBw_w|5100|326|6
2026-08-14|JwAb3Uk2Ufk|522547|6860|1020
2026-08-14|GvkKlRWIsqw|1689|16|4
2026-08-14|RwLm4qj0tiU|83853|1380|109
2026-08-14|IQmbsYIXzsU|2755|38|0
2026-08-14|DEDoCnP7dbI|30844|65|1
2026-08-14|R_PZGu44u34|1510|16|6
2026-08-14|ekic7YbVaxk|5004|23|0
2026-08-14|O4VAZfAYcMM|2625|18|2
2026-08-14|ssSd30raAfk|5639|48|4
2026-08-14|ULHZ8-xCcu8|8556|74|7
2026-08-14|Z330uhrwPy4|3569|51|9
2026-08-14|erZv82tJhBk|23216|163|20
2026-08-14|BZqrAEQp2Uk|17041|142|32
2026-08-14|ZksIwryzdTA|20839|185|11
2026-08-14|DsYyvqPM-7I|14407|117|4
2026-08-14|m8thX0wNV-g|13578|103|6
2026-08-14|9-MQ9WAWdl4|24602|190|3
2026-08-14|h4Y0M8V_MAU|18367|151|6
2026-08-14|nCiLeoY2t1Y|34106|219|6
2026-08-14|fO9zj-Vsiyc|41130|252|9
2026-08-14|S_3RONhSJNU|25114|173|5
2026-08-14|BVfMsj0Cjnw|34851|213|9
2026-08-14|RhSv_YPm69A|1170|14|0
2026-08-14|l3Q84aiMyq4|1182|12|1
2026-08-14|6DdqqvP_dhM|8912|72|2
2026-08-14|8PW6bPVXDiY|286850|1436|249
2026-08-14|wzL2SF3HuzI|5834|76|2
2026-08-14|6Yj3VpCZ2rM|3961|93|4
2026-08-14|_9jRl6KWCIc|62685|491|2
2026-08-14|y9c-Kj7ZjYg|776|8|0
2026-08-14|WySinJBB8OY|188435|5236|189
2026-08-14|2w7cYmZOLBc|71305|526|0
2026-08-14|K2-AJMDVT6Q|1218|29|8
2026-08-14|0Gm0I84cxxw|1427|8|1
2026-08-14|o3Tdk73Ygvk|5727|51|1
2026-08-14|7Z6mkuia33k|5110|35|1
2026-08-14|Z7t0RZYcFQw|1632|9|1
2026-08-14|Ifw8plQ-xKE|3205|12|2
2026-08-14|XMZq__U8y2c|2917|12|1
2026-08-14|_BB8i56X3Gs|6645|36|2
2026-08-14|AU5TeJZWRxA|2210|16|1
2026-08-14|XAOfKkAHtrg|3290|17|1
2026-08-14|VME5Dqhm2og|159447|1650|339
2026-08-14|MviFYnfUKeo|2107|48|0
2026-08-14|aodjGln1FQs|6478|90|1
2026-08-14|j-Vv25XR7GQ|3961|59|0
2026-08-14|YCCS0vOeffk|7004|449|65
2026-08-14|VZQA_E6M8QY|3532|66|8
2026-08-14|fOvS2gXqB8g|8552|122|9
2026-08-14|8udklH8wwHQ|37262|157|4
2026-08-14|WMWtkWKGEyI|192526|1028|117
2026-08-14|RV2XCWIfcWI|7651|50|3
2026-08-14|ztR4mtmzPUk|6661|105|6
2026-08-14|ha81RT-fK1w|4251|63|3
2026-08-14|RGJfv-e66bo|12558|113|0
2026-08-14|emEck5qwhvI|1385|0|2
2026-08-14|ubTnw1r8u7s|37706|194|3
2026-08-14|SeSkP8gEyzQ|26053|137|2
2026-08-14|yG8qkWTdVME|7218|73|0
2026-08-14|qbYdUsxw96E|3961|58|0
2026-08-14|jT7aUxtybOc|19516|156|0
2026-08-14|UuWW6tn4XEc|58666|445|19
2026-08-14|b_WXhwvT1WQ|20751|237|8
2026-08-14|ITFVqM6xoKc|1321358|10178|824
2026-08-14|EW7Ou55qJlo|83398|541|4
2026-08-14|apd4iASlAxg|4130|19|0
2026-08-14|3oMcYH92CQQ|79980|537|34
2026-08-14|P73Hf_Z-uCU|248332|557|244
2026-08-14|JPziv6KzoXw|6486|42|70
2026-08-14|KFfyqSyZdjU|8053|87|1
2026-08-14|XzBSKKT7IqE|61045|340|65
2026-08-14|wApkml_RQ8c|12743|160|19
2026-08-14|NBib0DWLeRI|78530|823|751
2026-08-14|S9Z2NbnyUsw|3504|49|0
2026-08-14|42SKkKINemg|2319|31|1
2026-08-14|vC8NpJlVuww|11780|110|0
2026-08-14|lDfIFIwub1o|875363|10338|896
2026-08-14|CPj9Iz_4tSo|20707|366|3
2026-08-14|8vBT0ajH4J4|4854778|73207|1429
2026-08-14|a3IQ2IiUNk8|31530|223|7
2026-08-14|MDEbMLpjzYE|33298|248|2
2026-08-14|OPb-9PrXVa0|35695|289|77
2026-08-14|L0gpkY_tlgY|123486|996|40
2026-08-14|SnmbGZk7A0E|267632|1787|117
2026-08-14|qBgYYuQpCzw|32024|158|11
2026-08-14|gkAzJejw3Yo|3033|15|1
2026-08-14|NheHcU8OlGQ|6928|11|9
2026-08-14|o71sr5-YiGs|24135|205|39
2026-08-14|WilmKX8ldCw|26775|134|0
2026-08-14|esiWq3PA74o|1992|12|1
2026-08-14|dSb7BBuDG6o|53719|1296|8
2026-08-14|x_rHvJwANJ8|279461|1624|224
2026-08-14|QGFkewzkd58|10146|180|1
2026-08-14|We92AD6FtEU|232102|954|102
2026-08-14|yNDFdAWWgro|184978|817|80
2026-08-14|ig8iRqpezbY|1090|35|10
2026-08-14|K1QquP-qQbg|35080|286|13
2026-08-14|oxc2RIb51J8|12125|126|5
2026-08-14|VlbA4DL28hE|21452|176|5
2026-08-14|XziBESp5eqo|18470|243|51
2026-08-14|mZ3Oyw8X-UA|60553|232|43
2026-08-14|WHS7O0Wj-Xo|60543|213|26
2026-08-14|K27pXtq40J0|33311|140|30
2026-08-14|UfdI1WCYoO4|18398|133|5
2026-08-14|MYu6Lkzq3F4|5280|108|3
2026-08-14|419TWb2KU4U|5229|54|1
2026-08-14|p1y9SWNNMi4|38737|85|0
2026-08-14|QQBWKFb8_kY|7708|104|1
2026-08-14|4UBa5FRGcVU|220154|895|125
2026-08-14|jCFzJJBzMtU|167356|500|87
2026-08-14|KBELKVkrOqM|2718|14|0
2026-08-14|OjCoIG5vwAQ|18398|141|8
2026-08-14|2nYyOaVTeJ4|1379|10|1
2026-08-14|wrffmP_HkHg|74309|337|11
2026-08-14|ObTV340P33s|177746|673|119
2026-08-14|QZL-hqKC5SE|40141|215|631
2026-08-14|Zf9FLIoQU5A|86615|365|7
2026-08-14|CyHO6slewgA|14097|175|4
2026-08-14|6Dj6f17rzSg|5272|44|6
2026-08-14|30zPhSvNV9I|1114|10|1
2026-08-14|abgdUkoLKko|16241|140|0
2026-08-14|I0BabkMWwK8|4700|48|2
2026-08-14|FESNOlhz6dk|229606|1035|63
2026-08-14|ATI7HxXbZ50|20608|225|7
2026-08-14|u34UkYL4gxc|18202|130|5
2026-08-14|LXPi1RRyqEo|46470|185|6
2026-08-14|WHfcI2LKa8A|161665|738|24
2026-08-14|bWTgYpvvsSo|12554|100|0
2026-08-14|t6ovqV1wZqk|5491|31|2
2026-08-14|aHZQlyhTpjA|38148|378|11
2026-08-14|N8Cy40QE-Qg|14877|163|6
2026-08-14|VT-CdL6V0sA|220|5|0
2026-08-14|l3D3bJEZfgI|23559|280|18
2026-08-14|yaHDKKtMrOM|8665|115|2
2026-08-14|Ea_Ss_9lTeU|14165|167|8
2026-08-14|mg2GsQVXwPo|297391|815|52
2026-08-14|zltRrjpyFl4|284013|176|6
2026-08-14|1-L8zzM7y3s|5828|84|0
2026-08-14|TdfEdwT7P1w|8272|193|10
2026-08-14|WK4kKLRVQbM|141091|2394|122
2026-08-14|UAytY0ebDwE|23909|374|0
2026-08-14|m_BstFyylK8|96944|45|1
2026-08-14|tdaphF6axL8|63298|550|533
2026-08-14|wEdVoMcb02U|48336|484|254
2026-08-15|y7GwgnajxBA|8039|66|3
2026-08-15|TbU6nxG8VWA|1212|44|0
2026-08-15|JYk-tdZjd44|4438|26|1
2026-08-15|t98p8K_BUUU|21755|380|17
2026-08-15|hedFpVOjmXI|5425|33|0
2026-08-15|cGvEo7rbNxM|1493|6|0
2026-08-15|ii56K2NM3uU|16817|126|39
2026-08-15|EWGw29_Afwo|1767|24|7
2026-08-15|F2__OrkIlK8|25735|367|16
2026-08-15|U9KtrPgfdeQ|82474|535|7
2026-08-15|7aJR5Is13Rs|579|53|1
2026-08-15|huM_6eBEIsE|2108|18|2
2026-08-15|J2j732wfbDc|4278|15|0
2026-08-15|258sBE-33ME|1814|13|0
2026-08-15|MoXI32X3ZTM|1826|7|0
2026-08-15|dy8SGjao1B8|24108|224|48
2026-08-15|8tf16Bilpro|27349|100|11
2026-08-15|9XjXwSCz3ak|936|9|0
2026-08-15|_LwLTuY6zn0|1429|12|9
2026-08-15|TyJ5V_-NJ6E|256|28|1
2026-08-15|1Hwiq8wNXi4|143165|185|2
2026-08-15|h03Kc0luhGM|1150|32|1
2026-08-15|lbNPcqrIHSc|578|52|1
2026-08-15|ISMsUyHfoYQ|1000|7|1
2026-08-15|D7EkFK0CiH4|1632|17|1
2026-08-15|-85_HBhP0G4|11179|137|13
2026-08-15|Ox8uYiQ3Kv8|7101|93|4
2026-08-15|V00_EKYS-uA|9033|23|1
2026-08-15|pvzEae9duLo|3021|47|2
2026-08-15|6mrreOT4ymQ|4849|51|2
2026-08-15|gM3daQf6KIM|2021|29|9
2026-08-15|hnczegWtEaY|2050|29|8
2026-08-15|L6zcw_nNAoU|1331|7|0
2026-08-15|bW5T6sefeMg|8959|191|1
2026-08-15|qCRXSt0bWv8|4320|45|6
2026-08-15|ENYWUmzvHMg|409593|2843|54
2026-08-15|tE8pxnNRYog|27483|141|2
2026-08-15|O1yp6cDW9Kg|510375|648|2
2026-08-15|4JliDISqH-0|8530|40|0
2026-08-15|7EzdFWQtqxE|29768|128|0
2026-08-15|pxRhMsM3dk8|7203|70|0
2026-08-15|TEo_dckA_Ow|42789|210|1
2026-08-15|oNvvA0qxN5I|35068|198|3
2026-08-15|Ixv1EZJr1mY|32492|286|13
2026-08-15|nw4wb-XqATM|11923|115|3
2026-08-15|40QzOGPYRtI|5592|25|2
2026-08-15|45f6KvjV4ZM|95404|1365|86
2026-08-15|RotkTIcvYmA|41411|607|37
2026-08-15|ws8vrjwMpCQ|319|2|0
2026-08-15|JBsgYiDVNqk|35386|320|2
2026-08-15|Um_nZm7pofY|39061|344|45
2026-08-15|J_j4Sm1KxvU|17205|117|0
2026-08-15|_BHikZFV9kM|7200|69|62
2026-08-15|INk_IuaUFXI|537255|2408|20
2026-08-15|zXcxXddFEP0|107398|1008|404
2026-08-15|eNBKaxYZzqE|187308|866|85
2026-08-15|R7ZbszVLFQs|3332654|260532|62182
2026-08-15|YfpCi4F8ZfA|121672|1006|124
2026-08-15|PfWwYwX72ec|2007|26|3
2026-08-15|1k_2bervFV8|207414|5811|384
2026-08-15|AIR_6Wz9lIA|25699|4854|819
2026-08-15|Ktmn02ssl-E|133200|3084|332
2026-08-15|4L-IXbvZNt8|5007|153|25
2026-08-15|1-wElDGkDXo|71|0|0
2026-08-15|2KH4vKi9eZM|1216660|13366|184
2026-08-15|EZKN0B4oc1Y|7113|61|4
2026-08-15|7Mog37NkEts|2486|24|1
2026-08-15|QnzOhCDNXlU|18184|117|1
2026-08-15|IesH9tLi9Bo|3300|53|3
2026-08-15|oScTtHs-J48|18017|138|12
2026-08-15|ur5bgKW7wWw|11590|131|4
2026-08-15|8N6uilTfl3E|11975|223|19
2026-08-15|HpgKIxMKd1g|1919|45|2
2026-08-15|fvIDIey7FS8|553|3|0
2026-08-15|mGOQF06UsZA|24785|157|7
2026-08-15|ColRo2AHuHQ|9325|77|8
2026-08-15|_zx0SPam7SE|1306|10|0
2026-08-15|Fd_k8KuEnWU|1507|8|0
2026-08-15|4OQEJvagvtw|4594|61|1
2026-08-15|LKaTbMU--HA|8273|84|14
2026-08-15|Lqa9hW8DzD0|9968|135|40
2026-08-15|gDoM0ZZMcEM|5223|34|2
2026-08-15|2ZVyZJTecYc|10360|114|8
2026-08-15|Yk3mEmmiuW4|8475|131|10
2026-08-15|u4d_XcfVKyM|9945|116|3
2026-08-15|CiMXgF-T_PA|3164|56|2
2026-08-15|gkSkQGudRe0|2164|38|4
2026-08-15|QJ46VRQ2qj4|11978|123|4
2026-08-15|5YYpTQVWJmY|1262|20|3
2026-08-15|Jicdhwh1QlY|12721|155|24
2026-08-15|kdJfB_OU-ic|13323|125|2
2026-08-15|R6RHoqZIVXk|14668|152|11
2026-08-15|3b6jDgBft7o|11096|70|2
2026-08-15|orateG9e1WE|7038|36|0
2026-08-15|uKHTRaalZhg|14025|137|3
2026-08-15|S9mHDceQDAM|5783|86|4
2026-08-15|Pab_yzyySLg|7975|36|0
2026-08-15|fng8GGdtqYw|3650|9|0
2026-08-15|tPvNDwaOh50|1619|10|2
2026-08-15|MQRg3zHT3eE|12469|31|1
2026-08-15|NOSNPntFsYo|21|0|0
2026-08-15|EM-6TBKgANo|15|0|1
2026-08-15|zq41DyqPtTQ|7429|138|11
2026-08-15|yNFf9COiQpU|549|16|2
2026-08-15|cUrUnUvb_cE|4012|83|0
2026-08-15|tNDS7dwwnuQ|15842|177|19
2026-08-15|4mLUwjRwUPg|23965|348|23
2026-08-15|DeMJlexGzfU|605888|9711|336
2026-08-15|dVi8YEpcegQ|877212|4184|357
2026-08-15|fiJyDn9OrM8|110668|547|15
2026-08-15|uqppG3auJV0|324250|1113|203
2026-08-15|rkmjh_IQ6fI|84844|311|7
2026-08-15|Y5FQCNsvLlM|21070|146|3
2026-08-15|-2kTSzXOakM|33679|129|1
2026-08-15|-6gQva2MM6c|61543|216|3
2026-08-15|T38E1_5cd_I|8106|51|1
2026-08-15|pHbDYoSjEuw|32200|411|54
2026-08-15|fxtyOfGb7PU|23905|145|1
2026-08-15|jCUhD29hYjE|15848|127|13
2026-08-15|1QGUbCL8ntw|31732|844|64
2026-08-15|85EoD5Ol1YQ|10720|40|6
2026-08-15|QGLoTlHRJmk|28235|454|2
2026-08-15|_A9X_E_O11M|2986|41|12
2026-08-15|wNBzt5O1iyw|2053004|75507|5339
2026-08-15|9NzlBLkSCnM|24675|248|8
2026-08-15|92JVhRzD5HU|155911|814|37
2026-08-15|RRfROU-S7aU|384947|2867|897
2026-08-15|wMBYQ5df2Xk|16676|87|2
2026-08-15|47yNvkGVC_k|61517|573|29
2026-08-15|S0oR3ZPsYHQ|5770|8|0
2026-08-15|B9VckdOZGWI|8633|23|2
2026-08-15|NvpjYi8otD0|8209|74|7
2026-08-15|4RdYXh16w6M|19150|113|7
2026-08-15|-NKuCX-kbbM|144560|135|18
2026-08-15|fWK86Z1taf0|44506|320|34
2026-08-15|E1IwDRQ5-zk|20349|67|0
2026-08-15|R_96f0dOF68|31038|192|13
2026-08-15|4yX90o6Kx2M|19362|153|4
2026-08-15|XJ_QjacYIC8|20821|178|5
2026-08-15|u8iC7uQKgu0|17130|144|5
2026-08-15|PqKNN_OKHO8|16735|144|6
2026-08-15|97Y7ZYPdPI8|39654|171|7
2026-08-15|0FwQmVsIAs8|24718|187|6
2026-08-15|xWaVF5xXQD4|13706|123|17
2026-08-15|_IPax25RqVQ|12793|118|10
2026-08-15|AGHmM-wS5JY|19104|148|5
2026-08-15|TOzUoQv3A4c|16817|142|7
2026-08-15|21GRBKYFBYc|29910|250|48
2026-08-15|ysscrJ1scEs|5787|81|4
2026-08-15|K-JLPJBWdFQ|8175|163|73
2026-08-15|Ap8E0nu7eXc|110410|1877|267
2026-08-15|4-Appe6IhbU|8886|30|1
2026-08-15|bA2xP8dHJ-w|3621|12|0
2026-08-15|r4JVUA0eSmA|26812|127|2
2026-08-15|rS3DTc4dJJE|2332|2|0
2026-08-15|6Se3LRjzpoc|753|21|0
2026-08-15|424EzGWbAHI|4865|153|0
2026-08-15|0JL6_YHCiEc|1708|12|5
2026-08-15|Kmqay1WvXlQ|6804|133|0
2026-08-15|-0sbubkLYQ0|2117|4|0
2026-08-15|pdHqUpvSx8M|6340|33|4
2026-08-15|cUyf7joy_3g|14500|94|11
2026-08-15|-7yndaATFW8|6066|49|6
2026-08-15|e7xLLSb0gV0|11163|35|0
2026-08-15|vdHmNjvmync|42383|263|46
2026-08-15|lBgfDrB1P8U|7500|18|0
2026-08-15|gIyGuvAYHLk|4749|14|0
2026-08-15|2Gh7JKfG4Sk|7904|47|3
2026-08-15|tlXEQGAR33w|5232|107|1
2026-08-15|0vn9bbjnUFw|156956|975|126
2026-08-15|4vmZKv2-ETw|1700|22|0
2026-08-15|buMcbYYEv5k|2580|46|2
2026-08-15|qB2kvKeR_5U|1520|23|0
2026-08-15|Dqa331wSC_I|48115|130|14
2026-08-15|Ki1p1sZWHQ8|6890|146|14
2026-08-15|A-9ypESV-HU|1198|10|0
2026-08-15|w5dmHHL3rrA|7695|133|1
2026-08-15|XFSwwkChDYs|21242|155|0
2026-08-15|-UUKQxGxI9Y|8724|37|0
2026-08-15|AvC-KU5V3nk|2361|21|0
2026-08-15|aNPpzMJIiLU|8205|343|56
2026-08-15|w8Ay9WnA1cw|206340|482|11
2026-08-15|cmQRqEzFcCU|507|25|1
2026-08-15|V6zZw8M_NCI|183|7|0
2026-08-15|ck3mpjQVU_I|10419|45|24
2026-08-15|YnZ4moBcbnQ|11030|40|38
2026-08-15|UDKvqLeQny0|4948|33|1
2026-08-15|IKxJ52GsdMw|114449|833|2200
2026-08-15|eS45fZEPD28|6692|125|5
2026-08-15|8UWvf7t2nmw|6219|93|1
2026-08-15|7J43qPOi_po|1273|9|0
2026-08-15|U_bcOyQR3BU|309|3|1
2026-08-15|WJ-J7Ske_KU|344|5|0
2026-08-15|KgI9dq9rIqM|350|4|1
2026-08-15|RqHqmQCo63M|1229|12|0
2026-08-15|fyHUI3NVk78|950|6|0
2026-08-15|asXkWT7KsrA|754|1|0
2026-08-15|rIXGiyFlkkw|485|38|1
2026-08-15|KIgI2ej3Esk|207344|463|63
2026-08-15|_P7gEq9JDCY|6829|78|4
2026-08-15|PqYUUWyvqhY|13440|209|0
2026-08-15|UU_BYZ3yQ8g|73|0|0
2026-08-15|gbTx9uWqPw0|87|0|0
2026-08-15|GceTvW7gNjs|7312|123|0
2026-08-15|whrsuXGt2U4|14646|164|1
2026-08-15|nZi0kQGkdjc|18147|119|1
2026-08-15|qO4de5Gydv4|1223|0|2
2026-08-15|Nt-I7b_T6-4|4305|63|1
2026-08-15|MBR3O1MsQgg|2102|22|2
2026-08-15|iNkp5VeyABI|947|18|0
2026-08-15|STnL0-w0Cb8|6613|131|2
2026-08-15|GwdlNJJjfig|34179|321|14
2026-08-15|xnZkAh9VDwI|93|0|0
2026-08-15|HmlhCfifIqg|1445|0|0
2026-08-15|E3wZ330o1u4|1121|0|2
2026-08-15|Gx9Zl5SAry0|1418|0|2
2026-08-15|XODvu6tvQXg|7611|97|12
2026-08-15|eKjYpiKHUSw|8407|75|2
2026-08-15|Vjh7-mu0fdg|18089|108|85
2026-08-15|htaiAyc1JqM|3741|30|2
2026-08-15|K89AqzlDG0Y|136800|1248|329
2026-08-15|XcTgUJMjG2c|36302|15|1
2026-08-15|_NuxM1ZqIvU|123996|820|7
2026-08-15|f1TJ6V-fuNA|33818|280|2
2026-08-15|xsWlasBRmew|1006|0|0
2026-08-15|Tj4MwfNU-Eg|1808|64|10
2026-08-15|e8sohhoNDQ8|12901|92|5
2026-08-15|OSW-lHd-s-4|1784|96|18
2026-08-15|_lkuhQJFOTc|58|0|0
2026-08-15|C9wqbp7Qg-k|38343|276|7
2026-08-15|NwGuTN6W8T4|165310|530|4
2026-08-15|ebKfLPB24M4|12605|83|0
2026-08-15|eTtJP2mjniU|34|0|0
2026-08-15|FFudvEieksY|35449|477|26
2026-08-15|UWvgJBpWWZ8|70931|309|3
2026-08-15|MohD_xPizqA|48178|249|18
2026-08-15|dlynLNO3374|62|0|0
2026-08-15|SCyfq1h4C-0|570688|9451|778
2026-08-15|4xJ-VLPtvBs|65390|330|74
2026-08-15|Ae0b6R9cmM8|786|20|1
2026-08-15|oXQQxucE3uc|196237|1367|3
2026-08-15|N-mVIa1N9K8|14813|97|14
2026-08-15|epjKR83ahqk|1275|36|3
2026-08-15|DpSASz93jjI|212318|2880|1063
2026-08-15|NvwwlRuhrKA|146|2|0
2026-08-15|AzCkR4Js5yQ|66706|712|65
2026-08-15|R4Jnk6WSI40|839935|815|38
2026-08-15|0r1DMWjgMkA|563378|4916|310
2026-08-15|PpGeBBw14MQ|71906|924|982
2026-08-15|eLM7_ozYK64|286430|4834|82
2026-08-15|qrd7JE_YkB8|147283|1327|171
2026-08-15|fLn-Ke5Q4t0|17559|170|5
2026-08-15|LGUEVtyMNKc|1087654|10576|143
2026-08-15|Y_FtL4dop4U|22450|180|6
2026-08-15|XyvS3r-LWgk|91946|357|16
2026-08-15|48AifKeqgD8|528|7|3
2026-08-15|mjtYLFcDiLs|2427|47|3
2026-08-15|qbb__Ow-Q0E|2157|50|2
2026-08-15|C08_fMZkYsA|7536|95|3
2026-08-15|R8JRWyghHxA|8401|260|16
2026-08-15|z-N90PZWGjI|20850|144|0
2026-08-15|_Soi1Yi2r8Y|2152|35|10
2026-08-15|HF1Z7S3Y9qk|1038|19|3
2026-08-15|wFxldqcyQQc|689|10|1
2026-08-15|Un1BrMB1s_c|702|32|9
2026-08-15|CKS65LRZ388|14874|131|3
2026-08-15|heQgQcwAQ_g|13966|140|6
2026-08-15|Klv0yc3Qvos|16080|152|7
2026-08-15|gXdk7t9c2xA|17040|144|39
2026-08-15|qyqZBbmkAw4|7755|54|0
2026-08-15|bqD9ZtDkSNk|18156|117|3
2026-08-15|HU22Ix4vwsg|874|7|0
2026-08-15|CcwEb5uwgUc|25176|148|24
2026-08-15|mkem9VutXA8|8775|43|1
2026-08-15|urDGYm9YYsk|11957|73|4
2026-08-15|7lLpzqTGDZU|4370|22|0
2026-08-15|Q5W1QlAwqvs|9978|43|6
2026-08-15|EmRgSge4NNc|6665|78|6
2026-08-15|473Mh2fwh_U|32572|150|16
2026-08-15|hjzF1pWzcdE|178348|418|15
2026-08-15|bP0iK7RvnI8|2651|19|0
2026-08-15|yGtJCnqiFbk|2847|34|0
2026-08-15|vu0cBTOZlCM|9797|100|6
2026-08-15|mJzF1gNWD9Y|14504|115|3
2026-08-15|N00bEWsLw1k|261092|1283|194
2026-08-15|imsDJHfC3y8|5177|510|18
2026-08-15|uxBbojcu9mk|4423|8|0
2026-08-15|oeEP_IkNUEE|4161|7|0
2026-08-15|SiMjdZTylHQ|2896|70|4
2026-08-15|fHg9xqIdcq8|7523|21|0
2026-08-15|6vJDiGLLZZA|15810|36|0
2026-08-15|7JiN5yyTqtM|672|14|0
2026-08-15|URA26dGOGvQ|881|15|1
2026-08-15|jRe_UMVE98w|688|28|1
2026-08-15|EkdskXAqPEU|15034|141|5
2026-08-15|bqyReusaAlw|746|67|25
2026-08-15|7IQgjlW_l9A|897|30|5
2026-08-15|SubvCeD_dXE|1360|166|15
2026-08-15|20Q5GouaIJY|43488|257|15
2026-08-15|UxGA3uijEco|47281|263|7
2026-08-15|0Ls5vNy8oyY|21587|190|4
2026-08-15|aQ-aha9CK-w|1062|2|1
2026-08-15|3SdqhUO1zDM|34111|314|1
2026-08-15|MXInlonsmcQ|3918|423|14
2026-08-15|BBnGWP1cf_E|680961|6147|196
2026-08-15|t4QPTwEhkTs|34505|118|1
2026-08-15|CAdAsvJR4G0|13202|97|3
2026-08-15|ioPLGUVGeBc|285633|1759|2182
2026-08-15|3Gny7QmnEvY|38165|518|249
2026-08-15|T0pBKOLOKLM|88077|3558|806
2026-08-15|_6hhLfHTKdI|35301|227|28
2026-08-15|lHbIdDu84EU|7533|125|5
2026-08-15|ClqOOJGdacY|286|1|0
2026-08-15|5L-T3YSXSLA|94908|2044|228
2026-08-15|cuoAaglB4No|79431|675|184
2026-08-15|uVwa3BtXpFU|5269|109|8
2026-08-15|jki_b9I1KXY|1610|3|0
2026-08-15|Cc5-h7KFAMc|21389|407|43
2026-08-15|KId-d32XJpM|2840|36|0
2026-08-15|LToiOgexo_8|1022361|5587|435
2026-08-15|J_NhQ7xethg|539176|8510|359
2026-08-15|lSsYnHBGGlQ|41|1|3
2026-08-15|sgdMB7P9cOA|84495|596|8
2026-08-15|KiNaVZeYxzs|25091|128|1
2026-08-15|oEnc5JyrO10|824|16|1
2026-08-15|W3Tvn74rCcU|3175|14|0
2026-08-15|AzFQ3Dgslco|1900|33|0
2026-08-15|nMirbcXhc9s|1252|15|0
2026-08-15|rHoy2yE3OsM|9965|158|4
2026-08-15|bqyjT1MN83o|26713|154|1
2026-08-15|dPSefMYx8Nc|425494|307|3
2026-08-15|8LuNqRquVus|13818|159|2
2026-08-15|x3YC0Zou0Jw|9444|183|3
2026-08-15|1-273RwMv7U|13051|157|7
2026-08-15|XasRENbvxSs|108596|1584|78
2026-08-15|mWsVAfrW6Z8|497|8|0
2026-08-15|wOSy0Hcywio|4369|36|2
2026-08-15|O-VGjU5TCAU|6248|103|13
2026-08-15|jjantEr5suE|13832|132|21
2026-08-15|Y4EnPy8VaiM|7280|213|10
2026-08-15|UuhWr0shq88|296184|2916|745
2026-08-15|3ULSZarcsvg|18531|175|9
2026-08-15|pn9j2LeLKTk|12866|126|5
2026-08-15|z5yIY1_nspY|28286|97|90
2026-08-15|HGSVNeI9AkE|99148|660|160
2026-08-15|-zjz4GsZdOs|7306|39|1
2026-08-15|5RUfSYaJL5s|8037|16|0
2026-08-15|LKP3X4SGzxQ|6222|525|32
2026-08-15|nc8bVxx-DMQ|8787|49|1
2026-08-15|KcNYHVu68p0|3126|15|0
2026-08-15|lD8Nb1iHXKY|4025|221|15
2026-08-15|PxqPmdqKfbY|6040|25|34
2026-08-15|Mzb3ho6aaBU|8950|110|5
2026-08-15|SDL-qxwjCP8|7640|48|3
2026-08-15|ulytN3ZIL84|20023|191|17
2026-08-15|ErchcajRiRw|3663|43|1
2026-08-15|pSH9EyS9b0M|2631|23|0
2026-08-15|MzG9d5-r4jI|24619|172|7
2026-08-15|12a9Ph0iYnI|83640|20|0
2026-08-15|Z6L_d3oZr-w|90074|25|2
2026-08-15|ENTquj5k_pU|20569|140|7
2026-08-15|kk3TcUUUDgA|17298|124|5
2026-08-15|Ek0YFX884wE|2163|3|1
2026-08-15|rp777Duwimc|3206|12|1
2026-08-15|DhesTBpN8us|7539|29|1
2026-08-15|OL2rNy3ugLQ|11848|57|2
2026-08-15|HLRGXnagYVs|6010|27|1
2026-08-15|p5htLlvRSw4|5423|22|3
2026-08-15|XgWslsGrQRQ|11100|82|4
2026-08-15|egaHhPLfgPA|2181|10|1
2026-08-15|SHZQQySq_9A|1904|3|1
2026-08-15|_2pu4q4Co6s|14622|69|2
2026-08-15|7X6XQ3QUzUM|991|5|1
2026-08-15|G49wRKPC6_k|16375|107|4
2026-08-15|s1ZylVLiteI|9039|63|2
2026-08-15|di4hanA5MRg|1555|4|0
2026-08-15|RdyllH1M0iI|151031|1276|4
2026-08-15|YIr_isU4S-s|13140|52|5
2026-08-15|Diszhz3brQU|138879|1151|68
2026-08-15|uCU76MfG-lo|2733|35|1
2026-08-15|2iNu3XEb54o|403760|8848|394
2026-08-15|ewMiXxjMopM|22246|141|8
2026-08-15|9mF9czbtRMA|28058|236|4
2026-08-15|4wcFjiWru4I|2303|31|1
2026-08-15|mdIB4FJs7Qg|20332|157|11
2026-08-15|T3cTKV5Oq1c|10489|85|6
2026-08-15|7plOX81wHH0|14179|125|8
2026-08-15|vOiaWbmqb_s|14844|100|9
2026-08-15|T-ACD0XKgFg|249937|2905|464
2026-08-15|f_73xKWmoUo|14583|131|8
2026-08-15|1IeTxDiAesM|13722|70|4
2026-08-15|RhL680_Iii0|3187|48|3
2026-08-15|E97ilfw9WaI|839334|9133|1455
2026-08-15|2kIrWcfax5k|194906|1257|54
2026-08-15|tL2P-GJoZrk|22941|55|4
2026-08-15|-nXe7jOg604|1625|5|0
2026-08-15|XhBJpAnjSwY|24281|105|4
2026-08-15|UMinXZIMfQc|76203|3741|521
2026-08-15|Owrt_7gvXfA|235063|1690|125
2026-08-15|jomHOPeQnX0|25203|211|8
2026-08-15|qofv8Q-B8Vw|18559|142|4
2026-08-15|767ZLocR4rQ|347376|386|8
2026-08-15|blShdFlGgDQ|3777|53|1
2026-08-15|AwATP6JmIhI|8729|146|1
2026-08-15|Z7zsXY4_y1w|2355|23|0
2026-08-15|-YMMEtiSKGY|3230|34|0
2026-08-15|eSd9Afj6QY0|206863|2311|23
2026-08-15|GYoAZJGCYyw|68134|902|129
2026-08-15|8HyA1h6VYZk|2491458|22461|457
2026-08-15|IULt7Ca4R8g|23542|257|247
2026-08-15|QqBbnW0dW2o|67926|340|17
2026-08-15|YY6LVgruKWc|90869|580|1355
2026-08-15|XtphrhEFEHU|26860|220|23
2026-08-15|-INmc_Te040|39153|466|619
2026-08-15|Zt939FWYipg|735878|23170|948
2026-08-15|AcW-EyiBg1E|53931|297|1
2026-08-15|bH3pAB-o_pI|625249|6256|20
2026-08-15|Kuj3YZ-d4DU|604|23|8
2026-08-15|l2uHfopU3tE|3588|57|6
2026-08-15|U8wqDmgavAQ|12121|112|10
2026-08-15|SgK75_vVP7A|4313|56|5
2026-08-15|QlmEp_2Yodk|658294|201|40
2026-08-15|eAzVBN349t0|3305|47|0
2026-08-15|UWuLhOOfX08|2282|37|4
2026-08-15|S5zq1teIGxE|8508|139|1
2026-08-15|MfYvZBxrty8|6092|91|43
2026-08-15|MR_OfXYa5xo|4177|64|8
2026-08-15|X-SSBwGKLJU|2949|53|1
2026-08-15|zLDy2dWJpb8|2177|29|0
2026-08-15|m7Yb83h8ylg|107901|30|1
2026-08-15|dupBT_bn3ps|54127|45|1
2026-08-15|x9HJrvh2Re0|150286|1378|45
2026-08-15|FU9lPNFsTL4|10822|118|3
2026-08-15|mVQoC_qWab8|11534|84|33
2026-08-15|CPaYbElsdlg|1543632|7556|263
2026-08-15|zDhjI6VYaFY|32500|296|29
2026-08-15|feCBlcZro8Y|9354|163|43
2026-08-15|COb17reUdfk|33296|2114|101
2026-08-15|ponrAF9_nMA|6598|105|3
2026-08-15|MU_DI208JQw|2117|34|35
2026-08-15|NZ9YLg6coGg|80109|1280|165
2026-08-15|Mkm_wgUe78Y|228457|1399|656
2026-08-15|onABsQHTzaI|234771|828|123
2026-08-15|Z-k1ZgaEjfQ|19538|701|27
2026-08-15|GvkKlRWIsqw|1682|16|4
2026-08-15|SNwRfmMB7Hs|1822|20|1
2026-08-15|O2f5EbwBw_w|5187|332|6
2026-08-15|ZTdbnrOXTXk|15063|555|6
2026-08-15|omZwCnuy5Ko|11630|302|17
2026-08-15|ar2ohxpKKac|19941|539|76
2026-08-15|NKjUhl7GtDc|2678|15|0
2026-08-15|NBib0DWLeRI|80425|836|781
2026-08-15|WySinJBB8OY|199203|5538|195
2026-08-15|WTy-P4o4k3Q|6535|36|37
2026-08-15|2MpwIxd9l8s|5552|72|1
2026-08-15|OECJudC4qPU|565|34|0
2026-08-15|KXAJ8yP3DWU|138|2|0
2026-08-15|VME5Dqhm2og|163543|1673|341
2026-08-15|TnNMwlJN3K0|21477|356|3
2026-08-15|eSD2u0-5q_o|149448|1502|569
2026-08-15|hUCltyCKcaM|86658|527|491
2026-08-15|2w7cYmZOLBc|71976|528|0
2026-08-15|JwAb3Uk2Ufk|524782|6879|1022
2026-08-15|RhSv_YPm69A|1064|14|0
2026-08-15|ekic7YbVaxk|5024|23|0
2026-08-15|O4VAZfAYcMM|2480|18|2
2026-08-15|ssSd30raAfk|6774|52|4
2026-08-15|ULHZ8-xCcu8|10972|82|7
2026-08-15|Z330uhrwPy4|3731|52|9
2026-08-15|erZv82tJhBk|25723|177|22
2026-08-15|BZqrAEQp2Uk|17159|143|32
2026-08-15|ZksIwryzdTA|21150|189|11
2026-08-15|DsYyvqPM-7I|14466|117|4
2026-08-15|m8thX0wNV-g|13686|105|6
2026-08-15|9-MQ9WAWdl4|24961|194|3
2026-08-15|h4Y0M8V_MAU|18438|153|6
2026-08-15|nCiLeoY2t1Y|34197|220|6
2026-08-15|fO9zj-Vsiyc|41410|256|9
2026-08-15|S_3RONhSJNU|25025|174|5
2026-08-15|BVfMsj0Cjnw|34815|214|9
2026-08-15|wApkml_RQ8c|13024|164|19
2026-08-15|R_PZGu44u34|1398|16|6
2026-08-15|l3Q84aiMyq4|1121|12|1
2026-08-15|DEDoCnP7dbI|31152|66|1
2026-08-15|6DdqqvP_dhM|8964|73|2
2026-08-15|-TWoK0bPzvU|44314|224|142
2026-08-15|_9jRl6KWCIc|66421|518|2
2026-08-15|IQmbsYIXzsU|2779|39|0
2026-08-15|6Yj3VpCZ2rM|4004|93|4
2026-08-15|MviFYnfUKeo|2183|48|0
2026-08-15|y9c-Kj7ZjYg|760|8|0
2026-08-15|RwLm4qj0tiU|91105|1475|112
2026-08-15|emEck5qwhvI|1426|0|2
2026-08-15|0Gm0I84cxxw|1429|8|1
2026-08-15|7Z6mkuia33k|5238|39|1
2026-08-15|Z7t0RZYcFQw|1638|9|1
2026-08-15|Ifw8plQ-xKE|3243|13|2
2026-08-15|XMZq__U8y2c|2931|12|1
2026-08-15|_BB8i56X3Gs|6661|38|2
2026-08-15|AU5TeJZWRxA|2226|15|1
2026-08-16|0q--cQcykiw|31060|170|465
2026-08-16|zvJ_II_IhWc|2044|48|1
2026-08-16|rZdita3r1tA|8287|112|0
2026-08-16|UN7VZ736sPw|106718|2465|190
2026-08-16|TT24Qm4Y4jI|128|9|2
2026-08-16|imZpXVYbpMM|96468|546|96
2026-08-16|EELI86wZ-Fo|23811|182|7
2026-08-16|pX0BeLmiZN8|5391|28|0
2026-08-16|sqSJyw7ypDM|3065|74|7
2026-08-16|QZ3YtbRPbQ0|6216|79|8
2026-08-16|PpuybxRl3KU|2182|39|1
2026-08-16|i11RMqpL9DI|7390|48|2
2026-08-16|bKejwkt9EJ8|135|8|0
2026-08-16|8IYnSyVMo_g|15585|363|78
2026-08-16|3l66go3NkdU|4477|117|28
2026-08-16|Sjj-opbqufk|5551|63|1
2026-08-16|NfklvCxhkbM|4468|83|3
2026-08-16|KFKOFmoydK8|33419|342|35
2026-08-16|QzWYgTAlPm8|14759|180|2
2026-08-16|7MdNaan14ks|45457|385|4
2026-08-16|zpMH7qYLOXY|25284|295|9
2026-08-16|kXOoubCAq6o|26894|198|11
2026-08-16|NlW7jG5s0xM|23796|188|1
2026-08-16|pkGxK75_6Ns|214637|156|16
2026-08-16|pShVcQP95VE|1190|9|1
2026-08-16|GohDcTQaeCM|2069|34|1
2026-08-16|BsXOgAuM7_8|3442|59|9
2026-08-16|bipfAvaxv14|5444|103|9
2026-08-16|Cc5s6iINLRA|38215|233|14
2026-08-16|uUPTw6eK_9o|6995|90|15
2026-08-16|cP_x27wU8-A|12763|178|10
2026-08-16|evJV5Wiiuh0|7085|116|3
2026-08-16|ewJcc_ZOUGc|61196|293|612
2026-08-16|BcOjFjFNPV0|56075|355|634
2026-08-16|HZo_cGHLInw|95351|593|1182
2026-08-16|BK2vnLC8beA|14917|101|608
2026-08-16|QR6I2gSUCSc|129540|392|29
2026-08-16|Bk6DeEedYGs|1710093|28247|5813
2026-08-16|8DEjQH80qWw|534806|9251|2013
2026-08-16|V1UVwCkK7HE|13366|316|60
2026-08-16|EEcg7Mwgyr8|109222|1040|84
2026-08-16|M9dMv4MWNAs|93722|754|171
2026-08-16|YEPcPQOXZxg|76697|324|118
2026-08-16|mrZQgny_ZI4|58523|956|71
2026-08-16|WEe9DLcj0wM|35696|461|14
2026-08-16|qsOF-bFfA6w|24373|149|2
2026-08-16|bZGzp__4BdQ|42260|153|0
2026-08-16|OyNDBECyv1g|16886|93|1
2026-08-16|ViydhAhH5rg|1724|28|2
2026-08-16|9wgYxisWDIE|9977|153|4
2026-08-16|52O8ZhLt9so|8152|34|0
2026-08-16|Efk5lRT__qg|8942|35|0
2026-08-16|P7J_DV3XilI|21836|121|0
2026-08-16|8zjoe4PsvPY|6943|118|3
2026-08-16|7fI9IQWEksM|13618|263|8
2026-08-16|8HvbbXcGl5g|17822|265|5
2026-08-16|P_UkbBjwSGU|12251|120|3
2026-08-16|4kGxrln1dJk|27218|81|5
2026-08-16|a7dkIJeelSQ|33452|87|1
2026-08-16|HByDsO-rU2g|15149|176|3
2026-08-16|g8gCP5LNAMo|10644|92|371
2026-08-16|7g6hNbN7d8I|53226|356|422
2026-08-16|YWv2N6i57t8|64720|812|199
2026-08-16|w6zOirlTfOY|22616|440|17
2026-08-16|NT3OlGgRD7Y|40276|212|219
2026-08-16|szRpntFKsDk|8345|223|12
2026-08-16|PKvy2pU_G28|14964|390|27
2026-08-16|GQd_dDDdQ6Q|32597|292|8
2026-08-16|PqMBMUQPbqU|7|0|0
2026-08-16|tc2Ir0VgJm8|87386|589|99
2026-08-16|l9IViUdrkj8|78406|519|16
2026-08-16|7bedlVnts9s|31326|232|4
2026-08-16|RSkcr5jzqLs|66351|477|3
2026-08-16|YVS_hqXUh0U|72074|428|11
2026-08-16|37ZRxKl_plk|53287|318|1
2026-08-16|z5aacznsXXg|63752|420|4
2026-08-16|vWfU_Gd2Tcw|91606|447|17
2026-08-16|k-Fhh8ppHS8|60537|296|24
2026-08-16|Z2rEwN9iP0s|1|0|0
2026-08-16|k-ZESCo1w2c|70782|522|16
2026-08-16|tIonviGOIMc|1064|4|0
2026-08-16|HTMB_WRA7pA|8143|145|5
2026-08-16|d2Y0C8qqKNY|11439|80|0
2026-08-16|e8bmerofVCY|3892|26|0
2026-08-16|uj2hDScyEmA|4809|45|1
2026-08-16|d5LgzcgdbO0|20964|84|0
2026-08-16|08ModRpnygY|5094|57|1
2026-08-16|QUFiMhUsH00|1193|17|4
2026-08-16|rHgLNjHNy58|145979|916|20
2026-08-16|QXXi5y1iLlA|6289|113|2
2026-08-16|LExgAKyqrKE|1056|11|0
2026-08-16|heEK0-Mxzms|3259|34|0
2026-08-16|TahZdF3EfsY|3799|69|1
2026-08-16|3qr74raS4UY|4268|42|0
2026-08-16|rahXZqtrrro|1283|22|0
2026-08-16|Ez369rb2OgA|4982|44|3
2026-08-16|L7A7omhf89Y|142380|1039|43
2026-08-16|Xle55tfm5xQ|98076|515|24
2026-08-16|CDaa3kniGBc|65866|425|46
2026-08-16|Gl-Qamnz70E|396|5|2
2026-08-16|fk-kzistXPA|628|4|1
2026-08-16|2gXKvG7BpqA|12800|46|0
2026-08-16|uAUrSoErBSY|556|19|0
2026-08-16|P9LgbChxDec|3399|69|1
2026-08-16|Dtp6-Qmt67M|3181|71|7
2026-08-16|r5s1UZdohDc|7635|24|5
2026-08-16|F6cpw5mzyRs|19009|838|70
2026-08-16|QI7yl2zMG4Y|18859|582|14
2026-08-16|grQc5e0HqSQ|2050|44|2
2026-08-16|eSG46O7B5jc|8910|203|15
2026-08-16|XEWAeIfM-HU|33049|209|10
2026-08-16|ws8vrjwMpCQ|27233|172|0
2026-08-16|fng8GGdtqYw|5371|13|0
2026-08-16|ur5bgKW7wWw|16776|157|5
2026-08-16|Lqa9hW8DzD0|21480|178|53
2026-08-16|2ZVyZJTecYc|16599|134|9
2026-08-16|kdJfB_OU-ic|20637|147|3
2026-08-16|Pab_yzyySLg|11112|45|0
2026-08-16|QJ46VRQ2qj4|18104|149|4
2026-08-16|tPvNDwaOh50|3176|16|2
2026-08-16|dy8SGjao1B8|62368|453|80
2026-08-16|ENYWUmzvHMg|430215|2939|55
2026-08-16|7EzdFWQtqxE|55421|213|0
2026-08-16|MQRg3zHT3eE|34227|55|1
2026-08-16|u4d_XcfVKyM|15747|143|3
2026-08-16|QnzOhCDNXlU|58079|442|2
2026-08-16|JBsgYiDVNqk|36617|333|2
2026-08-16|45f6KvjV4ZM|119150|1553|93
2026-08-16|RotkTIcvYmA|64862|907|45
2026-08-16|Yk3mEmmiuW4|12480|158|11
2026-08-16|F2__OrkIlK8|27267|377|17
2026-08-16|oScTtHs-J48|27831|184|21
2026-08-16|CiMXgF-T_PA|118320|917|85
2026-08-16|fvIDIey7FS8|779|5|0
2026-08-16|EZKN0B4oc1Y|22939|183|17
2026-08-16|U9KtrPgfdeQ|315016|1336|20
2026-08-16|1k_2bervFV8|834671|18100|1111
2026-08-16|R6RHoqZIVXk|24194|193|14
2026-08-16|HpgKIxMKd1g|2315|53|2
2026-08-16|mGOQF06UsZA|59500|319|17
2026-08-16|ColRo2AHuHQ|26891|151|12
2026-08-16|Um_nZm7pofY|88918|582|76
2026-08-16|8N6uilTfl3E|21177|316|25
2026-08-16|40QzOGPYRtI|14304|125|2
2026-08-16|2KH4vKi9eZM|1345975|14699|198
2026-08-16|_zx0SPam7SE|2629|14|0
2026-08-16|Fd_k8KuEnWU|2303|17|0
2026-08-16|1-wElDGkDXo|73|0|0
2026-08-16|orateG9e1WE|9300|45|0
2026-08-16|3b6jDgBft7o|14741|85|2
2026-08-16|PfWwYwX72ec|7527|69|4
2026-08-16|4OQEJvagvtw|6200|74|1
2026-08-16|LKaTbMU--HA|12382|107|26
2026-08-16|uKHTRaalZhg|19850|155|5
2026-08-16|zXcxXddFEP0|141686|1244|462
2026-08-16|Jicdhwh1QlY|24863|207|27
2026-08-16|D7EkFK0CiH4|2281|20|1
2026-08-16|qCRXSt0bWv8|9515|82|7
2026-08-16|7Mog37NkEts|5123|42|1
2026-08-16|gkSkQGudRe0|4427|53|7
2026-08-16|gM3daQf6KIM|4027|46|11
2026-08-16|6mrreOT4ymQ|9337|85|2
2026-08-16|pvzEae9duLo|8304|104|2
2026-08-16|V00_EKYS-uA|9969|31|2
2026-08-16|Ox8uYiQ3Kv8|13833|147|7
2026-08-16|-85_HBhP0G4|42295|313|21
2026-08-16|O1yp6cDW9Kg|659002|836|2
2026-08-16|yNFf9COiQpU|1722|26|2
2026-08-16|cUrUnUvb_cE|8965|203|2
2026-08-16|oNvvA0qxN5I|37967|209|3
2026-08-16|Ixv1EZJr1mY|34509|295|13
2026-08-16|YfpCi4F8ZfA|191005|1384|154
2026-08-16|AIR_6Wz9lIA|40491|5791|879
2026-08-16|Ktmn02ssl-E|157613|3308|346
2026-08-16|hedFpVOjmXI|8011|47|0
2026-08-16|cGvEo7rbNxM|1741|7|0
2026-08-16|ii56K2NM3uU|35518|237|81
2026-08-16|EWGw29_Afwo|2482|28|8
2026-08-16|NOSNPntFsYo|73|0|0
2026-08-16|EM-6TBKgANo|76|0|1
2026-08-16|lbNPcqrIHSc|789|62|1
2026-08-16|h03Kc0luhGM|1492|36|1
2026-08-16|1Hwiq8wNXi4|243040|244|5
2026-08-16|TyJ5V_-NJ6E|347|32|1
2026-08-16|y7GwgnajxBA|10835|80|5
2026-08-16|hnczegWtEaY|5219|57|10
2026-08-16|ISMsUyHfoYQ|1718|14|1
2026-08-16|J_j4Sm1KxvU|25522|173|0
2026-08-16|nw4wb-XqATM|25533|240|4
2026-08-16|_BHikZFV9kM|10320|87|92
2026-08-16|INk_IuaUFXI|553243|2464|20
2026-08-16|TEo_dckA_Ow|52859|244|1
2026-08-16|R7ZbszVLFQs|5859392|340038|75646
2026-08-16|eNBKaxYZzqE|266236|1101|102
2026-08-16|4L-IXbvZNt8|16159|260|38
2026-08-16|pxRhMsM3dk8|11457|99|0
2026-08-16|4JliDISqH-0|14811|71|0
2026-08-16|tE8pxnNRYog|27541|141|2
2026-08-16|S9mHDceQDAM|6306|89|4
2026-08-16|_LwLTuY6zn0|2261|16|9
2026-08-16|IesH9tLi9Bo|7404|75|3
2026-08-16|5YYpTQVWJmY|1860|32|3
2026-08-16|bW5T6sefeMg|22637|409|5
2026-08-16|7aJR5Is13Rs|1468|128|2
2026-08-16|8tf16Bilpro|71685|180|16
2026-08-16|TbU6nxG8VWA|1557|53|0
2026-08-16|MoXI32X3ZTM|2614|8|0
2026-08-16|258sBE-33ME|2801|15|0
2026-08-16|J2j732wfbDc|5731|18|0
2026-08-16|huM_6eBEIsE|4483|19|3
2026-08-16|zq41DyqPtTQ|13241|213|23
2026-08-16|gDoM0ZZMcEM|6928|49|2
2026-08-16|t98p8K_BUUU|37189|681|22
2026-08-16|JYk-tdZjd44|6172|33|1
2026-08-16|L6zcw_nNAoU|2133|10|0
2026-08-16|9XjXwSCz3ak|1431|10|0
2026-08-16|_NuxM1ZqIvU|147062|1048|12
2026-08-16|AvC-KU5V3nk|2602|22|0
2026-08-16|nZi0kQGkdjc|19935|130|2
2026-08-16|K89AqzlDG0Y|155820|1368|345
2026-08-16|eKjYpiKHUSw|9446|86|2
2026-08-16|asXkWT7KsrA|899|2|0
2026-08-16|fyHUI3NVk78|1094|6|0
2026-08-16|RqHqmQCo63M|2770|15|0
2026-08-16|KgI9dq9rIqM|797|7|1
2026-08-16|htaiAyc1JqM|4067|31|2
2026-08-16|cUyf7joy_3g|20761|124|12
2026-08-16|XFSwwkChDYs|22270|159|0
2026-08-16|TOzUoQv3A4c|17797|147|8
2026-08-16|Ap8E0nu7eXc|153256|2355|330
2026-08-16|K-JLPJBWdFQ|8844|166|73
2026-08-16|ysscrJ1scEs|6427|88|5
2026-08-16|fWK86Z1taf0|76085|353|34
2026-08-16|-NKuCX-kbbM|230005|145|18
2026-08-16|Ki1p1sZWHQ8|8286|172|16
2026-08-16|Dqa331wSC_I|86005|153|15
2026-08-16|qB2kvKeR_5U|1648|26|0
2026-08-16|buMcbYYEv5k|2763|46|2
2026-08-16|4vmZKv2-ETw|1886|23|0
2026-08-16|0vn9bbjnUFw|188169|1121|146
2026-08-16|tlXEQGAR33w|5652|112|1
2026-08-16|Kmqay1WvXlQ|7794|148|0
2026-08-16|0JL6_YHCiEc|1879|14|5
2026-08-16|424EzGWbAHI|5365|164|0
2026-08-16|w5dmHHL3rrA|9135|144|1
2026-08-16|6Se3LRjzpoc|903|23|0
2026-08-16|wNBzt5O1iyw|2150462|83018|5547
2026-08-16|QGLoTlHRJmk|28297|454|2
2026-08-16|fxtyOfGb7PU|26429|155|1
2026-08-16|rkmjh_IQ6fI|108490|369|13
2026-08-16|-2kTSzXOakM|34046|130|1
2026-08-16|4mLUwjRwUPg|26753|385|34
2026-08-16|DeMJlexGzfU|642689|10181|347
2026-08-16|tNDS7dwwnuQ|16547|178|19
2026-08-16|fiJyDn9OrM8|140667|662|16
2026-08-16|uqppG3auJV0|327614|1117|202
2026-08-16|dVi8YEpcegQ|895644|4293|369
2026-08-16|Y5FQCNsvLlM|27219|182|3
2026-08-16|21GRBKYFBYc|31142|251|48
2026-08-16|AGHmM-wS5JY|20313|154|5
2026-08-16|9NzlBLkSCnM|26238|260|9
2026-08-16|_IPax25RqVQ|13845|123|10
2026-08-16|85EoD5Ol1YQ|16207|71|7
2026-08-16|jCUhD29hYjE|21475|169|16
2026-08-16|pHbDYoSjEuw|49174|586|65
2026-08-16|wMBYQ5df2Xk|17061|88|2
2026-08-16|-0sbubkLYQ0|2257|4|0
2026-08-16|pdHqUpvSx8M|6752|34|4
2026-08-16|-7yndaATFW8|8347|58|6
2026-08-16|e7xLLSb0gV0|11669|36|0
2026-08-16|vdHmNjvmync|55845|356|56
2026-08-16|lBgfDrB1P8U|8007|18|0
2026-08-16|gIyGuvAYHLk|5022|14|0
2026-08-16|2Gh7JKfG4Sk|8258|48|3
2026-08-16|A-9ypESV-HU|1483|10|0
2026-08-16|rS3DTc4dJJE|2726|2|0
2026-08-16|bA2xP8dHJ-w|4266|13|0
2026-08-16|S0oR3ZPsYHQ|6589|9|0
2026-08-16|4-Appe6IhbU|9941|30|1
2026-08-16|B9VckdOZGWI|9823|26|2
2026-08-16|NvpjYi8otD0|8641|78|7
2026-08-16|4RdYXh16w6M|21067|122|7
2026-08-16|R_96f0dOF68|34795|205|17
2026-08-16|4yX90o6Kx2M|20071|153|4
2026-08-16|U_bcOyQR3BU|375|4|2
2026-08-16|XJ_QjacYIC8|22171|184|5
2026-08-16|u8iC7uQKgu0|18137|147|5
2026-08-16|PqKNN_OKHO8|17033|143|6
2026-08-16|97Y7ZYPdPI8|47974|182|7
2026-08-16|0FwQmVsIAs8|27746|195|6
2026-08-16|xWaVF5xXQD4|14624|126|17
2026-08-16|WJ-J7Ske_KU|892|8|0
2026-08-16|V6zZw8M_NCI|196|7|0
2026-08-16|7J43qPOi_po|2883|16|4
2026-08-16|_P7gEq9JDCY|9073|106|7
2026-08-16|RRfROU-S7aU|503930|3161|988
2026-08-16|1QGUbCL8ntw|32691|858|68
2026-08-16|_A9X_E_O11M|3383|42|12
2026-08-16|Nt-I7b_T6-4|5734|88|1
2026-08-16|-6gQva2MM6c|75399|270|3
2026-08-16|92JVhRzD5HU|181804|901|41
2026-08-16|T38E1_5cd_I|12892|65|1
2026-08-16|E1IwDRQ5-zk|20435|68|0
2026-08-16|-UUKQxGxI9Y|11459|57|1
2026-08-16|f1TJ6V-fuNA|34740|294|2
2026-08-16|XcTgUJMjG2c|59781|17|1
2026-08-16|KIgI2ej3Esk|409651|1179|147
2026-08-16|iNkp5VeyABI|1053|18|0
2026-08-16|GwdlNJJjfig|34341|324|14
2026-08-16|Gx9Zl5SAry0|1541|0|2
2026-08-16|E3wZ330o1u4|1186|0|2
2026-08-16|HmlhCfifIqg|1555|0|0
2026-08-16|xnZkAh9VDwI|98|0|0
2026-08-16|qO4de5Gydv4|1235|0|2
2026-08-16|gbTx9uWqPw0|93|0|0
2026-08-16|UU_BYZ3yQ8g|133|0|0
2026-08-16|8UWvf7t2nmw|6928|97|1
2026-08-16|GceTvW7gNjs|11404|189|2
2026-08-16|whrsuXGt2U4|15622|168|1
2026-08-16|STnL0-w0Cb8|9482|166|2
2026-08-16|MBR3O1MsQgg|2287|23|2
2026-08-16|r4JVUA0eSmA|46284|280|4
2026-08-16|47yNvkGVC_k|65720|607|29
2026-08-16|XODvu6tvQXg|8143|102|12
2026-08-16|aNPpzMJIiLU|10400|393|62
2026-08-16|eS45fZEPD28|11276|180|8
2026-08-16|Vjh7-mu0fdg|22963|132|102
2026-08-16|IKxJ52GsdMw|118733|837|2479
2026-08-16|UDKvqLeQny0|6461|36|2
2026-08-16|YnZ4moBcbnQ|15045|55|63
2026-08-16|ck3mpjQVU_I|14267|54|34
2026-08-16|cmQRqEzFcCU|558|25|1
2026-08-16|w8Ay9WnA1cw|278516|512|13
2026-08-16|rIXGiyFlkkw|535|38|1
2026-08-16|PqYUUWyvqhY|17438|237|0
2026-08-16|eLM7_ozYK64|297448|5020|83
2026-08-16|FFudvEieksY|35939|482|26
2026-08-16|UWvgJBpWWZ8|71947|315|3
2026-08-16|_lkuhQJFOTc|61|0|0
2026-08-16|xsWlasBRmew|1007|0|0
2026-08-16|BBnGWP1cf_E|705152|6381|199
2026-08-16|N00bEWsLw1k|263689|1296|195
2026-08-16|eTtJP2mjniU|34|0|0
2026-08-16|SCyfq1h4C-0|587156|9737|797
2026-08-16|dlynLNO3374|62|0|0
2026-08-16|3SdqhUO1zDM|34567|316|1
2026-08-16|NvwwlRuhrKA|171|3|0
2026-08-16|AzCkR4Js5yQ|88645|896|75
2026-08-16|MohD_xPizqA|48270|250|18
2026-08-16|4xJ-VLPtvBs|66957|338|79
2026-08-16|fLn-Ke5Q4t0|18614|177|5
2026-08-16|uxBbojcu9mk|4448|8|0
2026-08-16|48AifKeqgD8|539|7|3
2026-08-16|oXQQxucE3uc|215298|1449|3
2026-08-16|qrd7JE_YkB8|146501|1328|171
2026-08-16|NwGuTN6W8T4|264699|691|4
2026-08-16|Ae0b6R9cmM8|861|20|1
2026-08-16|OSW-lHd-s-4|1900|98|20
2026-08-16|Tj4MwfNU-Eg|1984|70|10
2026-08-16|C9wqbp7Qg-k|38275|276|7
2026-08-16|AzFQ3Dgslco|4566|65|0
2026-08-16|nMirbcXhc9s|1424|15|0
2026-08-16|rHoy2yE3OsM|12697|197|4
2026-08-16|bqyjT1MN83o|30000|167|1
2026-08-16|epjKR83ahqk|1344|37|3
2026-08-16|1-273RwMv7U|13358|157|7
2026-08-16|8LuNqRquVus|14790|168|2
2026-08-16|PpGeBBw14MQ|72010|935|981
2026-08-16|_Soi1Yi2r8Y|2331|37|10
2026-08-16|Y_FtL4dop4U|22754|184|6
2026-08-16|XyvS3r-LWgk|127877|488|17
2026-08-16|LGUEVtyMNKc|1116733|10898|146
2026-08-16|XasRENbvxSs|110446|1604|78
2026-08-16|oeEP_IkNUEE|4233|9|0
2026-08-16|URA26dGOGvQ|950|15|1
2026-08-16|fHg9xqIdcq8|7580|21|0
2026-08-16|6vJDiGLLZZA|16070|36|0
2026-08-16|EmRgSge4NNc|7139|81|6
2026-08-16|urDGYm9YYsk|12292|77|4
2026-08-16|CcwEb5uwgUc|26341|155|25
2026-08-16|gXdk7t9c2xA|17232|143|39
2026-08-16|Klv0yc3Qvos|16269|151|7
2026-08-16|heQgQcwAQ_g|14176|139|6
2026-08-16|CKS65LRZ388|15003|130|3
2026-08-16|bqyReusaAlw|793|68|25
2026-08-16|jRe_UMVE98w|741|28|1
2026-08-16|vu0cBTOZlCM|9851|98|6
2026-08-16|imsDJHfC3y8|6266|597|19
2026-08-16|mJzF1gNWD9Y|14624|114|3
2026-08-16|EkdskXAqPEU|15303|140|5
2026-08-16|0Ls5vNy8oyY|21881|189|4
2026-08-16|UxGA3uijEco|48250|262|7
2026-08-16|20Q5GouaIJY|43880|255|15
2026-08-16|R4Jnk6WSI40|1159115|1073|49
2026-08-16|473Mh2fwh_U|33896|157|17
2026-08-16|7IQgjlW_l9A|998|32|5
2026-08-16|SubvCeD_dXE|1411|165|15
2026-08-16|z-N90PZWGjI|20848|144|0
2026-08-16|aQ-aha9CK-w|1095|3|1
2026-08-16|qyqZBbmkAw4|7962|54|0
2026-08-16|bqD9ZtDkSNk|18243|118|3
2026-08-16|7JiN5yyTqtM|727|14|0
2026-08-16|HU22Ix4vwsg|881|7|0
2026-08-16|mkem9VutXA8|8988|47|1
2026-08-16|7lLpzqTGDZU|5631|29|1
2026-08-16|Q5W1QlAwqvs|12859|47|6
2026-08-16|N-mVIa1N9K8|15336|99|14
2026-08-16|hjzF1pWzcdE|184234|426|15
2026-08-16|DpSASz93jjI|220582|2969|1089
2026-08-16|HF1Z7S3Y9qk|1123|19|3
2026-08-16|wFxldqcyQQc|745|11|1
2026-08-16|bP0iK7RvnI8|4936|29|0
2026-08-16|yGtJCnqiFbk|4148|56|1
2026-08-16|Un1BrMB1s_c|762|32|9
2026-08-16|SiMjdZTylHQ|4297|145|11
2026-08-16|e8sohhoNDQ8|13635|101|5
2026-08-16|W3Tvn74rCcU|3598|15|0
2026-08-16|5L-T3YSXSLA|99663|2141|238
2026-08-16|T0pBKOLOKLM|94156|3644|858
2026-08-16|lSsYnHBGGlQ|41|1|3
2026-08-16|lHbIdDu84EU|9467|152|6
2026-08-16|ClqOOJGdacY|340|2|0
2026-08-16|KiNaVZeYxzs|29842|152|1
2026-08-16|x3YC0Zou0Jw|9787|192|3
2026-08-16|KId-d32XJpM|2880|37|0
2026-08-16|t4QPTwEhkTs|35291|124|1
2026-08-16|CAdAsvJR4G0|17482|128|4
2026-08-16|sgdMB7P9cOA|88539|625|8
2026-08-16|ioPLGUVGeBc|289087|1786|2193
2026-08-16|3Gny7QmnEvY|38525|524|254
2026-08-16|_6hhLfHTKdI|39327|245|30
2026-08-16|Cc5-h7KFAMc|25119|442|45
2026-08-16|uVwa3BtXpFU|5617|118|8
2026-08-16|mWsVAfrW6Z8|756|10|0
2026-08-16|LToiOgexo_8|1059532|5883|432
2026-08-16|dPSefMYx8Nc|761961|528|3
2026-08-16|C08_fMZkYsA|7551|96|3
2026-08-16|oEnc5JyrO10|1464|19|1
2026-08-16|MXInlonsmcQ|4164|438|14
2026-08-16|jki_b9I1KXY|2116|5|0
2026-08-16|ebKfLPB24M4|13621|89|0
2026-08-16|R8JRWyghHxA|8779|266|16
2026-08-16|cuoAaglB4No|92423|744|202
2026-08-16|J_NhQ7xethg|549793|8710|365
2026-08-16|mjtYLFcDiLs|2592|51|3
2026-08-16|qbb__Ow-Q0E|2371|59|4
2026-08-16|zLDy2dWJpb8|2184|29|0
2026-08-16|pSH9EyS9b0M|2655|23|0
2026-08-16|SDL-qxwjCP8|7776|48|3
2026-08-16|wOSy0Hcywio|4536|36|2
2026-08-16|5RUfSYaJL5s|8067|16|0
2026-08-16|O-VGjU5TCAU|6227|103|13
2026-08-16|ErchcajRiRw|4153|47|1
2026-08-16|z5yIY1_nspY|28209|97|90
2026-08-16|lD8Nb1iHXKY|4017|226|15
2026-08-16|X-SSBwGKLJU|2960|53|1
2026-08-16|jomHOPeQnX0|25609|215|8
2026-08-16|12a9Ph0iYnI|125836|22|0
2026-08-16|767ZLocR4rQ|452729|518|10
2026-08-16|-zjz4GsZdOs|7306|39|1
2026-08-16|m7Yb83h8ylg|152057|31|1
2026-08-16|MR_OfXYa5xo|4237|67|8
2026-08-16|LKP3X4SGzxQ|6210|526|32
2026-08-16|dupBT_bn3ps|54044|45|1
2026-08-16|CPaYbElsdlg|1613403|7874|273
2026-08-16|HLRGXnagYVs|6013|27|1
2026-08-16|x9HJrvh2Re0|160777|1471|45
2026-08-16|RdyllH1M0iI|159170|1341|5
2026-08-16|_2pu4q4Co6s|16237|76|3
2026-08-16|uCU76MfG-lo|3254|37|1
2026-08-16|rp777Duwimc|3207|12|1
2026-08-16|2iNu3XEb54o|432379|9311|409
2026-08-16|DhesTBpN8us|7552|30|1
2026-08-16|UMinXZIMfQc|82383|3886|530
2026-08-16|RhL680_Iii0|3123|49|3
2026-08-16|Zt939FWYipg|844142|24229|982
2026-08-16|vOiaWbmqb_s|15096|101|9
2026-08-16|8HyA1h6VYZk|2519754|22680|462
2026-08-16|7plOX81wHH0|14111|125|8
2026-08-16|ENTquj5k_pU|20473|140|7
2026-08-16|T3cTKV5Oq1c|10518|86|6
2026-08-16|mdIB4FJs7Qg|20270|158|11
2026-08-16|4wcFjiWru4I|2355|34|1
2026-08-16|l2uHfopU3tE|3829|58|7
2026-08-16|ewMiXxjMopM|23158|149|10
2026-08-16|kk3TcUUUDgA|17214|124|5
2026-08-16|KcNYHVu68p0|3553|18|0
2026-08-16|nc8bVxx-DMQ|9036|52|1
2026-08-16|Mzb3ho6aaBU|9445|110|5
2026-08-16|jjantEr5suE|13802|131|20
2026-08-16|blShdFlGgDQ|3842|56|1
2026-08-16|Z6L_d3oZr-w|99649|25|2
2026-08-16|PxqPmdqKfbY|6040|25|34
2026-08-16|OL2rNy3ugLQ|11920|60|2
2026-08-16|S5zq1teIGxE|8686|140|1
2026-08-16|3ULSZarcsvg|18465|176|9
2026-08-16|eAzVBN349t0|3360|47|0
2026-08-16|-YMMEtiSKGY|3295|36|0
2026-08-16|SHZQQySq_9A|1906|3|1
2026-08-17|izhre3U9Rbw|188246|1224|37
2026-08-17|A_jMTZvCVKQ|77484|693|49
2026-08-17|8A7m40RQeXQ|136351|899|24
2026-08-17|CNQBP96nYN8|6771|211|7
2026-08-17|EjAnW56MJUc|9298|81|204
2026-08-17|OLlIQldm2IQ|10149|119|208
2026-08-17|5zWRiiLX59M|4563|117|4
2026-08-17|K0frTiETVg0|188938|4170|2621
2026-08-17|3hXMlvJ1HnU|20894|135|19
2026-08-17|h4Z0IAGI2WM|921850|8730|9503
2026-08-17|d_nAWNI1Q2E|51613|308|9
2026-08-17|fXMMi0H1vik|1372|8|1
2026-08-17|eMoPmLRe_7A|16820|0|2
2026-08-17|Eja1bVedqBs|168048|1043|135
2026-08-17|M8s5Ctfa__c|630029|4577|4828
2026-08-17|8xO8x29OCws|1191|41|0
2026-08-17|u0579RWqxlY|597|17|2
2026-08-17|5kPPrGFm2Ps|5603|156|2
2026-08-17|VdcuOQEzvWs|1513|24|0
2026-08-17|YObEtFQpHEM|11413|183|2
2026-08-17|HlLgnipNoxc|1006910|8540|8237
2026-08-17|R7qcHyPjATk|46591|361|23
2026-08-17|KE9P_ktuT3Y|7425|54|171
2026-08-17|IZTH4gC-J2w|55401|362|240
2026-08-17|5D585WRFZW4|5438|46|5
2026-08-17|hHevRNS0arA|60900|337|3
2026-08-17|y0w4PY9frKU|44|2|0
2026-08-17|wSWXg3V-AXA|5110|36|0
2026-08-17|WxDWugghVi4|3434|28|0
2026-08-17|tbQrmctvR7g|146|6|0
2026-08-17|kfjttTF-JEU|65774|86|2
2026-08-17|kR0NobcGdRQ|56286|155|3
2026-08-17|MpshiiPO9NU|48305|220|1
2026-08-17|pUnslqwHJxc|40740|703|16
2026-08-17|w-qHbBK5zo0|46532|163|1
2026-08-17|mnsuNcC2wHQ|7991|31|23
2026-08-17|NAsiczi6_QI|158011|944|43
2026-08-17|KJjPxCaGZtM|4644|21|1
2026-08-17|rxlgLp0ZpL8|9777|74|1
2026-08-17|yg_ePIdi5r0|10061|62|1
2026-08-17|6jexQMUP2EY|20765|498|12
2026-08-17|AGjUFM9Q44g|27181|712|32
2026-08-17|UmWjiA7Qpv0|3401|6|0
2026-08-17|iM-JbmfL8E8|107812|1282|110
2026-08-17|VziJV04aoEM|72316|405|10
2026-08-17|kVUJmxnVul4|69581|521|433
2026-08-17|-vvvNkDud2U|177441|4476|298
2026-08-17|pD_OnxiJbJw|1047|7|0
2026-08-17|HtklHMae1xM|23504|322|6
2026-08-17|FWqMzCxHU8c|20482|209|7
2026-08-17|dZXf-odwB8A|1044986|22255|1390
2026-08-17|aRz9SwtGhA8|1861|47|1
2026-08-17|5ZCns30jK0M|1451|20|0
2026-08-17|T-cV280XzRc|2959|35|0
2026-08-17|fWvao7X2q1w|1040|22|1
2026-08-17|nGkReWN4hHk|1401|23|0
2026-08-17|l_qB-rhXQrg|1707|23|2
2026-08-17|DlmAyS7yR5s|981|21|0
2026-08-17|XD29acsqg4Y|1368|17|0
2026-08-17|1Wd8GV-DlzE|3136|17|1
2026-08-17|N637X2kkEoI|6541|29|2
2026-08-17|gMt_iuCV8AY|5710|61|0
2026-08-17|_pAjkq4uO0A|44117|239|4
2026-08-17|qwHhzrpoAbg|3658|19|0
2026-08-17|-sOZft157x8|11270|0|3
2026-08-17|0oYBII0gIiQ|2128|38|0
2026-08-17|iuC8YxNcDU0|4174|15|0
2026-08-17|JjwO2GRGJ9k|4880|40|1
2026-08-17|_ZkgB3lE6BM|15427|78|4
2026-08-17|IchG68X0X-c|104800|802|32
2026-08-17|hlTglULFP5c|15190|246|20
2026-08-17|HkBrtASj738|7779|224|7
2026-08-17|MXA7EPHdMws|8566|57|0
2026-08-17|XBxShge-Eq8|1847|20|0
2026-08-17|WAWdL4hPAUQ|9979|108|4
2026-08-17|Ex7z7tFJNsM|21217|183|12
2026-08-17|cG9H8nTEusU|115541|852|105
2026-08-17|_bNDST5QXWw|40616|274|51
2026-08-17|JkDHyVy_lds|96410|469|38
2026-08-17|iYpoHyDQ63w|54319|334|5
2026-08-17|wai167n7SCE|58616|417|101
2026-08-17|4Yc5MjG4i_A|4508|64|4
2026-08-17|q4AaoXAUEYw|73390|386|35
2026-08-17|SJOl0hQMdt4|30615|222|6
2026-08-17|iR69h2bZlTs|22229|172|2
2026-08-17|Y3iOvi14-0Q|36468|244|21
2026-08-17|ESKVYxOOaAg|41300|234|9
2026-08-17|ri23T-gZAQA|21035|167|28
2026-08-17|dK7FLhw5fsw|1359|11|1
2026-08-17|pFUchLe4-GI|69474|406|54
2026-08-17|m_4Bhs-qj7o|48623|364|27
2026-08-17|EdsuNvqrij0|51463|249|12
2026-08-17|vg9e07N9ypo|24597|176|8
2026-08-17|Bk6DeEedYGs|2499283|32301|6544
2026-08-17|mrZQgny_ZI4|114662|1452|106
2026-08-17|37ZRxKl_plk|83319|423|2
2026-08-17|8DEjQH80qWw|659111|10411|2196
2026-08-17|tc2Ir0VgJm8|125474|756|123
2026-08-17|YVS_hqXUh0U|103857|531|13
2026-08-17|RSkcr5jzqLs|103059|651|13
2026-08-17|7bedlVnts9s|38067|266|5
2026-08-17|l9IViUdrkj8|128995|721|19
2026-08-17|F6cpw5mzyRs|70641|1708|156
2026-08-17|e8bmerofVCY|8083|45|1
2026-08-17|z5aacznsXXg|89298|506|6
2026-08-17|vWfU_Gd2Tcw|160362|618|38
2026-08-17|Ez369rb2OgA|10562|59|3
2026-08-17|grQc5e0HqSQ|6424|108|10
2026-08-17|XEWAeIfM-HU|44254|292|16
2026-08-17|rHgLNjHNy58|346920|2722|63
2026-08-17|TahZdF3EfsY|7360|93|3
2026-08-17|d5LgzcgdbO0|25132|114|0
2026-08-17|heEK0-Mxzms|11523|59|0
2026-08-17|LExgAKyqrKE|3330|21|0
2026-08-17|QXXi5y1iLlA|22097|204|8
2026-08-17|eSG46O7B5jc|17385|303|19
2026-08-17|Gl-Qamnz70E|677|5|3
2026-08-17|QI7yl2zMG4Y|22476|637|26
2026-08-17|QUFiMhUsH00|4005|49|5
2026-08-17|08ModRpnygY|10411|102|1
2026-08-17|2gXKvG7BpqA|19990|67|0
2026-08-17|uj2hDScyEmA|8281|60|1
2026-08-17|Z2rEwN9iP0s|1|0|0
2026-08-17|Xle55tfm5xQ|166491|731|46
2026-08-17|PKvy2pU_G28|32583|770|64
2026-08-17|d2Y0C8qqKNY|23229|114|0
2026-08-17|CDaa3kniGBc|124184|576|68
2026-08-17|HTMB_WRA7pA|15065|220|10
2026-08-17|UN7VZ736sPw|141713|3019|224
2026-08-17|tIonviGOIMc|1806|9|0
2026-08-17|k-ZESCo1w2c|119559|714|21
2026-08-17|HByDsO-rU2g|18181|212|5
2026-08-17|GQd_dDDdQ6Q|47133|363|10
2026-08-17|a7dkIJeelSQ|43501|116|1
2026-08-17|k-Fhh8ppHS8|96499|415|35
2026-08-17|L7A7omhf89Y|241051|1480|66
2026-08-17|0q--cQcykiw|37679|194|540
2026-08-17|Dtp6-Qmt67M|132817|746|62
2026-08-17|evJV5Wiiuh0|8263|130|3
2026-08-17|zvJ_II_IhWc|75647|88|1
2026-08-17|P9LgbChxDec|6253|111|3
2026-08-17|uAUrSoErBSY|1563|27|0
2026-08-17|NfklvCxhkbM|6343|146|6
2026-08-17|QzWYgTAlPm8|15504|191|3
2026-08-17|szRpntFKsDk|9015|234|12
2026-08-17|cP_x27wU8-A|12817|178|10
2026-08-17|pkGxK75_6Ns|834226|293|28
2026-08-17|uUPTw6eK_9o|7084|91|15
2026-08-17|Cc5s6iINLRA|43715|256|15
2026-08-17|bipfAvaxv14|5718|104|8
2026-08-17|BsXOgAuM7_8|6115|82|15
2026-08-17|GohDcTQaeCM|3056|46|2
2026-08-17|pShVcQP95VE|1328|10|1
2026-08-17|7MdNaan14ks|99593|672|6
2026-08-17|EELI86wZ-Fo|28407|203|11
2026-08-17|imZpXVYbpMM|129726|765|131
2026-08-17|TT24Qm4Y4jI|136|10|2
2026-08-17|rZdita3r1tA|9690|122|0
2026-08-17|w6zOirlTfOY|30440|565|22
2026-08-17|PqMBMUQPbqU|135|0|0
2026-08-17|4kGxrln1dJk|85895|347|12
2026-08-17|OyNDBECyv1g|24355|110|1
2026-08-17|bZGzp__4BdQ|43939|156|1
2026-08-17|qsOF-bFfA6w|24511|150|2
2026-08-17|WEe9DLcj0wM|38021|490|16
2026-08-17|YEPcPQOXZxg|114378|424|163
2026-08-17|M9dMv4MWNAs|118697|856|184
2026-08-17|EEcg7Mwgyr8|162157|1354|95
2026-08-17|QR6I2gSUCSc|175864|557|30
2026-08-17|V1UVwCkK7HE|19176|404|73
2026-08-17|KFKOFmoydK8|34071|344|37
2026-08-17|fk-kzistXPA|1351|12|1
2026-08-17|NlW7jG5s0xM|45693|321|2
2026-08-17|BcOjFjFNPV0|65339|393|709
2026-08-17|NT3OlGgRD7Y|56464|283|283
2026-08-17|3qr74raS4UY|8364|64|0
2026-08-17|YWv2N6i57t8|87717|1044|242
2026-08-17|7g6hNbN7d8I|78282|477|637
2026-08-17|g8gCP5LNAMo|15689|117|458
2026-08-17|P_UkbBjwSGU|15844|178|4
2026-08-17|8HvbbXcGl5g|20143|291|5
2026-08-17|7fI9IQWEksM|36000|469|14
2026-08-17|8zjoe4PsvPY|10215|196|4
2026-08-17|P7J_DV3XilI|45134|187|0
2026-08-17|Efk5lRT__qg|13933|49|0
2026-08-17|52O8ZhLt9so|10592|43|0
2026-08-17|9wgYxisWDIE|17281|218|4
2026-08-17|ViydhAhH5rg|3193|49|3
2026-08-17|r5s1UZdohDc|15116|48|8
2026-08-17|HZo_cGHLInw|111660|671|1329
2026-08-17|BK2vnLC8beA|24826|123|845
2026-08-17|ewJcc_ZOUGc|70426|326|702
2026-08-17|i11RMqpL9DI|13008|109|4
2026-08-17|kXOoubCAq6o|39811|287|14
2026-08-17|zpMH7qYLOXY|53523|525|14
2026-08-17|Sjj-opbqufk|69157|132|2
2026-08-17|pX0BeLmiZN8|7229|49|0
2026-08-17|8IYnSyVMo_g|23770|458|100
2026-08-17|bKejwkt9EJ8|201|9|0
2026-08-17|3l66go3NkdU|8106|164|48
2026-08-17|PpuybxRl3KU|4974|75|1
2026-08-17|QZ3YtbRPbQ0|9465|137|11
2026-08-17|sqSJyw7ypDM|4789|121|7
2026-08-17|rahXZqtrrro|3766|54|1
2026-08-17|ENYWUmzvHMg|446859|3007|55
2026-08-17|Um_nZm7pofY|153929|803|105
2026-08-17|CiMXgF-T_PA|121928|925|84
2026-08-17|ws8vrjwMpCQ|31920|180|1
2026-08-17|PfWwYwX72ec|10937|99|5
2026-08-17|TEo_dckA_Ow|55178|260|1
2026-08-17|JBsgYiDVNqk|37674|343|2
2026-08-17|EZKN0B4oc1Y|31248|229|22
2026-08-17|7EzdFWQtqxE|112498|329|1
2026-08-17|RotkTIcvYmA|73527|1004|51
2026-08-17|nw4wb-XqATM|32099|292|5
2026-08-17|oScTtHs-J48|31194|196|22
2026-08-17|pxRhMsM3dk8|16617|144|0
2026-08-17|4JliDISqH-0|20814|112|2
2026-08-17|Jicdhwh1QlY|27593|213|32
2026-08-17|gkSkQGudRe0|4946|53|5
2026-08-17|oNvvA0qxN5I|40302|216|3
2026-08-17|Ixv1EZJr1mY|35420|301|13
2026-08-17|YfpCi4F8ZfA|222145|1524|162
2026-08-17|S9mHDceQDAM|6660|88|4
2026-08-17|5YYpTQVWJmY|1976|35|3
2026-08-17|IesH9tLi9Bo|7899|81|4
2026-08-17|qCRXSt0bWv8|12873|95|7
2026-08-17|7Mog37NkEts|5689|49|2
2026-08-17|hnczegWtEaY|5398|61|10
2026-08-17|gM3daQf6KIM|4167|48|11
2026-08-17|6mrreOT4ymQ|14083|124|2
2026-08-17|pvzEae9duLo|18928|245|6
2026-08-17|V00_EKYS-uA|10220|40|2
2026-08-17|Ox8uYiQ3Kv8|26362|311|9
2026-08-17|-85_HBhP0G4|45760|332|21
2026-08-17|AIR_6Wz9lIA|51166|6541|920
2026-08-17|Ktmn02ssl-E|168911|3414|350
2026-08-17|hedFpVOjmXI|9466|62|0
2026-08-17|cGvEo7rbNxM|1927|7|0
2026-08-17|ii56K2NM3uU|62999|351|126
2026-08-17|EWGw29_Afwo|7933|67|12
2026-08-17|lbNPcqrIHSc|978|69|1
2026-08-17|h03Kc0luhGM|1554|38|1
2026-08-17|1Hwiq8wNXi4|475013|350|10
2026-08-17|TyJ5V_-NJ6E|377|33|2
2026-08-17|R6RHoqZIVXk|26702|206|13
2026-08-17|uKHTRaalZhg|20768|159|5
2026-08-17|ur5bgKW7wWw|17704|158|5
2026-08-17|HpgKIxMKd1g|2484|61|3
2026-08-17|dy8SGjao1B8|93457|660|116
2026-08-17|tE8pxnNRYog|27690|142|2
2026-08-17|O1yp6cDW9Kg|794438|954|2
2026-08-17|MQRg3zHT3eE|54573|77|1
2026-08-17|tPvNDwaOh50|3687|16|2
2026-08-17|fng8GGdtqYw|5778|13|0
2026-08-17|Pab_yzyySLg|12022|49|0
2026-08-17|zq41DyqPtTQ|16272|260|28
2026-08-17|gDoM0ZZMcEM|7156|52|2
2026-08-17|3b6jDgBft7o|15750|98|2
2026-08-17|orateG9e1WE|9626|45|0
2026-08-17|8N6uilTfl3E|22372|334|26
2026-08-17|fvIDIey7FS8|1610|9|0
2026-08-17|kdJfB_OU-ic|22042|150|3
2026-08-17|mGOQF06UsZA|70166|364|17
2026-08-17|ColRo2AHuHQ|32628|183|13
2026-08-17|_zx0SPam7SE|3068|15|0
2026-08-17|Fd_k8KuEnWU|2500|17|0
2026-08-17|4OQEJvagvtw|6424|76|1
2026-08-17|LKaTbMU--HA|14734|110|27
2026-08-17|_BHikZFV9kM|11408|93|106
2026-08-17|Lqa9hW8DzD0|26714|188|60
2026-08-17|2ZVyZJTecYc|18053|133|9
2026-08-17|Yk3mEmmiuW4|13203|162|11
2026-08-17|u4d_XcfVKyM|16860|148|3
2026-08-17|QJ46VRQ2qj4|19009|150|4
2026-08-17|1-wElDGkDXo|78|0|0
2026-08-17|TbU6nxG8VWA|1627|53|0
2026-08-17|INk_IuaUFXI|563423|2503|21
2026-08-17|2KH4vKi9eZM|1431424|15436|205
2026-08-17|_LwLTuY6zn0|2512|18|10
2026-08-17|F2__OrkIlK8|28858|386|17
2026-08-17|U9KtrPgfdeQ|352863|1445|26
2026-08-17|D7EkFK0CiH4|2717|21|1
2026-08-17|45f6KvjV4ZM|142012|1772|98
2026-08-17|EM-6TBKgANo|118|0|1
2026-08-17|NOSNPntFsYo|95|0|0
2026-08-17|1k_2bervFV8|1559351|30739|1779
2026-08-17|40QzOGPYRtI|20140|204|2
2026-08-17|QnzOhCDNXlU|92663|691|3
2026-08-17|cUrUnUvb_cE|13298|318|2
2026-08-17|yNFf9COiQpU|2078|35|2
2026-08-17|4L-IXbvZNt8|24765|325|42
2026-08-17|zXcxXddFEP0|164543|1349|489
2026-08-17|y7GwgnajxBA|12740|92|5
2026-08-17|8tf16Bilpro|122685|208|19
2026-08-17|ISMsUyHfoYQ|2085|16|1
2026-08-17|MoXI32X3ZTM|2976|10|0
2026-08-17|R7ZbszVLFQs|6822077|364211|80318
2026-08-17|J_j4Sm1KxvU|27740|186|0
2026-08-17|258sBE-33ME|3201|16|1
2026-08-17|9XjXwSCz3ak|1591|12|0
2026-08-17|L6zcw_nNAoU|2453|11|0
2026-08-17|eNBKaxYZzqE|291973|1176|110
2026-08-17|JYk-tdZjd44|8229|43|1
2026-08-17|bW5T6sefeMg|28685|558|5
2026-08-17|t98p8K_BUUU|37994|699|22
2026-08-17|7aJR5Is13Rs|1789|149|4
2026-08-17|J2j732wfbDc|6286|21|0
2026-08-17|huM_6eBEIsE|5309|21|4
2026-08-17|Ki1p1sZWHQ8|8469|183|16
2026-08-17|w5dmHHL3rrA|10754|184|1
2026-08-17|7J43qPOi_po|4802|27|5
2026-08-17|AGHmM-wS5JY|20818|157|5
2026-08-17|TOzUoQv3A4c|18234|149|8
2026-08-17|6Se3LRjzpoc|958|24|0
2026-08-17|21GRBKYFBYc|31954|253|48
2026-08-17|Dqa331wSC_I|126185|161|15
2026-08-17|wNBzt5O1iyw|2206085|92278|5666
2026-08-17|QGLoTlHRJmk|28327|454|2
2026-08-17|K89AqzlDG0Y|171163|1440|369
2026-08-17|Ap8E0nu7eXc|182235|2673|389
2026-08-17|fxtyOfGb7PU|27228|159|1
2026-08-17|_NuxM1ZqIvU|203558|1662|14
2026-08-17|424EzGWbAHI|5798|177|0
2026-08-17|tlXEQGAR33w|5726|115|1
2026-08-17|0JL6_YHCiEc|2015|16|5
2026-08-17|eKjYpiKHUSw|10041|96|2
2026-08-17|fWK86Z1taf0|113560|371|34
2026-08-17|U_bcOyQR3BU|478|4|2
2026-08-17|WJ-J7Ske_KU|1213|8|0
2026-08-17|KgI9dq9rIqM|2079|11|1
2026-08-17|RqHqmQCo63M|4485|20|0
2026-08-17|fyHUI3NVk78|1164|8|0
2026-08-17|asXkWT7KsrA|969|2|0
2026-08-17|AvC-KU5V3nk|2720|22|0
2026-08-17|Kmqay1WvXlQ|7937|154|0
2026-08-17|ysscrJ1scEs|6527|89|5
2026-08-17|K-JLPJBWdFQ|9174|167|74
2026-08-17|qB2kvKeR_5U|1747|28|0
2026-08-17|buMcbYYEv5k|2873|46|2
2026-08-17|4vmZKv2-ETw|2014|29|0
2026-08-17|0vn9bbjnUFw|204222|1202|159
2026-08-17|-NKuCX-kbbM|298546|152|18
2026-08-17|htaiAyc1JqM|4200|32|2
2026-08-17|4RdYXh16w6M|21717|124|7
2026-08-17|_IPax25RqVQ|14508|127|10
2026-08-17|eS45fZEPD28|11687|186|8
2026-08-17|e7xLLSb0gV0|11924|36|0
2026-08-17|-7yndaATFW8|9332|66|8
2026-08-17|cUyf7joy_3g|26613|144|14
2026-08-17|pdHqUpvSx8M|7032|37|4
2026-08-17|-0sbubkLYQ0|2319|4|0
2026-08-17|rkmjh_IQ6fI|115111|383|13
2026-08-17|-2kTSzXOakM|34452|131|1
2026-08-17|wMBYQ5df2Xk|17531|88|2
2026-08-17|DeMJlexGzfU|678078|10630|358
2026-08-17|pHbDYoSjEuw|62237|747|75
2026-08-17|jCUhD29hYjE|22801|176|19
2026-08-17|85EoD5Ol1YQ|17717|76|8
2026-08-17|Y5FQCNsvLlM|28954|192|3
2026-08-17|dVi8YEpcegQ|914798|4416|391
2026-08-17|tNDS7dwwnuQ|17254|180|19
2026-08-17|uqppG3auJV0|330601|1127|202
2026-08-17|vdHmNjvmync|70417|442|88
2026-08-17|lBgfDrB1P8U|8211|18|0
2026-08-17|xWaVF5xXQD4|14782|126|17
2026-08-17|nZi0kQGkdjc|21573|145|2
2026-08-17|0FwQmVsIAs8|29680|206|6
2026-08-17|97Y7ZYPdPI8|53073|190|7
2026-08-17|PqKNN_OKHO8|17177|144|6
2026-08-17|u8iC7uQKgu0|18495|149|5
2026-08-17|XJ_QjacYIC8|22798|187|5
2026-08-17|4yX90o6Kx2M|20499|157|4
2026-08-17|R_96f0dOF68|36054|210|18
2026-08-17|9NzlBLkSCnM|27288|271|9
2026-08-17|NvpjYi8otD0|8809|80|7
2026-08-17|B9VckdOZGWI|10175|27|2
2026-08-17|4-Appe6IhbU|10518|30|1
2026-08-17|S0oR3ZPsYHQ|7061|9|0
2026-08-17|bA2xP8dHJ-w|4673|13|0
2026-08-17|rS3DTc4dJJE|2964|3|0
2026-08-17|A-9ypESV-HU|2162|11|1
2026-08-17|2Gh7JKfG4Sk|8408|49|3
2026-08-17|gIyGuvAYHLk|5144|14|0
2026-08-17|8UWvf7t2nmw|7269|102|2
2026-08-17|4mLUwjRwUPg|28405|405|36
2026-08-17|Vjh7-mu0fdg|28030|157|116
2026-08-17|KIgI2ej3Esk|478042|2003|215
2026-08-17|Nt-I7b_T6-4|5981|91|1
2026-08-17|PqYUUWyvqhY|18878|257|0
2026-08-17|MBR3O1MsQgg|2440|24|2
2026-08-17|STnL0-w0Cb8|10109|181|2
2026-08-17|r4JVUA0eSmA|60026|371|4
2026-08-17|iNkp5VeyABI|1086|18|0
2026-08-17|_P7gEq9JDCY|11183|127|8
2026-08-17|1QGUbCL8ntw|33548|870|68
2026-08-17|_A9X_E_O11M|3937|45|21
2026-08-17|47yNvkGVC_k|71776|649|30
2026-08-17|GwdlNJJjfig|34074|324|14
2026-08-17|E1IwDRQ5-zk|20545|68|0
2026-08-17|f1TJ6V-fuNA|35717|303|2
2026-08-17|XcTgUJMjG2c|83018|17|1
2026-08-17|IKxJ52GsdMw|119393|838|2459
2026-08-17|-UUKQxGxI9Y|15055|71|1
2026-08-17|T38E1_5cd_I|24760|96|1
2026-08-17|fiJyDn9OrM8|174800|792|20
2026-08-17|92JVhRzD5HU|205792|970|43
2026-08-17|-6gQva2MM6c|88254|290|5
2026-08-17|whrsuXGt2U4|16140|174|1
2026-08-17|RRfROU-S7aU|563712|3330|1033
2026-08-17|GceTvW7gNjs|11960|199|2
2026-08-17|HmlhCfifIqg|1567|0|0
2026-08-17|UDKvqLeQny0|6779|37|2
2026-08-17|YnZ4moBcbnQ|16630|61|64
2026-08-17|ck3mpjQVU_I|15368|57|37
2026-08-17|V6zZw8M_NCI|205|7|0
2026-08-17|cmQRqEzFcCU|576|26|2
2026-08-17|w8Ay9WnA1cw|426415|558|16
2026-08-17|XODvu6tvQXg|8366|103|12
2026-08-17|rIXGiyFlkkw|551|40|1
2026-08-17|Gx9Zl5SAry0|1610|0|2
2026-08-17|E3wZ330o1u4|1196|0|2
2026-08-17|aNPpzMJIiLU|11383|408|68
2026-08-17|UU_BYZ3yQ8g|132|0|0
2026-08-17|gbTx9uWqPw0|94|0|0
2026-08-17|qO4de5Gydv4|1245|0|2
2026-08-17|xnZkAh9VDwI|98|0|0
2026-08-17|AzCkR4Js5yQ|107337|1043|78
2026-08-17|FFudvEieksY|36239|484|26
2026-08-17|SubvCeD_dXE|1436|165|15
2026-08-17|Un1BrMB1s_c|797|32|9
2026-08-17|1-273RwMv7U|13566|159|7
2026-08-17|wFxldqcyQQc|791|12|2
2026-08-17|HF1Z7S3Y9qk|1163|20|3
2026-08-17|N00bEWsLw1k|265755|1309|196
2026-08-17|DpSASz93jjI|228055|3068|1107
2026-08-17|4xJ-VLPtvBs|68330|347|79
2026-08-17|MohD_xPizqA|48408|251|19
2026-08-17|UWvgJBpWWZ8|72220|316|3
2026-08-17|NwGuTN6W8T4|291589|722|6
2026-08-17|mWsVAfrW6Z8|840|12|0
2026-08-17|e8sohhoNDQ8|15118|113|5
2026-08-17|ebKfLPB24M4|14356|93|0
2026-08-17|z-N90PZWGjI|20850|144|0
2026-08-17|LGUEVtyMNKc|1140077|11067|152
2026-08-17|PpGeBBw14MQ|72417|943|989
2026-08-17|3SdqhUO1zDM|34956|316|1
2026-08-17|eLM7_ozYK64|307766|5221|87
2026-08-17|Y_FtL4dop4U|23083|184|6
2026-08-17|XasRENbvxSs|112546|1617|78
2026-08-17|BBnGWP1cf_E|727024|6581|203
2026-08-17|XyvS3r-LWgk|198672|702|17
2026-08-17|7IQgjlW_l9A|1023|33|5
2026-08-17|W3Tvn74rCcU|3747|15|0
2026-08-17|NvwwlRuhrKA|193|3|0
2026-08-17|Ae0b6R9cmM8|886|20|1
2026-08-17|bqyReusaAlw|817|172|25
2026-08-17|N-mVIa1N9K8|15406|99|14
2026-08-17|gXdk7t9c2xA|17190|145|39
2026-08-17|CcwEb5uwgUc|26786|156|25
2026-08-17|urDGYm9YYsk|12219|77|4
2026-08-17|EmRgSge4NNc|7226|83|6
2026-08-17|oeEP_IkNUEE|4263|9|0
2026-08-17|SiMjdZTylHQ|7186|294|16
2026-08-17|fHg9xqIdcq8|7631|21|0
2026-08-17|6vJDiGLLZZA|15982|37|0
2026-08-17|473Mh2fwh_U|34037|157|17
2026-08-17|aQ-aha9CK-w|1008|3|1
2026-08-17|heQgQcwAQ_g|14213|142|6
2026-08-17|qyqZBbmkAw4|8107|54|0
2026-08-17|bqD9ZtDkSNk|18390|116|3
2026-08-17|HU22Ix4vwsg|823|7|0
2026-08-17|yGtJCnqiFbk|8153|95|4
2026-08-17|bP0iK7RvnI8|8324|45|0
2026-08-17|hjzF1pWzcdE|193561|444|15
2026-08-17|Q5W1QlAwqvs|19396|76|6
2026-08-17|7lLpzqTGDZU|6098|33|1
2026-08-17|mkem9VutXA8|9064|48|1
2026-08-17|Klv0yc3Qvos|16253|152|7
2026-08-17|CKS65LRZ388|15004|131|3
2026-08-17|jRe_UMVE98w|755|28|1
2026-08-17|fLn-Ke5Q4t0|18926|177|5
2026-08-17|imsDJHfC3y8|6616|642|20
2026-08-17|URA26dGOGvQ|982|15|1
2026-08-17|oXQQxucE3uc|249274|1672|4
2026-08-17|7JiN5yyTqtM|751|14|0
2026-08-17|OSW-lHd-s-4|1978|107|23
2026-08-17|Tj4MwfNU-Eg|2046|71|10
2026-08-17|epjKR83ahqk|1373|40|3
2026-08-17|_Soi1Yi2r8Y|2378|38|10
2026-08-17|48AifKeqgD8|542|7|3
2026-08-17|MXInlonsmcQ|4140|441|14
2026-08-17|uxBbojcu9mk|4475|8|0
2026-08-17|qrd7JE_YkB8|146040|1328|171
2026-08-17|R4Jnk6WSI40|1464498|1331|61
2026-08-17|20Q5GouaIJY|43502|255|15
2026-08-17|UxGA3uijEco|48419|264|7
2026-08-17|SCyfq1h4C-0|607053|10007|808
2026-08-18|WCFKnlGdQk0|392|5|0
2026-08-18|XJB_vRFdwPk|1259|2|0
2026-08-18|jRACq5pTtdw|1708|10|1
2026-08-18|oJRw4w1KOaE|61570|287|306
2026-08-18|Kw8oPAZVzU0|541|5|1
2026-08-18|fFqDeSWw7QA|244|8|2
2026-08-18|Wb0rLBtZUQA|212|6|1
2026-08-18|mQmxAQDjddk|306|4|0
2026-08-18|OUDG8mvKsxA|986|5|1
2026-08-18|aA5e4RJt2DE|131|3|1
2026-08-18|e3TSm10tmJc|429|5|0
2026-08-18|txJ0HXK_k6c|122|5|1
2026-08-18|FX5bGzRoOMA|3111|12|9
2026-08-18|nHLDx-iG_WM|135|4|1
2026-08-18|iOaOsaS7z4o|2382|9|1
2026-08-18|FMk7CdxulUw|591|14|0
2026-08-18|vmtwhdXo_VA|9592|66|3
2026-08-18|s9VxXCHriTA|14340|356|2
2026-08-18|Hn2yuN7Ybrg|784|6|0
2026-08-18|IBY-u0vk06U|232|4|1
2026-08-18|_k6KX8g-g3Q|309|18|0
2026-08-18|dBqu8VEf6Vs|6802|23|0
2026-08-18|BIO4h5w-C64|3961|36|0
2026-08-18|GbTpIJxsvEs|20231|156|5
2026-08-18|uPsf7La9Cc8|86273|1596|275
2026-08-18|ya-X9O3eSCA|3127|19|0
2026-08-18|cx5QIblWLmU|110532|1151|23
2026-08-18|bQke3yVOOP8|3896|47|3
2026-08-18|zDHETZ4FmkQ|1402|5|0
2026-08-18|UUhhpGmN8ws|1026|4|0
2026-08-18|yh0uf9NhTlo|11105|47|0
2026-08-18|SLf-A3-_Jhg|5893|107|3
2026-08-18|VFUWIr-6s8U|161252|945|155
2026-08-18|A-VhlJWJ5Z0|83860|732|103
2026-08-18|8W5DtUCDrFU|11018|197|37
2026-08-18|m3badHxhZeE|106876|1190|10
2026-08-18|ZaFyKreusP4|143970|1069|5
2026-08-18|rd5pF9Qj_C8|113080|1079|35
2026-08-18|_FAK3RSltgE|81981|1598|95
2026-08-18|bBUPHg-bt6o|56602|436|9
2026-08-18|d8sEBdwKbeU|71339|402|8
2026-08-18|1y0sBsvlrZ4|49893|357|0
2026-08-18|XzhVgm7YHDg|11708|55|0
2026-08-18|pxjOA-QHsAU|15400|26|0
2026-08-18|jjTNqXSnxyY|6778|64|3
2026-08-18|m3ABEdglOzo|12843|83|0
2026-08-18|F0POi2ifNHY|33812|135|0
2026-08-18|wq6XinZEP6k|80027|382|6
2026-08-18|0tEZWFtcK8w|44026|395|27
2026-08-18|kgZshY-oyqw|56186|528|43
2026-08-18|2O9NLME3ALY|43086|578|10
2026-08-18|RqZSRtSOrEI|20299|801|18
2026-08-18|wDOCNoX3qNk|265536|2885|1386
2026-08-18|yVbeDod2EnU|173081|898|155
2026-08-18|MCLX7anEh5s|348946|115808|9061
2026-08-18|8432ojUkz9A|94223|1067|65
2026-08-18|Hpkm5RMU-Xg|102718|701|154
2026-08-18|Gn4gOofG-1M|12677|86|3
2026-08-18|ZT1KEFR-yVQ|5945|17|0
2026-08-18|ggyeXegX3Zw|2176|60|1
2026-08-18|Xtv-LyqKbAI|14885|171|22
2026-08-18|vOJSTQ2qMHQ|8606|99|8
2026-08-18|pvY_zJAL-as|13675|123|11
2026-08-18|DHKiNduuwmM|7168|92|4
2026-08-18|ne-xrvvyMR8|10842|109|5
2026-08-18|BQx0yuvvZD0|8069|103|8
2026-08-18|TMFUcmkq5ZE|10065|143|30
2026-08-18|LlzmqpwWsqs|12836|127|7
2026-08-18|tDpmqb1dSh8|9610|109|15
2026-08-18|OP_FpaI1ObQ|11746|112|11
2026-08-18|i02CaWkvreI|14706|144|14
2026-08-18|hF97MaR_tOs|12935|100|12
2026-08-18|NCqAKkHPvZg|14714|121|17
2026-08-18|SbxORZ4nF3Y|1623|9|0
2026-08-18|Y-QFC92rmEo|1864|11|0
2026-08-18|ElLIEDo8oTs|3181|40|0
2026-08-18|IouWXVbt3ag|2567|23|0
2026-08-18|e4peNm_9Vcw|3221|12|0
2026-08-18|ufntKMCLpzM|2238|40|0
2026-08-18|g_2m2ZURf20|513|6|0
2026-08-18|yV0b0eZEFNE|420|1|0
2026-08-18|qeCXJ9H7jhY|840|8|0
2026-08-18|wgPfv_UHQTY|601|11|0
2026-08-18|sQX_x8P66B0|2253|29|0
2026-08-18|qepXclDzPcI|2951|34|3
2026-08-18|VQfWHYWxNYU|1102|7|0
2026-08-18|imXyoZ5aGus|1530|31|3
2026-08-18|Y0TwxBCuvt4|7481|21|14
2026-08-18|jN7h0CHLDSA|11822|132|11
2026-08-18|YTp9Nru7yNc|8443|82|10
2026-08-18|Rqin1ZlqnqQ|1464|23|0
2026-08-18|6ACavYG1-UE|4948|97|1
2026-08-18|3hXMlvJ1HnU|21793|141|20
2026-08-18|pUnslqwHJxc|205387|1569|55
2026-08-18|gMt_iuCV8AY|14305|107|1
2026-08-18|MXA7EPHdMws|21311|110|0
2026-08-18|XBxShge-Eq8|4838|37|3
2026-08-18|w-qHbBK5zo0|67902|201|1
2026-08-18|hHevRNS0arA|66317|354|4
2026-08-18|iM-JbmfL8E8|115672|1345|115
2026-08-18|aRz9SwtGhA8|5256|108|5
2026-08-18|VziJV04aoEM|96784|492|11
2026-08-18|eMoPmLRe_7A|18700|0|2
2026-08-18|fXMMi0H1vik|1457|12|0
2026-08-18|hlTglULFP5c|39237|393|30
2026-08-18|M8s5Ctfa__c|630496|4578|4825
2026-08-18|HlLgnipNoxc|1009402|8546|8123
2026-08-18|5ZCns30jK0M|3370|27|0
2026-08-18|mnsuNcC2wHQ|9926|45|25
2026-08-18|h4Z0IAGI2WM|922475|8731|9477
2026-08-18|izhre3U9Rbw|244334|1764|56
2026-08-18|-sOZft157x8|24215|0|7
2026-08-18|T-cV280XzRc|5851|45|2
2026-08-18|fWvao7X2q1w|2993|37|1
2026-08-18|kfjttTF-JEU|210750|141|4
2026-08-18|WAWdL4hPAUQ|19368|169|7
2026-08-18|4Yc5MjG4i_A|9323|100|7
2026-08-18|qwHhzrpoAbg|8040|45|0
2026-08-18|K0frTiETVg0|189298|4177|2620
2026-08-18|Eja1bVedqBs|187569|1159|147
2026-08-18|JjwO2GRGJ9k|6478|52|2
2026-08-18|_ZkgB3lE6BM|18680|102|5
2026-08-18|d_nAWNI1Q2E|54714|336|9
2026-08-18|cG9H8nTEusU|159144|1061|101
2026-08-18|5zWRiiLX59M|44639|926|20
2026-08-18|-vvvNkDud2U|227688|5574|342
2026-08-18|8A7m40RQeXQ|174961|1102|25
2026-08-18|CNQBP96nYN8|14718|365|20
2026-08-18|JkDHyVy_lds|159956|651|52
2026-08-18|HtklHMae1xM|27001|358|8
2026-08-18|dK7FLhw5fsw|2494|25|2
2026-08-18|MpshiiPO9NU|54817|237|1
2026-08-18|NAsiczi6_QI|163756|981|45
2026-08-18|_bNDST5QXWw|87417|415|89
2026-08-18|iYpoHyDQ63w|88324|444|9
2026-08-18|pD_OnxiJbJw|1311|9|1
2026-08-18|wai167n7SCE|92584|532|127
2026-08-18|iR69h2bZlTs|32188|196|2
2026-08-18|q4AaoXAUEYw|125460|521|54
2026-08-18|SJOl0hQMdt4|51828|286|12
2026-08-18|Ex7z7tFJNsM|36404|253|21
2026-08-18|nGkReWN4hHk|4003|44|0
2026-08-18|kR0NobcGdRQ|141225|237|5
2026-08-18|HkBrtASj738|9689|264|8
2026-08-18|ri23T-gZAQA|29536|202|33
2026-08-18|EdsuNvqrij0|75606|299|17
2026-08-18|ESKVYxOOaAg|52932|268|9
2026-08-18|0oYBII0gIiQ|4087|100|0
2026-08-18|EjAnW56MJUc|14774|97|287
2026-08-18|KE9P_ktuT3Y|14613|73|285
2026-08-18|IZTH4gC-J2w|63728|408|269
2026-08-18|kVUJmxnVul4|82074|610|477
2026-08-18|UmWjiA7Qpv0|4247|8|0
2026-08-18|dZXf-odwB8A|1095417|23229|1411
2026-08-18|pFUchLe4-GI|116015|517|95
2026-08-18|_pAjkq4uO0A|53057|302|8
2026-08-18|iuC8YxNcDU0|4791|18|0
2026-08-18|m_4Bhs-qj7o|71374|440|31
2026-08-18|YObEtFQpHEM|14484|209|2
2026-08-18|VdcuOQEzvWs|2118|29|0
2026-08-18|5kPPrGFm2Ps|19537|310|3
2026-08-18|y0w4PY9frKU|912|26|0
2026-08-18|wSWXg3V-AXA|7591|61|0
2026-08-18|WxDWugghVi4|5455|45|0
2026-08-18|tbQrmctvR7g|198|6|0
2026-08-18|Y3iOvi14-0Q|56667|308|33
2026-08-18|OLlIQldm2IQ|16449|135|268
2026-08-18|u0579RWqxlY|1871|32|2
2026-08-18|KJjPxCaGZtM|6893|40|1
2026-08-18|R7qcHyPjATk|47030|363|24
2026-08-18|N637X2kkEoI|11473|53|2
2026-08-18|5D585WRFZW4|9564|66|7
2026-08-18|FWqMzCxHU8c|24737|265|13
2026-08-18|l_qB-rhXQrg|3352|33|4
2026-08-18|DlmAyS7yR5s|1930|30|0
2026-08-18|XD29acsqg4Y|4755|60|0
2026-08-18|1Wd8GV-DlzE|14611|42|1
2026-08-18|vg9e07N9ypo|32001|201|9
2026-08-18|A_jMTZvCVKQ|78686|700|49
2026-08-18|rxlgLp0ZpL8|16025|108|1
2026-08-18|yg_ePIdi5r0|14777|80|2
2026-08-18|6jexQMUP2EY|27205|621|16
2026-08-18|IchG68X0X-c|123897|897|34
2026-08-18|AGjUFM9Q44g|35727|880|39
2026-08-18|8xO8x29OCws|5170|83|0
2026-08-18|PpuybxRl3KU|5213|77|1
2026-08-18|ViydhAhH5rg|3638|56|3
2026-08-18|9wgYxisWDIE|18983|246|4
2026-08-18|i11RMqpL9DI|15569|122|4
2026-08-18|52O8ZhLt9so|11009|45|0
2026-08-18|BK2vnLC8beA|26458|127|880
2026-08-18|BcOjFjFNPV0|72363|435|757
2026-08-18|7fI9IQWEksM|50982|742|19
2026-08-18|HZo_cGHLInw|126812|774|1398
2026-08-18|8HvbbXcGl5g|21398|313|6
2026-08-18|P_UkbBjwSGU|18390|208|6
2026-08-18|8zjoe4PsvPY|15559|353|10
2026-08-18|P7J_DV3XilI|50117|210|0
2026-08-18|Efk5lRT__qg|16101|58|0
2026-08-18|ewJcc_ZOUGc|74554|344|719
2026-08-18|CDaa3kniGBc|143347|623|74
2026-08-18|a7dkIJeelSQ|48391|129|1
2026-08-18|Xle55tfm5xQ|193508|803|53
2026-08-18|QzWYgTAlPm8|15852|198|3
2026-08-18|NfklvCxhkbM|6858|157|6
2026-08-18|zvJ_II_IhWc|164873|119|1
2026-08-18|rZdita3r1tA|10168|130|0
2026-08-18|YEPcPQOXZxg|124783|472|171
2026-08-18|M9dMv4MWNAs|129866|905|183
2026-08-18|EEcg7Mwgyr8|179561|1448|94
2026-08-18|V1UVwCkK7HE|24681|466|82
2026-08-18|QR6I2gSUCSc|218618|659|33
2026-08-18|WEe9DLcj0wM|38543|490|16
2026-08-18|qsOF-bFfA6w|24630|150|2
2026-08-18|bZGzp__4BdQ|45497|163|1
2026-08-18|OyNDBECyv1g|24810|113|1
2026-08-18|4kGxrln1dJk|114088|428|16
2026-08-18|w6zOirlTfOY|36610|658|24
2026-08-18|TT24Qm4Y4jI|150|10|2
2026-08-18|imZpXVYbpMM|154412|969|154
2026-08-18|EELI86wZ-Fo|32216|229|14
2026-08-18|7MdNaan14ks|112431|740|6
2026-08-18|pShVcQP95VE|1466|10|1
2026-08-18|KFKOFmoydK8|34560|345|41
2026-08-18|r5s1UZdohDc|18864|59|8
2026-08-18|rHgLNjHNy58|448256|3894|85
2026-08-18|d5LgzcgdbO0|29564|131|0
2026-08-18|QI7yl2zMG4Y|23905|653|27
2026-08-18|Dtp6-Qmt67M|136742|752|62
2026-08-18|L7A7omhf89Y|283273|1641|77
2026-08-18|grQc5e0HqSQ|10034|141|13
2026-08-18|tc2Ir0VgJm8|134918|796|126
2026-08-18|Ez369rb2OgA|11128|62|3
2026-08-18|rahXZqtrrro|4198|61|1
2026-08-18|3qr74raS4UY|9075|66|0
2026-08-18|TahZdF3EfsY|7880|102|3
2026-08-18|heEK0-Mxzms|16722|80|0
2026-08-18|LExgAKyqrKE|3657|21|0
2026-08-18|8IYnSyVMo_g|26573|482|109
2026-08-18|QXXi5y1iLlA|24872|224|8
2026-08-18|QUFiMhUsH00|4534|55|5
2026-08-18|08ModRpnygY|11058|107|1
2026-08-18|uj2hDScyEmA|9077|63|1
2026-08-18|e8bmerofVCY|8939|47|1
2026-08-18|d2Y0C8qqKNY|24829|118|0
2026-08-18|HTMB_WRA7pA|16372|232|10
2026-08-18|tIonviGOIMc|2298|10|0
2026-08-18|k-ZESCo1w2c|136238|779|31
2026-08-18|GQd_dDDdQ6Q|50654|377|10
2026-08-18|k-Fhh8ppHS8|110647|459|38
2026-08-18|vWfU_Gd2Tcw|188934|688|47
2026-08-18|z5aacznsXXg|97869|526|6
2026-08-18|37ZRxKl_plk|91754|451|4
2026-08-18|YVS_hqXUh0U|113066|559|15
2026-08-18|RSkcr5jzqLs|116597|697|17
2026-08-18|7bedlVnts9s|39669|273|5
2026-08-18|l9IViUdrkj8|145782|760|21
2026-08-18|bKejwkt9EJ8|231|10|0
2026-08-18|QZ3YtbRPbQ0|10828|159|11
2026-08-18|3l66go3NkdU|10812|183|57
2026-08-18|pkGxK75_6Ns|1070531|377|34
2026-08-18|8DEjQH80qWw|740302|10937|2250
2026-08-18|mrZQgny_ZI4|154324|1740|128
2026-08-18|7g6hNbN7d8I|86088|525|684
2026-08-18|YWv2N6i57t8|99807|1178|264
2026-08-18|0q--cQcykiw|39449|200|548
2026-08-18|NT3OlGgRD7Y|62790|302|303
2026-08-18|pX0BeLmiZN8|7855|52|0
2026-08-18|sqSJyw7ypDM|6036|172|7
2026-08-18|zpMH7qYLOXY|81414|701|17
2026-08-18|kXOoubCAq6o|47041|318|16
2026-08-18|NlW7jG5s0xM|69504|385|2
2026-08-18|GohDcTQaeCM|3323|47|2
2026-08-18|HByDsO-rU2g|23299|246|5
2026-08-18|BsXOgAuM7_8|8695|95|17
2026-08-18|bipfAvaxv14|5820|107|9
2026-08-18|Cc5s6iINLRA|45275|259|15
2026-08-18|uUPTw6eK_9o|7127|90|15
2026-08-18|cP_x27wU8-A|12636|177|10
2026-08-18|evJV5Wiiuh0|9281|137|3
2026-08-18|szRpntFKsDk|9426|244|12
2026-08-18|Sjj-opbqufk|167683|216|4
2026-08-18|PqMBMUQPbqU|214|0|0
2026-08-18|uAUrSoErBSY|2092|31|0
2026-08-18|P9LgbChxDec|8174|141|3
2026-08-18|Bk6DeEedYGs|3072531|34162|6988
2026-08-18|g8gCP5LNAMo|18215|127|480
2026-08-18|2gXKvG7BpqA|26334|94|0
2026-08-18|XEWAeIfM-HU|48235|323|17
2026-08-18|Z2rEwN9iP0s|1|0|0
2026-08-18|PKvy2pU_G28|47361|1043|82
2026-08-18|fk-kzistXPA|2473|20|1
2026-08-18|eSG46O7B5jc|40286|431|29
2026-08-18|UN7VZ736sPw|173335|3497|249
2026-08-18|F6cpw5mzyRs|92411|1910|167
2026-08-18|Gl-Qamnz70E|690|6|3
2026-08-18|F2__OrkIlK8|30106|402|16
2026-08-18|fvIDIey7FS8|1884|12|0
2026-08-18|mGOQF06UsZA|80201|397|17
2026-08-18|ColRo2AHuHQ|35344|198|13
2026-08-18|_zx0SPam7SE|3163|16|0
2026-08-18|Fd_k8KuEnWU|2580|18|0
2026-08-18|pxRhMsM3dk8|19320|162|0
2026-08-18|4OQEJvagvtw|6793|76|1
2026-08-18|LKaTbMU--HA|15907|110|29
2026-08-18|oScTtHs-J48|33927|211|22
2026-08-18|Lqa9hW8DzD0|29542|201|64
2026-08-18|2ZVyZJTecYc|19010|136|9
2026-08-18|Yk3mEmmiuW4|13758|167|14
2026-08-18|4JliDISqH-0|25204|147|2
2026-08-18|HpgKIxMKd1g|2531|61|3
2026-08-18|nw4wb-XqATM|34976|315|6
2026-08-18|TEo_dckA_Ow|57977|275|1
2026-08-18|O1yp6cDW9Kg|871659|1006|2
2026-08-18|ENYWUmzvHMg|465028|3110|55
2026-08-18|7EzdFWQtqxE|129500|360|1
2026-08-18|cUrUnUvb_cE|15791|364|3
2026-08-18|JBsgYiDVNqk|38981|357|2
2026-08-18|ws8vrjwMpCQ|34658|188|1
2026-08-18|NOSNPntFsYo|96|0|0
2026-08-18|EM-6TBKgANo|122|0|1
2026-08-18|CiMXgF-T_PA|123126|925|84
2026-08-18|RotkTIcvYmA|78438|1069|60
2026-08-18|EZKN0B4oc1Y|38790|266|28
2026-08-18|MQRg3zHT3eE|92407|106|1
2026-08-18|tPvNDwaOh50|3825|16|2
2026-08-18|fng8GGdtqYw|5940|14|0
2026-08-18|Pab_yzyySLg|12396|52|0
2026-08-18|zq41DyqPtTQ|17469|278|29
2026-08-18|gDoM0ZZMcEM|7463|56|2
2026-08-18|3b6jDgBft7o|16364|104|2
2026-08-18|orateG9e1WE|9934|45|0
2026-08-18|8N6uilTfl3E|22545|335|24
2026-08-18|tE8pxnNRYog|27726|143|2
2026-08-18|kdJfB_OU-ic|22612|151|3
2026-08-18|oNvvA0qxN5I|42740|223|3
2026-08-18|hnczegWtEaY|5508|61|10
2026-08-18|gM3daQf6KIM|4272|48|12
2026-08-18|6mrreOT4ymQ|16679|147|2
2026-08-18|pvzEae9duLo|26407|296|7
2026-08-18|V00_EKYS-uA|10541|41|2
2026-08-18|Ox8uYiQ3Kv8|27938|325|9
2026-08-18|-85_HBhP0G4|47145|338|21
2026-08-18|U9KtrPgfdeQ|394847|1635|32
2026-08-18|lbNPcqrIHSc|1093|72|2
2026-08-18|h03Kc0luhGM|1584|38|1
2026-08-18|1Hwiq8wNXi4|686917|437|14
2026-08-18|TyJ5V_-NJ6E|388|33|2
2026-08-18|EWGw29_Afwo|12092|89|16
2026-08-18|ii56K2NM3uU|85803|429|163
2026-08-18|cGvEo7rbNxM|2054|7|0
2026-08-18|hedFpVOjmXI|11917|87|0
2026-08-18|AIR_6Wz9lIA|64367|7098|947
2026-08-18|7Mog37NkEts|6030|49|2
2026-08-18|u4d_XcfVKyM|17537|148|4
2026-08-18|qCRXSt0bWv8|14718|103|7
2026-08-18|QJ46VRQ2qj4|19762|156|5
2026-08-18|Ktmn02ssl-E|178234|3511|353
2026-08-18|ur5bgKW7wWw|18142|158|5
2026-08-18|uKHTRaalZhg|21279|161|5
2026-08-18|R6RHoqZIVXk|28554|214|13
2026-08-18|Ixv1EZJr1mY|35727|302|14
2026-08-18|1-wElDGkDXo|79|0|0
2026-08-18|YfpCi4F8ZfA|233699|1571|166
2026-08-18|2KH4vKi9eZM|1472207|15718|207
2026-08-18|_BHikZFV9kM|12006|98|109
2026-08-18|Jicdhwh1QlY|29854|221|35
2026-08-18|gkSkQGudRe0|5753|56|5
2026-08-18|S9mHDceQDAM|6726|88|4
2026-08-18|5YYpTQVWJmY|2039|36|3
2026-08-18|IesH9tLi9Bo|8237|83|4
2026-08-18|yNFf9COiQpU|2285|37|2
2026-08-18|Um_nZm7pofY|224884|1041|127
2026-08-18|4L-IXbvZNt8|29430|360|42
2026-08-18|MoXI32X3ZTM|3114|10|0
2026-08-18|dy8SGjao1B8|105787|766|111
2026-08-18|QnzOhCDNXlU|127896|954|4
2026-08-18|L6zcw_nNAoU|2576|11|0
2026-08-18|JYk-tdZjd44|10344|53|1
2026-08-18|t98p8K_BUUU|39151|714|22
2026-08-18|huM_6eBEIsE|5630|21|4
2026-08-18|J2j732wfbDc|6553|23|0
2026-08-18|258sBE-33ME|3373|16|1
2026-08-18|TbU6nxG8VWA|1669|55|0
2026-08-18|9XjXwSCz3ak|1685|12|0
2026-08-18|8tf16Bilpro|174559|232|38
2026-08-18|_LwLTuY6zn0|2576|18|10
2026-08-18|y7GwgnajxBA|14057|99|5
2026-08-18|D7EkFK0CiH4|2892|24|1
2026-08-18|ISMsUyHfoYQ|2294|18|1
2026-08-18|40QzOGPYRtI|23364|416|2
2026-08-18|zXcxXddFEP0|171664|1404|500
2026-08-18|45f6KvjV4ZM|160192|1920|111
2026-08-18|1k_2bervFV8|2078373|38722|2196
2026-08-18|7aJR5Is13Rs|2148|163|5
2026-08-18|eNBKaxYZzqE|308374|1211|116
2026-08-18|R7ZbszVLFQs|7526508|380128|83253
2026-08-18|PfWwYwX72ec|13582|117|6
2026-08-18|J_j4Sm1KxvU|29620|207|0
2026-08-18|bW5T6sefeMg|32677|652|5
2026-08-18|INk_IuaUFXI|570316|2531|21
2026-08-18|Y5FQCNsvLlM|29148|193|3
2026-08-18|fxtyOfGb7PU|27464|159|1
2026-08-18|DeMJlexGzfU|715062|11091|365
2026-08-18|IKxJ52GsdMw|120425|843|2486
2026-08-18|_NuxM1ZqIvU|248377|2061|16
2026-08-18|424EzGWbAHI|6715|198|0
2026-08-18|Vjh7-mu0fdg|31105|172|121
2026-08-18|eS45fZEPD28|11868|188|8
2026-08-18|8UWvf7t2nmw|7430|105|2
2026-08-18|7J43qPOi_po|5753|34|7
2026-08-18|U_bcOyQR3BU|486|4|2
2026-08-18|UDKvqLeQny0|6934|38|3
2026-08-18|rkmjh_IQ6fI|125203|408|13
2026-08-18|KgI9dq9rIqM|2251|12|1
2026-08-18|YnZ4moBcbnQ|17738|61|71
2026-08-18|ck3mpjQVU_I|16227|60|38
2026-08-18|V6zZw8M_NCI|245|7|0
2026-08-18|cmQRqEzFcCU|584|26|2
2026-08-18|w8Ay9WnA1cw|539089|583|21
2026-08-18|QGLoTlHRJmk|28352|454|2
2026-08-18|aNPpzMJIiLU|12393|432|69
2026-08-18|rIXGiyFlkkw|549|41|1
2026-08-18|0JL6_YHCiEc|2230|17|3
2026-08-18|wMBYQ5df2Xk|18030|89|3
2026-08-18|4mLUwjRwUPg|29226|413|41
2026-08-18|WJ-J7Ske_KU|1370|8|0
2026-08-18|fyHUI3NVk78|1199|8|0
2026-08-18|RqHqmQCo63M|4936|24|0
2026-08-18|nZi0kQGkdjc|23999|158|2
2026-08-18|1QGUbCL8ntw|33976|877|68
2026-08-18|RRfROU-S7aU|587329|3440|1073
2026-08-18|tNDS7dwwnuQ|17758|185|19
2026-08-18|wNBzt5O1iyw|2244045|95693|5762
2026-08-18|6Se3LRjzpoc|991|24|0
2026-08-18|K89AqzlDG0Y|186212|1519|392
2026-08-18|85EoD5Ol1YQ|19326|88|11
2026-08-18|jCUhD29hYjE|23455|180|20
2026-08-18|pHbDYoSjEuw|76177|916|83
2026-08-18|-UUKQxGxI9Y|18021|81|1
2026-08-18|T38E1_5cd_I|35282|124|1
2026-08-18|w5dmHHL3rrA|13058|224|1
2026-08-18|92JVhRzD5HU|218504|1018|45
2026-08-18|9NzlBLkSCnM|29079|284|9
2026-08-18|-6gQva2MM6c|96085|321|5
2026-08-18|htaiAyc1JqM|4255|32|2
2026-08-18|-0sbubkLYQ0|2340|4|0
2026-08-18|uqppG3auJV0|333424|1134|203
2026-08-18|fiJyDn9OrM8|204341|905|23
2026-08-18|GceTvW7gNjs|12610|211|2
2026-08-18|whrsuXGt2U4|16544|177|1
2026-08-18|Nt-I7b_T6-4|6181|92|1
2026-08-18|PqYUUWyvqhY|20512|269|0
2026-08-18|AvC-KU5V3nk|2788|22|0
2026-08-18|eKjYpiKHUSw|10942|120|2
2026-08-18|asXkWT7KsrA|997|2|0
2026-08-18|-2kTSzXOakM|34744|133|1
2026-08-18|NvpjYi8otD0|9020|80|8
2026-08-18|lBgfDrB1P8U|8293|18|0
2026-08-18|HmlhCfifIqg|1569|0|0
2026-08-18|Dqa331wSC_I|158868|167|15
2026-08-18|gIyGuvAYHLk|5191|14|0
2026-08-18|2Gh7JKfG4Sk|8430|49|3
2026-08-18|Ki1p1sZWHQ8|8631|193|16
2026-08-18|r4JVUA0eSmA|68268|453|5
2026-08-18|-NKuCX-kbbM|351519|171|18
2026-08-18|A-9ypESV-HU|2325|12|1
2026-08-18|rS3DTc4dJJE|3011|3|0
2026-08-18|bA2xP8dHJ-w|4761|13|0
2026-08-18|Gx9Zl5SAry0|1627|0|2
2026-08-18|_A9X_E_O11M|4295|48|21
2026-08-18|E3wZ330o1u4|1197|0|2
2026-08-18|S0oR3ZPsYHQ|7293|10|0
2026-08-18|47yNvkGVC_k|75093|681|31
2026-08-18|vdHmNjvmync|77205|498|96
2026-08-18|xnZkAh9VDwI|98|0|0
2026-08-18|qO4de5Gydv4|1251|0|2
2026-08-18|gbTx9uWqPw0|94|0|0
2026-08-18|UU_BYZ3yQ8g|138|0|0
2026-08-18|4RdYXh16w6M|22010|127|7
2026-08-18|ysscrJ1scEs|6741|91|5
2026-08-18|fWK86Z1taf0|146185|409|34
2026-08-18|MBR3O1MsQgg|2536|27|2
2026-08-18|E1IwDRQ5-zk|20662|68|0
2026-08-18|STnL0-w0Cb8|10819|188|2
2026-08-18|4-Appe6IhbU|10900|32|1
2026-08-18|f1TJ6V-fuNA|36177|307|2
2026-08-18|XcTgUJMjG2c|104453|17|1
2026-08-18|pdHqUpvSx8M|7190|38|4
2026-08-18|dVi8YEpcegQ|928543|4481|395
2026-08-18|K-JLPJBWdFQ|9864|172|75
2026-08-18|R_96f0dOF68|37686|220|23
2026-08-18|Ap8E0nu7eXc|203201|2909|444
2026-08-18|21GRBKYFBYc|32190|253|48
2026-08-18|Kmqay1WvXlQ|9538|183|0
2026-08-18|tlXEQGAR33w|5892|120|1
2026-08-18|TOzUoQv3A4c|18447|149|8
2026-08-18|AGHmM-wS5JY|21038|159|5
2026-08-18|B9VckdOZGWI|10301|27|2
2026-08-19|t7k7Mxb3YMg|19|0|0
2026-08-19|if_sDgl0x30|3438|38|18
2026-08-19|CtZ7IPhsRzg|2686|21|2
2026-08-19|KBX-KZ3oUPw|260|10|0
2026-08-19|c6sKWRvm6-Y|1968|49|5
2026-08-19|ao1__4LOuiI|1165|13|1
2026-08-19|8Bue00za-4Y|1198|19|0
2026-08-19|QcIce7WArv8|3641|29|2
2026-08-19|sPsZbg0qewU|573|1|0
2026-08-19|VOrgr9PbF80|18601|302|30
2026-08-19|bwCryhgCmoc|5160|8|0
2026-08-19|800srB5gKQw|16553|80|0
2026-08-19|ht2d-5FtpuY|11348|79|0
2026-08-19|7MPf6b3qZwg|25677|154|1
2026-08-19|Q6nmLcXVwiQ|58433|289|2
2026-08-19|3qQMX6zlTl4|377191|602|14
2026-08-19|b8l02szLfxU|3263|18|39
2026-08-19|FDPFAoBFfpg|9539|21|2
2026-08-19|rqymJ74kWC4|805|35|4
2026-08-19|GStmvM_o6yw|2340|19|0
2026-08-19|6eYUKAAwq1Q|15902|387|44
2026-08-19|YQLkGV0LXE8|214|32|0
2026-08-19|fxKWFyiTdxQ|1696|46|2
2026-08-19|P22nAFvyzq0|112|5|1
2026-08-19|IDOIHz6fiaM|83735|1540|206
2026-08-19|M0dBu2tuRew|47847|433|2
2026-08-19|p-oW41gJ7Gc|14702|131|14
2026-08-19|0rmCdkuyCts|23472|283|2
2026-08-19|-QXIX_cE148|3008681|33332|747
2026-08-19|yg9CDCViVSE|30495|433|12
2026-08-19|mH6cuW_qf9U|16937|116|74
2026-08-19|Y5zr7ZCp0CU|63845|274|5
2026-08-19|rT-UjldPerg|7484|69|3
2026-08-19|FiTE0FTOLZw|22450|177|13
2026-08-19|pT3BsZQde0k|2276|14|0
2026-08-19|ihPu7XhPdMw|3722|51|0
2026-08-19|PEe5Uk-rYv4|33016|51|1
2026-08-19|L5c5Zxi7Cok|36584|222|0
2026-08-19|aq9q7jNCyAY|769251|8609|362
2026-08-19|vBSzrOidJ5o|45025|710|9
2026-08-19|SpQEocvnTFA|21753|341|54
2026-08-19|JxfhgrCkwas|2527|102|3
2026-08-19|-Yj9tVKLZgI|848987|16331|2131
2026-08-19|3Mhe9Jdkiks|192931|965|348
2026-08-19|WyE2tniaM1s|4828|37|2
2026-08-19|iyVmBYjH92k|89581|838|199
2026-08-19|3wEf-_2i74g|154300|1307|492
2026-08-19|zYu_T7bCc08|576638|946|330
2026-08-19|4p3nTwTboK4|198804|38615|4680
2026-08-19|QqcjHD22WSM|300152|5155|728
2026-08-19|OLm8oBk2R00|44984|54|64
2026-08-19|OqKbXHjQ7kA|204|5|1
2026-08-19|4hXf6Ean-R0|111|2|1
2026-08-19|ciLdbR2JX-0|523|6|0
2026-08-19|u0h_jDzQY_g|110|2|1
2026-08-19|WKfeTCKNnM4|144|3|1
2026-08-19|F46f2ETH760|69|2|2
2026-08-19|pFAnmMf8oYg|113|1|0
2026-08-19|2EkZkQC5-1Y|125|2|0
2026-08-19|DsEaKTQetn8|161|1|0
2026-08-19|K5dyxhbWyGI|87|4|1
2026-08-19|NThW7YAXlOE|251|4|0
2026-08-19|-JINdYWXSvY|84|3|1
2026-08-19|goh-2snTt-c|71|3|1
2026-08-19|PkM1FBYq0sU|144|4|0
2026-08-19|gWUCaYjv7fM|53|1|1
2026-08-19|Hjf-HFqykxQ|2210|9|0
2026-08-19|xtldWMGRfZk|7934|107|3
2026-08-19|IIsgD5A6sB4|1425|17|3
2026-08-19|Ro9v1v73-xM|97620|1675|33
2026-08-19|E6Rwa-WLLAU|2074|18|0
2026-08-19|T8YKeFP46k4|679|3|0
2026-08-19|n-2RJrIYfw4|1933|23|0
2026-08-19|84kkYBUxXho|798|6|0
2026-08-19|FjOEBUCsF_0|4308|32|0
2026-08-19|i05IJQCBuTQ|1799|10|0
2026-08-19|ImC17jMm7bo|1886|28|0
2026-08-19|HEhI8MZLESU|12513|96|4
2026-08-19|VW6qIYrsrJU|6602|65|1
2026-08-19|Chbw30rKHl4|5266|54|2
2026-08-19|1sqULyw26lc|9076|75|3
2026-08-19|FDRR9FMclmA|12947|91|8
2026-08-19|3vgjms-ChjM|10233|132|17
2026-08-19|JtXem536ggI|9506|114|16
2026-08-19|iyCY824Xi1M|8607|107|10
2026-08-19|6Vh2VymcfwM|6687|87|5
2026-08-19|A3GaHR1leJw|8665|97|6
2026-08-19|Z89wwEwgS7A|1175|5|0
2026-08-19|Zw8PPlkE3UE|374|0|0
2026-08-19|KS2CZsT_lLQ|9075|106|7
2026-08-19|h81ODHUXWGE|1221|4|0
2026-08-19|ohHJAh0JSJk|26907|1145|90
2026-08-19|oKvMXyMB1Jc|9420|30|11
2026-08-19|wz92u_aEYDg|462|7|0
2026-08-19|YKpt9DqNt2Q|30295|307|22
2026-08-19|ehHODnLDJtE|246319|867|38
2026-08-19|U_v5uXrjbwM|106873|687|132
2026-08-19|LkkpZYszpFA|575891|7588|328
2026-08-19|EwMWZksDnXg|458254|3083|131
2026-08-19|FgGrVfOkwao|7|0|0
2026-08-19|hUhnjFH31IE|2988|13|0
2026-08-19|byuXHWfm9e8|3458|37|1
2026-08-19|KPsette4lU0|672|3|0
2026-08-19|bI57Ho5ormw|1618|12|2
2026-08-19|mIgVB_KbaQU|3420|32|1
2026-08-19|m6vzn6QgheU|883|8|0
2026-08-19|zUhCovmQOJQ|12438|118|9
2026-08-19|vqF6pjfUmNs|7713|84|6
2026-08-19|n4gsh7i-hh4|11806|65|8
2026-08-19|Lq5VtVgxm2Y|2987|41|0
2026-08-19|h1XFzDXB1ps|3497|21|0
2026-08-19|UHGs6e-hmR0|9611|56|4
2026-08-19|tQJNVSjKPcA|2824|32|2
2026-08-19|gFnS5C_uqF0|2944|49|3
2026-08-19|yqSAD4Hu724|16628|35|3
2026-08-19|wMMZxoGS0a0|8595|67|0
2026-08-19|slBEx8Twib0|3853|39|7
2026-08-19|oIHY7xEE3Yw|1522|39|0
2026-08-19|UFj7mdiWQOg|424|22|0
2026-08-19|RVcW7TeMSmg|1394|21|0
2026-08-19|0zKfcW8uR1A|31076|521|5
2026-08-19|8Pm40pmsR0U|4270|106|0
2026-08-19|isPNFx9eAe8|1930|25|0
2026-08-19|E1CNd83MF7Y|144813|625|35
2026-08-19|EA0BP1xHZz0|8728|101|3
2026-08-19|IQ7UH43tDH0|126008|2876|537
2026-08-19|hroQ0_CnFSs|4197|36|2
2026-08-19|BFkIlfGY4fA|2590|22|4
2026-08-19|bKS5YX0GpbM|9955|141|17
2026-08-19|8JShl7UZ-2M|12422|143|12
2026-08-19|J-5yjp_9d6I|14422|148|11
2026-08-19|IouWXVbt3ag|4383|30|1
2026-08-19|ufntKMCLpzM|5651|73|3
2026-08-19|yV0b0eZEFNE|823|2|1
2026-08-19|i02CaWkvreI|21882|179|15
2026-08-19|Y0TwxBCuvt4|14087|44|24
2026-08-19|e4peNm_9Vcw|4868|22|1
2026-08-19|SbxORZ4nF3Y|2559|15|1
2026-08-19|YTp9Nru7yNc|15276|109|13
2026-08-19|ElLIEDo8oTs|7055|86|1
2026-08-19|hF97MaR_tOs|26981|140|16
2026-08-19|NCqAKkHPvZg|30023|172|38
2026-08-19|Y-QFC92rmEo|3075|19|1
2026-08-19|qeCXJ9H7jhY|1536|10|1
2026-08-19|wgPfv_UHQTY|1280|15|1
2026-08-19|sQX_x8P66B0|11171|77|2
2026-08-19|qepXclDzPcI|6837|55|4
2026-08-19|VQfWHYWxNYU|1338|7|0
2026-08-19|imXyoZ5aGus|1911|33|3
2026-08-19|g_2m2ZURf20|1023|9|1
2026-08-19|fFqDeSWw7QA|360|10|2
2026-08-19|OP_FpaI1ObQ|21627|145|11
2026-08-19|F0POi2ifNHY|33879|136|0
2026-08-19|Kw8oPAZVzU0|851|7|2
2026-08-19|WCFKnlGdQk0|545|5|0
2026-08-19|jRACq5pTtdw|2389|16|1
2026-08-19|zDHETZ4FmkQ|1855|7|0
2026-08-19|UUhhpGmN8ws|1474|5|0
2026-08-19|Hpkm5RMU-Xg|121869|770|156
2026-08-19|RqZSRtSOrEI|21712|828|20
2026-08-19|kgZshY-oyqw|112984|1039|73
2026-08-19|0tEZWFtcK8w|80583|594|40
2026-08-19|wq6XinZEP6k|86822|428|6
2026-08-19|jjTNqXSnxyY|18696|202|4
2026-08-19|mQmxAQDjddk|494|7|0
2026-08-19|pxjOA-QHsAU|16052|31|0
2026-08-19|1y0sBsvlrZ4|57646|416|0
2026-08-19|d8sEBdwKbeU|75336|424|8
2026-08-19|bBUPHg-bt6o|87436|513|9
2026-08-19|8W5DtUCDrFU|14962|240|45
2026-08-19|VFUWIr-6s8U|198128|1209|202
2026-08-19|yh0uf9NhTlo|13086|54|0
2026-08-19|oJRw4w1KOaE|61352|288|308
2026-08-19|ya-X9O3eSCA|6909|43|0
2026-08-19|cx5QIblWLmU|126397|1318|24
2026-08-19|Wb0rLBtZUQA|263|8|1
2026-08-19|OUDG8mvKsxA|1628|5|1
2026-08-19|tDpmqb1dSh8|22636|140|19
2026-08-19|uPsf7La9Cc8|103720|1782|297
2026-08-19|LlzmqpwWsqs|23188|173|7
2026-08-19|TMFUcmkq5ZE|23689|199|39
2026-08-19|BQx0yuvvZD0|14122|125|12
2026-08-19|ne-xrvvyMR8|20095|141|7
2026-08-19|DHKiNduuwmM|11091|114|4
2026-08-19|vOJSTQ2qMHQ|13210|122|8
2026-08-19|jN7h0CHLDSA|20150|156|15
2026-08-19|Xtv-LyqKbAI|29378|222|26
2026-08-19|Gn4gOofG-1M|15796|108|3
2026-08-19|bQke3yVOOP8|5053|55|3
2026-08-19|GbTpIJxsvEs|43545|300|7
2026-08-19|aA5e4RJt2DE|175|3|1
2026-08-19|BIO4h5w-C64|4095|39|0
2026-08-19|dBqu8VEf6Vs|10350|41|0
2026-08-19|ZT1KEFR-yVQ|12128|40|0
2026-08-19|_k6KX8g-g3Q|665|31|1
2026-08-19|IBY-u0vk06U|19925|64|54
2026-08-19|s9VxXCHriTA|15046|361|2
2026-08-19|nHLDx-iG_WM|203|4|1
2026-08-19|FX5bGzRoOMA|4246|15|9
2026-08-19|txJ0HXK_k6c|164|5|1
2026-08-19|e3TSm10tmJc|866|6|1
2026-08-19|XJB_vRFdwPk|1443|2|0
2026-08-19|pvY_zJAL-as|22007|150|12
2026-08-19|8432ojUkz9A|135433|1335|77
2026-08-19|wDOCNoX3qNk|266364|2900|1386
2026-08-19|ZaFyKreusP4|149540|1111|4
2026-08-19|_FAK3RSltgE|1039182|11948|644
2026-08-19|A-VhlJWJ5Z0|90501|773|106
2026-08-19|m3badHxhZeE|123294|1491|12
2026-08-19|FMk7CdxulUw|1886|27|0
2026-08-19|XzhVgm7YHDg|14718|64|0
2026-08-19|iOaOsaS7z4o|3130|11|1
2026-08-19|m3ABEdglOzo|18721|115|0
2026-08-19|2O9NLME3ALY|120451|1138|21
2026-08-19|ggyeXegX3Zw|7506|123|2
2026-08-19|rd5pF9Qj_C8|141385|1341|47
2026-08-19|Rqin1ZlqnqQ|2320|32|0
2026-08-19|yVbeDod2EnU|289054|1177|205
2026-08-19|MCLX7anEh5s|604552|144471|10279
2026-08-19|vmtwhdXo_VA|10140|67|3
2026-08-19|Hn2yuN7Ybrg|1137|8|0
2026-08-19|6ACavYG1-UE|7940|125|1
2026-08-19|SLf-A3-_Jhg|9368|127|4
2026-08-19|N637X2kkEoI|11904|55|2
2026-08-19|M8s5Ctfa__c|630751|4579|4823
2026-08-19|iuC8YxNcDU0|4875|18|0
2026-08-19|JjwO2GRGJ9k|6760|59|2
2026-08-19|FWqMzCxHU8c|30574|355|14
2026-08-19|8xO8x29OCws|5705|89|0
2026-08-19|_ZkgB3lE6BM|19635|108|5
2026-08-19|u0579RWqxlY|2119|38|2
2026-08-19|qwHhzrpoAbg|8519|46|0
2026-08-19|h4Z0IAGI2WM|922725|8730|9429
2026-08-19|HlLgnipNoxc|1010024|8548|8082
2026-08-19|VdcuOQEzvWs|2300|31|0
2026-08-19|UmWjiA7Qpv0|4624|8|0
2026-08-19|KJjPxCaGZtM|7751|41|2
2026-08-19|rxlgLp0ZpL8|17740|119|1
2026-08-19|yg_ePIdi5r0|15824|87|2
2026-08-19|6jexQMUP2EY|30114|674|17
2026-08-19|AGjUFM9Q44g|38938|973|45
2026-08-19|3hXMlvJ1HnU|22435|143|20
2026-08-19|eMoPmLRe_7A|19358|0|2
2026-08-19|VziJV04aoEM|116574|548|11
2026-08-19|iM-JbmfL8E8|121262|1375|119
2026-08-19|hHevRNS0arA|69450|370|5
2026-08-19|pUnslqwHJxc|226825|1694|60
2026-08-19|pD_OnxiJbJw|1439|15|1
2026-08-19|MpshiiPO9NU|56674|243|1
2026-08-19|K0frTiETVg0|189451|4178|2620
2026-08-19|-vvvNkDud2U|255256|6192|366
2026-08-19|cG9H8nTEusU|169524|1104|103
2026-08-19|5kPPrGFm2Ps|20430|321|3
2026-08-19|izhre3U9Rbw|272688|2028|63
2026-08-19|HtklHMae1xM|29557|372|8
2026-08-19|EdsuNvqrij0|80191|314|17
2026-08-19|4Yc5MjG4i_A|9868|107|8
2026-08-19|dK7FLhw5fsw|3840|35|2
2026-08-19|vg9e07N9ypo|34297|207|10
2026-08-19|m_4Bhs-qj7o|77403|462|35
2026-08-19|pFUchLe4-GI|127294|555|100
2026-08-19|ri23T-gZAQA|33567|216|35
2026-08-19|ESKVYxOOaAg|55508|272|9
2026-08-19|Y3iOvi14-0Q|61721|321|33
2026-08-19|JkDHyVy_lds|178302|702|56
2026-08-19|Ex7z7tFJNsM|40946|261|25
2026-08-19|SJOl0hQMdt4|57513|310|13
2026-08-19|q4AaoXAUEYw|136497|554|68
2026-08-19|iR69h2bZlTs|36210|208|2
2026-08-19|wai167n7SCE|103615|570|135
2026-08-19|iYpoHyDQ63w|97547|468|9
2026-08-19|_bNDST5QXWw|106198|461|107
2026-08-19|WAWdL4hPAUQ|21236|190|9
2026-08-19|gMt_iuCV8AY|15363|119|2
2026-08-19|MXA7EPHdMws|22361|119|1
2026-08-19|XBxShge-Eq8|5110|37|4
2026-08-19|CNQBP96nYN8|19485|415|21
2026-08-19|d_nAWNI1Q2E|58846|369|11
2026-08-19|R7qcHyPjATk|47289|364|23
2026-08-19|0oYBII0gIiQ|6503|174|0
2026-08-19|dZXf-odwB8A|1128728|23614|1419
2026-08-19|IchG68X0X-c|137998|955|35
2026-08-19|1Wd8GV-DlzE|16013|44|1
2026-08-19|XD29acsqg4Y|5792|76|1
2026-08-19|DlmAyS7yR5s|2289|30|1
2026-08-19|l_qB-rhXQrg|3600|35|5
2026-08-19|nGkReWN4hHk|8610|89|3
2026-08-19|fWvao7X2q1w|3182|45|2
2026-08-19|T-cV280XzRc|7229|57|4
2026-08-19|5ZCns30jK0M|3501|29|1
2026-08-19|aRz9SwtGhA8|7304|158|8
2026-08-19|-sOZft157x8|25939|0|8
2026-08-19|fXMMi0H1vik|1490|12|0
2026-08-19|YObEtFQpHEM|15066|216|2
2026-08-19|tbQrmctvR7g|219|6|0
2026-08-19|mnsuNcC2wHQ|11006|47|26
2026-08-19|_pAjkq4uO0A|62513|393|13
2026-08-19|HkBrtASj738|10803|305|10
2026-08-19|Eja1bVedqBs|195408|1203|149
2026-08-19|NAsiczi6_QI|168392|1008|45
2026-08-19|8A7m40RQeXQ|195814|1177|25
2026-08-19|A_jMTZvCVKQ|79312|704|48
2026-08-19|5D585WRFZW4|12134|78|8
2026-08-19|kR0NobcGdRQ|269152|302|7
2026-08-19|kfjttTF-JEU|331309|178|4
2026-08-19|WxDWugghVi4|7046|47|0
2026-08-19|5zWRiiLX59M|68028|1377|30
2026-08-19|wSWXg3V-AXA|9217|70|0
2026-08-19|y0w4PY9frKU|1107|27|0
2026-08-19|OLlIQldm2IQ|19448|148|298
2026-08-19|EjAnW56MJUc|17876|106|320
2026-08-19|KE9P_ktuT3Y|18420|86|336
2026-08-19|IZTH4gC-J2w|68525|432|290
2026-08-19|hlTglULFP5c|47426|473|34
2026-08-19|kVUJmxnVul4|88056|642|499
2026-08-19|w-qHbBK5zo0|76403|220|1
2026-08-19|Dtp6-Qmt67M|137980|753|62
2026-08-19|7MdNaan14ks|117573|774|6
2026-08-19|pShVcQP95VE|1553|10|1
2026-08-19|KFKOFmoydK8|34816|346|40
2026-08-19|grQc5e0HqSQ|12086|160|14
2026-08-19|Xle55tfm5xQ|207465|836|57
2026-08-19|i11RMqpL9DI|16299|131|4
2026-08-19|PpuybxRl3KU|5333|85|2
2026-08-19|QZ3YtbRPbQ0|10971|163|11
2026-08-19|L7A7omhf89Y|306533|1729|87
2026-08-19|BcOjFjFNPV0|77016|455|817
2026-08-19|ewJcc_ZOUGc|79572|363|733
2026-08-19|zvJ_II_IhWc|259685|155|1
2026-08-19|EELI86wZ-Fo|34237|237|14
2026-08-19|WEe9DLcj0wM|38755|490|16
2026-08-19|8IYnSyVMo_g|27784|495|111
2026-08-19|bKejwkt9EJ8|245|11|0
2026-08-19|M9dMv4MWNAs|137856|944|190
2026-08-19|YEPcPQOXZxg|129530|482|173
2026-08-19|V1UVwCkK7HE|26971|491|84
2026-08-19|QR6I2gSUCSc|241570|710|37
2026-08-19|rZdita3r1tA|10394|132|0
2026-08-19|qsOF-bFfA6w|24648|150|2
2026-08-19|TT24Qm4Y4jI|156|11|2
2026-08-19|bZGzp__4BdQ|45986|163|1
2026-08-19|OyNDBECyv1g|25029|113|1
2026-08-19|BK2vnLC8beA|27679|130|877
2026-08-19|NfklvCxhkbM|7017|160|6
2026-08-19|QzWYgTAlPm8|15948|199|3
2026-08-19|4kGxrln1dJk|125271|466|16
2026-08-19|w6zOirlTfOY|41130|721|24
2026-08-19|HZo_cGHLInw|137419|843|1460
2026-08-19|P7J_DV3XilI|52158|219|0
2026-08-19|P_UkbBjwSGU|18856|216|6
2026-08-19|8HvbbXcGl5g|22082|332|6
2026-08-19|d2Y0C8qqKNY|25131|118|1
2026-08-19|e8bmerofVCY|9035|49|2
2026-08-19|uj2hDScyEmA|9172|66|2
2026-08-19|08ModRpnygY|11212|114|2
2026-08-19|QUFiMhUsH00|4855|82|6
2026-08-19|QXXi5y1iLlA|25639|245|13
2026-08-19|LExgAKyqrKE|3686|21|0
2026-08-19|heEK0-Mxzms|19776|86|1
2026-08-19|TahZdF3EfsY|8243|106|4
2026-08-19|3qr74raS4UY|9213|70|1
2026-08-19|d5LgzcgdbO0|30084|134|0
2026-08-19|rahXZqtrrro|4291|67|2
2026-08-19|a7dkIJeelSQ|50709|140|1
2026-08-19|Ez369rb2OgA|11319|62|4
2026-08-19|rHgLNjHNy58|565947|5320|100
2026-08-19|CDaa3kniGBc|150514|641|73
2026-08-19|Sjj-opbqufk|258564|281|4
2026-08-19|HTMB_WRA7pA|16670|243|11
2026-08-19|tIonviGOIMc|2732|14|0
2026-08-19|k-ZESCo1w2c|148432|834|32
2026-08-19|52O8ZhLt9so|11746|46|0
2026-08-19|7fI9IQWEksM|61916|1013|20
2026-08-19|tc2Ir0VgJm8|138782|813|126
2026-08-19|8zjoe4PsvPY|18761|462|25
2026-08-19|r5s1UZdohDc|26207|82|9
2026-08-19|Efk5lRT__qg|17238|61|0
2026-08-19|l9IViUdrkj8|152865|787|21
2026-08-19|7bedlVnts9s|40397|276|5
2026-08-19|9wgYxisWDIE|19820|260|4
2026-08-19|GQd_dDDdQ6Q|52240|385|10
2026-08-19|ViydhAhH5rg|3803|64|4
2026-08-19|RSkcr5jzqLs|122261|719|19
2026-08-19|YVS_hqXUh0U|116553|573|15
2026-08-19|37ZRxKl_plk|95604|462|4
2026-08-19|z5aacznsXXg|101053|540|6
2026-08-19|vWfU_Gd2Tcw|204983|719|49
2026-08-19|k-Fhh8ppHS8|115604|468|38
2026-08-19|3l66go3NkdU|11652|196|58
2026-08-19|EEcg7Mwgyr8|185083|1471|95
2026-08-19|P9LgbChxDec|8593|146|3
2026-08-19|PqMBMUQPbqU|219|0|0
2026-08-19|2gXKvG7BpqA|27897|103|0
2026-08-19|sqSJyw7ypDM|6945|203|8
2026-08-19|pX0BeLmiZN8|8075|54|0
2026-08-19|NT3OlGgRD7Y|70407|329|328
2026-08-19|8DEjQH80qWw|781455|11198|2280
2026-08-19|PKvy2pU_G28|56145|1193|93
2026-08-19|0q--cQcykiw|40980|206|589
2026-08-19|YWv2N6i57t8|106627|1250|282
2026-08-19|7g6hNbN7d8I|90447|542|698
2026-08-19|UN7VZ736sPw|192650|3771|254
2026-08-19|uAUrSoErBSY|2372|32|0
2026-08-19|HByDsO-rU2g|25363|260|6
2026-08-19|g8gCP5LNAMo|19465|135|483
2026-08-19|zpMH7qYLOXY|94971|808|19
2026-08-19|mrZQgny_ZI4|171761|1875|137
2026-08-19|pkGxK75_6Ns|1080483|421|36
2026-08-19|Bk6DeEedYGs|3188972|35132|7177
2026-08-19|NlW7jG5s0xM|94780|446|2
2026-08-19|QI7yl2zMG4Y|24903|673|28
2026-08-19|F6cpw5mzyRs|100420|1970|169
2026-08-19|GohDcTQaeCM|3658|49|2
2026-08-19|Gl-Qamnz70E|691|6|3
2026-08-19|XEWAeIfM-HU|52376|341|18
2026-08-19|eSG46O7B5jc|79131|562|44
2026-08-19|szRpntFKsDk|9881|258|12
2026-08-19|evJV5Wiiuh0|10166|145|3
2026-08-19|imZpXVYbpMM|188925|1148|186
2026-08-19|cP_x27wU8-A|12556|177|10
2026-08-19|kXOoubCAq6o|51691|351|16
2026-08-19|uUPTw6eK_9o|7074|90|15
2026-08-19|fk-kzistXPA|2554|21|1
2026-08-19|Cc5s6iINLRA|45387|260|15
2026-08-19|Z2rEwN9iP0s|1|0|0
2026-08-19|bipfAvaxv14|5799|107|10
2026-08-19|BsXOgAuM7_8|9430|100|17
2026-08-19|pvzEae9duLo|26929|302|8
2026-08-19|kdJfB_OU-ic|22717|149|3
2026-08-19|QJ46VRQ2qj4|19786|158|5
2026-08-19|uKHTRaalZhg|21372|161|5
2026-08-19|ur5bgKW7wWw|18253|158|5
2026-08-19|4JliDISqH-0|27772|167|2
2026-08-19|eNBKaxYZzqE|317791|1222|116
2026-08-19|S9mHDceQDAM|6734|88|4
2026-08-19|R7ZbszVLFQs|8009808|389961|85060
2026-08-19|INk_IuaUFXI|579314|2557|21
2026-08-19|_BHikZFV9kM|12354|98|112
2026-08-19|2KH4vKi9eZM|1511710|15971|212
2026-08-19|1-wElDGkDXo|79|0|0
2026-08-19|hnczegWtEaY|5469|62|10
2026-08-19|qCRXSt0bWv8|16156|111|7
2026-08-19|IesH9tLi9Bo|8155|84|4
2026-08-19|PfWwYwX72ec|16646|135|7
2026-08-19|5YYpTQVWJmY|2046|36|3
2026-08-19|YfpCi4F8ZfA|242933|1613|168
2026-08-19|6mrreOT4ymQ|16843|147|2
2026-08-19|Ixv1EZJr1mY|35843|302|14
2026-08-19|oNvvA0qxN5I|43568|227|3
2026-08-19|gkSkQGudRe0|6167|60|5
2026-08-19|Jicdhwh1QlY|30101|221|35
2026-08-19|R6RHoqZIVXk|28590|213|13
2026-08-19|CiMXgF-T_PA|122502|928|84
2026-08-19|Um_nZm7pofY|273305|1195|156
2026-08-19|ENYWUmzvHMg|480704|3173|56
2026-08-19|ws8vrjwMpCQ|35568|188|1
2026-08-19|gM3daQf6KIM|4267|48|12
2026-08-19|JBsgYiDVNqk|39328|358|2
2026-08-19|Lqa9hW8DzD0|29982|202|65
2026-08-19|u4d_XcfVKyM|17682|147|4
2026-08-19|Pab_yzyySLg|12502|52|0
2026-08-19|orateG9e1WE|9964|46|0
2026-08-19|3b6jDgBft7o|16711|106|2
2026-08-19|gDoM0ZZMcEM|7527|56|2
2026-08-19|hedFpVOjmXI|11980|87|0
2026-08-19|cGvEo7rbNxM|2089|7|0
2026-08-19|ii56K2NM3uU|103861|486|188
2026-08-19|EWGw29_Afwo|15656|102|19
2026-08-19|zq41DyqPtTQ|18042|296|30
2026-08-19|lbNPcqrIHSc|1155|72|2
2026-08-19|Yk3mEmmiuW4|13889|167|14
2026-08-19|h03Kc0luhGM|1593|38|1
2026-08-19|7Mog37NkEts|6126|51|2
2026-08-19|1Hwiq8wNXi4|838782|502|19
2026-08-19|TyJ5V_-NJ6E|395|33|2
2026-08-19|tPvNDwaOh50|3827|16|2
2026-08-19|MQRg3zHT3eE|103369|117|2
2026-08-19|O1yp6cDW9Kg|899766|1027|2
2026-08-19|tE8pxnNRYog|27727|143|2
2026-08-19|8N6uilTfl3E|22180|339|24
2026-08-19|HpgKIxMKd1g|2482|62|3
2026-08-19|fvIDIey7FS8|1934|14|0
2026-08-19|mGOQF06UsZA|88252|434|18
2026-08-19|2ZVyZJTecYc|19212|136|9
2026-08-19|V00_EKYS-uA|10613|42|2
2026-08-19|oScTtHs-J48|35009|222|22
2026-08-19|EZKN0B4oc1Y|47430|319|32
2026-08-19|RotkTIcvYmA|80190|1100|61
2026-08-19|nw4wb-XqATM|36741|324|6
2026-08-19|LKaTbMU--HA|16106|113|29
2026-08-19|TEo_dckA_Ow|59977|286|1
2026-08-19|Ox8uYiQ3Kv8|28376|336|9
2026-08-19|-85_HBhP0G4|48049|347|22
2026-08-19|AIR_6Wz9lIA|78756|7453|963
2026-08-19|Ktmn02ssl-E|185730|3570|358
2026-08-19|4OQEJvagvtw|6971|79|1
2026-08-19|Fd_k8KuEnWU|2497|18|0
2026-08-19|pxRhMsM3dk8|19339|162|0
2026-08-19|_zx0SPam7SE|3186|18|0
2026-08-19|ColRo2AHuHQ|38883|214|13
2026-08-20|Wbj-LWlk-M4|235282|1299|237
2026-08-20|8Smf-KjHE38|3208|266|16
2026-08-20|o5urjaZC81c|920|7|1
2026-08-20|4Vnw-rM2BSY|1662|11|0
2026-08-20|LcSbn_RAY4k|756|4|0
2026-08-20|oPrUXPdONWg|1318|8|0
2026-08-20|WUA2WEdBsR0|878|17|1
2026-08-20|QOrLiUCvx3w|780|33|0
2026-08-20|ullof6Lhpc0|933|24|0
2026-08-20|gAAJ0DUVPZs|15147|172|27
2026-08-20|wm_75OJ70Rc|460|9|1
2026-08-20|HixeIY99Efs|935|24|0
2026-08-20|JuSKFyNyzXA|126|2|0
2026-08-20|MSTWE-0-cFk|91|2|0
2026-08-20|ue_9Fg3Zg40|88|2|1
2026-08-20|5_sZG_7xRiw|1888|203|5
2026-08-20|8n5E5XD1pd8|7040|66|0
2026-08-20|N32Ge0wm_Fw|1523|16|3
2026-08-20|xeMWj2iUwtk|1883|13|2
2026-08-20|XDha2l_yMPA|52777|518|213
2026-08-20|JutYqS4vcWE|11330|52|3
2026-08-20|qthP5nEqk_g|183|8|0
2026-08-20|x2DELtiX_OA|2555|11|2
2026-08-20|FOm1NP4xoQM|1723|22|6
2026-08-20|lZ2O4Vn-q0U|102180|595|51
2026-08-20|CiG2x4_jwVE|104731|911|279
2026-08-20|FA_DiuVt2Pw|6308|125|8
2026-08-20|eczIkYJPdic|3192|26|1
2026-08-20|MSK-g62JSGU|6793|44|1
2026-08-20|UCwhWR0CKWs|1924|11|0
2026-08-20|ZT71OA6JyJs|1249|20|3
2026-08-20|2mk7hbUysVs|3372|19|4
2026-08-20|akaIKqDBRzE|3487|50|0
2026-08-20|se174NOnPtM|4974|47|0
2026-08-20|GGMIDTuHTlQ|2366|26|0
2026-08-20|ldrIjiyT4Is|808|7|1
2026-08-20|bbXKQl5ZsOg|61194|420|6
2026-08-20|Kk4EITN-lsE|105781|355|23
2026-08-20|udJmxrlVn_w|768876|9702|561
2026-08-20|H92n_Qk_VU0|32227|835|58
2026-08-20|TnRqTDu9F9g|32305|1282|126
2026-08-20|lsyC4TLTtPU|45650|356|1
2026-08-20|MJkaivSe4xg|3587|23|2
2026-08-20|Ap39MJqDF6E|6391|41|21
2026-08-20|c4v9zJOu6wo|200091|1181|22
2026-08-20|e0zF1Fj8CsA|1559529|7306|1032
2026-08-20|UAyh2mAdDSs|84452|437|22
2026-08-20|z-l3tg2BfiM|24235|159|0
2026-08-20|M-hk8ESucBY|63834|488|64
2026-08-20|EbYVNInQpKk|7870|53|0
2026-08-20|ZTGeor1aDoY|23906|134|1
2026-08-20|lhdOOqB8dTQ|6064|43|0
2026-08-20|ortD0HxFCwU|31144|352|2
2026-08-20|5kJc49Md3z4|20754|162|3
2026-08-20|oxlUlxxVV6Q|419865|1811|72
2026-08-20|vXJh_sAWdSs|338|26|4
2026-08-20|ZW35rKZTZhs|138527|849|189
2026-08-20|qmkpEwbqK28|631427|600|195
2026-08-20|1grtSOIAnuY|167554|406|115
2026-08-20|CsrN8hcXCqY|25151|969|122
2026-08-20|CkQSrz0N69w|111238|1514|371
2026-08-20|lcPaeRoT9QQ|7406|105|2
2026-08-20|Hc56wnMvknU|8761|174|6
2026-08-20|-gvoRlCS6yo|2423|81|8
2026-08-20|pDXRUmFQWW4|1173|11|0
2026-08-20|uqu6D0MLfic|1343|15|0
2026-08-20|hVZqE6ZnMLA|47663|16|0
2026-08-20|kqak2ZY2CFI|1131|9|2
2026-08-20|6fkEFkHKoXk|10022|120|7
2026-08-20|Ee9dn19qCxw|6093|61|3
2026-08-20|cNn6QjwtD_0|8423|91|5
2026-08-20|J85DJYJCiKw|13771|124|5
2026-08-20|klpCyAc6ODY|14578|148|4
2026-08-20|9JigKEyNoi0|8504|118|7
2026-08-20|D2gyXdZ9H7U|8813|102|3
2026-08-20|QreKlvT-NAI|9480|111|3
2026-08-20|Leicor2O8AI|7651|95|2
2026-08-20|QoxEj_Fg8Pc|7941|82|6
2026-08-20|BhPe7GHipj0|8786|100|3
2026-08-20|2V8pSwpAvcg|12753|142|3
2026-08-20|eHV5y7HMkL0|12216|164|7
2026-08-20|BuzK1quZwg0|2115|35|0
2026-08-20|pAA_tqlG4n0|4275|83|0
2026-08-20|LwlCj-lv0qI|17103|394|9
2026-08-20|la947Sd-1WE|2848|39|0
2026-08-20|6dUBDpy-vOI|6591|74|3
2026-08-20|OczLYnOxu_s|1737|9|1
2026-08-20|xEpZPWq4DbQ|661|18|0
2026-08-20|8xVsHEnXkMU|1494|9|1
2026-08-20|VJgZJu4vZ-I|4|0|0
2026-08-20|NVqHeLRIXd4|6|0|0
2026-08-20|pHgQoMx_GZA|3|0|0
2026-08-20|Md1LumbKsXA|6866|96|12
2026-08-20|F4eQU3C27tU|1219|14|0
2026-08-20|aMM1qjOGupg|1176|9|2
2026-08-20|YaqxqDiW97g|3445|35|0
2026-08-20|cETSzS6jgKw|1824|12|2
2026-08-20|F_cOZ0ck0PQ|849|7|0
2026-08-20|ITW43ACdd5U|4247|13|0
2026-08-20|BG0cgHUUfzE|2432|15|2
2026-08-20|hsCmCBXPjT8|5636|26|1
2026-08-20|E6-zRKnCq3s|6243|32|6
2026-08-20|dhWbEgGcxok|7457|21|4
2026-08-20|fJwDUMp-_bo|3197|24|4
2026-08-20|NlFObOkt4qA|4106|23|0
2026-08-20|n3fCoDJAidc|1095|12|0
2026-08-20|mraZHankJas|7765|102|14
2026-08-20|8ARkpMQ4Dy8|2360|73|0
2026-08-20|4HCcAcKYbao|424|12|1
2026-08-20|RlWAClw8cGM|1254|14|2
2026-08-20|S5kvTuiw25M|1686|12|3
2026-08-20|t4yHqSGeJBc|1560|14|1
2026-08-20|bNGw0dvUZe0|23656|79|5
2026-08-20|u0h_jDzQY_g|160|3|1
2026-08-20|slBEx8Twib0|4935|42|7
2026-08-20|byuXHWfm9e8|5199|55|6
2026-08-20|WKfeTCKNnM4|254|4|2
2026-08-20|KPsette4lU0|799|4|0
2026-08-20|bI57Ho5ormw|2827|15|3
2026-08-20|goh-2snTt-c|113|4|1
2026-08-20|GStmvM_o6yw|2372|19|0
2026-08-20|6eYUKAAwq1Q|22575|450|58
2026-08-20|mIgVB_KbaQU|7332|46|3
2026-08-20|m6vzn6QgheU|1816|12|1
2026-08-20|h81ODHUXWGE|2304|10|1
2026-08-20|YQLkGV0LXE8|252|34|0
2026-08-20|Zw8PPlkE3UE|777|2|1
2026-08-20|T8YKeFP46k4|1336|4|1
2026-08-20|Z89wwEwgS7A|2393|6|1
2026-08-20|n-2RJrIYfw4|4100|39|3
2026-08-20|hUhnjFH31IE|4281|14|0
2026-08-20|bKS5YX0GpbM|17453|169|20
2026-08-20|ciLdbR2JX-0|923|11|0
2026-08-20|8JShl7UZ-2M|19874|167|12
2026-08-20|L5c5Zxi7Cok|48330|263|1
2026-08-20|LkkpZYszpFA|645239|8164|357
2026-08-20|ht2d-5FtpuY|18231|130|0
2026-08-20|EwMWZksDnXg|565419|3833|144
2026-08-20|aq9q7jNCyAY|791812|8868|376
2026-08-20|gWUCaYjv7fM|78|2|1
2026-08-20|IQ7UH43tDH0|135581|3039|586
2026-08-20|wz92u_aEYDg|18157|445|0
2026-08-20|oKvMXyMB1Jc|19925|56|21
2026-08-20|ohHJAh0JSJk|27632|1165|90
2026-08-20|t7k7Mxb3YMg|36|0|0
2026-08-20|ehHODnLDJtE|279193|989|42
2026-08-20|sPsZbg0qewU|1011|1|0
2026-08-20|FDPFAoBFfpg|11488|26|2
2026-08-20|rqymJ74kWC4|1414|67|7
2026-08-20|84kkYBUxXho|1421|12|1
2026-08-20|fxKWFyiTdxQ|2266|57|2
2026-08-20|FjOEBUCsF_0|8868|52|2
2026-08-20|i05IJQCBuTQ|3626|14|1
2026-08-20|zUhCovmQOJQ|20320|142|9
2026-08-20|KS2CZsT_lLQ|13800|122|8
2026-08-20|PkM1FBYq0sU|257|6|0
2026-08-20|DsEaKTQetn8|267|1|0
2026-08-20|2EkZkQC5-1Y|234|3|0
2026-08-20|pFAnmMf8oYg|192|1|0
2026-08-20|F46f2ETH760|109|3|2
2026-08-20|gFnS5C_uqF0|3166|49|3
2026-08-20|yqSAD4Hu724|16707|38|3
2026-08-20|n4gsh7i-hh4|13124|70|10
2026-08-20|Y5zr7ZCp0CU|64930|277|5
2026-08-20|rT-UjldPerg|8612|81|3
2026-08-20|E1CNd83MF7Y|153545|668|35
2026-08-20|OqKbXHjQ7kA|419|9|1
2026-08-20|4hXf6Ean-R0|176|2|1
2026-08-20|vqF6pjfUmNs|11230|99|6
2026-08-20|6Vh2VymcfwM|10746|106|6
2026-08-20|iyCY824Xi1M|13241|133|10
2026-08-20|h1XFzDXB1ps|3560|23|0
2026-08-20|J-5yjp_9d6I|24162|175|14
2026-08-20|HEhI8MZLESU|22988|138|7
2026-08-20|VW6qIYrsrJU|8029|74|1
2026-08-20|YKpt9DqNt2Q|167157|1198|65
2026-08-20|Chbw30rKHl4|7299|70|2
2026-08-20|tQJNVSjKPcA|2977|35|2
2026-08-20|UHGs6e-hmR0|10687|59|4
2026-08-20|JtXem536ggI|14029|138|19
2026-08-20|1sqULyw26lc|12861|90|6
2026-08-20|-JINdYWXSvY|182|3|1
2026-08-20|NThW7YAXlOE|406|6|0
2026-08-20|K5dyxhbWyGI|129|4|1
2026-08-20|FDRR9FMclmA|21032|134|11
2026-08-20|3vgjms-ChjM|19695|168|26
2026-08-20|ImC17jMm7bo|3247|43|1
2026-08-20|3Mhe9Jdkiks|242682|1228|462
2026-08-20|FiTE0FTOLZw|28158|208|14
2026-08-20|iyVmBYjH92k|142548|1110|248
2026-08-20|7MPf6b3qZwg|30164|176|1
2026-08-20|if_sDgl0x30|8631|68|41
2026-08-20|vBSzrOidJ5o|82881|1448|24
2026-08-20|-Yj9tVKLZgI|902736|16773|2176
2026-08-20|3qQMX6zlTl4|382240|622|14
2026-08-20|PEe5Uk-rYv4|41339|64|3
2026-08-20|OLm8oBk2R00|45205|54|66
2026-08-20|Ro9v1v73-xM|102463|1754|39
2026-08-20|mH6cuW_qf9U|17135|116|74
2026-08-20|QqcjHD22WSM|365578|5767|796
2026-08-20|U_v5uXrjbwM|169772|929|207
2026-08-20|4p3nTwTboK4|330089|48014|5050
2026-08-20|zYu_T7bCc08|1132762|1165|402
2026-08-20|3wEf-_2i74g|269280|2419|865
2026-08-20|JxfhgrCkwas|28360|213|10
2026-08-20|800srB5gKQw|25596|117|0
2026-08-20|SpQEocvnTFA|37260|444|91
2026-08-20|IDOIHz6fiaM|432151|4285|590
2026-08-20|P22nAFvyzq0|166442|97|13
2026-08-20|b8l02szLfxU|3998|19|50
2026-08-20|CtZ7IPhsRzg|3934|31|2
2026-08-20|Hjf-HFqykxQ|2808|15|0
2026-08-20|xtldWMGRfZk|11840|178|4
2026-08-20|WyE2tniaM1s|6797|56|2
2026-08-20|KBX-KZ3oUPw|346|11|0
2026-08-20|c6sKWRvm6-Y|2777|67|5
2026-08-20|ao1__4LOuiI|1338|14|1
2026-08-20|pT3BsZQde0k|2622|17|0
2026-08-20|VOrgr9PbF80|26782|391|34
2026-08-20|8Bue00za-4Y|1557|23|0
2026-08-20|Q6nmLcXVwiQ|69977|345|2
2026-08-20|QcIce7WArv8|4086|43|2
2026-08-20|0rmCdkuyCts|29316|352|2
2026-08-20|hroQ0_CnFSs|4756|40|2
2026-08-20|isPNFx9eAe8|2311|30|1
2026-08-20|8Pm40pmsR0U|7823|177|0
2026-08-20|Lq5VtVgxm2Y|3950|49|0
2026-08-20|yg9CDCViVSE|85167|778|23
2026-08-20|0zKfcW8uR1A|91151|1097|10
2026-08-20|-QXIX_cE148|4137459|46581|946
2026-08-20|FgGrVfOkwao|11|0|0
2026-08-20|RVcW7TeMSmg|2298|29|0
2026-08-20|UFj7mdiWQOg|1182|32|1
2026-08-20|oIHY7xEE3Yw|6494|109|0
2026-08-20|wMMZxoGS0a0|8887|69|0
2026-08-20|p-oW41gJ7Gc|27598|219|30
2026-08-20|EA0BP1xHZz0|11320|130|3
2026-08-20|BFkIlfGY4fA|3716|25|4
2026-08-20|A3GaHR1leJw|10379|110|6
2026-08-20|E6Rwa-WLLAU|2413|22|0
2026-08-20|M0dBu2tuRew|67306|534|2
2026-08-20|bwCryhgCmoc|10719|33|0
2026-08-20|ihPu7XhPdMw|4570|54|0
2026-08-20|IIsgD5A6sB4|2135|19|4
2026-08-20|rd5pF9Qj_C8|161514|1540|55
2026-08-20|F0POi2ifNHY|33961|136|0
2026-08-20|jjTNqXSnxyY|25767|255|5
2026-08-20|pxjOA-QHsAU|16059|31|0
2026-08-20|wq6XinZEP6k|89612|434|6
2026-08-20|XzhVgm7YHDg|15765|70|0
2026-08-20|GbTpIJxsvEs|46752|312|7
2026-08-20|uPsf7La9Cc8|113438|1862|305
2026-08-20|_FAK3RSltgE|1560286|16431|873
2026-08-20|bQke3yVOOP8|5661|60|3
2026-08-20|BIO4h5w-C64|4178|40|0
2026-08-20|XJB_vRFdwPk|1467|2|0
2026-08-20|1y0sBsvlrZ4|65682|464|0
2026-08-20|IBY-u0vk06U|21405|70|55
2026-08-20|bBUPHg-bt6o|88641|521|10
2026-08-20|s9VxXCHriTA|15009|361|2
2026-08-20|dBqu8VEf6Vs|12279|48|0
2026-08-20|ZT1KEFR-yVQ|14379|42|0
2026-08-20|_k6KX8g-g3Q|878|45|2
2026-08-20|Gn4gOofG-1M|18202|120|4
2026-08-20|pvY_zJAL-as|23249|158|13
2026-08-20|nHLDx-iG_WM|244|5|1
2026-08-20|YTp9Nru7yNc|16953|117|16
2026-08-20|IouWXVbt3ag|4470|31|1
2026-08-20|jRACq5pTtdw|2556|16|1
2026-08-20|ElLIEDo8oTs|7423|90|1
2026-08-20|Y-QFC92rmEo|3150|19|1
2026-08-20|SbxORZ4nF3Y|2626|16|1
2026-08-20|NCqAKkHPvZg|37718|194|41
2026-08-20|hF97MaR_tOs|29535|145|16
2026-08-20|zDHETZ4FmkQ|1869|7|0
2026-08-20|UUhhpGmN8ws|1531|5|0
2026-08-20|Hpkm5RMU-Xg|129712|795|157
2026-08-20|FX5bGzRoOMA|4431|15|9
2026-08-20|i02CaWkvreI|24028|186|16
2026-08-20|OP_FpaI1ObQ|24245|153|11
2026-08-20|tDpmqb1dSh8|24708|157|24
2026-08-20|LlzmqpwWsqs|25538|181|7
2026-08-20|Xtv-LyqKbAI|31157|222|26
2026-08-20|BQx0yuvvZD0|15277|127|12
2026-08-20|ne-xrvvyMR8|22362|147|7
2026-08-20|jN7h0CHLDSA|21355|162|16
2026-08-20|vOJSTQ2qMHQ|13909|124|8
2026-08-20|e4peNm_9Vcw|4987|22|1
2026-08-20|ufntKMCLpzM|6657|88|3
2026-08-20|g_2m2ZURf20|1058|9|1
2026-08-20|yV0b0eZEFNE|866|2|1
2026-08-20|0tEZWFtcK8w|100244|703|48
2026-08-20|kgZshY-oyqw|148582|1309|98
2026-08-20|RqZSRtSOrEI|22255|835|21
2026-08-20|Y0TwxBCuvt4|22520|64|32
2026-08-20|imXyoZ5aGus|2098|36|3
2026-08-20|VQfWHYWxNYU|1391|7|0
2026-08-20|qepXclDzPcI|7297|58|4
2026-08-20|DHKiNduuwmM|11990|119|4
2026-08-20|e3TSm10tmJc|1098|7|2
2026-08-20|aA5e4RJt2DE|196|3|1
2026-08-20|OUDG8mvKsxA|1796|5|1
2026-08-20|mQmxAQDjddk|535|7|0
2026-08-20|Wb0rLBtZUQA|345|9|1
2026-08-20|fFqDeSWw7QA|382|10|2
2026-08-20|Kw8oPAZVzU0|939|7|2
2026-08-20|WCFKnlGdQk0|580|5|0
2026-08-20|sQX_x8P66B0|14740|86|2
2026-08-20|wgPfv_UHQTY|1323|15|1
2026-08-20|qeCXJ9H7jhY|1630|10|1
2026-08-20|txJ0HXK_k6c|184|5|1
2026-08-20|TMFUcmkq5ZE|27971|204|39
2026-08-20|6ACavYG1-UE|8556|138|1
2026-08-20|yh0uf9NhTlo|14031|56|0
2026-08-20|m3ABEdglOzo|20769|125|0
2026-08-20|iOaOsaS7z4o|3405|12|1
2026-08-20|vmtwhdXo_VA|10255|69|3
2026-08-20|d8sEBdwKbeU|77038|427|8
2026-08-20|Rqin1ZlqnqQ|2530|37|0
2026-08-20|ggyeXegX3Zw|10253|166|2
2026-08-20|2O9NLME3ALY|138409|1359|24
2026-08-20|cx5QIblWLmU|140418|1451|29
2026-08-20|ZaFyKreusP4|152779|1130|4
2026-08-20|oJRw4w1KOaE|61400|290|308
2026-08-20|ya-X9O3eSCA|10844|63|0
2026-08-20|8432ojUkz9A|151369|1434|83
2026-08-20|FMk7CdxulUw|2234|30|0
2026-08-20|8W5DtUCDrFU|15880|252|48
2026-08-20|VFUWIr-6s8U|227697|1439|256
2026-08-20|wDOCNoX3qNk|266893|2903|1384
2026-08-20|yVbeDod2EnU|304773|1226|209
2026-08-20|MCLX7anEh5s|707036|153041|10565
2026-08-20|SLf-A3-_Jhg|12070|144|5
2026-08-20|Hn2yuN7Ybrg|2348|12|0
2026-08-20|A-VhlJWJ5Z0|95826|803|107
2026-08-20|m3badHxhZeE|134369|1655|13
2026-08-20|FWqMzCxHU8c|34739|437|14
2026-08-20|N637X2kkEoI|12124|57|2
2026-08-20|h4Z0IAGI2WM|922866|8728|9424
2026-08-20|qwHhzrpoAbg|8574|46|0
2026-08-20|_bNDST5QXWw|118172|487|112
2026-08-20|_ZkgB3lE6BM|20129|111|5
2026-08-20|iuC8YxNcDU0|4927|19|0
2026-08-20|JjwO2GRGJ9k|6851|61|2
2026-08-20|iYpoHyDQ63w|102479|493|11
2026-08-20|CNQBP96nYN8|22743|471|26
2026-08-20|cG9H8nTEusU|174297|1122|103
2026-08-20|-vvvNkDud2U|269722|6494|386
2026-08-20|K0frTiETVg0|189560|4182|2596
2026-08-20|MpshiiPO9NU|58300|253|1
2026-08-20|pD_OnxiJbJw|1554|17|1
2026-08-20|iR69h2bZlTs|38367|215|2
2026-08-20|pUnslqwHJxc|236488|1761|60
2026-08-20|hHevRNS0arA|72910|387|5
2026-08-20|iM-JbmfL8E8|125654|1406|124
2026-08-20|VziJV04aoEM|130633|581|11
2026-08-20|eMoPmLRe_7A|19894|0|2
2026-08-20|3hXMlvJ1HnU|23039|146|20
2026-08-20|fXMMi0H1vik|1510|13|0
2026-08-20|-sOZft157x8|27071|0|10
2026-08-20|0oYBII0gIiQ|9441|226|0
2026-08-20|wai167n7SCE|108209|591|139
2026-08-20|ESKVYxOOaAg|56535|273|9
2026-08-20|HlLgnipNoxc|1010160|8549|8079
2026-08-20|XD29acsqg4Y|5826|77|1
2026-08-20|T-cV280XzRc|8406|61|4
2026-08-20|fWvao7X2q1w|3287|52|2
2026-08-20|nGkReWN4hHk|9089|97|3
2026-08-20|M8s5Ctfa__c|630845|4578|4823
2026-08-20|l_qB-rhXQrg|3776|39|5
2026-08-20|DlmAyS7yR5s|2573|31|1
2026-08-20|1Wd8GV-DlzE|16357|46|1
2026-08-20|q4AaoXAUEYw|142866|574|68
2026-08-20|IchG68X0X-c|147737|999|39
2026-08-20|dZXf-odwB8A|1140715|23835|1436
2026-08-20|R7qcHyPjATk|47462|364|23
2026-08-20|d_nAWNI1Q2E|62036|394|14
2026-08-20|HtklHMae1xM|31631|386|8
2026-08-20|JkDHyVy_lds|187514|723|58
2026-08-20|5ZCns30jK0M|3569|33|1
2026-08-20|aRz9SwtGhA8|8633|198|9
2026-08-20|XBxShge-Eq8|5192|39|5
2026-08-20|MXA7EPHdMws|22602|124|1
2026-08-20|gMt_iuCV8AY|15558|121|2
2026-08-20|WAWdL4hPAUQ|21899|203|9
2026-08-20|4Yc5MjG4i_A|10062|107|8
2026-08-20|dK7FLhw5fsw|6510|50|2
2026-08-20|vg9e07N9ypo|35321|208|10
2026-08-20|m_4Bhs-qj7o|79870|469|35
2026-08-20|pFUchLe4-GI|132452|573|102
2026-08-20|ri23T-gZAQA|35986|225|39
2026-08-20|EdsuNvqrij0|82627|323|17
2026-08-20|Y3iOvi14-0Q|63632|331|33
2026-08-20|wSWXg3V-AXA|10335|76|0
2026-08-20|Ex7z7tFJNsM|42717|266|25
2026-08-20|SJOl0hQMdt4|60249|318|14
2026-08-20|y0w4PY9frKU|1410|32|0
2026-08-20|w-qHbBK5zo0|85396|240|2
2026-08-20|WxDWugghVi4|7061|46|0
2026-08-20|rxlgLp0ZpL8|19491|130|1
2026-08-20|Eja1bVedqBs|202709|1259|157
2026-08-20|A_jMTZvCVKQ|79644|705|48
2026-08-20|OLlIQldm2IQ|21401|155|306
2026-08-20|EjAnW56MJUc|20558|112|355
2026-08-20|KE9P_ktuT3Y|19742|89|350
2026-08-20|IZTH4gC-J2w|72971|455|300
2026-08-20|kVUJmxnVul4|92559|662|502
2026-08-20|UmWjiA7Qpv0|4790|9|0
2026-08-20|AGjUFM9Q44g|41593|1041|49
2026-08-20|6jexQMUP2EY|32524|719|19
2026-08-20|yg_ePIdi5r0|17041|101|2
2026-08-20|KJjPxCaGZtM|8662|46|2
2026-08-20|_pAjkq4uO0A|69682|447|24
2026-08-20|8xO8x29OCws|6147|96|0
2026-08-20|u0579RWqxlY|2354|41|3
2026-08-20|5kPPrGFm2Ps|21671|343|4
2026-08-20|VdcuOQEzvWs|2437|33|0
2026-08-20|HkBrtASj738|11898|353|10
2026-08-20|hlTglULFP5c|52894|501|38
2026-08-20|mnsuNcC2wHQ|11130|48|26
2026-08-20|5D585WRFZW4|13946|87|9
2026-08-20|5zWRiiLX59M|86555|1731|37
2026-08-20|8A7m40RQeXQ|205416|1217|25
2026-08-20|NAsiczi6_QI|173629|1059|44
2026-08-20|izhre3U9Rbw|287548|2166|67
2026-08-20|tbQrmctvR7g|229|6|0
2026-08-20|kR0NobcGdRQ|363972|348|8
2026-08-20|YObEtFQpHEM|15522|230|2
2026-08-20|kfjttTF-JEU|430271|206|5
2026-08-20|qsOF-bFfA6w|24680|150|2
2026-08-20|Bk6DeEedYGs|3263093|35697|7284
2026-08-20|V1UVwCkK7HE|27652|509|86
2026-08-20|QR6I2gSUCSc|248380|743|37
2026-08-20|rZdita3r1tA|10563|136|0
2026-08-20|mrZQgny_ZI4|182557|1959|144
2026-08-20|d5LgzcgdbO0|30403|138|0
2026-08-20|WEe9DLcj0wM|38900|494|16
2026-08-20|l9IViUdrkj8|158178|806|20
2026-08-20|UN7VZ736sPw|206461|3953|257
2026-08-20|bZGzp__4BdQ|46206|164|1
2026-08-20|OyNDBECyv1g|25273|113|1
2026-08-20|zvJ_II_IhWc|349279|181|1
2026-08-20|a7dkIJeelSQ|51938|150|1
2026-08-20|NfklvCxhkbM|7070|160|6
2026-08-20|rHgLNjHNy58|710097|7130|120
2026-08-20|QzWYgTAlPm8|15989|200|3
2026-08-20|HByDsO-rU2g|25452|260|6
2026-08-20|9wgYxisWDIE|20099|266|4
2026-08-20|ViydhAhH5rg|3901|69|4
2026-08-20|P_UkbBjwSGU|18993|219|6
2026-08-20|i11RMqpL9DI|16838|156|5
2026-08-20|PpuybxRl3KU|5480|98|2
2026-08-20|QZ3YtbRPbQ0|11175|172|11
2026-08-20|ewJcc_ZOUGc|82856|376|801
2026-08-20|BcOjFjFNPV0|79430|466|909
2026-08-20|HZo_cGHLInw|142762|876|1491
2026-08-20|BK2vnLC8beA|28420|132|890
2026-08-20|8HvbbXcGl5g|22459|346|6
2026-08-20|w6zOirlTfOY|43842|757|24
2026-08-20|7fI9IQWEksM|69759|1257|22
2026-08-20|M9dMv4MWNAs|142650|963|190
2026-08-20|8zjoe4PsvPY|19953|512|27
2026-08-20|YEPcPQOXZxg|132640|495|174
2026-08-20|P7J_DV3XilI|53005|224|0
2026-08-20|Efk5lRT__qg|17724|63|0
2026-08-20|52O8ZhLt9so|11978|49|0
2026-08-20|4kGxrln1dJk|130253|478|16
2026-08-20|TT24Qm4Y4jI|160|12|2
2026-08-20|7bedlVnts9s|40640|275|6
2026-08-20|tIonviGOIMc|3379|14|0
2026-08-20|QXXi5y1iLlA|25937|252|13
2026-08-20|QUFiMhUsH00|5269|93|6
2026-08-20|08ModRpnygY|11333|120|2
2026-08-20|uj2hDScyEmA|9206|68|2
2026-08-20|e8bmerofVCY|9030|50|2
2026-08-20|d2Y0C8qqKNY|25287|118|1
2026-08-20|HTMB_WRA7pA|16721|251|11
2026-08-20|k-ZESCo1w2c|156335|854|32
2026-08-20|heEK0-Mxzms|21962|92|1
2026-08-20|GQd_dDDdQ6Q|53806|388|10
2026-08-20|k-Fhh8ppHS8|117875|471|39
2026-08-20|vWfU_Gd2Tcw|212690|741|52
2026-08-20|z5aacznsXXg|102714|550|6
2026-08-20|37ZRxKl_plk|98167|466|4
2026-08-20|YVS_hqXUh0U|118533|582|15
2026-08-20|RSkcr5jzqLs|126491|741|20
2026-08-20|LExgAKyqrKE|3689|22|0
2026-08-20|tc2Ir0VgJm8|142816|833|129
2026-08-20|zpMH7qYLOXY|112246|917|21
2026-08-20|r5s1UZdohDc|32130|98|10
2026-08-20|EELI86wZ-Fo|35451|246|14
2026-08-20|7MdNaan14ks|120474|790|6
2026-08-20|pShVcQP95VE|1560|10|1
2026-08-20|CDaa3kniGBc|154927|652|75
2026-08-20|kXOoubCAq6o|61417|367|16
2026-08-20|KFKOFmoydK8|35024|348|40
2026-08-20|NlW7jG5s0xM|155003|537|3
2026-08-20|PqMBMUQPbqU|226|0|0
2026-08-20|TahZdF3EfsY|8347|107|4
2026-08-20|grQc5e0HqSQ|14159|173|16
2026-08-21|3Tud4oeTlzg|8062|89|0
2026-08-21|-ix392NF1MI|124|3|1
2026-08-21|rzJQ4i6rXcQ|2154|10|0
2026-08-21|CUSx9Geak7I|887|8|0
2026-08-21|DO6p5vqeg0o|745|7|0
2026-08-21|P7UbLkqoXG8|951|5|0
2026-08-21|QZLs0STSskE|241|3|0
2026-08-21|HpRE55PEFjQ|581|2|0
2026-08-21|t-N5V4xQgko|1402|17|0
2026-08-21|1nbXuw2qM88|1547|29|0
2026-08-21|iF99QO_lyMo|595|12|0
2026-08-21|gKHDR-aH1po|371|8|1
2026-08-21|PnRUA8eQGfI|1182|44|2
2026-08-21|n-_WhlJDzFs|134|3|0
2026-08-21|fO3J_kVlX5Y|119|3|1
2026-08-21|fUlIs_nH1ec|92|3|1
2026-08-21|W7mBrTp4NP0|353|4|0
2026-08-21|ZZnAf51c9vk|12102|144|1
2026-08-21|0StwSOHw-DQ|384|3|0
2026-08-21|ZbaI6SrSgPU|2358|14|0
2026-08-21|Y9Ze62fmCj0|3689|35|0
2026-08-21|OpJqVTlNPGk|6151|23|1
2026-08-21|Qm8L3Ezwwu8|898|9|1
2026-08-21|V3-3Zn-Bqhk|3106|36|43
2026-08-21|UzyI0-AXSOA|15430|97|44
2026-08-21|RyVne8n3GrQ|151711|1128|2345
2026-08-21|csFUP13V1vk|1812|31|1
2026-08-21|EGEUMe0l4sw|108817|636|91
2026-08-21|q3F21Ngf5q0|260|9|1
2026-08-21|lXwAcRgqGt0|96|6|0
2026-08-21|T8drunUcCZQ|2293|77|0
2026-08-21|T9PryS70h9g|978|58|6
2026-08-21|dyPQNNFA4G4|8994|134|6
2026-08-21|-rINZCHxX6c|5735|178|11
2026-08-21|wGDD53PLkmc|8513|124|5
2026-08-21|LWFAn0N0auI|45342|1268|99
2026-08-21|xdO8PSEA5wI|5115|45|0
2026-08-21|-ZKnoOITJ68|487|18|0
2026-08-21|Sx482bdU27w|1|0|0
2026-08-21|FX7UHDC0phc|29255|215|1
2026-08-21|2fEKXNWjlf0|26714|268|5
2026-08-21|59YYUwFnFUo|19534|281|36
2026-08-21|0isun2iKhCM|53163|310|439
2026-08-21|cS5WQd_uDfc|34962|190|1
2026-08-21|-b2305kuVaM|63553|309|3
2026-08-21|kPpmvn27qTA|87568|157|1
2026-08-21|X7SxQPxTTLk|15217|93|31
2026-08-21|6_GEQ5oCgbA|52581|470|9
2026-08-21|YoUMakYhff4|45937|348|0
2026-08-21|wi0ga0dQXFk|20619|307|55
2026-08-21|ceuOK-tkf0Q|115866|668|5
2026-08-21|f3ze0rAr_g0|7986|42|0
2026-08-21|1NIGYakEDts|19831|153|0
2026-08-21|3-lLBpXjcpw|31592|139|1
2026-08-21|ssJwNEdU_jg|46626|500|15
2026-08-21|7ypY8QtsQyY|96818|419|0
2026-08-21|B0HMSTG2rJA|6092|21|4
2026-08-21|G4NKcsoReDI|1134|31|0
2026-08-21|pX1DiWrDuew|79|1|0
2026-08-21|75EDX9dk8uk|45261|103|53
2026-08-21|740gIc6vWSE|227437|3883|446
2026-08-21|7jwq362anB0|36384|1222|223
2026-08-21|d2b9OwP4PFU|48998|1338|36
2026-08-21|UHq4qqCKqMQ|16952|324|39
2026-08-21|PkkojpisHAs|5539|94|4
2026-08-21|9K_pwq6yIFU|829|16|0
2026-08-21|W_sENjLmZ1s|118838|961|40
2026-08-21|GCya69udR7w|6416|62|3
2026-08-21|tcAwt2f8K3M|3717|57|2
2026-08-21|ugZmfmeVdRw|172|5|0
2026-08-21|MuGWJgVKo1k|27390|284|10
2026-08-21|qviEJ00cgiY|15016|134|1
2026-08-21|XZQHJ1RD8qg|9011|78|6
2026-08-21|scGZxAtBZ_w|9772|77|6
2026-08-21|DvP22W1S0pY|11161|127|10
2026-08-21|hBsqVoNGRwU|898|14|0
2026-08-21|r8Nm8TW8uRg|410|11|0
2026-08-21|Z75RX7X-dXQ|2526|27|0
2026-08-21|YqyBdNT1yJo|5525|108|0
2026-08-21|wbWrj5zWjB0|1315|14|0
2026-08-21|BaUbisaGWqI|7147|140|0
2026-08-21|rYzl7n9FjHc|2822|52|0
2026-08-21|RgkQJ8L_aqM|6751|90|7
2026-08-21|lAm1ekx-380|1362|2|0
2026-08-21|XswAONrJbeU|4189|69|4
2026-08-21|rxsJdtPFUaE|615|34|1
2026-08-21|u1OIz6snNxw|8314|124|8
2026-08-21|w9_E3stJQnU|13549|126|7
2026-08-21|s1dviroZ4_s|15424|149|8
2026-08-21|lCkuGP-7dCM|9385|123|16
2026-08-21|EwBV1ASwsns|12998|130|4
2026-08-21|vjRozs9hneY|6126|83|3
2026-08-21|1JZSaf9eZOE|10526|114|3
2026-08-21|PqM-9UwIJmo|8293|96|2
2026-08-21|lypyj_WbmrY|9916|123|4
2026-08-21|TvSj_jO3dko|11130|121|4
2026-08-21|UAQyQCakL3I|7258|99|6
2026-08-21|l0HZCGxLn4A|377|0|0
2026-08-21|5Y7o_U_bC-Y|16261|119|10
2026-08-21|-G9Ry9n4jCc|25119|282|11
2026-08-21|nJ4W5zQQtHE|3008|15|1
2026-08-21|GLbpqYlpk8Q|2772|20|0
2026-08-21|MouqBkimId0|68111|535|24
2026-08-21|UGW2a43azrY|1469|6|0
2026-08-21|i8HHSSMVKSw|1887|19|1
2026-08-21|CZEVy1Nixdk|5731|51|0
2026-08-21|Kt2lu83atGg|2|0|0
2026-08-21|VxZs5uz2Yp8|4802|28|0
2026-08-21|pwVXGjZ_8_8|4356|27|0
2026-08-21|NYQO8BtgGIE|5644|28|0
2026-08-21|vCU-axBx5lY|3312|21|0
2026-08-21|n4yhfA0qQRw|787|6|0
2026-08-21|BVTyyZONFGw|195|1|0
2026-08-21|QbM0xn4d1Zk|14302|97|10
2026-08-21|iAFAsiozzNo|12276|126|9
2026-08-21|nEFaVlJfJVk|29641|228|6
2026-08-21|yisK4u1kXTw|10614|71|1
2026-08-21|lu3DLmzpt2M|51614|317|14
2026-08-21|mbvoLj7s_k0|14436|140|4
2026-08-21|p212WbyU8fg|2|0|0
2026-08-21|NlFObOkt4qA|7069|31|0
2026-08-21|H92n_Qk_VU0|56963|1059|72
2026-08-21|fJwDUMp-_bo|5209|31|4
2026-08-21|z-l3tg2BfiM|27256|192|0
2026-08-21|MJkaivSe4xg|5491|47|2
2026-08-21|Wbj-LWlk-M4|254574|1391|247
2026-08-21|udJmxrlVn_w|784789|9864|577
2026-08-21|e0zF1Fj8CsA|1608569|7523|1069
2026-08-21|M-hk8ESucBY|117356|767|92
2026-08-21|lZ2O4Vn-q0U|117139|716|60
2026-08-21|dhWbEgGcxok|12146|32|5
2026-08-21|8xVsHEnXkMU|2525|11|1
2026-08-21|E6-zRKnCq3s|11199|43|10
2026-08-21|hsCmCBXPjT8|9495|36|1
2026-08-21|BG0cgHUUfzE|5172|33|5
2026-08-21|ITW43ACdd5U|7445|22|0
2026-08-21|Ap39MJqDF6E|9430|53|31
2026-08-21|cETSzS6jgKw|3645|19|2
2026-08-21|UAyh2mAdDSs|106849|523|26
2026-08-21|YaqxqDiW97g|5846|43|0
2026-08-21|aMM1qjOGupg|2205|14|2
2026-08-21|F4eQU3C27tU|1867|21|0
2026-08-21|OczLYnOxu_s|2858|13|2
2026-08-21|Md1LumbKsXA|7984|110|15
2026-08-21|F_cOZ0ck0PQ|1657|10|0
2026-08-21|mraZHankJas|19724|167|22
2026-08-21|QoxEj_Fg8Pc|11105|100|6
2026-08-21|QOrLiUCvx3w|1228|41|0
2026-08-21|kqak2ZY2CFI|1821|13|2
2026-08-21|N32Ge0wm_Fw|2036|26|3
2026-08-21|uqu6D0MLfic|1896|20|1
2026-08-21|XDha2l_yMPA|74451|640|265
2026-08-21|xeMWj2iUwtk|2359|15|2
2026-08-21|HixeIY99Efs|1127|25|0
2026-08-21|wm_75OJ70Rc|697|9|1
2026-08-21|gAAJ0DUVPZs|53163|427|72
2026-08-21|ullof6Lhpc0|1502|34|0
2026-08-21|WUA2WEdBsR0|1542|27|1
2026-08-21|S5kvTuiw25M|2392|15|3
2026-08-21|oPrUXPdONWg|2055|12|0
2026-08-21|LcSbn_RAY4k|1097|6|0
2026-08-21|4Vnw-rM2BSY|2044|16|0
2026-08-21|o5urjaZC81c|1198|7|1
2026-08-21|akaIKqDBRzE|8693|96|0
2026-08-21|se174NOnPtM|13944|131|1
2026-08-21|GGMIDTuHTlQ|7510|69|1
2026-08-21|ldrIjiyT4Is|1742|13|1
2026-08-21|CkQSrz0N69w|130156|1626|404
2026-08-21|RlWAClw8cGM|2221|20|2
2026-08-21|t4yHqSGeJBc|2130|24|1
2026-08-21|6dUBDpy-vOI|8973|88|4
2026-08-21|bNGw0dvUZe0|31817|99|8
2026-08-21|Ee9dn19qCxw|8616|71|3
2026-08-21|cNn6QjwtD_0|11109|108|8
2026-08-21|J85DJYJCiKw|24028|178|13
2026-08-21|klpCyAc6ODY|21663|183|5
2026-08-21|9JigKEyNoi0|14866|151|9
2026-08-21|1grtSOIAnuY|399336|646|169
2026-08-21|D2gyXdZ9H7U|13629|122|7
2026-08-21|QreKlvT-NAI|13306|130|3
2026-08-21|bbXKQl5ZsOg|63079|425|6
2026-08-21|TnRqTDu9F9g|101101|2604|209
2026-08-21|4HCcAcKYbao|716|15|1
2026-08-21|lsyC4TLTtPU|88777|599|1
2026-08-21|lhdOOqB8dTQ|9829|70|0
2026-08-21|5kJc49Md3z4|22881|171|3
2026-08-21|oxlUlxxVV6Q|436180|1938|76
2026-08-21|ZW35rKZTZhs|139218|855|189
2026-08-21|6fkEFkHKoXk|15164|142|17
2026-08-21|BhPe7GHipj0|11654|120|3
2026-08-21|2V8pSwpAvcg|21542|177|5
2026-08-21|eHV5y7HMkL0|25458|216|13
2026-08-21|pDXRUmFQWW4|3285|22|2
2026-08-21|Leicor2O8AI|13375|110|2
2026-08-21|LwlCj-lv0qI|34955|643|9
2026-08-21|VJgZJu4vZ-I|50|0|0
2026-08-21|qmkpEwbqK28|1102332|748|224
2026-08-21|lcPaeRoT9QQ|10865|146|2
2026-08-21|Hc56wnMvknU|14123|236|7
2026-08-21|-gvoRlCS6yo|2997|96|9
2026-08-21|MSTWE-0-cFk|184|4|0
2026-08-21|ue_9Fg3Zg40|164|4|1
2026-08-21|5_sZG_7xRiw|5521|416|17
2026-08-21|8Smf-KjHE38|7776|519|22
2026-08-21|8n5E5XD1pd8|11804|161|0
2026-08-21|JutYqS4vcWE|19346|89|3
2026-08-21|qthP5nEqk_g|223|8|0
2026-08-21|x2DELtiX_OA|3998|20|2
2026-08-21|FOm1NP4xoQM|3240|35|9
2026-08-21|hVZqE6ZnMLA|141627|18|1
2026-08-21|NVqHeLRIXd4|44|0|0
2026-08-21|vXJh_sAWdSs|389|27|4
2026-08-21|pHgQoMx_GZA|13|0|0
2026-08-21|CiG2x4_jwVE|118754|979|288
2026-08-21|FA_DiuVt2Pw|9064|174|9
2026-08-21|BuzK1quZwg0|2477|40|0
2026-08-21|pAA_tqlG4n0|7525|118|0
2026-08-21|eczIkYJPdic|6262|55|2
2026-08-21|MSK-g62JSGU|16842|99|1
2026-08-21|UCwhWR0CKWs|2993|19|0
2026-08-21|ZT71OA6JyJs|2583|31|3
2026-08-21|2mk7hbUysVs|3883|24|4
2026-08-21|la947Sd-1WE|5342|67|0
2026-08-21|n3fCoDJAidc|1857|19|0
2026-08-21|xEpZPWq4DbQ|2137|31|0
2026-08-21|8ARkpMQ4Dy8|19729|265|2
2026-08-21|CsrN8hcXCqY|77047|1889|297
2026-08-21|JuSKFyNyzXA|240|3|0
2026-08-21|ortD0HxFCwU|32706|359|2
2026-08-21|Kk4EITN-lsE|110667|369|23
2026-08-21|ZTGeor1aDoY|30660|172|1
2026-08-21|EbYVNInQpKk|22501|97|0
2026-08-21|c4v9zJOu6wo|217402|1272|25
2026-08-21|h81ODHUXWGE|2418|10|1
2026-08-21|FgGrVfOkwao|11|0|0
2026-08-21|hUhnjFH31IE|4429|15|0
2026-08-21|KPsette4lU0|1408|6|1
2026-08-21|bI57Ho5ormw|3123|16|3
2026-08-21|mIgVB_KbaQU|9035|56|3
2026-08-21|m6vzn6QgheU|1919|12|1
2026-08-21|PkM1FBYq0sU|275|7|0
2026-08-21|L5c5Zxi7Cok|51012|272|1
2026-08-21|Zw8PPlkE3UE|829|2|1
2026-08-21|T8YKeFP46k4|1414|5|1
2026-08-21|OqKbXHjQ7kA|467|10|3
2026-08-21|4hXf6Ean-R0|249|2|1
2026-08-21|ciLdbR2JX-0|1011|12|0
2026-08-21|u0h_jDzQY_g|184|3|1
2026-08-21|WKfeTCKNnM4|278|4|2
2026-08-21|F46f2ETH760|124|3|2
2026-08-21|aq9q7jNCyAY|801144|8959|381
2026-08-21|LkkpZYszpFA|685695|8576|372
2026-08-21|FiTE0FTOLZw|37572|259|17
2026-08-21|Z89wwEwgS7A|2479|6|1
2026-08-21|Ro9v1v73-xM|105232|1799|39
2026-08-21|sPsZbg0qewU|1033|2|0
2026-08-21|t7k7Mxb3YMg|38|0|0
2026-08-21|7MPf6b3qZwg|31583|181|1
2026-08-21|ohHJAh0JSJk|28138|1173|94
2026-08-21|Q6nmLcXVwiQ|78571|397|2
2026-08-21|M0dBu2tuRew|75195|604|2
2026-08-21|p-oW41gJ7Gc|32508|259|37
2026-08-21|oKvMXyMB1Jc|23854|75|27
2026-08-21|wz92u_aEYDg|22465|513|0
2026-08-21|IQ7UH43tDH0|141184|3110|624
2026-08-21|E1CNd83MF7Y|161535|706|35
2026-08-21|rT-UjldPerg|9564|87|3
2026-08-21|Y5zr7ZCp0CU|65173|277|5
2026-08-21|ht2d-5FtpuY|23367|162|2
2026-08-21|3qQMX6zlTl4|386424|639|14
2026-08-21|oIHY7xEE3Yw|7204|117|0
2026-08-21|pFAnmMf8oYg|204|2|0
2026-08-21|84kkYBUxXho|1491|12|1
2026-08-21|n-2RJrIYfw4|4446|45|3
2026-08-21|bKS5YX0GpbM|18296|168|22
2026-08-21|DsEaKTQetn8|285|2|0
2026-08-21|K5dyxhbWyGI|153|5|1
2026-08-21|NThW7YAXlOE|425|7|0
2026-08-21|n4gsh7i-hh4|15097|74|10
2026-08-21|-JINdYWXSvY|218|3|1
2026-08-21|yqSAD4Hu724|16737|38|3
2026-08-21|gFnS5C_uqF0|3212|49|3
2026-08-21|UHGs6e-hmR0|11325|59|4
2026-08-21|h1XFzDXB1ps|3591|23|0
2026-08-21|tQJNVSjKPcA|4065|49|2
2026-08-21|fxKWFyiTdxQ|2688|71|2
2026-08-21|YQLkGV0LXE8|279|35|0
2026-08-21|6eYUKAAwq1Q|25920|480|67
2026-08-21|GStmvM_o6yw|2412|19|0
2026-08-21|goh-2snTt-c|134|4|1
2026-08-21|rqymJ74kWC4|1868|108|11
2026-08-21|FDPFAoBFfpg|11824|26|2
2026-08-21|slBEx8Twib0|5660|43|7
2026-08-21|8JShl7UZ-2M|21346|171|12
2026-08-21|gWUCaYjv7fM|87|2|1
2026-08-21|J-5yjp_9d6I|25614|177|14
2026-08-21|FjOEBUCsF_0|9279|55|2
2026-08-21|i05IJQCBuTQ|3812|17|1
2026-08-21|ImC17jMm7bo|3365|45|2
2026-08-21|HEhI8MZLESU|24769|146|7
2026-08-21|VW6qIYrsrJU|8273|76|1
2026-08-21|Chbw30rKHl4|7684|73|2
2026-08-21|1sqULyw26lc|13548|93|6
2026-08-21|FDRR9FMclmA|22320|139|11
2026-08-21|3vgjms-ChjM|21252|171|26
2026-08-21|JtXem536ggI|14862|139|20
2026-08-21|iyCY824Xi1M|14220|137|10
2026-08-21|6Vh2VymcfwM|11299|106|6
2026-08-21|2EkZkQC5-1Y|262|4|0
2026-08-21|vqF6pjfUmNs|11857|99|6
2026-08-21|iyVmBYjH92k|159033|1207|261
2026-08-21|zUhCovmQOJQ|21315|145|9
2026-08-21|KS2CZsT_lLQ|14365|123|8
2026-08-21|QqcjHD22WSM|386308|5950|815
2026-08-21|byuXHWfm9e8|6596|72|10
2026-08-21|4p3nTwTboK4|420912|52736|5204
2026-08-21|8Bue00za-4Y|1741|27|0
2026-08-21|0zKfcW8uR1A|121179|1420|12
2026-08-21|RVcW7TeMSmg|2458|30|0
2026-08-21|UFj7mdiWQOg|1517|37|1
2026-08-21|wMMZxoGS0a0|9099|72|0
2026-08-21|EA0BP1xHZz0|13045|145|4
2026-08-21|hroQ0_CnFSs|4963|39|2
2026-08-21|BFkIlfGY4fA|4667|28|4
2026-08-21|A3GaHR1leJw|10603|117|6
2026-08-21|E6Rwa-WLLAU|2537|23|0
2026-08-21|ihPu7XhPdMw|4769|56|0
2026-08-21|vBSzrOidJ5o|180883|3579|72
2026-08-21|b8l02szLfxU|4347|20|50
2026-08-21|CtZ7IPhsRzg|4536|38|2
2026-08-21|KBX-KZ3oUPw|375|11|0
2026-08-21|c6sKWRvm6-Y|3137|76|5
2026-08-21|Lq5VtVgxm2Y|4124|49|0
2026-08-21|8Pm40pmsR0U|9205|200|0
2026-08-21|isPNFx9eAe8|2399|31|1
2026-08-21|3wEf-_2i74g|316385|2864|1001
2026-08-21|3Mhe9Jdkiks|280250|1468|553
2026-08-21|PEe5Uk-rYv4|43941|71|3
2026-08-21|OLm8oBk2R00|45321|54|65
2026-08-21|mH6cuW_qf9U|17287|120|74
2026-08-21|U_v5uXrjbwM|207437|1061|238
2026-08-21|zYu_T7bCc08|1676960|1272|435
2026-08-21|JxfhgrCkwas|269066|416|16
2026-08-21|0rmCdkuyCts|29765|357|2
2026-08-21|bwCryhgCmoc|10811|33|0
2026-08-21|800srB5gKQw|27979|127|0
2026-08-21|SpQEocvnTFA|46463|533|106
2026-08-21|ehHODnLDJtE|310846|1097|43
2026-08-21|YKpt9DqNt2Q|231744|1641|81
2026-08-21|yg9CDCViVSE|234394|3691|39
2026-08-21|ao1__4LOuiI|1382|14|1
2026-08-21|IIsgD5A6sB4|2263|20|5
2026-08-21|-Yj9tVKLZgI|944637|17108|2214
2026-08-21|EwMWZksDnXg|638754|4345|147
2026-08-21|IDOIHz6fiaM|608284|5763|800
2026-08-21|P22nAFvyzq0|438718|165|21
2026-08-21|QcIce7WArv8|4122|45|2
2026-08-21|if_sDgl0x30|9186|71|43
2026-08-21|Hjf-HFqykxQ|3014|16|1
2026-08-21|xtldWMGRfZk|13615|209|5
2026-08-21|pT3BsZQde0k|2934|25|0
2026-08-21|VOrgr9PbF80|38669|507|45
2026-08-21|WyE2tniaM1s|8178|63|2
2026-08-21|-QXIX_cE148|4783947|54939|1105
2026-08-21|Wb0rLBtZUQA|404|9|1
2026-08-21|qepXclDzPcI|7554|58|4
2026-08-21|cx5QIblWLmU|153002|1559|31
2026-08-21|Y0TwxBCuvt4|26876|78|34
2026-08-21|jN7h0CHLDSA|21867|164|17
2026-08-21|jRACq5pTtdw|2632|16|1
2026-08-21|wgPfv_UHQTY|1335|15|1
2026-08-21|sQX_x8P66B0|15932|91|2
2026-08-21|Hn2yuN7Ybrg|3221|14|0
2026-08-21|dBqu8VEf6Vs|12588|49|0
2026-08-21|IBY-u0vk06U|22004|71|55
2026-08-21|mQmxAQDjddk|552|7|0
2026-08-21|OUDG8mvKsxA|1877|7|1
2026-08-21|ZT1KEFR-yVQ|15280|43|0
2026-08-21|WCFKnlGdQk0|586|5|0
2026-08-21|s9VxXCHriTA|15003|361|2
2026-08-21|Kw8oPAZVzU0|996|7|2
2026-08-21|_k6KX8g-g3Q|956|48|3
2026-08-21|fFqDeSWw7QA|411|10|2
2026-08-21|Xtv-LyqKbAI|31385|221|26
2026-08-21|yVbeDod2EnU|310396|1248|204
2026-08-21|BIO4h5w-C64|4267|41|0
2026-08-21|GbTpIJxsvEs|46952|312|7
2026-08-21|aA5e4RJt2DE|221|3|1
2026-08-21|_FAK3RSltgE|1779003|18748|922
2026-08-21|e3TSm10tmJc|1168|8|2
2026-08-21|2O9NLME3ALY|283285|3981|95
2026-08-21|MCLX7anEh5s|786550|158131|10766
2026-08-21|XzhVgm7YHDg|16294|74|0
2026-08-21|rd5pF9Qj_C8|185885|1760|67
2026-08-21|txJ0HXK_k6c|199|5|1
2026-08-21|FX5bGzRoOMA|4495|17|9
2026-08-21|8W5DtUCDrFU|16901|271|51
2026-08-21|bQke3yVOOP8|5873|60|3
2026-08-21|A-VhlJWJ5Z0|101553|833|111
2026-08-21|8432ojUkz9A|157374|1471|77
2026-08-21|nHLDx-iG_WM|270|5|1
2026-08-21|uPsf7La9Cc8|117226|1927|312
2026-08-21|wDOCNoX3qNk|267074|2907|1385
2026-08-21|Gn4gOofG-1M|19526|124|4
2026-08-21|XJB_vRFdwPk|1481|3|0
2026-08-21|NCqAKkHPvZg|39815|202|43
2026-08-21|vOJSTQ2qMHQ|14117|124|8
2026-08-21|wq6XinZEP6k|90286|439|6
2026-08-21|jjTNqXSnxyY|27176|271|5
2026-08-21|zDHETZ4FmkQ|1876|7|0
2026-08-21|1y0sBsvlrZ4|68686|487|0
2026-08-21|bBUPHg-bt6o|88914|520|10
2026-08-21|ufntKMCLpzM|7228|107|3
2026-08-21|iOaOsaS7z4o|3556|14|1
2026-08-21|e4peNm_9Vcw|5040|23|1
2026-08-21|IouWXVbt3ag|4518|32|1
2026-08-21|VFUWIr-6s8U|266261|1648|306
2026-08-21|ZaFyKreusP4|155378|1151|5
2026-08-21|ElLIEDo8oTs|7563|91|1
2026-08-21|VQfWHYWxNYU|1402|7|0
2026-08-21|Y-QFC92rmEo|3174|20|1
2026-08-21|d8sEBdwKbeU|81757|448|32
2026-08-21|LlzmqpwWsqs|26226|183|7
2026-08-21|tDpmqb1dSh8|25691|165|24
2026-08-21|OP_FpaI1ObQ|24877|155|15
2026-08-21|m3ABEdglOzo|21905|130|0
2026-08-21|i02CaWkvreI|24736|189|16
2026-08-21|YTp9Nru7yNc|17316|118|16
2026-08-21|hF97MaR_tOs|30338|150|16
2026-08-21|oJRw4w1KOaE|61476|291|305
2026-08-21|yh0uf9NhTlo|14334|55|0
2026-08-21|F0POi2ifNHY|34031|136|0
2026-08-21|pxjOA-QHsAU|16203|31|0
2026-08-21|vmtwhdXo_VA|10339|69|3
2026-08-21|m3badHxhZeE|142051|1781|14
2026-08-21|UUhhpGmN8ws|1557|5|0
2026-08-21|Hpkm5RMU-Xg|133639|813|158
2026-08-21|qeCXJ9H7jhY|1653|11|1
2026-08-21|yV0b0eZEFNE|883|2|1
2026-08-21|pvY_zJAL-as|23629|159|13
2026-08-21|SbxORZ4nF3Y|2683|18|1
2026-08-21|ggyeXegX3Zw|10836|178|2
2026-08-21|Rqin1ZlqnqQ|2827|48|0
2026-08-21|6ACavYG1-UE|8982|141|1
2026-08-21|g_2m2ZURf20|1062|9|1
2026-08-21|RqZSRtSOrEI|22508|842|22
2026-08-21|kgZshY-oyqw|170184|1507|111
2026-08-21|0tEZWFtcK8w|113471|786|81
2026-08-21|SLf-A3-_Jhg|13420|153|6
2026-08-21|DHKiNduuwmM|12313|119|4
2026-08-21|ne-xrvvyMR8|23329|149|7
2026-08-21|BQx0yuvvZD0|15635|128|13
2026-08-21|TMFUcmkq5ZE|28231|203|39
2026-08-21|FMk7CdxulUw|2438|31|0
2026-08-21|ya-X9O3eSCA|10907|64|0
2026-08-21|imXyoZ5aGus|2155|36|4
2026-08-21|-vvvNkDud2U|276970|6688|387
2026-08-21|y0w4PY9frKU|1496|35|0
2026-08-21|wSWXg3V-AXA|10418|77|0
2026-08-21|_ZkgB3lE6BM|20589|115|6
2026-08-21|JjwO2GRGJ9k|6974|61|2
2026-08-21|iuC8YxNcDU0|4963|19|0
2026-08-21|kR0NobcGdRQ|486009|390|10
2026-08-21|kfjttTF-JEU|543087|238|6
2026-08-21|WxDWugghVi4|7089|47|1
2026-08-21|tbQrmctvR7g|220|6|0
2026-08-21|XBxShge-Eq8|5204|41|5
2026-08-21|qwHhzrpoAbg|8589|47|0
2026-08-21|l_qB-rhXQrg|3766|40|5
2026-08-21|pFUchLe4-GI|134482|585|104
2026-08-21|m_4Bhs-qj7o|80364|476|35
2026-08-21|IchG68X0X-c|155574|1043|40
2026-08-21|1Wd8GV-DlzE|16507|46|1
2026-08-21|vg9e07N9ypo|36704|209|11
2026-08-21|XD29acsqg4Y|6013|93|1
2026-08-21|DlmAyS7yR5s|2569|33|1
2026-08-21|dK7FLhw5fsw|7795|59|2
2026-08-21|nGkReWN4hHk|9229|103|6
2026-08-21|ESKVYxOOaAg|56655|274|9
2026-08-21|4Yc5MjG4i_A|10127|113|8
2026-08-21|WAWdL4hPAUQ|22246|208|10
2026-08-21|fWvao7X2q1w|3598|64|2
2026-08-21|T-cV280XzRc|8999|65|4
2026-08-21|gMt_iuCV8AY|15569|121|2
2026-08-21|5ZCns30jK0M|3734|43|1
2026-08-21|aRz9SwtGhA8|9819|231|13
2026-08-21|MXA7EPHdMws|22645|126|1
2026-08-21|ri23T-gZAQA|36361|226|39
2026-08-21|EdsuNvqrij0|83153|326|18
2026-08-21|N637X2kkEoI|12309|60|2
2026-08-21|R7qcHyPjATk|47518|364|23
2026-08-21|FWqMzCxHU8c|46959|502|13
2026-08-21|h4Z0IAGI2WM|923010|8727|9420
2026-08-21|HlLgnipNoxc|1010290|8550|8077
2026-08-21|M8s5Ctfa__c|630901|4577|4820
2026-08-21|HtklHMae1xM|33162|398|8
2026-08-21|JkDHyVy_lds|191148|740|59
2026-08-21|CNQBP96nYN8|25637|519|30
2026-08-21|d_nAWNI1Q2E|65987|435|14
2026-08-21|_bNDST5QXWw|130240|520|113
2026-08-22|iiuRyNg3giw|951700|62065|942
2026-08-22|0cTrHhaX4w0|2635|19|3
2026-08-22|HSQF1Xqi8dg|636|9|0
2026-08-22|WRQJYLMZCyA|589|5|0
2026-08-22|vaWNMWVcGZo|1990|18|0
2026-08-22|c0zoyzYGzEk|1617|11|0
2026-08-22|OSZNP0e-iv8|1695|18|0
2026-08-22|zkF7Fs6qBCo|5996|75|1
2026-08-22|cO82J9_hd9o|13981|60|2
2026-08-22|ZK-m0ATQ_Ag|4866|35|0
2026-08-22|tXN0jnl0fI4|7907|53|0
2026-08-22|SQIaMldNpEc|14692|74|0
2026-08-22|QQmHs3xl9KI|27806|131|2
2026-08-22|mB9Qg7QFKuY|13164|64|1
2026-08-22|SN7MgXG1yms|365|43|0
2026-08-22|tMUlQHqKFUc|1873|24|0
2026-08-22|JSeHGyshbUQ|26378|126|1
2026-08-22|q1_d-wEhb1I|1782|10|0
2026-08-22|ckh_Hm7My4Q|1619|3|0
2026-08-22|Cah2QUEmbyQ|1895|34|0
2026-08-22|FjN3oH-xLy0|416|3|0
2026-08-22|VPWUW1J9JzM|122|6|0
2026-08-22|LIqvXIe3Jt8|2263|42|1
2026-08-22|1ULZVvtthRc|5806|23|3
2026-08-22|NsfQiJuhZtg|5033|35|2
2026-08-22|UrDJOu_9JGI|685|61|1
2026-08-22|nSO4nXPG6ng|6160|49|1
2026-08-22|fvl9PisUxI4|8943|65|2
2026-08-22|KtwU2zhcg0s|16587|40|0
2026-08-22|54s6l2LPnw4|16415|132|0
2026-08-22|YELLnPyuqIQ|1274|33|0
2026-08-22|LvzGoJ21l_E|1340|30|0
2026-08-22|o5m_nAT2wtE|7687|79|0
2026-08-22|J7P6ftq1Zkg|13954|301|0
2026-08-22|1ZODOWLlIz4|5841|58|0
2026-08-22|f8rTkvjUSN4|50252|281|4
2026-08-22|SR2C6tbnZIM|9707|76|0
2026-08-22|LslvcEameWA|29707|202|1
2026-08-22|cpgWvlYlqUY|10738|67|1
2026-08-22|N9u9fHxic-o|12046|221|16
2026-08-22|AE_1uG9gd1Q|7360|367|5
2026-08-22|Og73Mvwmguk|149|3|0
2026-08-22|8HN8Orb8Wrw|14560|56|0
2026-08-22|WqoCj7sy9Os|10665|52|0
2026-08-22|vOYG8PmOFMQ|6569|61|1
2026-08-22|Yda3AY4iMWU|6513|67|0
2026-08-22|PvVk8BgO7Qs|244858|1110|55
2026-08-22|9gWDPVTuEBY|19874|353|136
2026-08-22|MSFZ42Ku6Z0|1882|48|3
2026-08-22|-mmr4dx6fzI|1690|0|0
2026-08-22|QibNswe6N0U|149202|588|25
2026-08-22|4cdKbgIiysA|40|4|0
2026-08-22|Tv9vx2dB8cc|5971|34|15
2026-08-22|nlMo8Jw2uIE|306627|1637|163
2026-08-22|MyFitFFVtu4|8112|46|43
2026-08-22|Z5Z0zb9NNwE|121390|1915|172
2026-08-22|MT-4Bk1Lw8g|2242558|351566|5646
2026-08-22|5c11UPCYQo8|163391|813|79
2026-08-22|EvUsg-nkMiY|3992|120|1
2026-08-22|F69lXLCT15k|13336|119|0
2026-08-22|RPC2UWNciqw|4271|138|1
2026-08-22|NxiMd4DslG0|9496|213|9
2026-08-22|2wR2fR8rHAA|25005|236|2
2026-08-22|vc_7x13PjqE|86327|499|10
2026-08-22|CWrkIjLNthU|5512|50|0
2026-08-22|lvkKXHOPdAA|8871|82|1
2026-08-22|PJSv6YZvt5c|1442|25|0
2026-08-22|7Q0jWt0ewy4|4094|50|1
2026-08-22|LLJWROYJ8Y0|11028|117|2
2026-08-22|WDIh_0guCso|10190|103|1
2026-08-22|15huf-3wxGk|5517|81|1
2026-08-22|fSTY4Nm40rA|13582|137|0
2026-08-22|v_3hNrMYXDc|8406|107|2
2026-08-22|aUjZ6x5uk6A|7339|81|1
2026-08-22|9GSm5BA4MXE|9850|118|1
2026-08-22|dG5qRti14Tk|11441|115|5
2026-08-22|THFtVpaO0rw|11618|125|2
2026-08-22|KXFTZ0jL1L4|17340|139|3
2026-08-22|de-BuXyzBJA|11259|107|0
2026-08-22|OUJcpBKGo78|5676|70|1
2026-08-22|_TFaOOOXJBg|15678|145|2
2026-08-22|ddeYEgy3Jo0|482|15|0
2026-08-22|qlAKf1Aa6G0|9536|79|1
2026-08-22|8sL3cyLhaV0|2267|16|0
2026-08-22|NY_uRxQjjVU|3880|40|0
2026-08-22|MM80X31VLkA|2678|18|0
2026-08-22|_RTdwFo6l5w|1304|8|0
2026-08-22|f35ht6b6-gA|2131|8|0
2026-08-22|ayiGbYjkXgc|1457|7|0
2026-08-22|E18HhPBZQ4g|447|2|0
2026-08-22|9x59_6wciv8|2660|8|0
2026-08-22|ugreLRVHT_Q|9085|66|1
2026-08-22|MUT7-t0hTww|2640|8|0
2026-08-22|IEY4wtv4e94|1340|16|1
2026-08-22|vnUdEsgfsIM|1282|1|0
2026-08-22|5z1G-GSxoiw|5817|28|0
2026-08-22|unpN50P7G5E|1486|30|0
2026-08-22|UvjN4DQls-g|12494|156|1
2026-08-22|MtyoS0m5IXY|24293|178|5
2026-08-22|xQfq-ekbZMw|4808|47|0
2026-08-22|ass_h33LxqM|6211|62|0
2026-08-22|ygt_T-5HBHc|3496|33|0
2026-08-22|2EUUstlF6bE|5346|50|0
2026-08-22|477q-5B666c|4039|42|0
2026-08-22|VyMZFuis9Y8|2554|30|0
2026-08-22|UAQyQCakL3I|10469|115|7
2026-08-22|ceuOK-tkf0Q|122676|713|5
2026-08-22|wi0ga0dQXFk|41122|472|74
2026-08-22|5Y7o_U_bC-Y|17553|120|10
2026-08-22|XZQHJ1RD8qg|9310|79|6
2026-08-22|DvP22W1S0pY|11267|127|10
2026-08-22|scGZxAtBZ_w|9918|78|6
2026-08-22|1NIGYakEDts|21269|173|0
2026-08-22|0isun2iKhCM|54206|310|441
2026-08-22|UGW2a43azrY|2436|7|0
2026-08-22|X7SxQPxTTLk|15704|96|32
2026-08-22|GLbpqYlpk8Q|4302|27|0
2026-08-22|rxsJdtPFUaE|74599|1122|58
2026-08-22|nJ4W5zQQtHE|4262|19|1
2026-08-22|qviEJ00cgiY|15306|137|1
2026-08-22|3-lLBpXjcpw|33080|148|1
2026-08-22|i8HHSSMVKSw|6132|42|2
2026-08-22|MuGWJgVKo1k|27772|289|10
2026-08-22|1nbXuw2qM88|2502|32|0
2026-08-22|iF99QO_lyMo|899|16|0
2026-08-22|EGEUMe0l4sw|111536|653|91
2026-08-22|gKHDR-aH1po|568|11|1
2026-08-22|PnRUA8eQGfI|1802|49|2
2026-08-22|n-_WhlJDzFs|211|4|0
2026-08-22|xdO8PSEA5wI|11692|213|0
2026-08-22|MouqBkimId0|87239|607|28
2026-08-22|QbM0xn4d1Zk|15795|103|10
2026-08-22|Sx482bdU27w|1|0|0
2026-08-22|iAFAsiozzNo|12778|130|9
2026-08-22|FX7UHDC0phc|29907|217|1
2026-08-22|nEFaVlJfJVk|30601|240|6
2026-08-22|59YYUwFnFUo|48573|701|50
2026-08-22|yisK4u1kXTw|10873|73|1
2026-08-22|lu3DLmzpt2M|53364|327|14
2026-08-22|mbvoLj7s_k0|14604|139|4
2026-08-22|u1OIz6snNxw|14645|159|9
2026-08-22|vjRozs9hneY|9505|101|3
2026-08-22|w9_E3stJQnU|24760|159|9
2026-08-22|QZLs0STSskE|449|3|0
2026-08-22|DO6p5vqeg0o|1497|10|1
2026-08-22|CUSx9Geak7I|1724|8|0
2026-08-22|rzJQ4i6rXcQ|4088|14|0
2026-08-22|7jwq362anB0|96611|2372|297
2026-08-22|B0HMSTG2rJA|6109|21|4
2026-08-22|7ypY8QtsQyY|135450|500|0
2026-08-22|f3ze0rAr_g0|11294|83|0
2026-08-22|2fEKXNWjlf0|27856|279|5
2026-08-22|lypyj_WbmrY|15959|152|4
2026-08-22|TvSj_jO3dko|17819|160|8
2026-08-22|ugZmfmeVdRw|3127|36|0
2026-08-22|tcAwt2f8K3M|5552|63|3
2026-08-22|RgkQJ8L_aqM|10773|113|9
2026-08-22|XswAONrJbeU|5463|74|4
2026-08-22|s1dviroZ4_s|24361|176|8
2026-08-22|P7UbLkqoXG8|1449|5|0
2026-08-22|-ix392NF1MI|168|3|1
2026-08-22|EwBV1ASwsns|19718|162|4
2026-08-22|fUlIs_nH1ec|145|4|1
2026-08-22|lCkuGP-7dCM|17292|150|25
2026-08-22|1JZSaf9eZOE|15136|142|3
2026-08-22|CZEVy1Nixdk|18953|126|0
2026-08-22|-G9Ry9n4jCc|143960|849|20
2026-08-22|VxZs5uz2Yp8|7255|37|0
2026-08-22|pwVXGjZ_8_8|6922|33|0
2026-08-22|NYQO8BtgGIE|8688|36|0
2026-08-22|vCU-axBx5lY|7193|27|0
2026-08-22|n4yhfA0qQRw|6075|35|1
2026-08-22|BVTyyZONFGw|10909|60|0
2026-08-22|lAm1ekx-380|64222|156|0
2026-08-22|l0HZCGxLn4A|8769|33|0
2026-08-22|-ZKnoOITJ68|9633|384|0
2026-08-22|W_sENjLmZ1s|201130|1652|50
2026-08-22|fO3J_kVlX5Y|186|4|1
2026-08-22|PqM-9UwIJmo|12535|117|2
2026-08-22|t-N5V4xQgko|2294|19|0
2026-08-22|T9PryS70h9g|1179|59|6
2026-08-22|ssJwNEdU_jg|68902|617|20
2026-08-22|kPpmvn27qTA|103450|210|1
2026-08-22|r8Nm8TW8uRg|1012|19|0
2026-08-22|hBsqVoNGRwU|2127|28|0
2026-08-22|GCya69udR7w|8822|72|3
2026-08-22|ZZnAf51c9vk|19797|230|2
2026-08-22|ZbaI6SrSgPU|2926|16|0
2026-08-22|0StwSOHw-DQ|913|6|0
2026-08-22|W7mBrTp4NP0|679|5|0
2026-08-22|9K_pwq6yIFU|1454|18|0
2026-08-22|G4NKcsoReDI|1705|42|0
2026-08-22|pX1DiWrDuew|246|3|0
2026-08-22|dyPQNNFA4G4|9368|135|6
2026-08-22|75EDX9dk8uk|45347|106|53
2026-08-22|-rINZCHxX6c|7275|236|11
2026-08-22|wGDD53PLkmc|14457|204|5
2026-08-22|740gIc6vWSE|282789|4342|464
2026-08-22|HpRE55PEFjQ|1178|2|0
2026-08-22|d2b9OwP4PFU|89170|1584|39
2026-08-22|LWFAn0N0auI|88434|1756|113
2026-08-22|PkkojpisHAs|9470|134|5
2026-08-22|Y9Ze62fmCj0|4292|40|0
2026-08-22|Z75RX7X-dXQ|8453|94|0
2026-08-22|YqyBdNT1yJo|10662|177|0
2026-08-22|T8drunUcCZQ|2695|87|0
2026-08-22|lXwAcRgqGt0|137|7|0
2026-08-22|q3F21Ngf5q0|583|11|1
2026-08-22|p212WbyU8fg|139|0|0
2026-08-22|Kt2lu83atGg|51|0|0
2026-08-22|cS5WQd_uDfc|35238|190|1
2026-08-22|3Tud4oeTlzg|12208|126|0
2026-08-22|csFUP13V1vk|2501|37|2
2026-08-22|-b2305kuVaM|72150|339|3
2026-08-22|6_GEQ5oCgbA|164690|1375|17
2026-08-22|RyVne8n3GrQ|199985|1236|2510
2026-08-22|UzyI0-AXSOA|22914|162|55
2026-08-22|V3-3Zn-Bqhk|4752|44|50
2026-08-22|YoUMakYhff4|61616|453|0
2026-08-22|Qm8L3Ezwwu8|1126|10|2
2026-08-22|rYzl7n9FjHc|4611|79|1
2026-08-22|BaUbisaGWqI|8427|152|0
2026-08-22|OpJqVTlNPGk|6393|23|1
2026-08-22|wbWrj5zWjB0|1778|16|0
2026-08-22|UHq4qqCKqMQ|67595|589|45
2026-08-22|uqu6D0MLfic|3140|49|1
2026-08-22|N32Ge0wm_Fw|3597|65|3
2026-08-22|kqak2ZY2CFI|3685|23|2
2026-08-22|9JigKEyNoi0|15477|155|9
2026-08-22|lhdOOqB8dTQ|10657|75|0
2026-08-22|qmkpEwbqK28|1241714|862|241
2026-08-22|LcSbn_RAY4k|1163|8|0
2026-08-22|oPrUXPdONWg|2204|13|0
2026-08-22|WUA2WEdBsR0|1612|28|1
2026-08-22|QOrLiUCvx3w|1296|42|0
2026-08-22|ullof6Lhpc0|1592|37|0
2026-08-22|gAAJ0DUVPZs|77995|555|81
2026-08-22|wm_75OJ70Rc|782|10|1
2026-08-22|HixeIY99Efs|1262|26|0
2026-08-22|xeMWj2iUwtk|2492|17|2
2026-08-22|ortD0HxFCwU|33325|362|2
2026-08-22|5kJc49Md3z4|24970|183|4
2026-08-22|XDha2l_yMPA|90743|706|272
2026-08-22|akaIKqDBRzE|12661|135|0
2026-08-22|se174NOnPtM|18046|162|1
2026-08-22|GGMIDTuHTlQ|10654|92|1
2026-08-22|ldrIjiyT4Is|1861|12|1
2026-08-22|pDXRUmFQWW4|4006|26|2
2026-08-22|RlWAClw8cGM|2901|23|2
2026-08-22|1grtSOIAnuY|679700|824|186
2026-08-22|ZW35rKZTZhs|139555|858|189
2026-08-22|CkQSrz0N69w|138188|1665|409
2026-08-22|t4yHqSGeJBc|2392|29|1
2026-08-22|S5kvTuiw25M|2711|15|2
2026-08-22|QoxEj_Fg8Pc|11526|102|6
2026-08-22|BhPe7GHipj0|12326|120|3
2026-08-22|dhWbEgGcxok|12403|32|5
2026-08-22|fJwDUMp-_bo|5372|32|4
2026-08-22|NlFObOkt4qA|7261|31|0
2026-08-22|F_cOZ0ck0PQ|2423|13|0
2026-08-22|OczLYnOxu_s|4516|21|2
2026-08-22|Leicor2O8AI|14321|114|4
2026-08-22|6fkEFkHKoXk|15859|145|17
2026-08-22|klpCyAc6ODY|22575|193|5
2026-08-22|6dUBDpy-vOI|9897|91|4
2026-08-22|Ee9dn19qCxw|9046|73|3
2026-08-22|QreKlvT-NAI|13778|134|3
2026-08-22|cNn6QjwtD_0|11988|112|8
2026-08-22|D2gyXdZ9H7U|14634|128|7
2026-08-22|mraZHankJas|22023|173|22
2026-08-22|J85DJYJCiKw|26201|182|14
2026-08-22|E6-zRKnCq3s|15530|60|16
2026-08-22|hsCmCBXPjT8|10237|42|1
2026-08-22|BG0cgHUUfzE|10974|57|5
2026-08-22|ITW43ACdd5U|7859|23|0
2026-08-22|4HCcAcKYbao|825|15|1
2026-08-22|TnRqTDu9F9g|140002|3237|222
2026-08-22|bNGw0dvUZe0|36853|116|10
2026-08-22|bbXKQl5ZsOg|65526|440|6
2026-08-22|Wbj-LWlk-M4|270824|1469|248
2026-08-22|udJmxrlVn_w|797988|9985|580
2026-08-22|Md1LumbKsXA|10384|133|15
2026-08-22|M-hk8ESucBY|158514|953|101
2026-08-22|F4eQU3C27tU|2205|25|0
2026-08-22|eHV5y7HMkL0|27468|219|13
2026-08-22|aMM1qjOGupg|2471|17|2
2026-08-22|YaqxqDiW97g|6127|50|0
2026-08-22|8xVsHEnXkMU|2650|12|1
2026-08-22|2V8pSwpAvcg|22517|188|5
2026-08-22|cETSzS6jgKw|3876|22|2
2026-08-22|H92n_Qk_VU0|67664|1138|75
2026-08-22|4Vnw-rM2BSY|2102|18|0
2026-08-22|JuSKFyNyzXA|283|4|0
2026-08-22|lcPaeRoT9QQ|47836|210|2
2026-08-22|UCwhWR0CKWs|3620|23|0
2026-08-22|MSK-g62JSGU|19819|113|1
2026-08-22|eczIkYJPdic|7833|70|2
2026-08-22|x2DELtiX_OA|6333|32|2
2026-08-22|ZTGeor1aDoY|31849|174|1
2026-08-22|JutYqS4vcWE|21622|96|3
2026-08-22|-gvoRlCS6yo|3688|112|9
2026-08-22|BuzK1quZwg0|2553|41|0
2026-08-22|Hc56wnMvknU|91721|334|7
2026-08-22|UAyh2mAdDSs|125769|595|26
2026-08-22|z-l3tg2BfiM|27442|195|0
2026-08-22|CsrN8hcXCqY|120590|2399|362
2026-08-22|2mk7hbUysVs|4246|30|5
2026-08-22|e0zF1Fj8CsA|1679134|7821|1072
2026-08-22|o5urjaZC81c|1245|10|1
2026-08-22|vXJh_sAWdSs|437|28|4
2026-08-22|Ap39MJqDF6E|10458|54|30
2026-08-22|MJkaivSe4xg|6727|57|3
2026-08-22|MSTWE-0-cFk|228|5|0
2026-08-22|lZ2O4Vn-q0U|126545|792|61
2026-08-22|Kk4EITN-lsE|113178|378|23
2026-08-22|oxlUlxxVV6Q|473677|2199|80
2026-08-22|lsyC4TLTtPU|116660|853|1
2026-08-22|c4v9zJOu6wo|229695|1343|25
2026-08-22|ZT71OA6JyJs|3728|37|4
2026-08-22|qthP5nEqk_g|239|8|0
2026-08-22|EbYVNInQpKk|27923|130|0
2026-08-22|VJgZJu4vZ-I|73|0|0
2026-08-22|LwlCj-lv0qI|42237|723|9
2026-08-22|n3fCoDJAidc|2061|22|0
2026-08-22|pAA_tqlG4n0|7979|124|0
2026-08-22|FOm1NP4xoQM|6786|66|17
2026-08-22|xEpZPWq4DbQ|2399|32|0
2026-08-22|8ARkpMQ4Dy8|21419|283|2
2026-08-22|la947Sd-1WE|6509|78|0
2026-08-22|NVqHeLRIXd4|55|0|0
2026-08-22|pHgQoMx_GZA|35|0|0
2026-08-22|hVZqE6ZnMLA|231655|18|1
2026-08-22|CiG2x4_jwVE|120513|979|286
2026-08-22|FA_DiuVt2Pw|11440|202|10
2026-08-22|8Smf-KjHE38|11677|665|24
2026-08-22|5_sZG_7xRiw|7332|501|19
2026-08-22|ue_9Fg3Zg40|240|4|1
2026-08-22|8n5E5XD1pd8|14017|211|0
2026-08-22|mIgVB_KbaQU|9814|60|3
2026-08-22|2EkZkQC5-1Y|269|5|0
2026-08-22|bI57Ho5ormw|3226|17|3
2026-08-22|KPsette4lU0|1705|10|1
2026-08-22|byuXHWfm9e8|6951|77|10
2026-08-22|hUhnjFH31IE|4499|15|0
2026-08-22|pFAnmMf8oYg|214|2|0
2026-08-22|DsEaKTQetn8|291|2|0
2026-08-22|QqcjHD22WSM|394092|6024|815
2026-08-22|F46f2ETH760|137|3|2
2026-08-22|ht2d-5FtpuY|26471|180|2
2026-08-22|Ro9v1v73-xM|106397|1811|40
2026-08-22|iyVmBYjH92k|167564|1246|264
2026-08-22|7MPf6b3qZwg|33399|189|1
2026-08-22|4hXf6Ean-R0|295|2|1
2026-08-22|OqKbXHjQ7kA|482|10|3
2026-08-22|u0h_jDzQY_g|196|3|1
2026-08-22|3qQMX6zlTl4|387548|647|14
2026-08-22|ciLdbR2JX-0|1073|12|0
2026-08-22|FiTE0FTOLZw|67986|426|21
2026-08-22|Q6nmLcXVwiQ|81829|415|2
2026-08-22|L5c5Zxi7Cok|52560|278|1
2026-08-22|M0dBu2tuRew|78314|629|2
2026-08-22|p-oW41gJ7Gc|33271|266|40
2026-08-22|WKfeTCKNnM4|290|4|2
2026-08-22|LkkpZYszpFA|727489|9046|373
2026-08-22|Y5zr7ZCp0CU|65304|277|5
2026-08-22|K5dyxhbWyGI|249|6|1
2026-08-22|NThW7YAXlOE|433|7|0
2026-08-22|i05IJQCBuTQ|3863|18|1
2026-08-22|ImC17jMm7bo|3443|46|2
2026-08-22|HEhI8MZLESU|25343|146|7
2026-08-22|h1XFzDXB1ps|3651|25|0
2026-08-22|VW6qIYrsrJU|8391|76|1
2026-08-22|Chbw30rKHl4|7858|74|2
2026-08-22|UHGs6e-hmR0|12103|62|4
2026-08-22|1sqULyw26lc|13885|93|6
2026-08-22|FDRR9FMclmA|23055|140|11
2026-08-22|3vgjms-ChjM|21651|171|26
2026-08-22|JtXem536ggI|15197|140|20
2026-08-22|iyCY824Xi1M|14678|138|10
2026-08-22|6Vh2VymcfwM|11500|106|6
2026-08-22|vqF6pjfUmNs|12067|99|6
2026-08-22|zUhCovmQOJQ|21594|145|9
2026-08-22|KS2CZsT_lLQ|14551|123|8
2026-08-22|J-5yjp_9d6I|26209|177|14
2026-08-22|8JShl7UZ-2M|22054|173|12
2026-08-22|bKS5YX0GpbM|18587|167|22
2026-08-22|slBEx8Twib0|6022|44|7
2026-08-22|n4gsh7i-hh4|17027|76|11
2026-08-22|yqSAD4Hu724|16797|38|3
2026-08-22|gFnS5C_uqF0|3244|49|3
2026-08-22|tQJNVSjKPcA|5127|58|3
2026-08-22|FjOEBUCsF_0|9388|55|2
2026-08-22|84kkYBUxXho|1513|12|1
2026-08-22|rqymJ74kWC4|2057|124|11
2026-08-22|-JINdYWXSvY|223|3|1
2026-08-22|goh-2snTt-c|156|4|1
2026-08-22|PkM1FBYq0sU|280|7|0
2026-08-22|gWUCaYjv7fM|114|2|1
2026-08-22|rT-UjldPerg|10847|89|3
2026-08-22|E1CNd83MF7Y|168075|736|35
2026-08-22|IQ7UH43tDH0|145233|3178|626
2026-08-22|wz92u_aEYDg|24595|544|0
2026-08-22|ohHJAh0JSJk|28572|1184|94
2026-08-22|FDPFAoBFfpg|11980|26|2
2026-08-22|GStmvM_o6yw|2414|19|0
2026-08-22|n-2RJrIYfw4|4597|53|3
2026-08-22|6eYUKAAwq1Q|27054|497|69
2026-08-22|YQLkGV0LXE8|296|35|0
2026-08-22|m6vzn6QgheU|1946|12|1
2026-08-22|h81ODHUXWGE|2459|12|1
2026-08-22|Zw8PPlkE3UE|845|2|1
2026-08-22|fxKWFyiTdxQ|2828|74|2
2026-08-22|t7k7Mxb3YMg|42|0|0
2026-08-22|T8YKeFP46k4|1435|5|1
2026-08-22|Z89wwEwgS7A|2531|6|1
2026-08-22|sPsZbg0qewU|1045|2|0
2026-08-22|FgGrVfOkwao|15|0|0
2026-08-22|QcIce7WArv8|4151|45|2
2026-08-22|Hjf-HFqykxQ|3155|18|1
2026-08-22|RVcW7TeMSmg|2564|29|0
2026-08-22|Lq5VtVgxm2Y|4266|50|0
2026-08-22|8Pm40pmsR0U|10749|240|0
2026-08-22|isPNFx9eAe8|2498|33|1
2026-08-22|-QXIX_cE148|5208312|59396|1154
2026-08-22|bwCryhgCmoc|10913|33|0
2026-08-22|-Yj9tVKLZgI|979212|17405|2219
2026-08-22|xtldWMGRfZk|13985|209|5
2026-08-22|OLm8oBk2R00|45390|55|66
2026-08-22|mH6cuW_qf9U|17441|120|80
2026-08-22|U_v5uXrjbwM|215937|1088|241
2026-08-22|zYu_T7bCc08|2190130|1314|441
2026-08-22|4p3nTwTboK4|486195|55510|5228
2026-08-22|3wEf-_2i74g|333315|3017|1021
2026-08-22|SpQEocvnTFA|50060|562|108
2026-08-22|if_sDgl0x30|9279|71|43
2026-08-22|aq9q7jNCyAY|804630|9018|382
2026-08-22|oIHY7xEE3Yw|7626|125|0
2026-08-22|ehHODnLDJtE|361610|1248|45
2026-08-22|YKpt9DqNt2Q|268354|1864|86
2026-08-22|oKvMXyMB1Jc|28643|94|28
2026-08-22|EwMWZksDnXg|692113|4681|150
2026-08-22|yg9CDCViVSE|556878|8841|63
2026-08-22|0rmCdkuyCts|30094|361|2
2026-08-22|800srB5gKQw|29985|136|0
2026-08-22|vBSzrOidJ5o|237634|4738|80
2026-08-22|PEe5Uk-rYv4|44343|71|3
2026-08-22|JxfhgrCkwas|492251|576|18
2026-08-22|P22nAFvyzq0|655689|207|24
2026-08-22|IDOIHz6fiaM|690047|6202|846
2026-08-22|0zKfcW8uR1A|155057|1742|13
2026-08-22|3Mhe9Jdkiks|301155|1576|567
2026-08-22|b8l02szLfxU|4560|20|50
2026-08-22|CtZ7IPhsRzg|4919|41|2
2026-08-22|BFkIlfGY4fA|5224|30|4
2026-08-22|hroQ0_CnFSs|4965|39|2
2026-08-22|EA0BP1xHZz0|13909|155|4
2026-08-22|A3GaHR1leJw|10910|116|6
2026-08-22|wMMZxoGS0a0|9312|76|0
2026-08-22|E6Rwa-WLLAU|2754|23|0
2026-08-22|ihPu7XhPdMw|4951|57|0
2026-08-22|8Bue00za-4Y|1923|28|0
2026-08-22|IIsgD5A6sB4|2348|20|5
2026-08-22|c6sKWRvm6-Y|3380|78|5
2026-08-22|KBX-KZ3oUPw|389|11|0
2026-08-22|ao1__4LOuiI|1407|14|1
2026-08-22|UFj7mdiWQOg|1906|41|1
2026-08-22|VOrgr9PbF80|44501|556|45
2026-08-22|pT3BsZQde0k|3089|27|0
2026-08-22|WyE2tniaM1s|8897|70|2
2026-08-22|jRACq5pTtdw|2647|17|1
2026-08-22|kgZshY-oyqw|187931|1660|114
2026-08-22|UUhhpGmN8ws|1559|5|0
2026-08-22|WCFKnlGdQk0|587|5|0
2026-08-22|Hpkm5RMU-Xg|136089|824|159
2026-08-22|BQx0yuvvZD0|15610|128|13
2026-08-22|Kw8oPAZVzU0|1012|7|2
2026-08-22|RqZSRtSOrEI|22682|844|22
2026-08-22|Y0TwxBCuvt4|30609|91|36
2026-08-22|imXyoZ5aGus|2073|36|4
2026-08-22|VQfWHYWxNYU|1325|7|0
2026-08-22|zDHETZ4FmkQ|1873|7|0
2026-08-22|hF97MaR_tOs|30749|153|16
2026-08-22|Wb0rLBtZUQA|633|9|1
2026-08-22|ne-xrvvyMR8|23616|152|7
2026-08-22|cx5QIblWLmU|161645|1626|32
2026-08-22|ya-X9O3eSCA|10922|64|0
2026-08-22|oJRw4w1KOaE|61509|291|305
2026-08-22|yh0uf9NhTlo|14464|56|0
2026-08-22|VFUWIr-6s8U|297813|1818|321
2026-08-22|bBUPHg-bt6o|89026|524|10
2026-08-22|DHKiNduuwmM|12300|119|4
2026-08-22|1y0sBsvlrZ4|70452|492|0
2026-08-22|rd5pF9Qj_C8|204648|1938|67
2026-08-22|pvY_zJAL-as|23517|159|13
2026-08-22|vOJSTQ2qMHQ|14123|125|8
2026-08-22|pxjOA-QHsAU|16261|31|0
2026-08-22|jjTNqXSnxyY|28224|280|5
2026-08-22|F0POi2ifNHY|34098|136|0
2026-08-22|wq6XinZEP6k|91259|442|6
2026-08-22|XzhVgm7YHDg|16703|74|0
2026-08-23|nDgwyUTOIho|1993|43|1
2026-08-23|37tvihwbY6I|2342|25|0
2026-08-23|-gkDGDEfznU|283812|89849|5848
2026-08-23|CwjSKYkKjc0|155315|6235|632
2026-08-23|7yefyNZYNW4|153356|697|132
2026-08-23|2PrZTzo_ysM|19767|447|0
2026-08-23|kV1kFv5RpCg|88951|833|154
2026-08-23|Nd83eNIKA8g|125230|561|54
2026-08-23|2e0fxauJlPY|8533|178|12
2026-08-23|NxoYKMCVDEM|7463|224|5
2026-08-23|-JiBXi_NPe4|12068|413|15
2026-08-23|qdFR48ZovOA|6467|279|20
2026-08-23|9MQPa9jv_uY|5214|85|0
2026-08-23|yjQ1OpSVK8k|360470|1982|122
2026-08-23|eV8l7wnBx1Q|3017|15|0
2026-08-23|iX7X_hBqcuU|1959|32|1
2026-08-23|kJMAyP5_VS4|23746|240|4
2026-08-23|Zu5HNsVLsMw|35754|212|6
2026-08-23|QpW8kZIaNZM|22115|207|7
2026-08-23|IByoaIGcDzw|6436|46|42
2026-08-23|ZykMcGXr8KU|2447|13|1
2026-08-23|hD6mEwLjc7E|50336|281|261
2026-08-23|Fc_m2RF3_sY|18703|149|59
2026-08-23|5_cviBi3q8U|19021|132|143
2026-08-23|fCq_Kgg0Jko|7926|132|3
2026-08-23|vu6FIfmW7Bc|12762|50|228
2026-08-23|Jy0uQtENsbg|30209|166|358
2026-08-23|rq9fTiF92o4|24635|112|471
2026-08-23|54mhDxmrqHY|211|16|0
2026-08-23|Y5jixTYeDfQ|3693|84|1
2026-08-23|AUj3ejIoc2g|5050|19|17
2026-08-23|aLwfjhjFv0M|4862|39|5
2026-08-23|TzYWpUCZ1mE|150254|1297|125
2026-08-23|fr_dARhhmVU|16112|148|5
2026-08-23|37t07PMLWA8|1728|9|0
2026-08-23|c_01jsplWOE|127604|1171|13
2026-08-23|JX5VOkTUo7o|74801|880|72
2026-08-23|N8pgseTX_F4|13445|308|15
2026-08-23|LJBERbDK7sA|21886|402|20
2026-08-23|YdDkn_ALN1U|40|0|0
2026-08-23|T-vG-ZNP5YQ|33548|274|20
2026-08-23|VnBCIqGDNMM|163884|1269|32
2026-08-23|2w7U6Mzc9dI|217024|988|14
2026-08-23|YyWX05ITIT4|21494|176|1
2026-08-23|DjVj0pGXRv4|12432|51|0
2026-08-23|Jh2GGrq6_uM|20392|48|1
2026-08-23|qW1GOc7hCsc|26838|152|0
2026-08-23|VCajAGUQSJo|227|8|3
2026-08-23|6M8b1_K1LVY|56612|256|1
2026-08-23|DWOhfLF31VQ|8122|45|2
2026-08-23|aI8x5bmiFtQ|5656|31|0
2026-08-23|w4Bc3DEZlxs|1248|4|0
2026-08-23|aX3YGVhP5zQ|32259|231|16
2026-08-23|dWnEiy6ymC4|17253|117|4
2026-08-23|kjJs_M-l0l4|6505881|55076|1168
2026-08-23|i7ZCcRiu9Iw|184772|873|88
2026-08-23|QVPkNscPFas|36763|440|33
2026-08-23|MEKzgKQDyNo|4895|53|0
2026-08-23|B0JlQ_DNnE0|141|5|0
2026-08-23|D4iL20VV36o|1|0|0
2026-08-23|W_x0lptFzSQ|256554|7712|87
2026-08-23|vYEKogmvRSI|755621|9171|228
2026-08-23|HxE7glma2dY|4083|66|13
2026-08-23|JTeNsr2aXiw|53846|1440|105
2026-08-23|MsxcfxeRGAQ|513578|4118|1718
2026-08-23|TkUQ3AOM6hM|4973|39|3
2026-08-23|HgrvAGFqN0A|50567|132|18
2026-08-23|OVU5HkLrpdE|23261|223|2
2026-08-23|lvTEHxp0CoI|2966|32|0
2026-08-23|pgOdcvAjN4A|22856|199|10
2026-08-23|FPRUIYgvWgQ|42051|294|11
2026-08-23|VsZNHVN4p68|9693|97|0
2026-08-23|dDtxg-Zemlw|540|9|1
2026-08-23|dg6GEjlzaJQ|543|14|1
2026-08-23|CD9ZT4s-Qx0|20669|195|22
2026-08-23|Qsx37KLq_Z8|6334|78|4
2026-08-23|G54wF1fS490|2402|11|0
2026-08-23|FtlLbMhyLE8|72599|941|100
2026-08-23|4VRziJBCY2E|3896|53|1
2026-08-23|7-Sn-tqSpZM|58160|343|14
2026-08-23|UnFHXWk5fqY|44799|310|13
2026-08-23|f4yLbX2fOgE|28183|172|16
2026-08-23|W_8kS-NDRA8|23630|170|12
2026-08-23|NIR959uqbS0|20871|150|8
2026-08-23|pKjwDyPMUOs|2047|37|5
2026-08-23|-SALA73KfKo|17471|148|3
2026-08-23|Hseyx50LNMI|40880|262|9
2026-08-23|p-lr6WmK-cg|27392|203|7
2026-08-23|VX8P7rPEDJU|51863|327|10
2026-08-23|PGEHWL9SXPo|670|25|1
2026-08-23|rRTPUvlEYdo|542|21|3
2026-08-23|AaVHLKvmweQ|3390|54|1
2026-08-23|cAjCJO4IqOc|68690|486|75
2026-08-23|L08-1N-6My0|33654|268|21
2026-08-23|VPdX-jX3hnw|8440|79|1
2026-08-23|3cyLAW40eak|3714|37|0
2026-08-23|Xu6vx0sHhWY|3536|19|1
2026-08-23|evDVx8tg_JE|7|0|0
2026-08-23|6sJLGtUBv0A|1948|19|5
2026-08-23|M0CaywSxQb0|8150|80|2
2026-08-23|va0qJtic4Fc|1742|8|1
2026-08-23|atkULl_SKqo|575|10|0
2026-08-23|A-2AvLDsTZs|3518|35|0
2026-08-23|u6yzxVXhViE|1653|29|0
2026-08-23|c0M7gVNOe2A|9323|72|6
2026-08-23|Ujool6EPxBM|2025|27|3
2026-08-23|k-DKKN49YQc|132465|785|47
2026-08-23|KyOHialT_-A|1055|18|0
2026-08-23|OQECoznPM1I|1229|22|1
2026-08-23|kMuY6JClH2w|7381|51|0
2026-08-23|03mt7WckUQU|64212|710|78
2026-08-23|05RukGwQa9I|2898|21|5
2026-08-23|_9fC7CzI818|4309|30|5
2026-08-23|ryeYVQ1wHNE|7575|63|0
2026-08-23|URdl6Tymzac|1041|15|0
2026-08-23|P0IovmQupCo|8395|70|0
2026-08-23|8HN8Orb8Wrw|17006|67|0
2026-08-23|WqoCj7sy9Os|22020|116|0
2026-08-23|vOYG8PmOFMQ|13002|99|21
2026-08-23|MyFitFFVtu4|8195|46|44
2026-08-23|Z5Z0zb9NNwE|173999|2423|397
2026-08-23|iiuRyNg3giw|1185606|72221|2066
2026-08-23|-mmr4dx6fzI|10305|0|12
2026-08-23|54s6l2LPnw4|46772|337|4
2026-08-23|PvVk8BgO7Qs|387346|1633|87
2026-08-23|Yda3AY4iMWU|13465|138|1
2026-08-23|ZK-m0ATQ_Ag|8930|83|0
2026-08-23|nSO4nXPG6ng|10832|75|4
2026-08-23|f8rTkvjUSN4|51522|287|4
2026-08-23|N9u9fHxic-o|12496|225|16
2026-08-23|AE_1uG9gd1Q|11645|485|25
2026-08-23|J7P6ftq1Zkg|25681|480|1
2026-08-23|5c11UPCYQo8|213723|989|177
2026-08-23|ugreLRVHT_Q|12438|95|1
2026-08-23|tXN0jnl0fI4|14516|115|0
2026-08-23|SQIaMldNpEc|15275|76|0
2026-08-23|dG5qRti14Tk|22759|149|10
2026-08-23|9GSm5BA4MXE|15347|142|3
2026-08-23|aUjZ6x5uk6A|11097|103|1
2026-08-23|1ZODOWLlIz4|13901|189|1
2026-08-23|v_3hNrMYXDc|12843|128|7
2026-08-23|fSTY4Nm40rA|21402|174|0
2026-08-23|15huf-3wxGk|8606|101|3
2026-08-23|WDIh_0guCso|17073|132|3
2026-08-23|LLJWROYJ8Y0|20572|156|4
2026-08-23|UvjN4DQls-g|23663|207|5
2026-08-23|PJSv6YZvt5c|102579|671|69
2026-08-23|MtyoS0m5IXY|26354|189|15
2026-08-23|xQfq-ekbZMw|10223|110|1
2026-08-23|ass_h33LxqM|10376|86|1
2026-08-23|2EUUstlF6bE|9649|68|0
2026-08-23|ygt_T-5HBHc|8396|55|1
2026-08-23|VyMZFuis9Y8|5506|44|0
2026-08-23|477q-5B666c|6411|55|0
2026-08-23|7Q0jWt0ewy4|9968|94|1
2026-08-23|CWrkIjLNthU|18072|104|4
2026-08-23|o5m_nAT2wtE|22891|215|1
2026-08-23|THFtVpaO0rw|16850|147|5
2026-08-23|KXFTZ0jL1L4|32925|205|12
2026-08-23|de-BuXyzBJA|17138|138|1
2026-08-23|QQmHs3xl9KI|34131|149|4
2026-08-23|QibNswe6N0U|197663|681|30
2026-08-23|SR2C6tbnZIM|63848|238|7
2026-08-23|5z1G-GSxoiw|8475|38|0
2026-08-23|vnUdEsgfsIM|2188|3|0
2026-08-23|IEY4wtv4e94|2363|25|1
2026-08-23|MUT7-t0hTww|3756|8|0
2026-08-23|2wR2fR8rHAA|81863|511|11
2026-08-23|9x59_6wciv8|3990|16|0
2026-08-23|E18HhPBZQ4g|1111|4|0
2026-08-23|mB9Qg7QFKuY|14982|69|2
2026-08-23|OUJcpBKGo78|9068|95|1
2026-08-23|ayiGbYjkXgc|2181|10|0
2026-08-23|f35ht6b6-gA|2547|10|0
2026-08-23|_RTdwFo6l5w|1754|11|0
2026-08-23|MM80X31VLkA|3836|26|0
2026-08-23|NY_uRxQjjVU|6347|57|0
2026-08-23|8sL3cyLhaV0|5044|21|4
2026-08-23|qlAKf1Aa6G0|35879|204|10
2026-08-23|_TFaOOOXJBg|79213|581|38
2026-08-23|lvkKXHOPdAA|11711|94|2
2026-08-23|Og73Mvwmguk|156|3|0
2026-08-23|KtwU2zhcg0s|19874|80|1
2026-08-23|ckh_Hm7My4Q|2113|7|0
2026-08-23|zkF7Fs6qBCo|24807|492|6
2026-08-23|RPC2UWNciqw|7512|206|7
2026-08-23|NxiMd4DslG0|13026|257|21
2026-08-23|fvl9PisUxI4|10867|76|5
2026-08-23|LvzGoJ21l_E|8900|107|8
2026-08-23|JSeHGyshbUQ|39339|180|13
2026-08-23|YELLnPyuqIQ|2093|39|0
2026-08-23|HSQF1Xqi8dg|1298|12|1
2026-08-23|WRQJYLMZCyA|993|6|0
2026-08-23|vaWNMWVcGZo|2615|20|0
2026-08-23|c0zoyzYGzEk|2125|19|1
2026-08-23|OSZNP0e-iv8|2447|34|0
2026-08-23|cO82J9_hd9o|26694|146|5
2026-08-23|EvUsg-nkMiY|6024|142|3
2026-08-23|SN7MgXG1yms|634|62|1
2026-08-23|0cTrHhaX4w0|4502|26|8
2026-08-23|tMUlQHqKFUc|2501|26|0
2026-08-23|q1_d-wEhb1I|2185|11|1
2026-08-23|Cah2QUEmbyQ|3417|52|2
2026-08-23|FjN3oH-xLy0|519|7|0
2026-08-23|VPWUW1J9JzM|158|6|0
2026-08-23|LIqvXIe3Jt8|2804|50|3
2026-08-23|1ULZVvtthRc|10169|45|18
2026-08-23|NsfQiJuhZtg|7237|44|8
2026-08-23|UrDJOu_9JGI|1410|106|3
2026-08-23|F69lXLCT15k|24982|179|6
2026-08-23|MSFZ42Ku6Z0|2209|54|5
2026-08-23|ddeYEgy3Jo0|1701|29|0
2026-08-23|nlMo8Jw2uIE|311483|1660|165
2026-08-23|unpN50P7G5E|2474|35|0
2026-08-23|9gWDPVTuEBY|20352|360|190
2026-08-23|MT-4Bk1Lw8g|15593120|539027|29424
2026-08-23|cpgWvlYlqUY|26813|190|7
2026-08-23|4cdKbgIiysA|54|4|0
2026-08-23|Tv9vx2dB8cc|6036|35|15
2026-08-23|LslvcEameWA|32288|226|1
2026-08-23|vc_7x13PjqE|223080|2070|24
2026-08-23|Kt2lu83atGg|51|0|0
2026-08-23|lAm1ekx-380|73164|174|3
2026-08-23|cS5WQd_uDfc|35969|193|1
2026-08-23|-b2305kuVaM|73971|348|3
2026-08-23|kPpmvn27qTA|147447|328|7
2026-08-23|6_GEQ5oCgbA|397396|4022|104
2026-08-23|FX7UHDC0phc|31500|219|1
2026-08-23|l0HZCGxLn4A|9271|34|0
2026-08-23|ugZmfmeVdRw|3388|37|0
2026-08-23|2fEKXNWjlf0|28829|285|5
2026-08-23|RgkQJ8L_aqM|11780|117|9
2026-08-23|XswAONrJbeU|5781|74|4
2026-08-23|s1dviroZ4_s|26278|183|9
2026-08-23|lCkuGP-7dCM|18930|153|37
2026-08-23|UAQyQCakL3I|10950|117|8
2026-08-23|p212WbyU8fg|161|0|0
2026-08-23|nJ4W5zQQtHE|4421|19|1
2026-08-23|3-lLBpXjcpw|34826|151|2
2026-08-23|vCU-axBx5lY|7809|27|0
2026-08-23|CZEVy1Nixdk|22949|144|3
2026-08-23|-G9Ry9n4jCc|171396|948|34
2026-08-23|VxZs5uz2Yp8|7657|37|0
2026-08-23|GLbpqYlpk8Q|4543|28|0
2026-08-23|UGW2a43azrY|2560|7|0
2026-08-23|pwVXGjZ_8_8|7264|34|0
2026-08-23|NYQO8BtgGIE|9094|39|0
2026-08-23|n4yhfA0qQRw|6527|39|2
2026-08-23|i8HHSSMVKSw|7538|46|3
2026-08-23|BVTyyZONFGw|12084|66|0
2026-08-23|W_sENjLmZ1s|259343|2062|75
2026-08-23|-ZKnoOITJ68|11561|450|2
2026-08-23|0isun2iKhCM|55088|318|446
2026-08-23|X7SxQPxTTLk|16233|101|35
2026-08-23|ceuOK-tkf0Q|132085|744|5
2026-08-23|1NIGYakEDts|21519|180|1
2026-08-23|TvSj_jO3dko|19347|164|8
2026-08-23|tcAwt2f8K3M|6283|65|3
2026-08-23|lypyj_WbmrY|17017|155|4
2026-08-23|QZLs0STSskE|517|3|0
2026-08-23|MouqBkimId0|90513|627|34
2026-08-23|B0HMSTG2rJA|6113|21|4
2026-08-23|7jwq362anB0|134151|2890|480
2026-08-23|rzJQ4i6rXcQ|5695|20|1
2026-08-23|CUSx9Geak7I|2238|10|0
2026-08-23|DO6p5vqeg0o|1885|13|1
2026-08-23|P7UbLkqoXG8|1595|5|0
2026-08-23|HpRE55PEFjQ|1356|3|0
2026-08-23|iAFAsiozzNo|13267|134|9
2026-08-23|t-N5V4xQgko|2567|22|0
2026-08-23|1nbXuw2qM88|3043|36|0
2026-08-23|iF99QO_lyMo|995|18|0
2026-08-23|gKHDR-aH1po|632|11|1
2026-08-23|PnRUA8eQGfI|2046|51|2
2026-08-23|-ix392NF1MI|383|5|2
2026-08-23|fUlIs_nH1ec|231|5|1
2026-08-23|QbM0xn4d1Zk|16933|112|10
2026-08-23|nEFaVlJfJVk|32047|252|7
2026-08-23|PqM-9UwIJmo|13310|120|2
2026-08-23|BaUbisaGWqI|8785|154|1
2026-08-23|1JZSaf9eZOE|15915|146|3
2026-08-23|vjRozs9hneY|10013|106|3
2026-08-23|EwBV1ASwsns|20938|164|6
2026-08-23|w9_E3stJQnU|26175|161|12
2026-08-23|u1OIz6snNxw|15113|161|10
2026-08-23|rxsJdtPFUaE|108398|1398|183
2026-08-23|f3ze0rAr_g0|13240|122|1
2026-08-23|DvP22W1S0pY|11358|127|10
2026-08-23|yisK4u1kXTw|11076|75|1
2026-08-23|scGZxAtBZ_w|9986|79|6
2026-08-23|XZQHJ1RD8qg|9403|80|6
2026-08-23|5Y7o_U_bC-Y|17710|120|10
2026-08-23|qviEJ00cgiY|15694|144|1
2026-08-23|MuGWJgVKo1k|28298|299|10
2026-08-23|mbvoLj7s_k0|14860|143|4
2026-08-23|lu3DLmzpt2M|56989|344|14
2026-08-23|rYzl7n9FjHc|6356|107|1
2026-08-23|fO3J_kVlX5Y|228|4|1
2026-08-23|wbWrj5zWjB0|1872|17|0
2026-08-23|UHq4qqCKqMQ|96838|697|71
2026-08-23|wGDD53PLkmc|16663|235|9
2026-08-23|-rINZCHxX6c|8031|267|13
2026-08-23|r8Nm8TW8uRg|1203|23|1
2026-08-23|csFUP13V1vk|2775|38|4
2026-08-23|hBsqVoNGRwU|2350|32|0
2026-08-23|W7mBrTp4NP0|1630|6|0
2026-08-23|0StwSOHw-DQ|2484|10|0
2026-08-23|ZbaI6SrSgPU|3183|19|0
2026-08-23|Y9Ze62fmCj0|4545|43|0
2026-08-23|OpJqVTlNPGk|6575|23|1
2026-08-23|Qm8L3Ezwwu8|1363|12|2
2026-08-23|V3-3Zn-Bqhk|6110|57|72
2026-08-23|UzyI0-AXSOA|28025|194|76
2026-08-23|RyVne8n3GrQ|233300|1246|2682
2026-08-23|T8drunUcCZQ|2986|94|0
2026-08-23|T9PryS70h9g|1529|65|7
2026-08-23|GCya69udR7w|10277|77|3
2026-08-23|YqyBdNT1yJo|11128|182|0
2026-08-23|ZZnAf51c9vk|29171|317|4
2026-08-23|3Tud4oeTlzg|13031|135|0
2026-08-23|q3F21Ngf5q0|1515|21|1
2026-08-23|lXwAcRgqGt0|166|7|0
2026-08-23|9K_pwq6yIFU|1920|24|0
2026-08-23|LWFAn0N0auI|112202|2065|133
2026-08-23|PkkojpisHAs|11597|161|6
2026-08-23|G4NKcsoReDI|1971|45|0
2026-08-23|740gIc6vWSE|295631|4485|497
2026-08-23|pX1DiWrDuew|293|4|0
2026-08-23|dyPQNNFA4G4|9531|137|7
2026-08-23|n-_WhlJDzFs|293|4|0
2026-08-23|59YYUwFnFUo|71337|978|96
2026-08-23|YoUMakYhff4|71793|537|0
2026-08-23|ssJwNEdU_jg|69234|621|21
2026-08-23|xdO8PSEA5wI|19588|577|0
2026-08-23|75EDX9dk8uk|45489|106|54
2026-08-23|7ypY8QtsQyY|150513|542|0
2026-08-23|d2b9OwP4PFU|142376|1865|58
2026-08-23|Z75RX7X-dXQ|16379|165|1
2026-08-23|wi0ga0dQXFk|60180|583|99
2026-08-23|EGEUMe0l4sw|113795|662|92
2026-08-23|Sx482bdU27w|1|0|0
2026-08-23|akaIKqDBRzE|14364|152|0
2026-08-23|QOrLiUCvx3w|1332|42|0
2026-08-23|GGMIDTuHTlQ|12333|103|1
2026-08-23|se174NOnPtM|21500|195|1
2026-08-23|ldrIjiyT4Is|1973|12|1
2026-08-23|4Vnw-rM2BSY|2122|18|0
2026-08-23|ullof6Lhpc0|1626|37|0
2026-08-23|gAAJ0DUVPZs|97622|632|103
2026-08-23|o5urjaZC81c|1265|10|1
2026-08-23|wm_75OJ70Rc|847|12|1
2026-08-23|qmkpEwbqK28|1459282|926|267
2026-08-23|HixeIY99Efs|1272|26|0
2026-08-23|xeMWj2iUwtk|2685|17|2
2026-08-23|XDha2l_yMPA|104400|726|302
2026-08-23|ortD0HxFCwU|35917|374|2
2026-08-23|CkQSrz0N69w|142897|1695|424
2026-08-23|LcSbn_RAY4k|1186|8|0
2026-08-23|pDXRUmFQWW4|4459|29|2
2026-08-23|4HCcAcKYbao|923|15|1
2026-08-23|1grtSOIAnuY|988020|923|253
2026-08-23|ZW35rKZTZhs|139904|858|190
2026-08-23|Wbj-LWlk-M4|279901|1519|257
2026-08-23|NlFObOkt4qA|7539|32|0
2026-08-23|F_cOZ0ck0PQ|2615|14|0
2026-08-23|OczLYnOxu_s|5247|22|3
2026-08-23|QoxEj_Fg8Pc|11658|103|6
2026-08-23|6dUBDpy-vOI|10169|92|4
2026-08-23|udJmxrlVn_w|814068|10130|600
2026-08-23|2V8pSwpAvcg|22711|189|5
2026-08-23|Ee9dn19qCxw|9151|74|3
2026-08-23|cNn6QjwtD_0|12345|113|8
2026-08-23|J85DJYJCiKw|27437|191|16
2026-08-23|klpCyAc6ODY|22768|197|5
2026-08-23|9JigKEyNoi0|15564|155|9
2026-08-23|mraZHankJas|22253|174|22
2026-08-23|D2gyXdZ9H7U|14988|129|7
2026-08-23|QreKlvT-NAI|13969|134|3
2026-08-23|6fkEFkHKoXk|16043|146|17
2026-08-23|Leicor2O8AI|14600|115|4
2026-08-23|BhPe7GHipj0|12429|121|3
2026-08-23|fJwDUMp-_bo|5537|32|4
2026-08-23|dhWbEgGcxok|12608|32|5
2026-08-23|E6-zRKnCq3s|18985|78|17
2026-08-23|TnRqTDu9F9g|165203|3580|245
2026-08-23|uqu6D0MLfic|4004|71|1
2026-08-23|N32Ge0wm_Fw|4558|79|3
2026-08-23|kqak2ZY2CFI|4775|26|3
2026-08-23|RlWAClw8cGM|3318|25|2
2026-08-23|S5kvTuiw25M|2911|16|2
2026-08-23|t4yHqSGeJBc|2605|31|1
2026-08-23|5kJc49Md3z4|26892|197|4
2026-08-23|lhdOOqB8dTQ|11092|75|0
2026-08-23|bbXKQl5ZsOg|66232|441|6
2026-08-23|hsCmCBXPjT8|10853|43|1
2026-08-23|Md1LumbKsXA|11021|137|14
2026-08-23|F4eQU3C27tU|2369|26|0
2026-08-23|aMM1qjOGupg|2576|20|2
2026-08-23|YaqxqDiW97g|6256|52|0
2026-08-23|8xVsHEnXkMU|2684|12|1
2026-08-23|cETSzS6jgKw|3949|23|2
2026-08-23|ITW43ACdd5U|8172|25|0
2026-08-23|BG0cgHUUfzE|19649|92|9
2026-08-23|eHV5y7HMkL0|27853|217|13
2026-08-23|WUA2WEdBsR0|1631|28|1
2026-08-23|JuSKFyNyzXA|324|4|0
2026-08-23|NVqHeLRIXd4|61|0|0
2026-08-23|oPrUXPdONWg|2259|15|0
2026-08-23|oxlUlxxVV6Q|502031|2355|86
2026-08-23|x2DELtiX_OA|7256|35|2
2026-08-23|z-l3tg2BfiM|27664|196|1
2026-08-23|VJgZJu4vZ-I|73|0|0
2026-08-23|e0zF1Fj8CsA|1787482|8249|1118
2026-08-23|qthP5nEqk_g|263|8|0
2026-08-23|JutYqS4vcWE|23862|103|3
2026-08-23|-gvoRlCS6yo|4190|128|10
2026-08-23|Ap39MJqDF6E|10965|56|30
2026-08-23|Hc56wnMvknU|172986|408|7
2026-08-23|lZ2O4Vn-q0U|137517|850|65
2026-08-23|BuzK1quZwg0|2628|42|0
2026-08-23|pHgQoMx_GZA|39|0|0
2026-08-23|Kk4EITN-lsE|115068|383|24
2026-08-23|MSTWE-0-cFk|281|7|0
2026-08-23|lcPaeRoT9QQ|102027|249|2
2026-08-23|lsyC4TLTtPU|137802|1089|1
2026-08-23|c4v9zJOu6wo|240404|1394|26
2026-08-23|vXJh_sAWdSs|459|29|5
2026-08-23|ZTGeor1aDoY|33046|189|1
2026-08-23|EbYVNInQpKk|33071|154|1
2026-08-23|n3fCoDJAidc|2211|23|0
2026-08-23|xEpZPWq4DbQ|2596|33|0
2026-08-23|2mk7hbUysVs|4440|33|5
2026-08-23|8ARkpMQ4Dy8|22466|297|2
2026-08-23|ZT71OA6JyJs|4912|45|5
2026-08-23|LwlCj-lv0qI|45680|773|11
2026-08-23|ue_9Fg3Zg40|328|6|1
2026-08-23|5_sZG_7xRiw|7697|511|21
2026-08-23|8Smf-KjHE38|12438|693|26
2026-08-23|8n5E5XD1pd8|15065|238|0
2026-08-23|FOm1NP4xoQM|8577|92|28
2026-08-23|hVZqE6ZnMLA|314284|18|1
2026-08-23|CiG2x4_jwVE|120129|974|285
2026-08-23|FA_DiuVt2Pw|12547|226|11
2026-08-23|M-hk8ESucBY|197922|1206|123
2026-08-23|MJkaivSe4xg|7467|61|4
2026-08-23|H92n_Qk_VU0|74890|1175|75
2026-08-23|UAyh2mAdDSs|140056|644|30
2026-08-23|bNGw0dvUZe0|38717|120|12
2026-08-23|pAA_tqlG4n0|8245|128|0
2026-08-23|CsrN8hcXCqY|159280|2750|587
2026-08-23|UCwhWR0CKWs|4161|26|0
2026-08-23|la947Sd-1WE|8338|122|1
2026-08-23|eczIkYJPdic|8722|79|2
2026-08-23|MSK-g62JSGU|21682|119|1
2026-08-23|p-oW41gJ7Gc|34035|267|40
2026-08-23|4hXf6Ean-R0|295|2|1
2026-08-23|Ro9v1v73-xM|106615|1817|40
2026-08-23|goh-2snTt-c|185|4|1
2026-08-23|FiTE0FTOLZw|146525|985|44
2026-08-23|L5c5Zxi7Cok|53783|280|1
2026-08-23|-JINdYWXSvY|233|3|1
2026-08-23|iyVmBYjH92k|175877|1288|270
2026-08-23|WKfeTCKNnM4|290|4|2
2026-08-23|F46f2ETH760|140|3|2
2026-08-23|NThW7YAXlOE|434|7|0
2026-08-23|pFAnmMf8oYg|217|2|0
2026-08-23|DsEaKTQetn8|292|2|0
2026-08-23|ciLdbR2JX-0|1163|12|0
2026-08-23|M0dBu2tuRew|80945|648|2
2026-08-23|3qQMX6zlTl4|389659|654|14
2026-08-23|7MPf6b3qZwg|36335|202|2
2026-08-23|bI57Ho5ormw|3290|18|3
2026-08-23|KPsette4lU0|1785|10|1
2026-08-23|byuXHWfm9e8|7215|76|10
2026-08-23|hUhnjFH31IE|4551|15|0
2026-08-23|u0h_jDzQY_g|210|3|1
2026-08-23|QqcjHD22WSM|398598|6026|816
2026-08-23|K5dyxhbWyGI|288|6|1
2026-08-23|LkkpZYszpFA|795041|9756|415
2026-08-23|Q6nmLcXVwiQ|85397|446|3
2026-08-23|2EkZkQC5-1Y|271|5|0
2026-08-23|IQ7UH43tDH0|149554|3249|644
2026-08-23|PkM1FBYq0sU|286|7|0
2026-08-23|vqF6pjfUmNs|12136|100|6
2026-08-23|VW6qIYrsrJU|8448|77|1
2026-08-23|sPsZbg0qewU|1049|1|0
2026-08-23|Chbw30rKHl4|7909|74|2
2026-08-23|1sqULyw26lc|13889|93|6
2026-08-23|tQJNVSjKPcA|6720|74|5
2026-08-23|FDRR9FMclmA|23629|144|12
2026-08-23|3vgjms-ChjM|21744|171|26
2026-08-23|JtXem536ggI|15342|142|20
2026-08-23|iyCY824Xi1M|14620|140|10
2026-08-23|6Vh2VymcfwM|11417|105|6
2026-08-23|zUhCovmQOJQ|21708|145|9
2026-08-23|gWUCaYjv7fM|132|2|1
2026-08-23|h1XFzDXB1ps|3728|26|0
2026-08-23|KS2CZsT_lLQ|14635|123|8
2026-08-23|UHGs6e-hmR0|12892|66|4
2026-08-23|J-5yjp_9d6I|26365|178|14
2026-08-24|NSi5X7mC2eA|19742|154|1
2026-08-24|EmU2cBm3UuA|11062|270|25
2026-08-24|IIS2lmbhvGc|6454|0|7
2026-08-24|DCKPhQblODQ|4090|8|6
2026-08-24|yOh0UewG0oU|180478|5309|942
2026-08-24|Qv8Qzdqbwxw|150294|731|329
2026-08-24|wWTunlXEDLE|83202|1561|246
2026-08-24|FP3JF4TV-8E|8297|204|10
2026-08-24|TzOFA6g1Pk8|43092|839|91
2026-08-24|nEp4rgyRP_Y|29931|386|88
2026-08-24|DkCEq4VEOA0|3451|87|3
2026-08-24|dZkjL25R_ZM|1343|8|0
2026-08-24|h_g1Et2ZM-Q|1548|13|0
2026-08-24|0xpFsEyorZQ|10585|53|13
2026-08-24|6LaKZXZfhBs|6448|16|0
2026-08-24|ZjdNt_prP84|17182|59|0
2026-08-24|BkLKSpnBmlk|4689|123|5
2026-08-24|uzi9dTTzJQQ|23828|95|0
2026-08-24|G8SCtRSzNxU|203|9|1
2026-08-24|cTiNiQgALt8|1772|3|0
2026-08-24|uzII3xg-O7w|21530|103|49
2026-08-24|c4Xotyl9oAQ|29931|121|94
2026-08-24|95z--nUVOVQ|9907|33|136
2026-08-24|waM3WB5uyyQ|7290|41|65
2026-08-24|ZZ223zLnd4Y|5799|51|66
2026-08-24|oPG_53tVjFI|193|10|0
2026-08-24|BRVZucaapCY|38031|74|2
2026-08-24|SU2W61BwAZ4|15722|153|1
2026-08-24|SFB8URiMOy8|11628|119|2
2026-08-24|AzphF-15xjI|23604|137|10
2026-08-24|yqrAUccTQew|932|4|0
2026-08-24|mLWPU_xcDmE|20606|179|15
2026-08-24|Mh3ddCQslXw|188|17|0
2026-08-24|Or8JqZbU43Y|526158|5406|37
2026-08-24|MzLxHIr51aA|454400|3763|493
2026-08-24|hpesu1-9omA|795|1|0
2026-08-24|s96Djm49zCE|13293|75|2
2026-08-24|ELbumLdP6_E|24034|369|4
2026-08-24|XWrskHeaUs4|110382|1740|33
2026-08-24|upkGJfRqXpM|20145|239|3
2026-08-24|NonNx85whEk|155633|886|6
2026-08-24|uS9BVHwcB6k|15557|399|1
2026-08-24|Y4sIBkVqJ74|6060|59|4
2026-08-24|zd4zIzBGUPw|62735|383|7
2026-08-24|e4j8dgolX9c|126626|330|5
2026-08-24|y9MSPrOctzc|88917|876|47
2026-08-24|Cp_2_DrYse0|74237|329|11
2026-08-24|SISZnpRWbJQ|4186|70|0
2026-08-24|lXAl87hnIpk|47122|668|56
2026-08-24|uHnuoYuoQ7c|470|6|3
2026-08-24|xq-aI0iClco|9951|67|2
2026-08-24|ZS9PAYh2--g|372|4|0
2026-08-24|-6QxQ6Gb9TM|69695|282|1
2026-08-24|-crpzQGg35I|9213|45|2
2026-08-24|7k16_QeZWU8|844285|3628|60
2026-08-24|FgR1b2eAkCE|30460|237|52
2026-08-24|kcwiUZNeCKU|6019|14|0
2026-08-24|1oZRM6n6MKk|30593|307|7
2026-08-24|IzETImTCfOY|57474|803|166
2026-08-24|PXKQJCCG8LY|73|0|2
2026-08-24|nLKN4WeQFS0|686180|7865|249
2026-08-24|yMzm0UyB8mw|12630|106|15
2026-08-24|16eY33oC1cY|32523|77|0
2026-08-24|tINkMnY6my8|42829|370|14
2026-08-24|OabeZbZeXVk|9618|263|20
2026-08-24|sdgdDlOsYBs|3692|76|4
2026-08-24|KbN4UxC0mgo|13547|108|7
2026-08-24|uU8G94Szpgk|103920|826|80
2026-08-24|kuuIjDDuNB8|39953|284|6
2026-08-24|xzHEZcRyLYQ|50640|440|21
2026-08-24|DbK6jlznpm4|109802|735|53
2026-08-24|TgqCLAXPCf4|127524|793|29
2026-08-24|xzrkeCKjq-k|39913|280|18
2026-08-24|KXHTOlfKALY|14535|182|11
2026-08-24|vHcXp6fdb3o|19009|115|1
2026-08-24|u_pTqql3QRs|713|22|1
2026-08-24|4s8Q6nQP6KY|1794|44|0
2026-08-24|DGdIjRCeKeI|2927|45|0
2026-08-24|j7VubmSe_XA|1163|23|0
2026-08-24|EI5it8hbsko|2322|32|0
2026-08-24|il_gwJcXBg8|37533|238|11
2026-08-24|9Mmnhgu8pbM|86818|626|23
2026-08-24|gwcWJhaVmUw|34797|212|9
2026-08-24|cUP7U2SJblU|45133|272|18
2026-08-24|_4CDw8JDuJY|37327|235|16
2026-08-24|jDnvz3hYjkg|51588|494|22
2026-08-24|kDMTyv-ereg|104973|915|134
2026-08-24|XjHjR-F-Ibo|8790|234|17
2026-08-24|L_ftsGWs-QU|12292|139|2
2026-08-24|_0UM7zihXoA|17463|127|0
2026-08-24|NPJ7XO-e9-4|2432|16|0
2026-08-24|UCdYbX7hWRE|11449|128|7
2026-08-24|OtwNFVhSBD4|43725|243|4
2026-08-24|i2S8_CFqsWY|8078|26|2
2026-08-24|TMIPborWA8U|3989|25|0
2026-08-24|IXjbfnpQM2s|1550|22|0
2026-08-24|klPVY3TCjGg|5262|90|3
2026-08-24|Nne07W2Tqek|3707|29|0
2026-08-24|_ogno8cLYWA|3009|35|1
2026-08-24|cU3kV6yPb24|68722|559|11
2026-08-24|FhBE8BSTKlU|1400|20|0
2026-08-24|bmawfgv_XoY|631|10|0
2026-08-24|ZH8S-mOe9wQ|8691|100|4
2026-08-24|8YOqB7xqaDg|108034|868|144
2026-08-24|BnoCpFFU4aM|1056|20|0
2026-08-24|3FoIxsoBx78|1735|27|0
2026-08-24|ttlxzduggr0|14119|116|0
2026-08-24|Vz3Gef6GkVo|122839|1127|132
2026-08-24|yjQ1OpSVK8k|431224|2376|153
2026-08-24|6sJLGtUBv0A|6168|40|8
2026-08-24|aX3YGVhP5zQ|46462|322|23
2026-08-24|aI8x5bmiFtQ|6067|36|0
2026-08-24|6M8b1_K1LVY|90146|358|13
2026-08-24|Jh2GGrq6_uM|22626|55|1
2026-08-24|va0qJtic4Fc|2687|14|1
2026-08-24|atkULl_SKqo|1492|14|0
2026-08-24|D4iL20VV36o|1|0|0
2026-08-24|2PrZTzo_ysM|23662|472|0
2026-08-24|Zu5HNsVLsMw|62927|349|8
2026-08-24|i7ZCcRiu9Iw|242549|1038|137
2026-08-24|u6yzxVXhViE|4082|45|0
2026-08-24|c_01jsplWOE|148132|1315|14
2026-08-24|dWnEiy6ymC4|22033|142|6
2026-08-24|MsxcfxeRGAQ|514696|4125|1716
2026-08-24|w4Bc3DEZlxs|1248|4|0
2026-08-24|Nd83eNIKA8g|136689|590|109
2026-08-24|kV1kFv5RpCg|138755|1129|203
2026-08-24|7yefyNZYNW4|196519|813|138
2026-08-24|N8pgseTX_F4|15094|337|16
2026-08-24|A-2AvLDsTZs|15616|77|1
2026-08-24|ryeYVQ1wHNE|17328|104|0
2026-08-24|3cyLAW40eak|13037|67|2
2026-08-24|Ujool6EPxBM|5594|53|3
2026-08-24|VX8P7rPEDJU|88458|438|15
2026-08-24|pKjwDyPMUOs|150896|669|55
2026-08-24|fr_dARhhmVU|36208|271|8
2026-08-24|TkUQ3AOM6hM|18020|86|12
2026-08-24|4VRziJBCY2E|8718|90|1
2026-08-24|FtlLbMhyLE8|88639|1197|164
2026-08-24|G54wF1fS490|2667|11|2
2026-08-24|Qsx37KLq_Z8|9056|104|4
2026-08-24|CD9ZT4s-Qx0|30399|279|29
2026-08-24|dg6GEjlzaJQ|1325|19|6
2026-08-24|dDtxg-Zemlw|2101|18|1
2026-08-24|lvTEHxp0CoI|3998|47|0
2026-08-24|VsZNHVN4p68|15338|154|1
2026-08-24|URdl6Tymzac|1588|20|1
2026-08-24|_9fC7CzI818|6613|39|6
2026-08-24|05RukGwQa9I|4221|29|5
2026-08-24|03mt7WckUQU|111686|1155|120
2026-08-24|M0CaywSxQb0|11493|122|4
2026-08-24|37t07PMLWA8|2736|15|1
2026-08-24|JTeNsr2aXiw|77851|1685|122
2026-08-24|vYEKogmvRSI|871346|10257|272
2026-08-24|B0JlQ_DNnE0|208|5|0
2026-08-24|kjJs_M-l0l4|6612782|55779|1208
2026-08-24|cAjCJO4IqOc|145741|694|147
2026-08-24|k-DKKN49YQc|245048|1113|80
2026-08-24|p-lr6WmK-cg|38094|249|9
2026-08-24|P0IovmQupCo|16361|105|1
2026-08-24|Xu6vx0sHhWY|6387|24|1
2026-08-24|KyOHialT_-A|2565|34|0
2026-08-24|OQECoznPM1I|2875|36|2
2026-08-24|kMuY6JClH2w|14456|98|0
2026-08-24|2w7U6Mzc9dI|364165|1962|44
2026-08-24|VnBCIqGDNMM|306967|2849|80
2026-08-24|rq9fTiF92o4|27907|121|653
2026-08-24|T-vG-ZNP5YQ|34377|277|20
2026-08-24|YdDkn_ALN1U|55|0|0
2026-08-24|VCajAGUQSJo|321|10|3
2026-08-24|c0M7gVNOe2A|17962|127|7
2026-08-24|Hseyx50LNMI|65255|344|17
2026-08-24|VPdX-jX3hnw|12822|98|2
2026-08-24|pgOdcvAjN4A|43044|288|13
2026-08-24|L08-1N-6My0|51681|336|27
2026-08-24|FPRUIYgvWgQ|80979|399|18
2026-08-24|7-Sn-tqSpZM|100006|463|17
2026-08-24|UnFHXWk5fqY|73979|415|20
2026-08-24|f4yLbX2fOgE|47860|240|25
2026-08-24|W_8kS-NDRA8|40291|228|13
2026-08-24|NIR959uqbS0|32536|190|11
2026-08-24|-SALA73KfKo|37175|211|5
2026-08-24|LJBERbDK7sA|56446|660|43
2026-08-24|W_x0lptFzSQ|262727|7904|88
2026-08-24|hD6mEwLjc7E|65581|377|321
2026-08-24|5_cviBi3q8U|23050|150|151
2026-08-24|-JiBXi_NPe4|15525|502|19
2026-08-24|qdFR48ZovOA|10749|390|30
2026-08-24|9MQPa9jv_uY|7366|95|1
2026-08-24|eV8l7wnBx1Q|6259|31|0
2026-08-24|iX7X_hBqcuU|3274|49|1
2026-08-24|37tvihwbY6I|3030|32|0
2026-08-24|kJMAyP5_VS4|31756|302|6
2026-08-24|QpW8kZIaNZM|33901|308|9
2026-08-24|IByoaIGcDzw|8599|53|59
2026-08-24|ZykMcGXr8KU|3513|13|1
2026-08-24|JX5VOkTUo7o|134469|1320|112
2026-08-24|Fc_m2RF3_sY|23229|176|67
2026-08-24|fCq_Kgg0Jko|11993|223|4
2026-08-24|2e0fxauJlPY|21050|419|16
2026-08-24|vu6FIfmW7Bc|14273|56|293
2026-08-24|Jy0uQtENsbg|32621|175|451
2026-08-24|54mhDxmrqHY|297|18|0
2026-08-24|nDgwyUTOIho|16875|52|1
2026-08-24|Y5jixTYeDfQ|13612|115|3
2026-08-24|AUj3ejIoc2g|8746|40|41
2026-08-24|aLwfjhjFv0M|6031|45|8
2026-08-24|HgrvAGFqN0A|530217|201|24
2026-08-24|PGEHWL9SXPo|2134|39|1
2026-08-24|rRTPUvlEYdo|979|34|4
2026-08-24|AaVHLKvmweQ|5100|80|1
2026-08-24|evDVx8tg_JE|42|0|2
2026-08-24|NxoYKMCVDEM|9822|283|9
2026-08-24|CwjSKYkKjc0|246775|8580|751
2026-08-24|OVU5HkLrpdE|29663|252|2
2026-08-24|DWOhfLF31VQ|18928|156|8
2026-08-24|YyWX05ITIT4|45058|330|2
2026-08-24|MEKzgKQDyNo|18325|150|2
2026-08-24|QVPkNscPFas|40205|458|33
2026-08-24|TzYWpUCZ1mE|190258|1492|121
2026-08-24|HxE7glma2dY|6842|105|23
2026-08-24|DjVj0pGXRv4|26036|97|1
2026-08-24|-gkDGDEfznU|428313|110430|6641
2026-08-24|qW1GOc7hCsc|32786|188|0
2026-08-24|54s6l2LPnw4|64379|477|7
2026-08-24|KtwU2zhcg0s|21163|94|2
2026-08-24|J7P6ftq1Zkg|26236|500|1
2026-08-24|1ZODOWLlIz4|24659|269|3
2026-08-24|Og73Mvwmguk|168|3|0
2026-08-24|AE_1uG9gd1Q|14129|551|42
2026-08-24|2wR2fR8rHAA|89525|544|24
2026-08-24|o5m_nAT2wtE|25442|239|2
2026-08-24|N9u9fHxic-o|12871|231|16
2026-08-24|f8rTkvjUSN4|54737|303|4
2026-08-24|qlAKf1Aa6G0|60002|314|26
2026-08-24|IEY4wtv4e94|2480|27|3
2026-08-24|8sL3cyLhaV0|8296|28|7
2026-08-24|LslvcEameWA|32417|229|1
2026-08-24|7Q0jWt0ewy4|10657|97|1
2026-08-24|ZK-m0ATQ_Ag|16072|176|0
2026-08-24|MT-4Bk1Lw8g|23250552|610935|61637
2026-08-24|tXN0jnl0fI4|15197|116|0
2026-08-24|SQIaMldNpEc|15707|79|0
2026-08-24|QQmHs3xl9KI|35640|155|4
2026-08-24|Tv9vx2dB8cc|6046|35|15
2026-08-24|nlMo8Jw2uIE|314100|1684|164
2026-08-24|mB9Qg7QFKuY|16218|76|3
2026-08-24|iiuRyNg3giw|1273431|75376|2685
2026-08-24|Z5Z0zb9NNwE|190323|2535|521
2026-08-24|MyFitFFVtu4|8196|46|45
2026-08-24|vOYG8PmOFMQ|17970|137|54
2026-08-24|WqoCj7sy9Os|30380|141|1
2026-08-24|8HN8Orb8Wrw|18822|76|0
2026-08-24|nSO4nXPG6ng|16752|91|6
2026-08-24|CWrkIjLNthU|18539|105|4
2026-08-24|2EUUstlF6bE|9863|71|0
2026-08-24|477q-5B666c|6525|56|0
2026-08-24|WDIh_0guCso|18015|133|4
2026-08-24|THFtVpaO0rw|17612|148|10
2026-08-24|ayiGbYjkXgc|2509|12|0
2026-08-24|dG5qRti14Tk|26868|168|28
2026-08-24|E18HhPBZQ4g|1827|4|0
2026-08-24|UvjN4DQls-g|25979|218|23
2026-08-24|LLJWROYJ8Y0|23052|160|7
2026-08-24|15huf-3wxGk|9319|103|6
2026-08-24|VyMZFuis9Y8|5609|46|0
2026-08-24|fSTY4Nm40rA|22322|175|8
2026-08-24|v_3hNrMYXDc|13487|128|11
2026-08-24|9GSm5BA4MXE|16102|142|11
2026-08-24|9x59_6wciv8|4107|18|0
2026-08-24|ugreLRVHT_Q|12829|97|2
2026-08-24|MUT7-t0hTww|3871|9|0
2026-08-24|PJSv6YZvt5c|110668|683|106
2026-08-24|MtyoS0m5IXY|27051|191|19
2026-08-24|xQfq-ekbZMw|11096|131|1
2026-08-24|KXFTZ0jL1L4|37997|217|28
2026-08-24|f35ht6b6-gA|2593|11|0
2026-08-24|de-BuXyzBJA|18632|148|4
2026-08-24|OUJcpBKGo78|9631|104|4
2026-08-24|_RTdwFo6l5w|2766|13|1
2026-08-24|MM80X31VLkA|4930|31|0
2026-08-24|vnUdEsgfsIM|2298|4|0
2026-08-24|5z1G-GSxoiw|8790|38|1
2026-08-24|-mmr4dx6fzI|13445|0|16
2026-08-24|lvkKXHOPdAA|12404|97|9
2026-08-24|_TFaOOOXJBg|130792|844|77
2026-08-24|ass_h33LxqM|10628|88|2
2026-08-24|aUjZ6x5uk6A|11758|104|1
2026-08-24|ygt_T-5HBHc|9018|58|3
2026-08-24|NY_uRxQjjVU|6941|69|0
2026-08-24|Yda3AY4iMWU|16836|174|6
2026-08-24|9gWDPVTuEBY|20504|360|210
2026-08-24|SR2C6tbnZIM|101240|351|12
2026-08-24|PvVk8BgO7Qs|472107|2015|126
2026-08-24|vc_7x13PjqE|386494|3673|45
2026-08-24|cpgWvlYlqUY|31278|216|17
2026-08-24|4cdKbgIiysA|54|4|0
2026-08-24|EvUsg-nkMiY|6580|143|6
2026-08-24|F69lXLCT15k|27866|208|8
2026-08-24|RPC2UWNciqw|8302|234|15
2026-08-24|NxiMd4DslG0|15922|291|28
2026-08-24|MSFZ42Ku6Z0|2367|60|11
2026-08-24|LvzGoJ21l_E|15497|188|22
2026-08-24|JSeHGyshbUQ|46722|212|28
2026-08-24|YELLnPyuqIQ|2260|41|1
2026-08-24|FjN3oH-xLy0|551|7|0
2026-08-24|VPWUW1J9JzM|174|6|0
2026-08-24|LIqvXIe3Jt8|3007|50|4
2026-08-24|1ULZVvtthRc|12970|57|30
2026-08-24|NsfQiJuhZtg|8860|53|12
2026-08-24|UrDJOu_9JGI|2282|157|4
2026-08-24|fvl9PisUxI4|12116|82|7
2026-08-24|ddeYEgy3Jo0|2310|35|0
2026-08-24|unpN50P7G5E|2606|36|1
2026-08-24|QibNswe6N0U|223612|745|42
2026-08-24|5c11UPCYQo8|224376|1018|397
2026-08-24|cO82J9_hd9o|32677|168|8
2026-08-24|0cTrHhaX4w0|4959|26|20
2026-08-24|q1_d-wEhb1I|2365|11|1
2026-08-24|HSQF1Xqi8dg|1560|13|1
2026-08-24|tMUlQHqKFUc|2766|29|0
2026-08-24|ckh_Hm7My4Q|2430|9|0
2026-08-24|WRQJYLMZCyA|1161|8|0
2026-08-24|vaWNMWVcGZo|2758|20|1
2026-08-24|SN7MgXG1yms|670|69|1
2026-08-24|c0zoyzYGzEk|2616|35|1
2026-08-24|OSZNP0e-iv8|3114|63|1
2026-08-24|zkF7Fs6qBCo|32043|596|8
2026-08-24|Cah2QUEmbyQ|4511|83|8
2026-08-24|GLbpqYlpk8Q|4585|30|0
2026-08-24|nJ4W5zQQtHE|4459|19|1
2026-08-24|QZLs0STSskE|548|4|0
2026-08-24|HpRE55PEFjQ|1436|4|0
2026-08-24|lypyj_WbmrY|17170|155|4
2026-08-24|t-N5V4xQgko|2678|24|0
2026-08-24|w9_E3stJQnU|26335|161|12
2026-08-24|1nbXuw2qM88|3396|37|0
2026-08-24|P7UbLkqoXG8|1664|5|0
2026-08-24|TvSj_jO3dko|19788|166|8
2026-08-24|UGW2a43azrY|2593|7|0
2026-08-24|FX7UHDC0phc|31779|219|1
2026-08-24|CZEVy1Nixdk|25214|156|5
2026-08-24|f3ze0rAr_g0|13832|125|2
2026-08-24|3-lLBpXjcpw|36985|169|2
2026-08-24|1NIGYakEDts|21720|186|1
2026-08-24|ceuOK-tkf0Q|140353|763|7
2026-08-24|X7SxQPxTTLk|16759|101|36
2026-08-24|0isun2iKhCM|55894|320|449
2026-08-24|-ZKnoOITJ68|12137|478|2
2026-08-24|W_sENjLmZ1s|290912|2306|110
2026-08-24|2fEKXNWjlf0|29697|289|5
2026-08-24|kPpmvn27qTA|182327|392|8
2026-08-24|DO6p5vqeg0o|1999|13|1
2026-08-24|B0HMSTG2rJA|6116|21|4
2026-08-24|vjRozs9hneY|10173|107|3
2026-08-24|6_GEQ5oCgbA|819730|7224|266
2026-08-24|cS5WQd_uDfc|36763|195|1
2026-08-24|EwBV1ASwsns|21207|165|6
2026-08-24|7jwq362anB0|146536|3085|617
2026-08-24|rzJQ4i6rXcQ|6448|29|1
2026-08-24|CUSx9Geak7I|2440|10|0
2026-08-24|i8HHSSMVKSw|8552|54|3
2026-08-24|tcAwt2f8K3M|6401|66|3
2026-08-24|-G9Ry9n4jCc|179214|982|45
2026-08-24|VxZs5uz2Yp8|7713|37|0
2026-08-24|yisK4u1kXTw|11101|75|1
2026-08-24|lu3DLmzpt2M|57791|348|14
2026-08-24|mbvoLj7s_k0|15043|146|4
2026-08-24|MuGWJgVKo1k|28573|304|12
2026-08-24|qviEJ00cgiY|15887|145|1
2026-08-24|NYQO8BtgGIE|9211|39|0
2026-08-24|vCU-axBx5lY|7908|27|0
2026-08-24|5Y7o_U_bC-Y|17756|120|10
2026-08-24|XZQHJ1RD8qg|9432|80|6
2026-08-24|scGZxAtBZ_w|10018|79|6
2026-08-24|DvP22W1S0pY|11395|127|10
2026-08-24|rxsJdtPFUaE|132551|1571|256
2026-08-24|n4yhfA0qQRw|6784|42|3
2026-08-24|BVTyyZONFGw|12366|69|0
2026-08-24|lAm1ekx-380|73679|176|3
2026-08-24|l0HZCGxLn4A|9380|34|0
2026-08-24|u1OIz6snNxw|15305|161|13
2026-08-24|RgkQJ8L_aqM|12233|121|10
2026-08-24|dyPQNNFA4G4|9689|143|7
2026-08-24|nEFaVlJfJVk|33494|263|7
2026-08-24|s1dviroZ4_s|27098|187|10
2026-08-24|pwVXGjZ_8_8|7329|34|0
2026-08-24|ugZmfmeVdRw|3465|37|0
2026-08-24|iF99QO_lyMo|1046|19|0
2026-08-24|UAQyQCakL3I|11064|118|8
2026-08-24|lCkuGP-7dCM|19169|155|39
2026-08-24|gKHDR-aH1po|661|11|1
2026-08-24|PnRUA8eQGfI|2164|55|2
2026-08-24|n-_WhlJDzFs|668|6|0
2026-08-24|iAFAsiozzNo|13625|138|9
2026-08-24|fO3J_kVlX5Y|344|5|1
2026-08-24|1JZSaf9eZOE|16517|146|3
2026-08-24|fUlIs_nH1ec|354|7|1
2026-08-24|-ix392NF1MI|910|8|6
2026-08-24|XswAONrJbeU|5964|76|4
2026-08-24|MouqBkimId0|92416|630|34
2026-08-24|QbM0xn4d1Zk|17576|118|11
2026-08-24|PqM-9UwIJmo|13453|120|2
2026-08-24|-b2305kuVaM|80705|364|3
2026-08-24|7ypY8QtsQyY|157637|549|0
2026-08-24|Sx482bdU27w|1|0|0
2026-08-24|T8drunUcCZQ|3275|98|0
2026-08-24|YqyBdNT1yJo|11419|187|1
2026-08-24|T9PryS70h9g|1819|69|7
2026-08-24|wbWrj5zWjB0|1976|17|0
2026-08-24|Kt2lu83atGg|52|0|0
2026-08-24|p212WbyU8fg|167|0|0
2026-08-24|xdO8PSEA5wI|28947|854|1
2026-08-24|PkkojpisHAs|15080|227|6
2026-08-24|YoUMakYhff4|83344|603|0
2026-08-24|LWFAn0N0auI|137933|2325|170
2026-08-24|r8Nm8TW8uRg|1395|26|1
2026-08-24|wGDD53PLkmc|18667|285|11
2026-08-24|-rINZCHxX6c|10117|377|17
2026-08-24|59YYUwFnFUo|87508|1172|136
2026-08-24|wi0ga0dQXFk|70881|636|126
2026-08-24|3Tud4oeTlzg|13455|140|0
2026-08-24|q3F21Ngf5q0|1751|22|1
2026-08-24|GCya69udR7w|10897|82|3
2026-08-24|ZZnAf51c9vk|31160|332|4
2026-08-24|rYzl7n9FjHc|7530|123|2
2026-08-24|lXwAcRgqGt0|179|7|0
2026-08-24|Z75RX7X-dXQ|16881|169|2
2026-08-24|EGEUMe0l4sw|115242|666|92
2026-08-24|G4NKcsoReDI|2389|49|1
2026-08-24|9K_pwq6yIFU|2063|24|0
2026-08-24|csFUP13V1vk|3029|41|5
2026-08-24|W7mBrTp4NP0|2146|7|3
2026-08-24|0StwSOHw-DQ|4297|14|0
2026-08-24|ZbaI6SrSgPU|3328|20|0
2026-08-24|UHq4qqCKqMQ|108678|763|103
2026-08-24|d2b9OwP4PFU|190452|2092|76
2026-08-24|740gIc6vWSE|302473|4552|509
2026-08-24|RyVne8n3GrQ|261525|1251|2854
2026-08-24|75EDX9dk8uk|45589|107|53
2026-08-24|Y9Ze62fmCj0|4678|43|0
2026-08-24|OpJqVTlNPGk|6730|23|1
2026-08-24|Qm8L3Ezwwu8|1487|13|2
2026-08-24|V3-3Zn-Bqhk|7237|69|82
2026-08-24|pX1DiWrDuew|343|4|0
2026-08-24|ssJwNEdU_jg|69580|622|26
2026-08-24|UzyI0-AXSOA|31708|219|97
2026-08-24|hBsqVoNGRwU|2491|34|0
2026-08-24|BaUbisaGWqI|9030|159|2
2026-08-24|F_cOZ0ck0PQ|2678|16|0
2026-08-24|NlFObOkt4qA|7691|33|0
2026-08-24|OczLYnOxu_s|5693|24|3
2026-08-24|Hc56wnMvknU|279433|593|14
2026-08-24|fJwDUMp-_bo|5604|32|4
2026-08-24|dhWbEgGcxok|12802|32|5
2026-08-24|lcPaeRoT9QQ|173335|370|8
2026-08-24|qmkpEwbqK28|1646847|987|301
2026-08-24|ortD0HxFCwU|36850|377|2
2026-08-24|pHgQoMx_GZA|40|0|1
2026-08-24|NVqHeLRIXd4|63|0|0
2026-08-24|Md1LumbKsXA|11337|138|15
2026-08-24|F4eQU3C27tU|2412|26|0
2026-08-24|aMM1qjOGupg|2696|26|2
2026-08-24|YaqxqDiW97g|6284|52|0
2026-08-24|8xVsHEnXkMU|2695|12|1
2026-08-24|cETSzS6jgKw|4009|25|2
2026-08-24|ITW43ACdd5U|8254|27|0
2026-08-24|BG0cgHUUfzE|27776|132|15
2026-08-24|hsCmCBXPjT8|11298|45|1
2026-08-24|E6-zRKnCq3s|23684|92|21
2026-08-24|VJgZJu4vZ-I|73|0|0
2026-08-24|klpCyAc6ODY|22997|199|5
2026-08-24|QoxEj_Fg8Pc|11787|104|6
2026-08-24|akaIKqDBRzE|18689|201|0
2026-08-24|uqu6D0MLfic|4123|71|1
2026-08-24|5kJc49Md3z4|27946|202|6
2026-08-24|ZW35rKZTZhs|140186|862|191
2026-08-24|1grtSOIAnuY|1261824|1022|314
2026-08-24|CkQSrz0N69w|145051|1707|424
2026-08-24|pDXRUmFQWW4|4537|30|2
2026-08-24|ldrIjiyT4Is|2026|12|1
2026-08-24|GGMIDTuHTlQ|12981|112|1
2026-08-24|se174NOnPtM|24112|230|1
2026-08-24|o5urjaZC81c|1280|10|1
2026-08-24|kqak2ZY2CFI|5315|29|3
2026-08-24|4Vnw-rM2BSY|2139|18|0
2026-08-24|XDha2l_yMPA|116214|744|322
2026-08-24|xeMWj2iUwtk|2741|17|2
2026-08-24|HixeIY99Efs|1292|26|0
2026-08-24|wm_75OJ70Rc|886|13|1
2026-08-24|gAAJ0DUVPZs|110331|700|126
2026-08-24|ullof6Lhpc0|1658|39|0
2026-08-24|QOrLiUCvx3w|1368|43|0
2026-08-24|WUA2WEdBsR0|1650|28|1
2026-08-24|N32Ge0wm_Fw|4686|79|3
2026-08-24|RlWAClw8cGM|3699|29|2
2026-08-24|6dUBDpy-vOI|10343|93|4
2026-08-24|Leicor2O8AI|14713|115|4
2026-08-24|Ee9dn19qCxw|9233|75|3
2026-08-24|cNn6QjwtD_0|12404|114|8
2026-08-25|csc9uNMOahQ|10733|52|0
2026-08-25|iSHcrfMRQuY|4232|108|18
2026-08-25|Ly9KUic5A0M|97355|677|99
2026-08-25|31c8E4pGRxU|78043|693|226
2026-08-25|QWgJT4hXXsE|4|0|0
2026-08-25|YMqaUOj9NQE|80377|920|96
2026-08-25|IPsGXkNLlJ8|21276|122|1
2026-08-25|bPjrHu60278|383829|66964|2723
2026-08-25|BufzSS-cVXk|207450|864|118
2026-08-25|46h0LvDHgIs|2140960|124157|11420
2026-08-25|xqA_SCLcL0A|22693|373|59
2026-08-25|cNngfCSQDp8|8628|2252|393
2026-08-25|tp7PEnNODXc|2|0|0
2026-08-25|g6etZmM3fDY|14086|55|1
2026-08-25|zokPfS7lwDw|973|2|1
2026-08-25|dSErMM4LCz4|7544|106|8
2026-08-25|OH4gEm4auZA|17881|157|1
2026-08-25|TcrQM_45WMY|14299|121|3
2026-08-25|y33DpVGTgc0|78134|1117|8
2026-08-25|Y8cUxbawaAo|93102|543|35
2026-08-25|MuK36SaFPHc|25363|286|6
2026-08-25|w6s4yUXTj_g|5915|62|7
2026-08-25|wfVklefwFGQ|13807|104|19
2026-08-25|zCE9HHLc4sE|6126|40|2
2026-08-25|Exl28-or0K8|11095|74|4
2026-08-25|hK55k5hCshY|89805|768|50
2026-08-25|T25FOaJpUCE|19920|175|0
2026-08-25|nfIPScT3ht4|34007|338|15
2026-08-25|JDh9BPbAcaE|6707|93|7
2026-08-25|_cNRfa2W9Jw|677|26|1
2026-08-25|ArcsijXBKjM|3768|49|0
2026-08-25|X4Z3qAhqQ6w|9488|101|2
2026-08-25|wjSFSrzeixo|2734|29|1
2026-08-25|iGafoYa8HzI|4735|24|2
2026-08-25|-ZJDrzNX3CA|1657|9|0
2026-08-25|SFS0-q8VGDs|6112|35|2
2026-08-25|d9R0yCN1WhA|2582|11|3
2026-08-25|vUY5AhuAL4E|45125|315|199
2026-08-25|D3OJskN9vj4|26167|111|76
2026-08-25|Soc4gssGMxk|5207|179|11
2026-08-25|ehskM5YlRec|73198|397|12
2026-08-25|7MDKM0Kozac|13174|105|2
2026-08-25|tczdaG4uxOg|2983|0|0
2026-08-25|vsoO2on9Go8|4253|29|2
2026-08-25|hUZ9-uhWGBM|1177|16|0
2026-08-25|-dAyJ5H6y5c|315|24|0
2026-08-25|MCw36nHnsVY|5384|78|7
2026-08-25|nAmXMMVVDGk|136|5|0
2026-08-25|WTvCGhf0zGg|6473|150|11
2026-08-25|GCxRtFX0U18|305185|4229|667
2026-08-25|6g7nJEb8dnI|3690|230|10
2026-08-25|F78vYJ_5Ops|24437|319|9
2026-08-25|80pgJggkfiM|11518|96|12
2026-08-25|bJtENSqzq5A|8815|51|2
2026-08-25|J8gJj63a5TY|18878|172|14
2026-08-25|g-J66qZ-YWI|8807|105|5
2026-08-25|blhk5BN_j7k|1570|4|0
2026-08-25|-XDALsb9OPo|5141|76|3
2026-08-25|KJlJGPnnpSo|9755|115|18
2026-08-25|bzbtG15ZjoA|8286|87|9
2026-08-25|fHsKCDNw2ME|4638|60|0
2026-08-25|B31A4ns_pBI|3920|53|7
2026-08-25|y8REqv0IweY|7006|81|5
2026-08-25|WMoHvN0L_2g|1934|19|0
2026-08-25|ueNS67_yhoA|1542|22|0
2026-08-25|hj2Mdl4iTYY|3228|44|0
2026-08-25|ApClSft4UPc|1268|9|0
2026-08-25|-lTyeLWMayQ|794|5|0
2026-08-25|brWmzDls8Bc|522|3|0
2026-08-25|FXVmvLVAdFQ|802|9|0
2026-08-25|yudRZi0yUaE|1409|15|0
2026-08-25|Ta7GXx5k5K0|473|6|0
2026-08-25|zmohbXczEWA|925|7|0
2026-08-25|TXZiSDhM2F8|14|0|0
2026-08-25|F1JJEgRgj7A|2300|27|1
2026-08-25|VKFvoU9hxr4|1192|11|0
2026-08-25|aeVOJcNdvTU|811|6|0
2026-08-25|bolKTh81QYo|3932|53|1
2026-08-25|VlJ-1rnqvlE|889|13|0
2026-08-25|hB0MHBnftOk|5|0|0
2026-08-25|1Ls5JPlSvR0|10393|116|4
2026-08-25|bRsAAmxjHz8|8850|110|11
2026-08-25|7O7eFuBVdgk|7749|96|4
2026-08-25|Y14GXo4hW2s|457|21|3
2026-08-25|aTyaR-iVPOo|1981|39|3
2026-08-25|IY7T-2a0vwk|2780|44|0
2026-08-25|V5170s8gNXA|13164|363|3
2026-08-25|o4OiIysIjQU|1640|13|0
2026-08-25|MUTgBhHvYX0|30468|262|6
2026-08-25|oIQiq57rngM|30313|392|8
2026-08-25|YCSHsVZ37qY|131986|6081|484
2026-08-25|oL5eSx-KIAU|23673|125|3
2026-08-25|M4tsBFzcIfM|29362|507|19
2026-08-25|j4qmkcHmN7c|214271|589|36
2026-08-25|0tQ8oxTWp38|23604|197|1
2026-08-25|DMYrWRtBpa0|65632|652|6
2026-08-25|LCRQOOYjd2o|4181|18|0
2026-08-25|3SjS11VHbjg|4260760|22906|507
2026-08-25|VDY3oIxHhGY|104442|696|46
2026-08-25|gx7EvuvAKaw|110242|803|8
2026-08-25|hkwEUvg9Et4|317|17|0
2026-08-25|0CtMPeBX9fI|15204|146|20
2026-08-25|mjc6esJk93w|13164|143|13
2026-08-25|3OVdWROvK0I|11622|143|14
2026-08-25|DX3EBAjv8A8|629|20|1
2026-08-25|i2S8_CFqsWY|16904|42|8
2026-08-25|TMIPborWA8U|9008|43|0
2026-08-25|IXjbfnpQM2s|3105|30|1
2026-08-25|Y4sIBkVqJ74|6569|60|4
2026-08-25|nLKN4WeQFS0|719407|8190|251
2026-08-25|PXKQJCCG8LY|138|0|2
2026-08-25|IzETImTCfOY|59165|817|172
2026-08-25|y9MSPrOctzc|100155|964|53
2026-08-25|1oZRM6n6MKk|31146|310|7
2026-08-25|-crpzQGg35I|10508|49|2
2026-08-25|ELbumLdP6_E|26606|401|4
2026-08-25|s96Djm49zCE|15953|85|2
2026-08-25|NPJ7XO-e9-4|4018|28|2
2026-08-25|_ogno8cLYWA|9441|59|3
2026-08-25|NonNx85whEk|454858|2582|10
2026-08-25|FhBE8BSTKlU|2576|28|1
2026-08-25|-6QxQ6Gb9TM|105889|470|9
2026-08-25|UCdYbX7hWRE|11727|129|13
2026-08-25|OtwNFVhSBD4|46895|250|4
2026-08-25|tINkMnY6my8|45423|388|14
2026-08-25|BkLKSpnBmlk|6088|143|5
2026-08-25|yMzm0UyB8mw|15716|116|16
2026-08-25|AzphF-15xjI|27145|153|14
2026-08-25|Qv8Qzdqbwxw|218554|982|388
2026-08-25|DCKPhQblODQ|4036|8|6
2026-08-25|yqrAUccTQew|938|4|0
2026-08-25|Or8JqZbU43Y|580506|5876|42
2026-08-25|7k16_QeZWU8|935348|4131|75
2026-08-25|ZS9PAYh2--g|1404|10|0
2026-08-25|cU3kV6yPb24|83719|647|15
2026-08-25|SISZnpRWbJQ|39840|274|1
2026-08-25|Cp_2_DrYse0|285643|1268|53
2026-08-25|uS9BVHwcB6k|143235|1530|24
2026-08-25|upkGJfRqXpM|31480|572|8
2026-08-25|hpesu1-9omA|4190|15|0
2026-08-25|MzLxHIr51aA|463959|3850|498
2026-08-25|lXAl87hnIpk|47678|675|57
2026-08-25|uHnuoYuoQ7c|521|6|3
2026-08-25|FgR1b2eAkCE|31193|245|52
2026-08-25|mLWPU_xcDmE|29977|295|30
2026-08-25|IIS2lmbhvGc|8022|0|8
2026-08-25|klPVY3TCjGg|5206|90|3
2026-08-25|XjHjR-F-Ibo|9050|241|17
2026-08-25|bmawfgv_XoY|1379|11|1
2026-08-25|DbK6jlznpm4|182447|1000|62
2026-08-25|ZH8S-mOe9wQ|27299|190|6
2026-08-25|BnoCpFFU4aM|1936|21|1
2026-08-25|3FoIxsoBx78|4271|59|2
2026-08-25|ttlxzduggr0|30589|185|1
2026-08-25|Nne07W2Tqek|5349|36|2
2026-08-25|_0UM7zihXoA|35779|205|2
2026-08-25|L_ftsGWs-QU|28008|216|7
2026-08-25|sdgdDlOsYBs|6223|118|11
2026-08-25|uU8G94Szpgk|156219|1010|108
2026-08-25|kuuIjDDuNB8|60229|353|10
2026-08-25|xzHEZcRyLYQ|78312|548|36
2026-08-25|TgqCLAXPCf4|227681|1118|61
2026-08-25|KbN4UxC0mgo|14936|119|7
2026-08-25|xzrkeCKjq-k|63257|366|21
2026-08-25|il_gwJcXBg8|53544|282|14
2026-08-25|gwcWJhaVmUw|48895|256|13
2026-08-25|cUP7U2SJblU|74448|359|34
2026-08-25|_4CDw8JDuJY|69072|326|28
2026-08-25|kDMTyv-ereg|184587|1321|190
2026-08-25|Vz3Gef6GkVo|280133|1925|237
2026-08-25|9Mmnhgu8pbM|145464|851|30
2026-08-25|8YOqB7xqaDg|202200|1203|198
2026-08-25|OabeZbZeXVk|9912|270|20
2026-08-25|KXHTOlfKALY|14477|182|11
2026-08-25|jDnvz3hYjkg|76940|597|32
2026-08-25|vHcXp6fdb3o|19296|120|1
2026-08-25|c4Xotyl9oAQ|38005|153|122
2026-08-25|DkCEq4VEOA0|3923|93|3
2026-08-25|h_g1Et2ZM-Q|3419|32|0
2026-08-25|0xpFsEyorZQ|11690|68|16
2026-08-25|6LaKZXZfhBs|6742|17|0
2026-08-25|EmU2cBm3UuA|21927|394|35
2026-08-25|ZjdNt_prP84|18495|60|0
2026-08-25|uzi9dTTzJQQ|26777|105|0
2026-08-25|G8SCtRSzNxU|297|9|1
2026-08-25|cTiNiQgALt8|2561|4|0
2026-08-25|uzII3xg-O7w|32352|155|68
2026-08-25|DGdIjRCeKeI|9429|104|0
2026-08-25|95z--nUVOVQ|12972|43|166
2026-08-25|waM3WB5uyyQ|8928|49|74
2026-08-25|ZZ223zLnd4Y|6825|56|67
2026-08-25|oPG_53tVjFI|301|12|0
2026-08-25|16eY33oC1cY|70700|104|0
2026-08-25|BRVZucaapCY|83389|136|3
2026-08-25|SU2W61BwAZ4|24088|219|2
2026-08-25|SFB8URiMOy8|20499|188|4
2026-08-25|4s8Q6nQP6KY|2421|49|0
2026-08-25|EI5it8hbsko|4006|60|0
2026-08-25|j7VubmSe_XA|1846|28|0
2026-08-25|dZkjL25R_ZM|1915|12|0
2026-08-25|u_pTqql3QRs|2837|52|2
2026-08-25|nEp4rgyRP_Y|76932|663|217
2026-08-25|TzOFA6g1Pk8|75978|1148|125
2026-08-25|xq-aI0iClco|15617|106|7
2026-08-25|kcwiUZNeCKU|6034|14|0
2026-08-25|NSi5X7mC2eA|20086|156|1
2026-08-25|Mh3ddCQslXw|2383|82|8
2026-08-25|wWTunlXEDLE|151132|2378|348
2026-08-25|FP3JF4TV-8E|19033|346|11
2026-08-25|yOh0UewG0oU|323670|7291|1241
2026-08-25|XWrskHeaUs4|125445|2104|37
2026-08-25|zd4zIzBGUPw|173895|1102|42
2026-08-25|e4j8dgolX9c|167414|447|7
2026-08-25|P0IovmQupCo|17577|108|2
2026-08-25|Ujool6EPxBM|5931|54|4
2026-08-25|Xu6vx0sHhWY|6790|26|2
2026-08-25|KyOHialT_-A|2754|37|1
2026-08-25|OQECoznPM1I|3005|38|3
2026-08-25|kMuY6JClH2w|15540|102|1
2026-08-25|ryeYVQ1wHNE|21920|122|1
2026-08-25|PGEHWL9SXPo|2687|44|1
2026-08-25|DWOhfLF31VQ|19959|171|8
2026-08-25|c0M7gVNOe2A|19302|130|8
2026-08-25|VPdX-jX3hnw|13276|99|3
2026-08-25|pgOdcvAjN4A|47453|300|13
2026-08-25|L08-1N-6My0|56781|348|28
2026-08-25|QVPkNscPFas|42453|472|34
2026-08-25|7yefyNZYNW4|210521|870|140
2026-08-25|FPRUIYgvWgQ|92004|427|22
2026-08-25|OVU5HkLrpdE|32101|266|2
2026-08-25|3cyLAW40eak|14472|68|4
2026-08-25|u6yzxVXhViE|4313|47|1
2026-08-25|rRTPUvlEYdo|1385|53|4
2026-08-25|A-2AvLDsTZs|19786|86|3
2026-08-25|YyWX05ITIT4|52687|371|3
2026-08-25|AaVHLKvmweQ|6694|94|1
2026-08-25|VX8P7rPEDJU|99912|465|14
2026-08-25|LJBERbDK7sA|74290|801|62
2026-08-25|c_01jsplWOE|157448|1382|15
2026-08-25|evDVx8tg_JE|43|0|2
2026-08-25|fr_dARhhmVU|53254|343|11
2026-08-25|TkUQ3AOM6hM|25168|113|18
2026-08-25|qW1GOc7hCsc|34506|197|0
2026-08-25|JTeNsr2aXiw|85312|1747|123
2026-08-25|6sJLGtUBv0A|8999|55|8
2026-08-25|DjVj0pGXRv4|31804|117|1
2026-08-25|f4yLbX2fOgE|54316|265|26
2026-08-25|va0qJtic4Fc|3248|18|1
2026-08-25|atkULl_SKqo|1570|14|1
2026-08-25|UnFHXWk5fqY|84983|455|21
2026-08-25|Hseyx50LNMI|70579|367|17
2026-08-25|W_8kS-NDRA8|44877|236|13
2026-08-25|VsZNHVN4p68|21978|231|2
2026-08-25|Jh2GGrq6_uM|25213|76|2
2026-08-25|FtlLbMhyLE8|95700|1307|171
2026-08-25|G54wF1fS490|2805|12|2
2026-08-25|Qsx37KLq_Z8|12517|147|4
2026-08-25|CD9ZT4s-Qx0|32663|297|32
2026-08-25|dg6GEjlzaJQ|3002|24|8
2026-08-25|dDtxg-Zemlw|3923|20|2
2026-08-25|lvTEHxp0CoI|4833|70|0
2026-08-25|URdl6Tymzac|2460|22|1
2026-08-25|NIR959uqbS0|36018|195|11
2026-08-25|_9fC7CzI818|7345|42|6
2026-08-25|05RukGwQa9I|4911|33|5
2026-08-25|03mt7WckUQU|120592|1256|131
2026-08-25|M0CaywSxQb0|14366|168|6
2026-08-25|37t07PMLWA8|3544|17|3
2026-08-25|YdDkn_ALN1U|65|0|0
2026-08-25|T-vG-ZNP5YQ|35661|284|20
2026-08-25|VnBCIqGDNMM|421629|4216|89
2026-08-25|6M8b1_K1LVY|128100|528|30
2026-08-25|4VRziJBCY2E|10832|115|1
2026-08-25|VCajAGUQSJo|375|11|6
2026-08-25|kjJs_M-l0l4|6645234|56090|1211
2026-08-25|-SALA73KfKo|42231|222|6
2026-08-25|2w7U6Mzc9dI|486297|2794|77
2026-08-25|p-lr6WmK-cg|40818|254|9
2026-08-25|k-DKKN49YQc|279284|1252|82
2026-08-25|cAjCJO4IqOc|152813|705|148
2026-08-25|pKjwDyPMUOs|160325|690|54
2026-08-25|vYEKogmvRSI|924988|10700|279
2026-08-25|CwjSKYkKjc0|285060|9346|784
2026-08-25|TzYWpUCZ1mE|197117|1515|122
2026-08-25|W_x0lptFzSQ|267310|8049|89
2026-08-25|w4Bc3DEZlxs|1248|4|0
2026-08-25|MsxcfxeRGAQ|515994|4142|1716
2026-08-25|dWnEiy6ymC4|22961|148|6
2026-08-25|aX3YGVhP5zQ|52334|348|46
2026-08-25|rq9fTiF92o4|29295|122|663
2026-08-25|aI8x5bmiFtQ|8067|39|0
2026-08-25|B0JlQ_DNnE0|220|5|0
2026-08-25|7-Sn-tqSpZM|114770|515|21
2026-08-25|kV1kFv5RpCg|155497|1215|201
2026-08-25|5_cviBi3q8U|24815|153|156
2026-08-25|yjQ1OpSVK8k|470606|2613|165
2026-08-25|hD6mEwLjc7E|70644|397|333
2026-08-25|Fc_m2RF3_sY|24696|181|68
2026-08-25|Y5jixTYeDfQ|27743|166|3
2026-08-25|fCq_Kgg0Jko|12378|228|4
2026-08-25|vu6FIfmW7Bc|14813|58|295
2026-08-25|Jy0uQtENsbg|33464|175|456
2026-08-25|-JiBXi_NPe4|17040|538|19
2026-08-25|2PrZTzo_ysM|23864|475|0
2026-08-25|qdFR48ZovOA|13191|444|38
2026-08-25|9MQPa9jv_uY|9001|106|1
2026-08-25|ZykMcGXr8KU|4112|14|2
2026-08-25|HgrvAGFqN0A|883907|227|29
2026-08-25|eV8l7wnBx1Q|7195|32|1
2026-08-25|iX7X_hBqcuU|3857|64|1
2026-08-25|37tvihwbY6I|3189|34|0
2026-08-25|kJMAyP5_VS4|33608|317|6
2026-08-25|IByoaIGcDzw|9498|60|67
2026-08-25|54mhDxmrqHY|314|18|1
2026-08-25|nDgwyUTOIho|23893|63|1
2026-08-25|aLwfjhjFv0M|7048|52|8
2026-08-25|NxoYKMCVDEM|10439|303|10
2026-08-25|AUj3ejIoc2g|10696|54|45
2026-08-25|Zu5HNsVLsMw|73949|392|8
2026-08-25|i7ZCcRiu9Iw|271784|1111|157
2026-08-25|2e0fxauJlPY|27179|576|26
2026-08-25|JX5VOkTUo7o|158334|1523|121
2026-08-25|D4iL20VV36o|1|0|0
2026-08-25|N8pgseTX_F4|15841|352|18
2026-08-25|-gkDGDEfznU|484476|116070|6814
2026-08-25|Nd83eNIKA8g|139070|598|108
2026-08-25|MEKzgKQDyNo|24114|178|2
2026-08-25|QpW8kZIaNZM|45191|375|14
2026-08-25|HxE7glma2dY|7768|113|26
2026-08-25|1ZODOWLlIz4|27938|279|3
2026-08-25|nlMo8Jw2uIE|315368|1692|164
2026-08-25|AE_1uG9gd1Q|15693|585|45
2026-08-25|MT-4Bk1Lw8g|24386975|658507|66095
2026-08-25|Tv9vx2dB8cc|6049|35|15
2026-08-25|N9u9fHxic-o|13127|237|16
2026-08-25|tXN0jnl0fI4|15376|116|0
2026-08-25|8HN8Orb8Wrw|19934|79|0
2026-08-25|f8rTkvjUSN4|59991|320|4
2026-08-25|nSO4nXPG6ng|17678|94|7
2026-08-25|LslvcEameWA|33043|230|1
2026-08-25|SQIaMldNpEc|15926|79|0
2026-08-25|vOYG8PmOFMQ|18927|141|55
2026-08-25|QQmHs3xl9KI|37175|158|4
2026-08-25|MyFitFFVtu4|8188|46|45
2026-08-25|Z5Z0zb9NNwE|197119|2588|529
2026-08-25|mB9Qg7QFKuY|16638|79|3
2026-08-25|5c11UPCYQo8|232051|1040|404
2026-08-25|iiuRyNg3giw|1297874|76470|2664
2026-08-25|_RTdwFo6l5w|2840|13|1
2026-08-25|7Q0jWt0ewy4|11130|99|2
2026-08-25|Og73Mvwmguk|170|3|0
2026-08-25|E18HhPBZQ4g|2487|8|0
2026-08-25|9GSm5BA4MXE|16719|143|12
2026-08-25|dG5qRti14Tk|28879|177|34
2026-08-25|THFtVpaO0rw|18526|149|10
2026-08-25|vnUdEsgfsIM|2339|4|0
2026-08-25|IEY4wtv4e94|2510|29|3
2026-08-25|MUT7-t0hTww|3898|10|0
2026-08-25|ugreLRVHT_Q|12981|98|2
2026-08-25|9x59_6wciv8|4147|18|0
2026-08-25|KXFTZ0jL1L4|40962|234|28
2026-08-25|2wR2fR8rHAA|93227|563|25
2026-08-25|de-BuXyzBJA|19368|150|5
2026-08-25|lvkKXHOPdAA|12734|100|9
2026-08-25|_TFaOOOXJBg|165713|1024|86
2026-08-25|ayiGbYjkXgc|2698|13|1
2026-08-25|qlAKf1Aa6G0|76719|378|28
2026-08-25|8sL3cyLhaV0|10939|34|7
2026-08-25|NY_uRxQjjVU|7763|82|0
2026-08-25|f35ht6b6-gA|2610|11|0
2026-08-25|5z1G-GSxoiw|8872|38|1
2026-08-25|-mmr4dx6fzI|15596|0|16
2026-08-25|aUjZ6x5uk6A|12211|107|7
2026-08-25|v_3hNrMYXDc|13939|130|11
2026-08-25|o5m_nAT2wtE|26712|260|2
2026-08-25|CWrkIjLNthU|18736|107|8
2026-08-25|MM80X31VLkA|5003|31|0
2026-08-25|477q-5B666c|6589|57|0
2026-08-25|VyMZFuis9Y8|5718|46|0
2026-08-25|ygt_T-5HBHc|9533|60|3
2026-08-25|2EUUstlF6bE|10095|74|0
2026-08-25|ass_h33LxqM|10896|89|2
2026-08-25|xQfq-ekbZMw|11596|141|1
2026-08-25|MtyoS0m5IXY|26911|193|19
2026-08-25|J7P6ftq1Zkg|26492|503|1
2026-08-25|PJSv6YZvt5c|112443|686|107
2026-08-25|UvjN4DQls-g|30074|229|25
2026-08-25|LLJWROYJ8Y0|25320|169|7
2026-08-25|WDIh_0guCso|19062|135|4
2026-08-25|15huf-3wxGk|10548|106|6
2026-08-25|fSTY4Nm40rA|23373|176|8
2026-08-25|OUJcpBKGo78|9934|107|4
2026-08-25|vc_7x13PjqE|557161|5341|54
2026-08-25|ZK-m0ATQ_Ag|18890|199|0
2026-08-25|1ULZVvtthRc|13527|58|30
2026-08-25|YELLnPyuqIQ|2390|41|1
2026-08-25|LvzGoJ21l_E|20124|251|23
2026-08-25|MSFZ42Ku6Z0|2497|60|12
2026-08-25|NxiMd4DslG0|18406|337|29
2026-08-25|RPC2UWNciqw|9498|305|20
2026-08-25|QibNswe6N0U|241824|781|45
2026-08-25|SR2C6tbnZIM|116106|394|12
2026-08-25|F69lXLCT15k|30320|240|10
2026-08-25|EvUsg-nkMiY|6992|145|6
2026-08-25|FjN3oH-xLy0|584|7|0
2026-08-25|KtwU2zhcg0s|21756|101|3
2026-08-25|54s6l2LPnw4|70320|527|8
2026-08-25|cpgWvlYlqUY|32190|221|17
2026-08-25|VPWUW1J9JzM|182|6|0
2026-08-25|LIqvXIe3Jt8|3099|51|4
2026-08-25|fvl9PisUxI4|12963|88|7
2026-08-25|unpN50P7G5E|2756|37|1
2026-08-25|PvVk8BgO7Qs|501456|2177|138
2026-08-25|JSeHGyshbUQ|53234|251|25
2026-08-25|Yda3AY4iMWU|18632|188|6
2026-08-25|NsfQiJuhZtg|10070|61|13
2026-08-25|9gWDPVTuEBY|20413|360|211
2026-08-25|UrDJOu_9JGI|3163|213|6
2026-08-25|HSQF1Xqi8dg|1760|13|1
2026-08-25|WRQJYLMZCyA|1292|8|0
2026-08-25|vaWNMWVcGZo|2883|23|1
2026-08-25|c0zoyzYGzEk|2969|49|1
2026-08-25|Cah2QUEmbyQ|5289|100|8
2026-08-25|4cdKbgIiysA|67|4|0
2026-08-25|OSZNP0e-iv8|3511|71|1
2026-08-25|zkF7Fs6qBCo|34122|636|10
2026-08-25|cO82J9_hd9o|36288|173|8
2026-08-25|SN7MgXG1yms|692|69|1
2026-08-25|0cTrHhaX4w0|5232|26|21
2026-08-25|tMUlQHqKFUc|2910|30|0
2026-08-25|q1_d-wEhb1I|2471|12|1
2026-08-25|ckh_Hm7My4Q|2527|9|0
2026-08-25|ddeYEgy3Jo0|2743|37|0
2026-08-25|X7SxQPxTTLk|17112|102|36
2026-08-25|HpRE55PEFjQ|1472|4|0
2026-08-25|ceuOK-tkf0Q|143824|775|8
2026-08-25|QZLs0STSskE|570|4|0
2026-08-25|0isun2iKhCM|56457|325|455
2026-08-25|P7UbLkqoXG8|1697|6|0
2026-08-25|DO6p5vqeg0o|2036|14|1
2026-08-25|-ZKnoOITJ68|12411|490|2
2026-08-25|FX7UHDC0phc|31833|220|1
2026-08-25|dyPQNNFA4G4|9809|146|7
2026-08-25|6_GEQ5oCgbA|891379|7792|298
2026-08-25|rzJQ4i6rXcQ|6872|30|1
2026-08-25|CUSx9Geak7I|2483|10|0
2026-08-25|7jwq362anB0|147816|3133|619
2026-08-25|B0HMSTG2rJA|6123|21|4
2026-08-25|f3ze0rAr_g0|14005|126|2
2026-08-25|kPpmvn27qTA|190185|406|9
2026-08-25|MouqBkimId0|91806|629|34
2026-08-25|QbM0xn4d1Zk|17890|118|11
2026-08-25|-b2305kuVaM|87133|386|3
2026-08-25|mbvoLj7s_k0|15107|146|4
2026-08-25|cS5WQd_uDfc|37009|196|1
2026-08-25|iAFAsiozzNo|14092|140|10
2026-08-25|1nbXuw2qM88|3614|37|0
2026-08-25|3-lLBpXjcpw|38545|173|2
2026-08-25|1NIGYakEDts|21933|189|1
2026-08-25|nEFaVlJfJVk|33851|267|7
2026-08-25|yisK4u1kXTw|11099|75|1
2026-08-25|lu3DLmzpt2M|58229|349|14
2026-08-25|t-N5V4xQgko|2743|24|0
2026-08-25|ugZmfmeVdRw|3499|37|0
2026-08-25|MuGWJgVKo1k|28727|307|12
2026-08-25|NYQO8BtgGIE|9226|40|0
2026-08-25|PqM-9UwIJmo|13525|120|2
2026-08-25|CZEVy1Nixdk|26050|161|5
2026-08-25|-G9Ry9n4jCc|180899|998|49
2026-08-25|lypyj_WbmrY|17378|157|4
2026-08-25|TvSj_jO3dko|20206|167|8
2026-08-25|VxZs5uz2Yp8|7719|37|0
2026-08-25|UAQyQCakL3I|11072|119|8
2026-08-25|pwVXGjZ_8_8|7348|34|0
2026-08-25|lCkuGP-7dCM|19588|156|39
2026-08-25|qviEJ00cgiY|15991|145|1
2026-08-25|vCU-axBx5lY|7913|27|0
2026-08-25|s1dviroZ4_s|27692|188|10
2026-08-25|n4yhfA0qQRw|6894|44|3
2026-08-25|BVTyyZONFGw|12427|69|0
2026-08-25|lAm1ekx-380|73887|176|3
2026-08-25|XswAONrJbeU|6003|77|4
2026-08-25|RgkQJ8L_aqM|12411|123|10
2026-08-25|tcAwt2f8K3M|6447|66|3
2026-08-25|i8HHSSMVKSw|9465|55|5
2026-08-25|1JZSaf9eZOE|16704|148|3
2026-08-25|nJ4W5zQQtHE|4477|20|1
2026-08-25|GLbpqYlpk8Q|4634|32|0
2026-08-25|5Y7o_U_bC-Y|17729|120|10
2026-08-25|XZQHJ1RD8qg|9434|80|6
2026-08-25|l0HZCGxLn4A|9417|35|0
2026-08-25|DvP22W1S0pY|11396|127|10
2026-08-25|2fEKXNWjlf0|30420|298|5
2026-08-25|W_sENjLmZ1s|299688|2385|110
2026-08-25|rxsJdtPFUaE|142591|1674|269
2026-08-25|u1OIz6snNxw|15291|162|13
2026-08-25|iF99QO_lyMo|1071|19|0
2026-08-25|w9_E3stJQnU|26137|162|12
2026-08-25|-ix392NF1MI|912|7|6
2026-08-26|HEAnqIhxNGU|2479|46|1
2026-08-26|adZXauhEd64|351837|4388|679
2026-08-26|lzZk5dIUtnY|3562|287|10
2026-08-26|dHToNd4HvBU|6676|376|14
2026-08-26|r9Dd859C8pk|6094|18|4
2026-08-26|hP2Uy14MAAI|4285|50|2
2026-08-26|hDlNR3qCMCs|10191|83|1
2026-08-26|iAJ51zaTCfU|44342|311|2
2026-08-26|nKtwnBro3kw|81609|1698|70
2026-08-26|CanOyDFCcLw|17569|127|0
2026-08-26|dJ95KqNLf0k|22917|178|2
2026-08-26|APq6oBcYwiw|13811|143|18
2026-08-26|ZNQjbvrlJC0|179|9|0
2026-08-26|xoHFCZpC3Ng|415|17|2
2026-08-26|LygnQpiuI28|1300|30|0
2026-08-26|sFFB2SP-Bwo|46899|601|8
2026-08-26|-ZXO4hiIMN4|7542|63|1
2026-08-26|JR5miQP79NM|20164|134|20
2026-08-26|verIZkZyQaw|12827|139|0
2026-08-26|_KwjuZz84bc|6629|43|8
2026-08-26|oglsuBxD0oU|17774|133|14
2026-08-26|poJ7eoLzYUc|181|5|1
2026-08-26|mqzcE6SYjk0|1859|53|10
2026-08-26|S9ZE3yh6zcY|1678|10|2
2026-08-26|wHOJnefRaIM|1302|22|0
2026-08-26|kA991feUGc0|145|5|2
2026-08-26|WjZ5kjzlnUg|5769|43|3
2026-08-26|BNxILhpo9VA|8131|89|0
2026-08-26|EOULTaSvN2Y|11589|285|26
2026-08-26|mxGpz-F8q3k|13935|216|4
2026-08-26|qLECSQhaUCw|2353|29|1
2026-08-26|c7fWOs2zG4g|30803|385|5
2026-08-26|jyzl5ypqkPA|7848|13|0
2026-08-26|aF_EkD-G81s|7773|84|3
2026-08-26|L2uHVg1BDRk|1276|46|1
2026-08-26|k_PWSLFMSAk|330296|2438|502
2026-08-26|dtpyrKDJPRg|375287|2569|999
2026-08-26|n16-EyMFzRw|33097|587|8
2026-08-26|U_BcyuYZn_o|28350|288|141
2026-08-26|E61yoJkN7cU|59566|2960|275
2026-08-26|yHuZOj6U5iQ|15407|190|8
2026-08-26|MZ3lhvKG27E|35241|806|46
2026-08-26|_6wq5LZRg6Y|30331|630|106
2026-08-26|H5YCQITcwwc|21123|0|23
2026-08-26|buKJ4VX-WTI|16|2|0
2026-08-26|w78dHyoM9tY|96046|719|64
2026-08-26|Vxm1q6sHtWw|95634|596|53
2026-08-26|chvt4lXdUOM|2020946|14641|481
2026-08-26|SOtVVcNgGu4|24458|163|1
2026-08-26|ZiKppqzG4Uk|1125|26|0
2026-08-26|YrPYWGA0b70|1002|22|0
2026-08-26|mgBh3n1seEI|520|21|0
2026-08-26|nDxCNgH-HZ4|4651|83|0
2026-08-26|EeyXi4dSqZ8|2756|66|0
2026-08-26|PjKRKOi-Lqg|3123|62|0
2026-08-26|f2pYo8RvORs|1729|27|2
2026-08-26|jAZ1uagY_yA|4833|235|2
2026-08-26|OtDRW6fhpgg|6441|66|0
2026-08-26|PD7zlPDrnro|2376|25|0
2026-08-26|IbBvql5hDeU|25824|45|10
2026-08-26|4qdmIthb4CM|1905|32|1
2026-08-26|DiMznxIAPfc|5661|52|0
2026-08-26|W0ouYeM6rGA|110|1|0
2026-08-26|nXP8rSS0RvA|8990|97|8
2026-08-26|ZrYfcVake6c|675|14|0
2026-08-26|4u_Pf7IGTCE|1804|16|0
2026-08-26|y3UyJpuPenY|4678|46|0
2026-08-26|8Ij0-P2xHOE|1470|15|0
2026-08-26|UA9TxPQ2Q-8|18677|74|11
2026-08-26|KK_r18iXh6U|969|9|0
2026-08-26|Qvx-Hdtmm4I|2245|21|0
2026-08-26|5yaMBEregTg|9256|124|10
2026-08-26|jW0MPbim1EI|8286|98|15
2026-08-26|9G8QlPdK3Bo|8100|89|5
2026-08-26|Ze7Vsu8gsrA|12087|123|5
2026-08-26|5aV784n8BAQ|2622|28|1
2026-08-26|e9o-Me6Zapc|8823|90|5
2026-08-26|2vUOET7h56k|8494|95|4
2026-08-26|5A8V_Gb4PL0|9604|103|3
2026-08-26|ipOeXnEi83c|12765|121|9
2026-08-26|a4BSbGNr4QE|18046|167|18
2026-08-26|OApRaAEc9H4|16445|156|16
2026-08-26|i6sdrVT8x4Q|4891|57|1
2026-08-26|kMzR9R7hqaY|9928|104|6
2026-08-26|5yqnWigsHFU|8161|101|6
2026-08-26|kLkue2kXJi4|12414|115|11
2026-08-26|U4JZEyxxtdk|984|7|0
2026-08-26|uxDUzhl_O5g|809|5|0
2026-08-26|BmiNrcsIxFc|3974|40|3
2026-08-26|EZa8QHXxVTE|1378|15|0
2026-08-26|RF_UISiIbsY|408|5|0
2026-08-26|GqMNJ7KAUnA|7000|166|1
2026-08-26|W1LSOy8ETi4|30312|212|5
2026-08-26|G3k5XlxKMCk|823|19|0
2026-08-26|4u1czUCNEiw|3|0|0
2026-08-26|G2Jj9leJ26g|501|22|0
2026-08-26|Jn6n32b-TgE|7390|152|3
2026-08-26|ibFx1nX1sgA|3845|32|0
2026-08-26|9rIyp-b48kg|2|0|0
2026-08-26|SBX00HhJbyA|2150|41|0
2026-08-26|8o3WopvAA2c|5952|86|2
2026-08-26|RdkmPzPR_HY|1159|20|0
2026-08-26|1umZRZTqbbY|1535|28|0
2026-08-26|dsbMGiiGoc8|3330240|81199|3582
2026-08-26|bcavqk4OFwY|42206|354|45
2026-08-26|bzbtG15ZjoA|11957|99|9
2026-08-26|DX3EBAjv8A8|1342|84|4
2026-08-26|VDY3oIxHhGY|138386|880|55
2026-08-26|aeVOJcNdvTU|2714|14|1
2026-08-26|blhk5BN_j7k|4133|8|0
2026-08-26|fHsKCDNw2ME|6482|65|0
2026-08-26|J8gJj63a5TY|28125|205|18
2026-08-26|YCSHsVZ37qY|420331|10298|1182
2026-08-26|zmohbXczEWA|9024|33|0
2026-08-26|y8REqv0IweY|9555|85|5
2026-08-26|B31A4ns_pBI|6557|65|12
2026-08-26|3SjS11VHbjg|4760107|25021|569
2026-08-26|j4qmkcHmN7c|228646|624|37
2026-08-26|vsoO2on9Go8|6582|40|2
2026-08-26|FXVmvLVAdFQ|1454|10|1
2026-08-26|ApClSft4UPc|2303|15|1
2026-08-26|g6etZmM3fDY|14103|55|1
2026-08-26|yudRZi0yUaE|3883|28|1
2026-08-26|tczdaG4uxOg|5039|0|0
2026-08-26|QWgJT4hXXsE|7|0|0
2026-08-26|Ta7GXx5k5K0|1051|9|1
2026-08-26|MUTgBhHvYX0|33461|285|6
2026-08-26|hUZ9-uhWGBM|1644|16|0
2026-08-26|F1JJEgRgj7A|4696|42|3
2026-08-26|brWmzDls8Bc|1147|5|1
2026-08-26|-lTyeLWMayQ|1866|7|1
2026-08-26|oIQiq57rngM|44247|525|13
2026-08-26|oL5eSx-KIAU|31167|171|4
2026-08-26|VKFvoU9hxr4|2248|16|1
2026-08-26|7MDKM0Kozac|28676|200|7
2026-08-26|LCRQOOYjd2o|8294|52|0
2026-08-26|gx7EvuvAKaw|274240|2380|18
2026-08-26|T25FOaJpUCE|22630|197|0
2026-08-26|ehskM5YlRec|93558|505|12
2026-08-26|hj2Mdl4iTYY|10030|113|2
2026-08-26|ueNS67_yhoA|2730|22|1
2026-08-26|M4tsBFzcIfM|76912|1163|35
2026-08-26|WMoHvN0L_2g|7301|42|1
2026-08-26|DMYrWRtBpa0|82363|804|6
2026-08-26|csc9uNMOahQ|20378|96|0
2026-08-26|o4OiIysIjQU|1933|20|0
2026-08-26|46h0LvDHgIs|3678568|166791|13753
2026-08-26|KJlJGPnnpSo|16626|150|20
2026-08-26|MCw36nHnsVY|12496|156|16
2026-08-26|WTvCGhf0zGg|8262|202|13
2026-08-26|tp7PEnNODXc|2|0|0
2026-08-26|bPjrHu60278|705711|89375|3120
2026-08-26|Ly9KUic5A0M|113946|760|123
2026-08-26|nfIPScT3ht4|34068|339|15
2026-08-26|80pgJggkfiM|12384|109|12
2026-08-26|YMqaUOj9NQE|609089|1586|173
2026-08-26|IPsGXkNLlJ8|32093|169|1
2026-08-26|Exl28-or0K8|11305|78|4
2026-08-26|bJtENSqzq5A|8982|51|2
2026-08-26|zCE9HHLc4sE|6292|41|2
2026-08-26|wfVklefwFGQ|14098|109|19
2026-08-26|w6s4yUXTj_g|6311|64|7
2026-08-26|MuK36SaFPHc|27891|313|6
2026-08-26|Y8cUxbawaAo|101896|586|38
2026-08-26|y33DpVGTgc0|85120|1200|8
2026-08-26|TcrQM_45WMY|15339|132|3
2026-08-26|OH4gEm4auZA|19900|184|1
2026-08-26|dSErMM4LCz4|9364|122|9
2026-08-26|hK55k5hCshY|118848|898|63
2026-08-26|ArcsijXBKjM|4489|55|0
2026-08-26|_cNRfa2W9Jw|796|29|1
2026-08-26|Y14GXo4hW2s|1361|27|3
2026-08-26|aTyaR-iVPOo|3795|76|3
2026-08-26|IY7T-2a0vwk|5638|85|0
2026-08-26|V5170s8gNXA|24272|465|3
2026-08-26|hB0MHBnftOk|130|0|0
2026-08-26|TXZiSDhM2F8|52|0|0
2026-08-26|nAmXMMVVDGk|193|5|0
2026-08-26|cNngfCSQDp8|22523|3453|517
2026-08-26|-dAyJ5H6y5c|799|50|0
2026-08-26|mjc6esJk93w|23183|180|15
2026-08-26|zokPfS7lwDw|989|2|1
2026-08-26|-XDALsb9OPo|7823|90|4
2026-08-26|xqA_SCLcL0A|93916|1049|165
2026-08-26|BufzSS-cVXk|268063|986|132
2026-08-26|1Ls5JPlSvR0|18120|131|5
2026-08-26|iSHcrfMRQuY|14152|221|30
2026-08-26|JDh9BPbAcaE|10751|119|12
2026-08-26|F78vYJ_5Ops|37611|411|11
2026-08-26|6g7nJEb8dnI|5809|302|11
2026-08-26|GCxRtFX0U18|382068|4828|755
2026-08-26|g-J66qZ-YWI|13533|109|6
2026-08-26|0tQ8oxTWp38|49341|347|8
2026-08-26|7O7eFuBVdgk|12318|107|5
2026-08-26|3OVdWROvK0I|19282|174|14
2026-08-26|bRsAAmxjHz8|13786|122|13
2026-08-26|0CtMPeBX9fI|32420|179|28
2026-08-26|d9R0yCN1WhA|3047|12|3
2026-08-26|hkwEUvg9Et4|8068|112|18
2026-08-26|bolKTh81QYo|12129|85|4
2026-08-26|Soc4gssGMxk|8526|254|12
2026-08-26|D3OJskN9vj4|35652|154|87
2026-08-26|vUY5AhuAL4E|54299|378|226
2026-08-26|VlJ-1rnqvlE|1149|14|0
2026-08-26|SFS0-q8VGDs|6553|36|2
2026-08-26|-ZJDrzNX3CA|1878|10|0
2026-08-26|iGafoYa8HzI|6424|28|3
2026-08-26|X4Z3qAhqQ6w|10452|105|2
2026-08-26|wjSFSrzeixo|3388|36|1
2026-08-26|dZkjL25R_ZM|2057|12|0
2026-08-26|h_g1Et2ZM-Q|4210|42|0
2026-08-26|0xpFsEyorZQ|12106|77|16
2026-08-26|6LaKZXZfhBs|6866|21|0
2026-08-26|EmU2cBm3UuA|32128|490|43
2026-08-26|xq-aI0iClco|16420|119|8
2026-08-26|Mh3ddCQslXw|3181|99|13
2026-08-26|ZjdNt_prP84|18973|62|0
2026-08-26|uzi9dTTzJQQ|27969|110|0
2026-08-26|wWTunlXEDLE|195645|2840|402
2026-08-26|jDnvz3hYjkg|91719|663|37
2026-08-26|e4j8dgolX9c|199351|500|8
2026-08-26|7k16_QeZWU8|986844|4395|83
2026-08-26|kDMTyv-ereg|209984|1452|198
2026-08-26|Vz3Gef6GkVo|341281|2169|270
2026-08-26|9Mmnhgu8pbM|162834|907|33
2026-08-26|8YOqB7xqaDg|243182|1354|225
2026-08-26|OabeZbZeXVk|10366|279|20
2026-08-26|vHcXp6fdb3o|19670|122|1
2026-08-26|KXHTOlfKALY|14462|182|11
2026-08-26|KbN4UxC0mgo|15795|126|7
2026-08-26|Qv8Qzdqbwxw|240299|1085|439
2026-08-26|DCKPhQblODQ|4035|8|6
2026-08-26|yqrAUccTQew|939|4|0
2026-08-26|Or8JqZbU43Y|596765|6048|44
2026-08-26|-6QxQ6Gb9TM|128840|577|13
2026-08-26|cUP7U2SJblU|87347|395|43
2026-08-26|ZS9PAYh2--g|1552|11|0
2026-08-26|SISZnpRWbJQ|42549|295|1
2026-08-26|uS9BVHwcB6k|244297|2385|38
2026-08-26|NonNx85whEk|714546|4080|15
2026-08-26|upkGJfRqXpM|42626|681|10
2026-08-26|hpesu1-9omA|5325|19|0
2026-08-26|MzLxHIr51aA|469866|3889|499
2026-08-26|lXAl87hnIpk|48103|680|57
2026-08-26|uHnuoYuoQ7c|592|7|3
2026-08-26|FgR1b2eAkCE|31334|246|52
2026-08-26|mLWPU_xcDmE|36489|358|35
2026-08-26|IIS2lmbhvGc|8645|0|8
2026-08-26|_4CDw8JDuJY|84873|362|38
2026-08-26|gwcWJhaVmUw|52633|269|13
2026-08-26|zd4zIzBGUPw|224865|1376|48
2026-08-26|BnoCpFFU4aM|1995|21|1
2026-08-26|s96Djm49zCE|18303|94|2
2026-08-26|y9MSPrOctzc|107278|1019|54
2026-08-26|ELbumLdP6_E|28301|414|4
2026-08-26|-crpzQGg35I|10912|54|2
2026-08-26|i2S8_CFqsWY|23725|65|12
2026-08-26|TMIPborWA8U|10996|55|0
2026-08-26|IXjbfnpQM2s|3340|38|1
2026-08-26|_ogno8cLYWA|11720|67|3
2026-08-26|NPJ7XO-e9-4|4371|33|2
2026-08-26|FhBE8BSTKlU|2675|29|1
2026-08-26|bmawfgv_XoY|1426|11|1
2026-08-26|ZH8S-mOe9wQ|31197|212|11
2026-08-26|3FoIxsoBx78|4790|68|2
2026-08-26|il_gwJcXBg8|58587|297|15
2026-08-26|ttlxzduggr0|35066|205|1
2026-08-26|Nne07W2Tqek|5530|41|2
2026-08-26|95z--nUVOVQ|13732|44|171
2026-08-26|_0UM7zihXoA|40303|224|2
2026-08-26|L_ftsGWs-QU|31582|236|7
2026-08-26|sdgdDlOsYBs|6787|123|12
2026-08-26|uU8G94Szpgk|170855|1058|112
2026-08-26|kuuIjDDuNB8|66182|373|11
2026-08-26|xzHEZcRyLYQ|87346|591|39
2026-08-26|DbK6jlznpm4|206132|1114|68
2026-08-26|TgqCLAXPCf4|271474|1275|69
2026-08-26|xzrkeCKjq-k|71584|389|23
2026-08-26|c4Xotyl9oAQ|40369|160|127
2026-08-26|NSi5X7mC2eA|20357|157|1
2026-08-26|waM3WB5uyyQ|9772|51|81
2026-08-26|FP3JF4TV-8E|20527|382|12
2026-08-26|uzII3xg-O7w|37813|184|77
2026-08-26|cTiNiQgALt8|2794|4|0
2026-08-26|G8SCtRSzNxU|334|9|1
2026-08-26|DkCEq4VEOA0|4162|94|3
2026-08-26|nEp4rgyRP_Y|116775|862|285
2026-08-26|TzOFA6g1Pk8|90372|1263|137
2026-08-26|yOh0UewG0oU|393751|8027|1365
2026-08-26|16eY33oC1cY|94741|122|2
2026-08-26|kcwiUZNeCKU|6054|14|0
2026-08-26|Cp_2_DrYse0|575180|2826|102
2026-08-26|XWrskHeaUs4|140473|2473|40
2026-08-26|Y4sIBkVqJ74|7151|64|4
2026-08-26|1oZRM6n6MKk|31274|310|7
2026-08-26|IzETImTCfOY|60446|827|174
2026-08-26|oPG_53tVjFI|337|14|0
2026-08-26|BRVZucaapCY|109059|207|3
2026-08-26|nLKN4WeQFS0|766938|8590|245
2026-08-26|cU3kV6yPb24|95582|712|20
2026-08-26|yMzm0UyB8mw|16505|120|16
2026-08-26|BkLKSpnBmlk|7000|155|6
2026-08-26|tINkMnY6my8|45966|394|14
2026-08-26|OtwNFVhSBD4|48105|252|4
2026-08-26|UCdYbX7hWRE|11705|129|13
2026-08-26|klPVY3TCjGg|5190|90|3
2026-08-26|XjHjR-F-Ibo|9417|251|17
2026-08-26|SU2W61BwAZ4|30073|268|4
2026-08-26|u_pTqql3QRs|3306|55|2
2026-08-26|DGdIjRCeKeI|12246|128|1
2026-08-26|j7VubmSe_XA|2019|31|0
2026-08-26|EI5it8hbsko|5134|87|0
2026-08-26|4s8Q6nQP6KY|2677|54|0
2026-08-26|SFB8URiMOy8|24518|197|4
2026-08-26|PXKQJCCG8LY|160|0|2
2026-08-26|AzphF-15xjI|28217|158|16
2026-08-26|ZZ223zLnd4Y|7226|58|68
2026-08-26|dg6GEjlzaJQ|4706|38|11
2026-08-26|u6yzxVXhViE|4453|51|1
2026-08-26|evDVx8tg_JE|49|0|2
2026-08-26|6M8b1_K1LVY|217396|894|67
2026-08-26|aI8x5bmiFtQ|9991|42|0
2026-08-26|6sJLGtUBv0A|9937|59|8
2026-08-26|va0qJtic4Fc|3583|22|1
2026-08-26|atkULl_SKqo|1576|14|1
2026-08-26|A-2AvLDsTZs|21372|91|3
2026-08-26|3cyLAW40eak|14840|69|4
2026-08-26|2w7U6Mzc9dI|548785|3332|108
2026-08-26|Ujool6EPxBM|6069|58|4
2026-08-26|Xu6vx0sHhWY|6907|28|2
2026-08-26|KyOHialT_-A|2847|45|1
2026-08-26|OQECoznPM1I|3463|63|4
2026-08-26|aX3YGVhP5zQ|59950|409|48
2026-08-26|dWnEiy6ymC4|23359|148|6
2026-08-26|MsxcfxeRGAQ|517643|4161|1717
2026-08-26|Jh2GGrq6_uM|28059|91|2
2026-08-26|VnBCIqGDNMM|524748|5373|120
2026-08-26|CD9ZT4s-Qx0|34201|313|34
2026-08-26|c_01jsplWOE|163413|1435|16
2026-08-26|TkUQ3AOM6hM|31330|134|21
2026-08-26|QVPkNscPFas|47091|509|34
2026-08-26|JTeNsr2aXiw|91444|1788|128
2026-08-26|DWOhfLF31VQ|20587|179|8
2026-08-26|vYEKogmvRSI|952578|10963|283
2026-08-26|DjVj0pGXRv4|38561|138|1
2026-08-26|qW1GOc7hCsc|36250|203|0
2026-08-26|W_x0lptFzSQ|271714|8160|91
2026-08-26|YyWX05ITIT4|60927|421|3
2026-08-26|B0JlQ_DNnE0|228|5|0
2026-08-26|kjJs_M-l0l4|6688398|56397|1211
2026-08-26|VCajAGUQSJo|474|11|6
2026-08-26|YdDkn_ALN1U|74|0|0
2026-08-26|T-vG-ZNP5YQ|36378|287|20
2026-08-26|VX8P7rPEDJU|105428|480|14
2026-08-26|w4Bc3DEZlxs|1250|4|0
2026-08-26|TzYWpUCZ1mE|200389|1529|122
2026-08-26|CwjSKYkKjc0|307893|9707|801
2026-08-26|VsZNHVN4p68|23272|247|2
2026-08-26|W_8kS-NDRA8|47173|240|13
2026-08-26|NIR959uqbS0|37157|199|11
2026-08-26|-SALA73KfKo|45648|230|7
2026-08-26|URdl6Tymzac|2812|24|2
2026-08-26|Hseyx50LNMI|71902|370|17
2026-08-26|p-lr6WmK-cg|41872|255|9
2026-08-26|k-DKKN49YQc|294211|1290|85
2026-08-26|lvTEHxp0CoI|5496|78|0
2026-08-26|kMuY6JClH2w|15744|104|1
2026-08-26|cAjCJO4IqOc|154611|717|148
2026-08-26|pKjwDyPMUOs|168989|716|56
2026-08-26|dDtxg-Zemlw|4463|22|2
2026-08-26|4VRziJBCY2E|11959|126|1
2026-08-26|FtlLbMhyLE8|100345|1388|176
2026-08-26|G54wF1fS490|2827|12|2
2026-08-26|Qsx37KLq_Z8|15243|182|5
2026-08-26|f4yLbX2fOgE|57634|271|27
2026-08-26|_9fC7CzI818|7784|41|6
2026-08-26|UnFHXWk5fqY|88500|462|22
2026-08-26|-gkDGDEfznU|521459|119161|6909
2026-08-26|ryeYVQ1wHNE|22711|132|1
2026-08-26|7yefyNZYNW4|215336|887|133
2026-08-26|kV1kFv5RpCg|164099|1246|210
2026-08-26|Nd83eNIKA8g|139676|601|108
2026-08-26|rq9fTiF92o4|30515|123|667
2026-08-26|37t07PMLWA8|4593|21|4
2026-08-26|P0IovmQupCo|17819|111|2
2026-08-26|c0M7gVNOe2A|19508|129|8
2026-08-26|VPdX-jX3hnw|13354|100|3
2026-08-26|pgOdcvAjN4A|48489|301|13
2026-08-26|M0CaywSxQb0|18669|238|7
2026-08-26|03mt7WckUQU|125688|1300|136
2026-08-26|05RukGwQa9I|5465|34|5
2026-08-26|L08-1N-6My0|57799|350|28
2026-08-26|kJMAyP5_VS4|39897|412|7
2026-08-26|7-Sn-tqSpZM|121796|530|21
2026-08-26|FPRUIYgvWgQ|95361|434|24
2026-08-26|PGEHWL9SXPo|3120|47|1
2026-08-26|D4iL20VV36o|1|0|0
2026-08-26|AUj3ejIoc2g|12692|63|51
2026-08-26|Y5jixTYeDfQ|44628|239|3
2026-08-26|nDgwyUTOIho|28713|76|1
2026-08-26|54mhDxmrqHY|328|18|1
2026-08-26|NxoYKMCVDEM|11150|344|10
2026-08-26|2e0fxauJlPY|32608|695|34
2026-08-26|HxE7glma2dY|8035|114|26
2026-08-26|MEKzgKQDyNo|28163|215|2
2026-08-26|OVU5HkLrpdE|33091|274|2
2026-08-26|LJBERbDK7sA|85353|882|72
2026-08-26|Zu5HNsVLsMw|79261|427|10
2026-08-26|yjQ1OpSVK8k|505142|2838|181
2026-08-26|i7ZCcRiu9Iw|292265|1169|171
2026-08-26|HgrvAGFqN0A|1040395|240|31
2026-08-26|N8pgseTX_F4|16497|362|18
2026-08-26|fr_dARhhmVU|75899|407|14
2026-08-26|JX5VOkTUo7o|171356|1632|128
2026-08-26|2PrZTzo_ysM|24029|478|0
2026-08-26|37tvihwbY6I|3344|35|0
2026-08-26|iX7X_hBqcuU|4220|74|1
2026-08-26|eV8l7wnBx1Q|8471|40|1
2026-08-26|IByoaIGcDzw|9983|60|68
2026-08-26|9MQPa9jv_uY|9670|111|1
2026-08-26|qdFR48ZovOA|15282|493|41
2026-08-26|-JiBXi_NPe4|18741|633|21
2026-08-26|AaVHLKvmweQ|7769|108|1
2026-08-26|aLwfjhjFv0M|8027|58|9
2026-08-26|rRTPUvlEYdo|1699|56|4
2026-08-26|QpW8kZIaNZM|51753|443|16
2026-08-26|Jy0uQtENsbg|33883|176|460
2026-08-26|ZykMcGXr8KU|4345|16|3
2026-08-26|hD6mEwLjc7E|73417|409|341
2026-08-26|5_cviBi3q8U|25930|161|157
2026-08-26|fCq_Kgg0Jko|13102|294|6
2026-08-26|vu6FIfmW7Bc|15108|60|297
2026-08-26|Fc_m2RF3_sY|25449|188|68
2026-08-26|QQmHs3xl9KI|38425|162|4
2026-08-26|9x59_6wciv8|4138|18|0
2026-08-26|-mmr4dx6fzI|16183|0|16
2026-08-26|5z1G-GSxoiw|8975|38|1
2026-08-26|vnUdEsgfsIM|2400|5|0
2026-08-26|IEY4wtv4e94|2437|29|3
2026-08-26|MUT7-t0hTww|3903|10|0
2026-08-26|ugreLRVHT_Q|13057|98|2
2026-08-26|E18HhPBZQ4g|2967|9|0
2026-08-26|mB9Qg7QFKuY|17318|79|3
2026-08-26|ayiGbYjkXgc|2737|13|1
2026-08-26|f35ht6b6-gA|2474|11|0
2026-08-26|_RTdwFo6l5w|2757|13|1
2026-08-26|MM80X31VLkA|4824|31|0
2026-08-26|NY_uRxQjjVU|7852|82|0
2026-08-26|8sL3cyLhaV0|11458|38|7
2026-08-26|MyFitFFVtu4|8193|46|45
2026-08-26|tXN0jnl0fI4|15560|116|0
2026-08-26|Z5Z0zb9NNwE|201019|2631|536
2026-08-26|iiuRyNg3giw|1300324|76805|2674
2026-08-26|54s6l2LPnw4|74298|566|10
2026-08-26|_TFaOOOXJBg|184959|1107|96
2026-08-26|5c11UPCYQo8|233258|1049|406
2026-08-26|FjN3oH-xLy0|598|7|0
2026-08-26|Tv9vx2dB8cc|6050|35|15
2026-08-26|VPWUW1J9JzM|185|6|0
2026-08-26|nlMo8Jw2uIE|315644|1692|164
2026-08-26|LIqvXIe3Jt8|3029|52|4
2026-08-26|KtwU2zhcg0s|22201|107|3
2026-08-26|SQIaMldNpEc|16021|80|0
2026-08-26|1ZODOWLlIz4|29535|284|3
2026-08-26|LslvcEameWA|33309|230|1
2026-08-26|EvUsg-nkMiY|7094|149|7
2026-08-26|qlAKf1Aa6G0|93304|456|38
2026-08-26|477q-5B666c|6559|57|0
2026-08-26|lvkKXHOPdAA|12862|100|9
2026-08-26|2wR2fR8rHAA|95408|574|25
2026-08-26|N9u9fHxic-o|13439|240|18
2026-08-26|PJSv6YZvt5c|115792|696|106
2026-08-26|J7P6ftq1Zkg|26743|506|1
2026-08-26|MtyoS0m5IXY|26757|194|19
2026-08-26|AE_1uG9gd1Q|16458|599|46
2026-08-26|Og73Mvwmguk|178|3|0
2026-08-26|o5m_nAT2wtE|27638|279|2
2026-08-26|LLJWROYJ8Y0|25536|169|9
2026-08-26|xQfq-ekbZMw|11890|144|1
2026-08-26|ass_h33LxqM|11032|89|2
2026-08-26|2EUUstlF6bE|10089|75|0
2026-08-26|ygt_T-5HBHc|9709|62|3
2026-08-26|CWrkIjLNthU|18633|107|8
2026-08-26|VyMZFuis9Y8|5782|45|0
2026-08-26|UvjN4DQls-g|30135|231|25
2026-08-26|MT-4Bk1Lw8g|25382154|690940|68935
2026-08-26|vOYG8PmOFMQ|20035|145|55
2026-08-26|THFtVpaO0rw|18768|149|10
2026-08-26|OUJcpBKGo78|10195|107|4
2026-08-26|7Q0jWt0ewy4|11299|102|3
2026-08-26|8HN8Orb8Wrw|20910|80|0
2026-08-26|de-BuXyzBJA|19625|150|5
2026-08-26|KXFTZ0jL1L4|42637|247|29
2026-08-26|dG5qRti14Tk|28988|178|34
2026-08-26|15huf-3wxGk|10707|106|6
2026-08-26|9GSm5BA4MXE|16863|143|13
2026-08-26|nSO4nXPG6ng|19136|101|8
2026-08-26|aUjZ6x5uk6A|12329|108|8
2026-08-27|ZanbNkqnh7g|152509|2709|116
2026-08-27|d9pmughgtwg|8955|310|10
2026-08-27|ZBkLnku0T_k|39381|311|7
2026-08-27|0d17iI4J7iE|1545|9|0
2026-08-27|ntEniRG7uLU|3678|19|0
2026-08-27|IYFTd1rRqlM|1821|15|0
2026-08-27|cykXvjWR82U|4405|21|0
2026-08-27|b095Ic6uIPQ|94636|2330|214
2026-08-27|2JNXHdzldts|9420|512|23
2026-08-27|D3HviXFvvM0|10347|224|28
2026-08-27|N1o2WG9z7ds|4844|35|0
2026-08-27|zOl-NqmYLOk|5650|159|4
2026-08-27|W1kDOqqWNiw|122484|1797|447
2026-08-27|7DY5ep1RxUI|122580|952|112
2026-08-27|90oozTNkUK8|97477|492|13
2026-08-27|nzrWQe9cS_c|160977|647|129
2026-08-27|aMOrloU5Bho|14708|340|144
2026-08-27|3QV0aZqIfqU|127840|1204|551
2026-08-27|VRxNgN9cWWo|10511|107|1
2026-08-27|LHYl5V46vUc|852|5|0
2026-08-27|79Rufrdal7w|178647|1281|458
2026-08-27|f3PAmGaHC6I|200|7|0
2026-08-27|N1CA6eTb0Xk|82593|191|6
2026-08-27|pmnYpzpYj_U|151|8|0
2026-08-27|IP47MSgj76o|216|41|3
2026-08-27|ApzwxxjkAlA|2208|18|0
2026-08-27|QZyBb53FIaY|5906|43|12
2026-08-27|SwFPSv_UO8E|2363|10|0
2026-08-27|HEbifvHfxhg|165|8|0
2026-08-27|nDYoeKuSdUc|198|5|0
2026-08-27|H3_U2tQSj_M|692|8|0
2026-08-27|twxPivGgrmA|876|5|0
2026-08-27|J4-jNA0Pd78|2034|13|0
2026-08-27|-lt1QmuefT4|1233|32|0
2026-08-27|9ZmXQ8OAOuc|3968|134|3
2026-08-27|6KEe6b-kHPU|3512|59|1
2026-08-27|b_lokB1OvJA|982|8|0
2026-08-27|297uNUeccIM|618|8|0
2026-08-27|UtWFbboK8CU|68076|852|520
2026-08-27|nsSUJOaSEMo|686754|8751|1135
2026-08-27|W_FDsbyPbyw|57762|1437|124
2026-08-27|BzGNXX5C6to|2|0|0
2026-08-27|Bgxm3xjTIVs|44087|510|0
2026-08-27|wwpyZhKgDf8|229131|1756|225
2026-08-27|yIp-yYXG_d8|440608|3700|760
2026-08-27|FY37BqbYn_g|426306|2419|71
2026-08-27|NNeZPCTS-Bw|17419|200|5
2026-08-27|EWycpzICKAg|49496|481|5
2026-08-27|Ar4GD-JzKw8|1315|22|2
2026-08-27|A1DjNeovgw0|13261|96|80
2026-08-27|OdPM5MgtQ6Y|7404|55|4
2026-08-27|WlJ1UqVYgCo|10757|77|3
2026-08-27|yxhvHbnUxRM|19612|186|13
2026-08-27|KGvfYwKRUNI|4390|37|0
2026-08-27|-qEao7wsSkE|29264|209|0
2026-08-27|XTogCC1RHXU|4794|35|0
2026-08-27|_-OUxUf5Fa4|26811|271|3
2026-08-27|WQn_xJN4AKI|59584|218|4
2026-08-27|CCsKkRwVbKw|45604|616|0
2026-08-27|Tpnr1FTrQVo|466085|3533|768
2026-08-27|CDhtpYWNEuk|728568|5853|1954
2026-08-27|QYosGfKX7Rc|17630|80|2
2026-08-27|euUAMRVyqCw|123|2|0
2026-08-27|UqdIDiSNLTs|4588|260|9
2026-08-27|UMApdFCJeuc|13554|100|0
2026-08-27|y1VasAIKcc4|469125|5323|1030
2026-08-27|ATNJSq-dEDk|598958|6139|792
2026-08-27|Lo6sIX-vWE4|2181394|14200|294
2026-08-27|T4tMRoyD6Tg|3543|32|0
2026-08-27|z1q5o94gKM8|87866|954|5
2026-08-27|Vgrcu91SWp0|26920|394|3
2026-08-27|a-H202UsWsI|266208|1233|29
2026-08-27|wMswI94ZW0Q|27685|194|1
2026-08-27|6VaHvuzGjMs|59946|365|3
2026-08-27|g3X8V9myINA|31597|129|0
2026-08-27|NVtjaivV03k|8935|95|4
2026-08-27|Gc6oVftIpyE|24287|171|1
2026-08-27|7G1oTrFdHKk|4084|84|0
2026-08-27|wpKbpYWl-ZU|92887|863|264
2026-08-27|_N5__mxyHu4|1459|10|2
2026-08-27|anHhFbP5uJQ|338|16|0
2026-08-27|wcNmqE4DCCE|2911|34|2
2026-08-27|d0OnhOlWXfk|1042|20|3
2026-08-27|HX9Nu32THuE|15259|100|3
2026-08-27|1Fo34sGZeR4|8061|55|1
2026-08-27|eFUHTBb-m34|3221|26|4
2026-08-27|bbyXp1WykKg|17430|125|3
2026-08-27|TRpoRiwRtNc|9706|59|9
2026-08-27|Raa-RK_ukIA|1352|24|1
2026-08-27|rkP8lCBxnac|653|10|1
2026-08-27|SOlCEZodf0Y|68|3|0
2026-08-27|e8koYNDWFaU|4374|58|1
2026-08-27|YvJ5N_HEoOI|20369|163|7
2026-08-27|5oKktsmXLos|38315|301|26
2026-08-27|9jw6tjqKtFE|16383|187|21
2026-08-27|fzellixCIac|10847|123|12
2026-08-27|SZG61RHRxJg|4728|127|1
2026-08-27|G0QlQeipHiM|14944|237|6
2026-08-27|ryKn06xHBC0|3915|45|0
2026-08-27|2r5YY33Qwmo|5467|172|3
2026-08-27|V0cqWvM9un4|964|21|2
2026-08-27|orUhoOEFPik|8047|111|14
2026-08-27|y_w94JrFyso|10438|120|8
2026-08-27|rE7QCmIiFtM|2054|20|2
2026-08-27|1Kd-C432Xg0|11559|132|7
2026-08-27|dit6UHp_FG0|16003|124|7
2026-08-27|9MQWGHpDbxk|4990|135|1
2026-08-27|jD_I5gr_HZs|2346|53|1
2026-08-27|R38GAAFeBvw|11255|122|4
2026-08-27|lAUU4gKCfNY|13221|127|6
2026-08-27|A3ZS2IKk6Ys|11857|128|19
2026-08-27|wHMo_lzOrFg|5447|37|1
2026-08-27|2lN4YQknXGU|2644|25|1
2026-08-27|-r4nrI3mCKs|1027|16|1
2026-08-27|lAelGWly5s8|799|0|0
2026-08-27|ReqMUlbJib4|20853|97|2
2026-08-27|MPnFJZVFNHk|0|0|0
2026-08-27|GGHh1d0lC7Q|203|2|0
2026-08-27|ZXIxB54zTTA|411|4|0
2026-08-27|qr_6a9UX43I|5|0|0
2026-08-27|336QzJQ3Fqo|2236|32|2
2026-08-27|i69DEZpQSrc|1243|18|0
2026-08-27|lpxHN-F7X8I|13|0|0
2026-08-27|CRRkbwfpt74|1305|11|2
2026-08-27|QRhw-L6-9m0|1288|6|0
2026-08-27|rufeGLx43dA|981|8|0
2026-08-27|OmKqN4tOy4s|267|4|0
2026-08-27|ys08Qb7wo_8|219|1|1
2026-08-27|kRcgF0tfpKM|19011|154|11
2026-08-27|C0z9huPpYsQ|227|3|0
2026-08-27|sukR6SSlrlM|977|11|1
2026-08-27|UlZni2SiJAo|155|5|0
2026-08-27|TfLWfD3ZJZ0|264|0|0
2026-08-27|6qfEMJK6JNM|232|2|0
2026-08-27|loKVRZJlahs|9917|68|0
2026-08-27|nGHdfHpY3Fk|670|9|0
2026-08-27|wzPEqbOsJ6E|6450|23|0
2026-08-27|4u_Pf7IGTCE|3780|28|1
2026-08-27|KK_r18iXh6U|1889|12|1
2026-08-27|8Ij0-P2xHOE|2628|16|1
2026-08-27|WjZ5kjzlnUg|19462|110|5
2026-08-27|dsbMGiiGoc8|3490207|83364|3664
2026-08-27|y3UyJpuPenY|9854|71|1
2026-08-27|Qvx-Hdtmm4I|3688|28|1
2026-08-27|W0ouYeM6rGA|123|2|0
2026-08-27|wHOJnefRaIM|1423|32|0
2026-08-27|_KwjuZz84bc|6980|44|9
2026-08-27|RF_UISiIbsY|862|6|1
2026-08-27|RdkmPzPR_HY|2003|25|1
2026-08-27|9rIyp-b48kg|47|0|0
2026-08-27|8o3WopvAA2c|13557|120|6
2026-08-27|ibFx1nX1sgA|10078|55|3
2026-08-27|UA9TxPQ2Q-8|21032|82|11
2026-08-27|4u1czUCNEiw|295|0|1
2026-08-27|bcavqk4OFwY|83661|653|73
2026-08-27|ZrYfcVake6c|1382|21|1
2026-08-27|a4BSbGNr4QE|31866|221|26
2026-08-27|5aV784n8BAQ|5063|46|2
2026-08-27|iAJ51zaTCfU|46035|317|2
2026-08-27|IbBvql5hDeU|29180|47|10
2026-08-27|SOtVVcNgGu4|25674|168|1
2026-08-27|w78dHyoM9tY|171227|1215|116
2026-08-27|-ZXO4hiIMN4|8899|65|1
2026-08-27|DiMznxIAPfc|9467|66|0
2026-08-27|mxGpz-F8q3k|18511|264|7
2026-08-27|EOULTaSvN2Y|18456|357|31
2026-08-27|BNxILhpo9VA|15313|123|2
2026-08-27|H5YCQITcwwc|21617|0|23
2026-08-27|E61yoJkN7cU|115994|3398|295
2026-08-27|ZiKppqzG4Uk|1665|30|0
2026-08-27|YrPYWGA0b70|1725|27|0
2026-08-27|mgBh3n1seEI|879|25|0
2026-08-27|aF_EkD-G81s|9481|102|4
2026-08-27|4qdmIthb4CM|2185|36|2
2026-08-27|HEAnqIhxNGU|3052|56|1
2026-08-27|PD7zlPDrnro|2721|31|1
2026-08-27|OtDRW6fhpgg|7758|89|0
2026-08-27|jAZ1uagY_yA|7600|338|6
2026-08-27|f2pYo8RvORs|2031|31|3
2026-08-27|PjKRKOi-Lqg|5398|102|0
2026-08-27|jyzl5ypqkPA|11537|28|0
2026-08-27|nKtwnBro3kw|469656|5811|393
2026-08-27|BmiNrcsIxFc|6265|72|4
2026-08-27|CanOyDFCcLw|18027|131|0
2026-08-27|EZa8QHXxVTE|2472|23|0
2026-08-27|uxDUzhl_O5g|1448|7|0
2026-08-27|U4JZEyxxtdk|1395|10|0
2026-08-27|kLkue2kXJi4|19025|144|13
2026-08-27|5yqnWigsHFU|10490|106|6
2026-08-27|kMzR9R7hqaY|14705|126|12
2026-08-27|i6sdrVT8x4Q|6454|67|2
2026-08-27|OApRaAEc9H4|26266|211|24
2026-08-27|ipOeXnEi83c|19902|165|10
2026-08-27|5A8V_Gb4PL0|15201|133|3
2026-08-27|2vUOET7h56k|11109|112|4
2026-08-27|e9o-Me6Zapc|13883|111|6
2026-08-27|nXP8rSS0RvA|12298|115|9
2026-08-27|Ze7Vsu8gsrA|20354|157|5
2026-08-27|9G8QlPdK3Bo|13458|111|8
2026-08-27|jW0MPbim1EI|13323|140|19
2026-08-27|5yaMBEregTg|18814|174|12
2026-08-27|verIZkZyQaw|17567|183|0
2026-08-27|sFFB2SP-Bwo|456232|3640|40
2026-08-27|adZXauhEd64|364299|4500|684
2026-08-27|dJ95KqNLf0k|28312|203|5
2026-08-27|JR5miQP79NM|26384|169|22
2026-08-27|EeyXi4dSqZ8|4242|100|0
2026-08-27|SBX00HhJbyA|4176|61|0
2026-08-27|Jn6n32b-TgE|25205|413|4
2026-08-27|GqMNJ7KAUnA|13802|293|5
2026-08-27|U_BcyuYZn_o|65354|569|288
2026-08-27|hDlNR3qCMCs|16500|155|5
2026-08-27|1umZRZTqbbY|1798|32|0
2026-08-27|c7fWOs2zG4g|39634|440|6
2026-08-27|dtpyrKDJPRg|725837|3503|1286
2026-08-27|Vxm1q6sHtWw|143150|907|86
2026-08-27|k_PWSLFMSAk|406183|2985|650
2026-08-27|chvt4lXdUOM|2184990|15171|509
2026-08-27|buKJ4VX-WTI|115|3|0
2026-08-27|qLECSQhaUCw|4389|63|1
2026-08-27|hP2Uy14MAAI|4539|50|2
2026-08-27|n16-EyMFzRw|88427|1211|15
2026-08-27|nDxCNgH-HZ4|9544|157|0
2026-08-27|L2uHVg1BDRk|1301|45|1
2026-08-27|r9Dd859C8pk|6717|19|6
2026-08-27|dHToNd4HvBU|8302|424|14
2026-08-27|S9ZE3yh6zcY|1773|10|2
2026-08-27|lzZk5dIUtnY|4689|340|13
2026-08-27|G2Jj9leJ26g|1215|30|3
2026-08-27|poJ7eoLzYUc|189992|189|37
2026-08-27|LygnQpiuI28|1571|35|0
2026-08-27|W1LSOy8ETi4|32538|224|5
2026-08-27|xoHFCZpC3Ng|685|27|2
2026-08-27|ZNQjbvrlJC0|227|11|0
2026-08-27|oglsuBxD0oU|21506|163|19
2026-08-27|APq6oBcYwiw|17914|187|27
2026-08-27|mqzcE6SYjk0|3029|69|11
2026-08-27|_6wq5LZRg6Y|61213|1062|171
2026-08-27|MZ3lhvKG27E|103879|1624|79
2026-08-27|yHuZOj6U5iQ|32977|358|13
2026-08-27|G3k5XlxKMCk|2299|28|0
2026-08-27|kA991feUGc0|420|11|2
2026-08-27|MuK36SaFPHc|29793|331|6
2026-08-27|Y8cUxbawaAo|106939|623|42
2026-08-27|csc9uNMOahQ|20858|98|0
2026-08-27|w6s4yUXTj_g|6472|67|7
2026-08-27|zCE9HHLc4sE|6288|41|2
2026-08-27|DMYrWRtBpa0|95210|885|6
2026-08-27|wfVklefwFGQ|14081|109|19
2026-08-27|bRsAAmxjHz8|14524|121|13
2026-08-27|j4qmkcHmN7c|256012|700|41
2026-08-27|1Ls5JPlSvR0|19958|140|5
2026-08-27|hkwEUvg9Et4|12197|139|23
2026-08-27|0CtMPeBX9fI|34940|180|28
2026-08-27|mjc6esJk93w|26513|188|15
2026-08-27|Exl28-or0K8|11370|80|4
2026-08-27|bJtENSqzq5A|9080|52|2
2026-08-27|3OVdWROvK0I|20450|179|14
2026-08-27|g6etZmM3fDY|14130|55|1
2026-08-27|MUTgBhHvYX0|36221|310|6
2026-08-27|LCRQOOYjd2o|11184|68|0
2026-08-27|gx7EvuvAKaw|758429|7749|69
2026-08-27|7O7eFuBVdgk|12885|106|5
2026-08-27|BufzSS-cVXk|284219|1025|119
2026-08-27|xqA_SCLcL0A|188937|1918|253
2026-08-27|zokPfS7lwDw|999|2|1
2026-08-27|tp7PEnNODXc|2|0|0
2026-08-27|T25FOaJpUCE|22913|197|0
2026-08-27|M4tsBFzcIfM|105846|1439|39
2026-08-27|g-J66qZ-YWI|14016|109|6
2026-08-27|DX3EBAjv8A8|2052|116|6
2026-08-27|blhk5BN_j7k|4976|9|0
2026-08-27|cNngfCSQDp8|26694|3724|531
2026-08-27|OH4gEm4auZA|22236|212|1
2026-08-27|yudRZi0yUaE|4193|30|1
2026-08-27|Ta7GXx5k5K0|1103|9|1
2026-08-27|F1JJEgRgj7A|4883|47|3
2026-08-27|VKFvoU9hxr4|2345|17|1
2026-08-27|nfIPScT3ht4|34195|341|15
2026-08-27|0tQ8oxTWp38|66414|481|9
2026-08-27|bPjrHu60278|942859|102504|3301
2026-08-27|hUZ9-uhWGBM|1816|17|0
2026-08-27|Ly9KUic5A0M|120610|781|123
2026-08-27|aeVOJcNdvTU|3109|16|3
2026-08-27|hK55k5hCshY|127755|952|59
2026-08-27|bolKTh81QYo|13521|90|4
2026-08-27|ArcsijXBKjM|4713|61|0
2026-08-27|_cNRfa2W9Jw|839|29|1
2026-08-27|dSErMM4LCz4|10082|130|9
2026-08-27|FXVmvLVAdFQ|1506|10|1
2026-08-27|-XDALsb9OPo|8730|94|5
2026-08-27|TcrQM_45WMY|16814|148|4
2026-08-27|KJlJGPnnpSo|17589|157|20
2026-08-27|bzbtG15ZjoA|12567|100|9
2026-08-27|oL5eSx-KIAU|37899|199|5
2026-08-27|VDY3oIxHhGY|156639|990|61
2026-08-27|VlJ-1rnqvlE|1790|23|0
2026-08-27|J8gJj63a5TY|30358|216|18
2026-08-27|y33DpVGTgc0|88605|1237|8
2026-08-27|fHsKCDNw2ME|7007|66|0
2026-08-27|oIQiq57rngM|50777|575|13
2026-08-27|B31A4ns_pBI|7511|69|12
2026-08-27|y8REqv0IweY|10139|89|5
2026-08-27|WMoHvN0L_2g|10795|57|1
2026-08-27|ueNS67_yhoA|2821|22|1
2026-08-27|ApClSft4UPc|2379|16|1
2026-08-27|-lTyeLWMayQ|1956|7|1
2026-08-27|brWmzDls8Bc|1226|5|1
2026-08-27|80pgJggkfiM|13658|123|14
2026-08-27|hj2Mdl4iTYY|16892|217|5
2026-08-27|wjSFSrzeixo|3513|37|1
2026-08-27|JDh9BPbAcaE|12267|133|12
2026-08-27|MCw36nHnsVY|18175|201|27
2026-08-27|-dAyJ5H6y5c|2711|66|2
2026-08-27|SFS0-q8VGDs|6704|39|2
2026-08-27|-ZJDrzNX3CA|1982|11|0
2026-08-27|iGafoYa8HzI|7031|29|3
2026-08-27|GCxRtFX0U18|438966|5230|806
2026-08-27|6g7nJEb8dnI|7122|370|11
2026-08-27|F78vYJ_5Ops|42586|473|12
2026-08-27|ehskM5YlRec|114682|639|14
2026-08-27|iSHcrfMRQuY|18581|254|35
2026-08-27|IY7T-2a0vwk|6388|90|0
2026-08-27|46h0LvDHgIs|5506182|187628|14782
2026-08-27|o4OiIysIjQU|2050|25|0
2026-08-27|YCSHsVZ37qY|565600|12031|1906
2026-08-27|7MDKM0Kozac|40672|293|7
2026-08-27|tczdaG4uxOg|6807|0|0
2026-08-27|zmohbXczEWA|18199|56|0
2026-08-27|X4Z3qAhqQ6w|10772|111|2
2026-08-27|QWgJT4hXXsE|14|0|0
2026-08-27|3SjS11VHbjg|5081916|26372|603
2026-08-27|nAmXMMVVDGk|203|6|0
2026-08-27|V5170s8gNXA|26599|497|2
2026-08-27|WTvCGhf0zGg|10559|241|17
2026-08-27|aTyaR-iVPOo|4289|85|3
2026-08-27|vsoO2on9Go8|7569|53|2
2026-08-27|Soc4gssGMxk|10483|289|13
2026-08-27|D3OJskN9vj4|37662|161|91
2026-08-27|IPsGXkNLlJ8|37087|193|1
2026-08-27|YMqaUOj9NQE|647474|1856|179
2026-08-27|Y14GXo4hW2s|1611|28|3
2026-08-27|hB0MHBnftOk|143|0|0
2026-08-27|vUY5AhuAL4E|57104|400|228
2026-08-27|TXZiSDhM2F8|92|0|0
2026-08-27|d9R0yCN1WhA|3153|12|3
2026-08-27|SISZnpRWbJQ|45939|314|2
2026-08-27|dZkjL25R_ZM|2126|12|0
2026-08-27|NonNx85whEk|1109228|6184|21
2026-08-27|upkGJfRqXpM|44862|700|11
2026-08-27|uS9BVHwcB6k|292959|2749|42
2026-08-27|KbN4UxC0mgo|16038|128|7
2026-08-27|EmU2cBm3UuA|36183|528|47
2026-08-27|DCKPhQblODQ|4043|8|6
2026-08-27|6LaKZXZfhBs|6951|22|0
2026-08-27|yqrAUccTQew|941|4|0
2026-08-27|Or8JqZbU43Y|612120|6236|45
2026-08-27|7k16_QeZWU8|1019152|4532|88
2026-08-27|-6QxQ6Gb9TM|148675|696|18
2026-08-27|ZS9PAYh2--g|1678|11|0
2026-08-27|95z--nUVOVQ|14226|47|174
2026-08-27|c4Xotyl9oAQ|41076|164|129
2026-08-27|uzi9dTTzJQQ|28505|111|0
2026-08-27|vHcXp6fdb3o|19941|123|1
2026-08-27|ZjdNt_prP84|19254|62|0
2026-08-27|h_g1Et2ZM-Q|4451|42|0
2026-08-27|0xpFsEyorZQ|12351|81|16
2026-08-27|KXHTOlfKALY|14456|181|11
2026-08-27|ZZ223zLnd4Y|7488|60|72
2026-08-27|OabeZbZeXVk|10669|284|20
2026-08-27|L_ftsGWs-QU|32588|244|7
2026-08-27|Nne07W2Tqek|5550|41|2
2026-08-27|ttlxzduggr0|35513|206|1
2026-08-27|3FoIxsoBx78|5014|80|2
2026-08-27|BnoCpFFU4aM|2026|22|1
2026-08-27|ZH8S-mOe9wQ|32906|223|11
2026-08-27|bmawfgv_XoY|1441|11|1
2026-08-27|FhBE8BSTKlU|2688|29|1
2026-08-27|NPJ7XO-e9-4|4494|33|2
2026-08-27|_ogno8cLYWA|12660|72|3
2026-08-27|IXjbfnpQM2s|3384|39|1
2026-08-27|TMIPborWA8U|12809|70|0
2026-08-27|i2S8_CFqsWY|27450|78|15
2026-08-27|lXAl87hnIpk|48403|683|57
2026-08-27|uHnuoYuoQ7c|653|7|3
2026-08-27|FgR1b2eAkCE|31405|247|52
2026-08-27|IIS2lmbhvGc|9307|0|9
2026-08-27|y9MSPrOctzc|113971|1066|57
2026-08-27|ELbumLdP6_E|29714|423|4
2026-08-27|-crpzQGg35I|11847|57|3
2026-08-27|_0UM7zihXoA|40804|225|2
2026-08-27|sdgdDlOsYBs|6977|137|12
2026-08-27|hpesu1-9omA|5599|20|0
2026-08-27|uU8G94Szpgk|183046|1100|117
2026-08-27|MzLxHIr51aA|474595|3922|500
2026-08-27|8YOqB7xqaDg|264392|1436|231
2026-08-27|9Mmnhgu8pbM|172047|934|34
2026-08-27|Vz3Gef6GkVo|370235|2290|286
2026-08-27|kDMTyv-ereg|224964|1539|203
2026-08-27|wWTunlXEDLE|231969|3214|453
2026-08-27|jDnvz3hYjkg|98660|685|39
2026-08-27|_4CDw8JDuJY|96935|391|40
2026-08-27|Mh3ddCQslXw|3927|116|15
2026-08-27|NSi5X7mC2eA|20506|157|1
2026-08-27|cUP7U2SJblU|98790|423|47
2026-08-27|gwcWJhaVmUw|54362|272|13
2026-08-27|il_gwJcXBg8|60333|300|15
2026-08-27|xq-aI0iClco|17304|128|8
2026-08-27|xzrkeCKjq-k|76075|397|23
2026-08-27|TgqCLAXPCf4|300971|1361|75
2026-08-27|DbK6jlznpm4|224352|1183|70
2026-08-27|xzHEZcRyLYQ|92793|608|39
2026-08-27|kuuIjDDuNB8|69085|380|12
2026-08-27|waM3WB5uyyQ|10362|51|81
2026-08-27|EI5it8hbsko|6508|116|0
2026-08-27|uzII3xg-O7w|40479|194|80
2026-08-27|G8SCtRSzNxU|374|9|1
2026-08-27|tINkMnY6my8|45926|392|14
2026-08-27|BkLKSpnBmlk|7650|164|6
2026-08-27|yMzm0UyB8mw|16830|125|16
2026-08-27|AzphF-15xjI|28732|168|16
2026-08-27|BRVZucaapCY|157374|372|3
2026-08-27|cTiNiQgALt8|2914|4|0
2026-08-27|DkCEq4VEOA0|4387|95|3
2026-08-27|UCdYbX7hWRE|11765|128|13
2026-08-27|nEp4rgyRP_Y|139947|999|324
2026-08-27|TzOFA6g1Pk8|101212|1365|160
2026-08-27|FP3JF4TV-8E|22119|407|12
2026-08-27|yOh0UewG0oU|441529|8454|1422
2026-08-27|kcwiUZNeCKU|6072|14|0
2026-08-27|Cp_2_DrYse0|1010317|5147|172
2026-08-27|OtwNFVhSBD4|48908|253|5
2026-08-27|klPVY3TCjGg|5195|89|3
2026-08-27|Y4sIBkVqJ74|7597|68|4
2026-08-27|s96Djm49zCE|20667|104|2
2026-08-27|SFB8URiMOy8|26721|202|4
2026-08-27|SU2W61BwAZ4|34568|296|4
2026-08-27|16eY33oC1cY|150237|144|2
2026-08-27|oPG_53tVjFI|361|17|0
2026-08-27|e4j8dgolX9c|224215|539|8
2026-08-27|zd4zIzBGUPw|332431|1885|67
2026-08-27|1oZRM6n6MKk|31054|311|7
2026-08-27|cU3kV6yPb24|101794|738|20
2026-08-27|mLWPU_xcDmE|40640|398|36
2026-08-27|4s8Q6nQP6KY|2807|57|0
2026-08-27|j7VubmSe_XA|2126|31|0
2026-08-27|DGdIjRCeKeI|12508|130|1
2026-08-27|u_pTqql3QRs|3806|61|2
2026-08-27|XjHjR-F-Ibo|9661|253|17
2026-08-27|XWrskHeaUs4|152348|2798|42
2026-08-27|Qv8Qzdqbwxw|246634|1114|449
2026-08-27|IzETImTCfOY|61366|837|174
2026-08-27|PXKQJCCG8LY|197|0|2
2026-08-27|nLKN4WeQFS0|788132|8733|246
2026-08-27|u6yzxVXhViE|4578|53|1
2026-08-27|6M8b1_K1LVY|344475|1466|130
2026-08-27|W_8kS-NDRA8|47962|242|13
2026-08-27|VnBCIqGDNMM|694506|7197|182
2026-08-27|VX8P7rPEDJU|108714|488|15
2026-08-27|c_01jsplWOE|168795|1466|16
2026-08-27|NIR959uqbS0|37922|200|11
2026-08-27|2w7U6Mzc9dI|590895|3690|120
2026-08-27|Jh2GGrq6_uM|28520|91|2
2026-08-27|aI8x5bmiFtQ|10922|43|0
2026-08-27|-SALA73KfKo|46916|235|7
2026-08-27|YdDkn_ALN1U|77|0|0
2026-08-27|aX3YGVhP5zQ|67009|444|50
2026-08-27|dWnEiy6ymC4|23654|148|6
2026-08-27|MsxcfxeRGAQ|520097|4194|1717
2026-08-27|w4Bc3DEZlxs|1250|4|0
2026-08-27|TzYWpUCZ1mE|202624|1538|121
2026-08-27|T-vG-ZNP5YQ|36596|287|22
2026-08-27|f4yLbX2fOgE|59143|272|27
2026-08-27|VCajAGUQSJo|540|11|6
2026-08-27|-gkDGDEfznU|570395|121488|6983
2026-08-27|JTeNsr2aXiw|97440|1825|129
2026-08-27|vYEKogmvRSI|986807|11310|291
2026-08-27|FPRUIYgvWgQ|98241|441|25
2026-08-27|QVPkNscPFas|50594|545|37
2026-08-27|L08-1N-6My0|58479|351|29
2026-08-27|DWOhfLF31VQ|20672|179|8
2026-08-27|pgOdcvAjN4A|49365|303|13
2026-08-27|VPdX-jX3hnw|13364|102|3
2026-08-27|DjVj0pGXRv4|44963|157|1
2026-08-27|qW1GOc7hCsc|37252|206|0
2026-08-27|W_x0lptFzSQ|275902|8277|91
2026-08-27|YyWX05ITIT4|65245|437|3
2026-08-27|B0JlQ_DNnE0|252|5|0
2026-08-27|kjJs_M-l0l4|6752436|56868|1214
2026-08-27|c0M7gVNOe2A|19543|130|8
2026-08-27|P0IovmQupCo|17796|111|2
2026-08-27|kMuY6JClH2w|15788|105|1
2026-08-27|ryeYVQ1wHNE|22891|136|1
2026-08-27|7-Sn-tqSpZM|123587|537|21
2026-08-27|Ujool6EPxBM|6176|65|4
2026-08-27|6sJLGtUBv0A|10170|62|8
2026-08-27|va0qJtic4Fc|3882|23|1
2026-08-27|M0CaywSxQb0|19385|244|7
2026-08-27|03mt7WckUQU|127810|1324|138
2026-08-28|ZA0Ixa24eNI|18905|137|7
2026-08-28|FWVcokYZvZo|85|0|0
2026-08-28|0f-moY5gbTg|200887|2730|191
2026-08-28|puv3t89HOTE|4380|156|8
2026-08-28|PzXhokWul3k|5691|90|2
2026-08-28|UM3iwsk7Z4I|1878|23|5
2026-08-28|SAH48CpIRHA|8304|266|6
2026-08-28|bXzPH5D3Xh0|10145|227|2
2026-08-28|cN9SDRbA3uo|24183|195|3
2026-08-28|XOJ-OF0wYzg|11184|103|1
2026-08-28|YPP-I068PJI|5436|50|0
2026-08-28|S9ARcq9pN_o|7583|62|2
2026-08-28|0u7jCZ3n9SM|24391|108|1
2026-08-28|bFTlFPkhv_k|4263|19|5
2026-08-28|jw4o57Z3GcU|2216|17|0
2026-08-28|yyyur-_2rKs|31330|507|2
2026-08-28|bw92kf4EoBA|397996|3376|52
2026-08-28|ZkAdT7TvAEc|18872|50|8
2026-08-28|TRu-oWIjKQA|595|11|1
2026-08-28|DTQ581dJcoU|6431|22|0
2026-08-28|qH812wHsx5E|7529|77|37
2026-08-28|ITZTxbeLnsQ|5280|17|3
2026-08-28|iburAtUiLdk|28202|179|13
2026-08-28|HkgBj88Ufws|24295|203|4
2026-08-28|nN76UHU6gXE|35160|318|0
2026-08-28|thdcI40Eg1c|163528|608|58
2026-08-28|fLr40CqvMVo|1346|8|0
2026-08-28|DjTOcj0WugM|1634|32|2
2026-08-28|J3GKqAb6x5k|211362|864|23
2026-08-28|K_Gr2RYlZww|114|6|2
2026-08-28|2e2-LJi3rGU|3720|12|0
2026-08-28|l7mG1yNRoRM|20548|157|0
2026-08-28|d2LUkxSgzYY|1578|8|0
2026-08-28|BPqXhmMbNXs|1957|9|0
2026-08-28|LHYq73P59FY|19731|119|255
2026-08-28|PqfQsJNlJv4|696|6|0
2026-08-28|gNl6BQZDNIg|88584|1978|177
2026-08-28|n1fCSfAJ1wQ|31338|269|22
2026-08-28|fIeE4iecOrI|12057|156|5
2026-08-28|1JDnTRWoAAw|17764|148|10
2026-08-28|Joi_wAzO1wA|1477|5|0
2026-08-28|bQqpIPXV2Xg|29349|193|0
2026-08-28|m5qoLOkX6M8|341611|2195|132
2026-08-28|0wMfCenQIow|89824|941|65
2026-08-28|qWPjzvRXVbI|2108|6|1
2026-08-28|eRkET84jeIA|293200|3006|189
2026-08-28|xo8X0AC3GfU|320889|3131|436
2026-08-28|V_XbN__HCG0|4388|35|2
2026-08-28|7cTRlAzkAUc|10097|147|0
2026-08-28|ut_QlwePpU8|876192|4006|65
2026-08-28|ukqoLW_sZFc|33897|263|4
2026-08-28|aZnXt9keYfQ|104372|814|2
2026-08-28|hC1YgX8pGzs|56318|303|4
2026-08-28|dCw3VSVWicQ|23743|371|13
2026-08-28|-BBIxQd1TGg|2628|15|0
2026-08-28|wtmNOv_99Yo|17641|68|0
2026-08-28|5fJSQxAupmk|141861|1213|6
2026-08-28|XkBZf4ogtXU|12210|78|22
2026-08-28|EBobuLV-TwI|77884|216|25
2026-08-28|G2Cf4tiZzgs|7573|71|2
2026-08-28|4am4BvTNJMs|140269|604|225
2026-08-28|flFMslm2g7A|2892|34|2
2026-08-28|b7BCKuSxJ-c|12818|166|27
2026-08-28|3fOdERE0MlY|4556|184|11
2026-08-28|agOxd0ZdxSw|14457|444|3
2026-08-28|380rPomgH6E|1258|23|0
2026-08-28|n_Q1vAlM9a4|136|0|0
2026-08-28|n-QR5ishboM|1004471|68916|3145
2026-08-28|A5XMblOTaBA|2233|28|0
2026-08-28|MoF8jDpyNBU|132503|1957|392
2026-08-28|NsLTnaF94pM|199472|1091|312
2026-08-28|L-dswC-fTFg|395711|2814|261
2026-08-28|hXYjK4in0MM|533323|6380|820
2026-08-28|bJblvvVkKbc|1915|11|1
2026-08-28|vxhfteZmW8s|20884|150|0
2026-08-28|8UAPstK6aSo|72416|266|5
2026-08-28|5OBUDCyarqE|18026|135|9
2026-08-28|ehKBfx6__Rs|26975|180|5
2026-08-28|wRzlB0M2cHU|5154|64|0
2026-08-28|ZFJp7DuUFd4|183|1|0
2026-08-28|olL-snEQ9Wo|24|0|0
2026-08-28|R1AnvPynOUo|1487|23|0
2026-08-28|V_wo5qh0jHE|2860|54|0
2026-08-28|yfDdbFGI5ms|1501|27|0
2026-08-28|s9m1eU1G4dk|1041|11|0
2026-08-28|JrTJ8XdA2tA|1079|4|0
2026-08-28|5-WnZyJbhWQ|62|1|0
2026-08-28|Csl2NYECYn8|766|2|0
2026-08-28|MbHfvRSCVj0|68632|281|14
2026-08-28|S4slQ6je90k|5161|62|0
2026-08-28|7n-8Ul_L8K0|31144|155|35
2026-08-28|GdvtSNxwOxQ|13626|85|4
2026-08-28|QIpWyhpesic|27366|151|24
2026-08-28|vepsWkz8GC0|26137|141|4
2026-08-28|ECl7n_y3_6k|13573|99|3
2026-08-28|PP-hjILJBtc|4578|79|0
2026-08-28|PcOrMhvbCA0|15051|111|4
2026-08-28|zD_Vu-Fpwoc|8904|105|0
2026-08-28|nQWv70PTHFM|55650|561|112
2026-08-28|d_CCBYKCxdU|55149|215|18
2026-08-28|J6MBW9vIfZo|19863|111|5
2026-08-28|xMZuqezyQzE|5211|96|4
2026-08-28|A78x1vhnuu0|93025|284|17
2026-08-28|yEQ0oqc4_yg|684|16|1
2026-08-28|P9ftgCpzZIg|20135|120|2
2026-08-28|CcwLFAHo5f0|7801|28|1
2026-08-28|ejN7TRD-Za8|4025|19|0
2026-08-28|9jPBiRO2hgc|8815|95|11
2026-08-28|MQodRUkDBo4|13075|141|0
2026-08-28|WqzHi2PSDZs|87823|408|18
2026-08-28|Bp8shtjY3MI|9186|23|3
2026-08-28|X7ljyx4HXrA|11789|104|2
2026-08-28|DzLiRp21A_c|3520|22|0
2026-08-28|3oLHqq-F1FU|32202|271|10
2026-08-28|sou1L6_aQ9s|2252|10|0
2026-08-28|BN7FilO4crA|2169|4|0
2026-08-28|xlxeX6Xe6q4|56903|347|5
2026-08-28|_-OUxUf5Fa4|27883|279|3
2026-08-28|bbyXp1WykKg|17684|126|3
2026-08-28|TRpoRiwRtNc|10455|61|11
2026-08-28|ZanbNkqnh7g|153761|2718|116
2026-08-28|KGvfYwKRUNI|22024|317|3
2026-08-28|XTogCC1RHXU|16857|108|0
2026-08-28|1Fo34sGZeR4|8192|57|1
2026-08-28|jD_I5gr_HZs|84745|1286|22
2026-08-28|9MQWGHpDbxk|133709|1479|10
2026-08-28|EWycpzICKAg|58021|534|5
2026-08-28|wwpyZhKgDf8|936145|3324|368
2026-08-28|FY37BqbYn_g|465670|2524|72
2026-08-28|A1DjNeovgw0|51147|190|210
2026-08-28|Ar4GD-JzKw8|2303|29|2
2026-08-28|NNeZPCTS-Bw|19091|215|5
2026-08-28|ZXIxB54zTTA|6224|9|0
2026-08-28|yxhvHbnUxRM|74674|418|35
2026-08-28|C0z9huPpYsQ|2077|11|0
2026-08-28|loKVRZJlahs|12729|88|1
2026-08-28|sukR6SSlrlM|2427|14|2
2026-08-28|CRRkbwfpt74|2855|16|2
2026-08-28|-r4nrI3mCKs|4915|18|1
2026-08-28|wcNmqE4DCCE|3521|35|2
2026-08-28|wHMo_lzOrFg|5595|37|1
2026-08-28|rufeGLx43dA|9047|63|0
2026-08-28|QRhw-L6-9m0|4641|22|3
2026-08-28|ys08Qb7wo_8|3039|16|3
2026-08-28|WQn_xJN4AKI|72446|237|3
2026-08-28|-qEao7wsSkE|29797|221|0
2026-08-28|d0OnhOlWXfk|1903|20|3
2026-08-28|HX9Nu32THuE|15570|101|3
2026-08-28|rE7QCmIiFtM|8987|46|4
2026-08-28|anHhFbP5uJQ|5327|25|0
2026-08-28|i69DEZpQSrc|8607|78|1
2026-08-28|ReqMUlbJib4|63517|142|2
2026-08-28|OmKqN4tOy4s|3536|28|0
2026-08-28|UlZni2SiJAo|4811|14|0
2026-08-28|wzPEqbOsJ6E|6962|29|0
2026-08-28|TfLWfD3ZJZ0|11132|63|0
2026-08-28|GGHh1d0lC7Q|777|3|0
2026-08-28|kRcgF0tfpKM|32510|184|13
2026-08-28|A3ZS2IKk6Ys|16127|146|22
2026-08-28|lAUU4gKCfNY|19862|154|7
2026-08-28|R38GAAFeBvw|15183|140|4
2026-08-28|dit6UHp_FG0|24687|144|7
2026-08-28|1Kd-C432Xg0|17066|148|7
2026-08-28|y_w94JrFyso|13301|135|8
2026-08-28|orUhoOEFPik|10679|126|15
2026-08-28|fzellixCIac|17647|147|14
2026-08-28|9jw6tjqKtFE|26177|212|24
2026-08-28|5oKktsmXLos|72514|352|36
2026-08-28|nGHdfHpY3Fk|1442|9|0
2026-08-28|YvJ5N_HEoOI|51315|200|8
2026-08-28|e8koYNDWFaU|5244|61|2
2026-08-28|SOlCEZodf0Y|4414|30|0
2026-08-28|6qfEMJK6JNM|2070|4|0
2026-08-28|WlJ1UqVYgCo|19555|100|5
2026-08-28|UMApdFCJeuc|13733|100|0
2026-08-28|a-H202UsWsI|298864|1374|30
2026-08-28|OdPM5MgtQ6Y|11944|78|4
2026-08-28|Gc6oVftIpyE|76627|372|5
2026-08-28|nzrWQe9cS_c|238378|708|124
2026-08-28|90oozTNkUK8|105446|503|18
2026-08-28|7DY5ep1RxUI|178310|1121|117
2026-08-28|b095Ic6uIPQ|227158|3629|320
2026-08-28|7G1oTrFdHKk|24821|201|1
2026-08-28|Vgrcu91SWp0|38700|515|3
2026-08-28|Tpnr1FTrQVo|489879|3582|771
2026-08-28|CCsKkRwVbKw|177372|1365|0
2026-08-28|297uNUeccIM|963|9|0
2026-08-28|Bgxm3xjTIVs|57205|637|0
2026-08-28|336QzJQ3Fqo|10991|48|2
2026-08-28|yIp-yYXG_d8|463328|3853|774
2026-08-28|0d17iI4J7iE|2650|12|0
2026-08-28|ZBkLnku0T_k|235802|1443|52
2026-08-28|VRxNgN9cWWo|44974|320|6
2026-08-28|N1o2WG9z7ds|11802|70|0
2026-08-28|LHYl5V46vUc|1567|6|0
2026-08-28|UtWFbboK8CU|78993|895|536
2026-08-28|NVtjaivV03k|23477|247|9
2026-08-28|79Rufrdal7w|211241|1382|466
2026-08-28|Raa-RK_ukIA|2143|32|1
2026-08-28|QYosGfKX7Rc|23794|126|2
2026-08-28|Lo6sIX-vWE4|2215570|14447|298
2026-08-28|ATNJSq-dEDk|610471|6212|798
2026-08-28|z1q5o94gKM8|464730|7298|72
2026-08-28|lAelGWly5s8|1126|0|0
2026-08-28|lpxHN-F7X8I|104|0|0
2026-08-28|qr_6a9UX43I|170|0|0
2026-08-28|MPnFJZVFNHk|204|0|0
2026-08-28|wMswI94ZW0Q|42685|269|7
2026-08-28|6VaHvuzGjMs|62646|383|3
2026-08-28|g3X8V9myINA|32452|130|0
2026-08-28|V0cqWvM9un4|1439|24|2
2026-08-28|2r5YY33Qwmo|6260|191|3
2026-08-28|ryKn06xHBC0|6669|94|0
2026-08-28|G0QlQeipHiM|30174|468|9
2026-08-28|SZG61RHRxJg|6799|164|1
2026-08-28|rkP8lCBxnac|1976|18|1
2026-08-28|T4tMRoyD6Tg|12315|98|0
2026-08-28|H3_U2tQSj_M|1476|9|0
2026-08-28|W_FDsbyPbyw|119105|2449|235
2026-08-28|eFUHTBb-m34|3438|27|4
2026-08-28|3QV0aZqIfqU|178655|1371|643
2026-08-28|wpKbpYWl-ZU|109079|890|280
2026-08-28|nsSUJOaSEMo|1210775|9458|1210
2026-08-28|aMOrloU5Bho|328686|854|410
2026-08-28|W1kDOqqWNiw|661382|3270|706
2026-08-28|CDhtpYWNEuk|1124986|6570|2217
2026-08-28|_N5__mxyHu4|1616|12|2
2026-08-28|9ZmXQ8OAOuc|8498|230|3
2026-08-28|euUAMRVyqCw|280|2|0
2026-08-28|UqdIDiSNLTs|4780|262|9
2026-08-28|-lt1QmuefT4|1660|38|0
2026-08-28|J4-jNA0Pd78|2549|14|0
2026-08-28|ApzwxxjkAlA|2440|20|0
2026-08-28|y1VasAIKcc4|481731|5426|1035
2026-08-28|BzGNXX5C6to|99|0|0
2026-08-28|b_lokB1OvJA|1736|9|0
2026-08-28|6KEe6b-kHPU|5942|78|1
2026-08-28|zOl-NqmYLOk|10387|250|5
2026-08-28|twxPivGgrmA|7180|61|7
2026-08-28|N1CA6eTb0Xk|199689|246|9
2026-08-28|pmnYpzpYj_U|358|8|0
2026-08-28|QZyBb53FIaY|8647|65|16
2026-08-28|SwFPSv_UO8E|2807|13|0
2026-08-28|HEbifvHfxhg|373|8|0
2026-08-28|D3HviXFvvM0|23128|277|48
2026-08-28|nDYoeKuSdUc|502|7|1
2026-08-28|f3PAmGaHC6I|418|8|0
2026-08-28|ntEniRG7uLU|9220|40|0
2026-08-28|IYFTd1rRqlM|3014|21|0
2026-08-28|cykXvjWR82U|7099|34|0
2026-08-28|2JNXHdzldts|11204|581|24
2026-08-28|d9pmughgtwg|13626|428|14
2026-08-28|2lN4YQknXGU|2718|25|1
2026-08-28|dsbMGiiGoc8|3657336|84852|3707
2026-08-28|W0ouYeM6rGA|179|2|0
2026-08-28|hDlNR3qCMCs|18284|171|6
2026-08-28|WjZ5kjzlnUg|26233|122|7
2026-08-28|sFFB2SP-Bwo|493333|4017|43
2026-08-28|verIZkZyQaw|20142|209|0
2026-08-28|kA991feUGc0|477|11|2
2026-08-28|_KwjuZz84bc|7337|45|9
2026-08-28|kLkue2kXJi4|20156|150|14
2026-08-28|adZXauhEd64|386632|4595|689
2026-08-28|dJ95KqNLf0k|33000|245|5
2026-08-28|jW0MPbim1EI|14554|145|19
2026-08-28|5yaMBEregTg|20959|178|12
2026-08-28|iAJ51zaTCfU|46704|317|2
2026-08-28|jyzl5ypqkPA|12712|32|0
2026-08-28|IbBvql5hDeU|29495|49|11
2026-08-28|SOtVVcNgGu4|26688|172|1
2026-08-28|w78dHyoM9tY|192308|1323|119
2026-08-28|H5YCQITcwwc|22134|0|23
2026-08-28|E61yoJkN7cU|186723|3679|328
2026-08-28|ZiKppqzG4Uk|1710|31|0
2026-08-28|YrPYWGA0b70|1779|28|0
2026-08-28|mgBh3n1seEI|921|26|0
2026-08-28|nDxCNgH-HZ4|11799|215|0
2026-08-28|-ZXO4hiIMN4|11092|69|1
2026-08-28|DiMznxIAPfc|15717|78|1
2026-08-28|mxGpz-F8q3k|22663|312|7
2026-08-28|EOULTaSvN2Y|26003|404|31
2026-08-28|BNxILhpo9VA|27778|159|3
2026-08-28|EeyXi4dSqZ8|4726|114|0
2026-08-28|PjKRKOi-Lqg|6094|116|0
2026-08-28|f2pYo8RvORs|2183|32|3
2026-08-28|jAZ1uagY_yA|8572|375|8
2026-08-28|OtDRW6fhpgg|10664|102|1
2026-08-28|PD7zlPDrnro|2783|33|1
2026-08-28|HEAnqIhxNGU|3214|57|2
2026-08-28|4qdmIthb4CM|2525|38|2
2026-08-28|aF_EkD-G81s|11686|118|5
2026-08-28|9G8QlPdK3Bo|15198|115|8
2026-08-28|Ze7Vsu8gsrA|23182|166|5
2026-08-28|nXP8rSS0RvA|13751|121|9
2026-08-28|5aV784n8BAQ|5292|48|2
2026-08-28|CanOyDFCcLw|18157|131|0
2026-08-28|nKtwnBro3kw|573157|6860|466
2026-08-28|ibFx1nX1sgA|11141|57|3
2026-08-28|8o3WopvAA2c|17028|131|6
2026-08-28|RdkmPzPR_HY|2146|25|1
2026-08-28|RF_UISiIbsY|913|6|1
2026-08-28|ZrYfcVake6c|1465|21|1
2026-08-28|4u_Pf7IGTCE|4059|32|1
2026-08-28|y3UyJpuPenY|10937|77|1
2026-08-28|8Ij0-P2xHOE|2964|20|1
2026-08-28|KK_r18iXh6U|1977|12|1
2026-08-28|Qvx-Hdtmm4I|3866|29|1
2026-08-28|BmiNrcsIxFc|6558|73|4
2026-08-28|e9o-Me6Zapc|15082|113|6
2026-08-28|EZa8QHXxVTE|2568|23|0
2026-08-28|uxDUzhl_O5g|4661|10|0
2026-08-28|U4JZEyxxtdk|3691|13|0
2026-08-28|5yqnWigsHFU|11051|108|6
2026-08-28|kMzR9R7hqaY|16649|130|12
2026-08-28|i6sdrVT8x4Q|7058|70|2
2026-08-28|wHOJnefRaIM|1479|33|0
2026-08-28|OApRaAEc9H4|29710|223|24
2026-08-28|a4BSbGNr4QE|35300|222|29
2026-08-28|ipOeXnEi83c|22333|176|10
2026-08-28|5A8V_Gb4PL0|17273|136|3
2026-08-28|2vUOET7h56k|11606|113|4
2026-08-28|c7fWOs2zG4g|43976|464|6
2026-08-28|W1LSOy8ETi4|35914|232|5
2026-08-28|APq6oBcYwiw|21995|207|30
2026-08-28|JR5miQP79NM|39876|202|23
2026-08-28|r9Dd859C8pk|6909|22|6
2026-08-28|G3k5XlxKMCk|2453|26|0
2026-08-28|hP2Uy14MAAI|4688|50|2
2026-08-28|GqMNJ7KAUnA|14473|301|6
2026-08-28|xoHFCZpC3Ng|824|29|2
2026-08-28|UA9TxPQ2Q-8|25468|85|11
2026-08-28|bcavqk4OFwY|113794|772|93
2026-08-28|oglsuBxD0oU|27878|187|24
2026-08-28|lzZk5dIUtnY|5269|354|13
2026-08-28|mqzcE6SYjk0|4092|72|11
2026-08-28|poJ7eoLzYUc|447197|228|49
2026-08-28|Vxm1q6sHtWw|161860|999|127
2026-08-28|buKJ4VX-WTI|183|3|0
2026-08-28|n16-EyMFzRw|112196|1470|21
2026-08-28|dtpyrKDJPRg|1090487|3837|1375
2026-08-28|LygnQpiuI28|1742|41|0
2026-08-28|dHToNd4HvBU|10086|444|16
2026-08-28|1umZRZTqbbY|1865|33|0
2026-08-28|qLECSQhaUCw|5576|78|1
2026-08-28|_6wq5LZRg6Y|84145|1208|197
2026-08-28|chvt4lXdUOM|2291704|15576|514
2026-08-28|L2uHVg1BDRk|1403|46|1
2026-08-28|S9ZE3yh6zcY|2136|10|2
2026-08-28|k_PWSLFMSAk|443937|3106|703
2026-08-28|U_BcyuYZn_o|101205|654|337
2026-08-28|G2Jj9leJ26g|1597|32|3
2026-08-28|yHuZOj6U5iQ|46728|456|14
2026-08-28|MZ3lhvKG27E|116934|1890|90
2026-08-28|ZNQjbvrlJC0|271|12|0
2026-08-28|9rIyp-b48kg|52|0|0
2026-08-28|Jn6n32b-TgE|28485|467|6
2026-08-28|SBX00HhJbyA|5267|83|0
2026-08-28|4u1czUCNEiw|333|0|1
2026-08-28|j4qmkcHmN7c|274133|774|42
2026-08-28|X4Z3qAhqQ6w|10876|117|2
2026-08-28|bJtENSqzq5A|9328|53|2
2026-08-28|zCE9HHLc4sE|6524|41|2
2026-08-28|wjSFSrzeixo|3540|37|1
2026-08-28|vsoO2on9Go8|8434|61|2
2026-08-28|_cNRfa2W9Jw|907|29|1
2026-08-28|ArcsijXBKjM|4966|63|0
2026-08-28|hK55k5hCshY|131301|960|60
2026-08-28|g6etZmM3fDY|14134|55|1
2026-08-28|Ly9KUic5A0M|126509|799|124
2026-08-28|DMYrWRtBpa0|104937|938|8
2026-08-28|MUTgBhHvYX0|43560|325|6
2026-08-28|tp7PEnNODXc|2|0|0
2026-08-28|LCRQOOYjd2o|13512|85|0
2026-08-28|zokPfS7lwDw|1005|2|1
2026-08-28|gx7EvuvAKaw|1425217|16753|128
2026-08-28|BufzSS-cVXk|297877|1043|115
2026-08-28|bPjrHu60278|1165904|110463|3400
2026-08-28|cNngfCSQDp8|29731|3779|534
2026-08-28|T25FOaJpUCE|23013|198|0
2026-08-28|0tQ8oxTWp38|87642|559|9
2026-08-28|M4tsBFzcIfM|116740|1522|42
2026-08-28|VDY3oIxHhGY|180798|1116|65
2026-08-28|blhk5BN_j7k|5395|13|0
2026-08-28|xqA_SCLcL0A|366399|2347|306
2026-08-28|DX3EBAjv8A8|2995|138|6
2026-08-28|Exl28-or0K8|11959|81|5
2026-08-28|B31A4ns_pBI|9326|73|12
2026-08-28|WMoHvN0L_2g|13565|66|2
2026-08-28|ueNS67_yhoA|2937|23|1
2026-08-28|hj2Mdl4iTYY|20281|250|5
2026-08-28|ApClSft4UPc|2424|18|1
2026-08-28|-lTyeLWMayQ|1964|8|1
2026-08-28|oIQiq57rngM|57582|610|13
2026-08-28|brWmzDls8Bc|1319|6|1
2026-08-28|FXVmvLVAdFQ|1514|11|1
2026-08-28|yudRZi0yUaE|4227|30|1
2026-08-28|Ta7GXx5k5K0|1210|13|2
2026-08-28|F1JJEgRgj7A|5089|52|3
2026-08-28|VKFvoU9hxr4|2426|22|1
2026-08-28|aeVOJcNdvTU|3289|18|3
2026-08-28|hUZ9-uhWGBM|2450|17|0
2026-08-28|bolKTh81QYo|14779|94|4
2026-08-28|y8REqv0IweY|10706|93|5
2026-08-28|fHsKCDNw2ME|7551|68|0
2026-08-28|80pgJggkfiM|19789|161|20
2026-08-28|J8gJj63a5TY|32605|224|18
2026-08-28|nfIPScT3ht4|34596|341|15
2026-08-28|hkwEUvg9Et4|15073|146|28
2026-08-28|csc9uNMOahQ|20977|98|0
2026-08-28|0CtMPeBX9fI|35839|180|28
2026-08-28|VlJ-1rnqvlE|3755|23|0
2026-08-28|mjc6esJk93w|29643|190|15
2026-08-28|3OVdWROvK0I|20948|182|14
2026-08-28|7O7eFuBVdgk|13086|107|5
2026-08-28|bRsAAmxjHz8|15006|123|15
2026-08-28|g-J66qZ-YWI|14356|111|6
2026-08-28|1Ls5JPlSvR0|22547|145|5
2026-08-28|-XDALsb9OPo|9084|95|6
2026-08-28|KJlJGPnnpSo|18012|158|20
2026-08-28|bzbtG15ZjoA|12831|101|9
2026-08-28|vUY5AhuAL4E|58238|404|231
2026-08-28|d9R0yCN1WhA|3212|13|3
2026-08-28|3SjS11VHbjg|5134670|26578|606
2026-08-28|D3OJskN9vj4|38731|164|89
2026-08-28|GCxRtFX0U18|548102|5428|837
2026-08-28|oL5eSx-KIAU|44784|220|5
2026-08-28|7MDKM0Kozac|51198|319|8
2026-08-28|aTyaR-iVPOo|4610|93|3
2026-08-28|SFS0-q8VGDs|6907|43|2
2026-08-28|-ZJDrzNX3CA|2064|11|0
2026-08-28|iGafoYa8HzI|7370|29|3
2026-08-28|6g7nJEb8dnI|8766|472|15
2026-08-28|46h0LvDHgIs|7350763|201664|15355
2026-08-28|F78vYJ_5Ops|47167|528|14
2026-08-28|JDh9BPbAcaE|12994|141|12
2026-08-28|iSHcrfMRQuY|26386|268|39
2026-08-28|o4OiIysIjQU|2140|27|0
2026-08-28|zmohbXczEWA|19637|57|0
2026-08-28|QWgJT4hXXsE|18|0|0
2026-08-28|YCSHsVZ37qY|670734|12981|2064
2026-08-28|-dAyJ5H6y5c|3569|77|2
2026-08-28|ehskM5YlRec|148618|735|18
2026-08-28|dSErMM4LCz4|12035|133|9
2026-08-28|w6s4yUXTj_g|6858|71|7
2026-08-28|MuK36SaFPHc|30775|340|6
2026-08-28|Y8cUxbawaAo|114226|657|43
2026-08-28|y33DpVGTgc0|91584|1262|9
2026-08-28|TcrQM_45WMY|18264|156|4
2026-08-28|OH4gEm4auZA|22427|213|1
2026-08-28|IPsGXkNLlJ8|41588|198|1
2026-08-28|MCw36nHnsVY|25334|228|33
2026-08-28|YMqaUOj9NQE|694665|1952|185
2026-08-28|hB0MHBnftOk|153|0|0
2026-08-28|WTvCGhf0zGg|13031|294|20
2026-08-28|nAmXMMVVDGk|206|6|0
2026-08-28|TXZiSDhM2F8|95|0|0
2026-08-28|Soc4gssGMxk|13131|306|13
2026-08-28|tczdaG4uxOg|8249|0|0
2026-08-28|Y14GXo4hW2s|1754|29|3
2026-08-28|wfVklefwFGQ|14293|110|19
2026-08-28|IY7T-2a0vwk|6536|91|0
2026-08-28|V5170s8gNXA|29611|541|5
2026-08-28|ttlxzduggr0|35560|206|1
2026-08-28|3FoIxsoBx78|5233|88|2
2026-08-28|uzi9dTTzJQQ|28849|112|0
2026-08-28|4s8Q6nQP6KY|2857|57|0
2026-08-28|BkLKSpnBmlk|9104|173|6
2026-08-28|MzLxHIr51aA|482705|3939|503
2026-08-28|c4Xotyl9oAQ|41392|165|129
2026-08-28|95z--nUVOVQ|15695|48|178
2026-08-28|waM3WB5uyyQ|11924|51|85
2026-08-28|ZZ223zLnd4Y|7950|61|69
2026-08-28|hpesu1-9omA|6649|21|0
2026-08-28|upkGJfRqXpM|47006|713|10
2026-08-28|i2S8_CFqsWY|32741|89|9
2026-08-28|TMIPborWA8U|13641|73|0
2026-08-28|IXjbfnpQM2s|3415|41|1
2026-08-28|ZjdNt_prP84|19376|61|0
2026-08-28|_ogno8cLYWA|13119|75|3
2026-08-28|NPJ7XO-e9-4|4509|33|2
2026-08-28|FhBE8BSTKlU|2697|29|1
2026-08-28|7k16_QeZWU8|1048539|4657|91
2026-08-28|DkCEq4VEOA0|4478|95|3
2026-08-28|nEp4rgyRP_Y|169802|1052|343
2026-08-28|bmawfgv_XoY|1442|11|1
2026-08-28|ZH8S-mOe9wQ|35622|229|13
2026-08-28|BnoCpFFU4aM|2083|22|1
2026-08-28|tINkMnY6my8|46174|393|14
2026-08-28|EmU2cBm3UuA|38090|533|47
2026-08-28|L_ftsGWs-QU|32815|245|7
2026-08-28|NSi5X7mC2eA|20648|158|1
2026-08-28|lXAl87hnIpk|48666|686|57
2026-08-28|G8SCtRSzNxU|372|9|1
2026-08-28|cTiNiQgALt8|2990|5|0
2026-08-28|uzII3xg-O7w|41958|194|82
2026-08-28|BRVZucaapCY|209480|525|5
2026-08-28|Qv8Qzdqbwxw|257888|1134|455
2026-08-28|DCKPhQblODQ|4058|8|6
2026-08-29|A9qCyI23mHM|803|6|0
2026-08-29|DVPHBq9sZXY|6685|21|0
2026-08-29|lhKedEJVYwg|1247|22|0
2026-08-29|QcqTbbRq6jg|840|3|0
2026-08-29|BAQBgn1j0uE|3|2|0
2026-08-29|DPejldgPgk4|40976|153|115
2026-08-29|GogB9Xi5FgA|29305|234|3
2026-08-29|kWZly7xUbDs|12083|119|10
2026-08-29|CeJTg-yuriQ|20352|146|14
2026-08-29|cueLnp1-DZY|2556|68|4
2026-08-29|TezPg292lu4|744|60|4
2026-08-29|oHFQ6aKTAMw|931799|13006|642
2026-08-29|_IBivBPj4hU|87601|227|9
2026-08-29|oqxP1OUF1TI|21936|127|0
2026-08-29|5f0Dv4G7Kmk|4180|8|0
2026-08-29|AcF4IQkPfWM|567|11|0
2026-08-29|6vsB5kHQqzw|19676|328|37
2026-08-29|ghf8FWl36Ek|2805|35|0
2026-08-29|oSgVJWEiYes|21872|189|5
2026-08-29|69cac2PAyy0|11061|187|5
2026-08-29|BpqX7w8uLWs|3344|9|1
2026-08-29|BUY2TL4jLkA|156|10|1
2026-08-29|0XkNPwpix-c|1223|12|1
2026-08-29|YKY0nkpuegw|90466|503|167
2026-08-29|Lgb_sSOXWjk|1561|11|0
2026-08-29|CYatyp-zSRs|3223|51|1
2026-08-29|gb2O7cxCXtY|2194|5|0
2026-08-29|go7tL2WWegs|3653|312|52
2026-08-29|aU8Ta8MlawQ|0|0|0
2026-08-29|BQAnFXC-W0I|3468|76|2
2026-08-29|5f6QPXsxxbc|3662|19|100
2026-08-29|kijS4OWKikM|1999|11|28
2026-08-29|hpl-C3bIKu4|2410|23|71
2026-08-29|Ttw2JK5ufkw|1161|56|2
2026-08-29|ttZ-GpcQ68Q|0|0|0
2026-08-29|Hh9spK5QMCY|16715|78|5
2026-08-29|fKbJZ-TZmRU|200767|1830|117
2026-08-29|mawzrxV4bHQ|600717|4186|137
2026-08-29|uouPQ0deUxs|151760|1608|9
2026-08-29|Cn_3dC2ILy0|99951|255|1
2026-08-29|pMlKP-aYjqg|33751|182|0
2026-08-29|0NuBPRKXMz4|15011|185|8
2026-08-29|hNXRnssF5gw|33178|253|2
2026-08-29|rZEF8qqbCK4|6694|46|0
2026-08-29|I78zTyV_14o|51815|371|6
2026-08-29|8fusWcjW7nk|39055|586|3
2026-08-29|rMMIRsbkSyE|76617|297|14
2026-08-29|4vRfTbheKbk|49295|268|4
2026-08-29|hqTQyRfOJOU|33216|344|3
2026-08-29|KSZCWU6Tc1Q|34240|333|9
2026-08-29|r9i-ItD1xwk|5324|83|5
2026-08-29|m2o5tKRTyHI|75564|799|6
2026-08-29|rjRUnGMXirk|23587|94|3
2026-08-29|bLVbr6c8x-I|6650|89|6
2026-08-29|Sat8mBq-oIE|6180|31|0
2026-08-29|67YbJrClLdk|682469|5661|74
2026-08-29|SYZNTsDke0c|1971|15|2
2026-08-29|MxBUe2qwop8|115664|593|67
2026-08-29|WPmqj444qbo|10|0|0
2026-08-29|-P2LX0UDuYI|25314|91|38
2026-08-29|uFBC2s2AlhM|265953|6890|544
2026-08-29|QHN4Gubo6vI|3142|231|3
2026-08-29|nrtsAlh1AKo|3919|16|0
2026-08-29|6dURWSTDrzo|5408|30|8
2026-08-29|1j-eu72KcAU|39160|61|0
2026-08-29|sUsOUr_ohXM|111|2|1
2026-08-29|MZyqTZxpao8|6175|27|3
2026-08-29|dyV9582SIFI|65603|896|14
2026-08-29|yhiuBhAAJL4|1130|13|0
2026-08-29|8ZjAK0Q-nwE|58116|829|4
2026-08-29|Gxd-RhLsKQY|95019|897|114
2026-08-29|vORA8SD1Olw|732|19|0
2026-08-29|wQ6pgjOkR-A|8370|43|1
2026-08-29|G5V6Oq0ZzXM|21957|130|12
2026-08-29|akj_lJ0OPwk|56743|191|18
2026-08-29|KTZZPh1Cf5E|13126|60|8
2026-08-29|c5axvTRz6Xw|17160|63|1
2026-08-29|X_w_r5XLgRs|14825|59|3
2026-08-29|4cNC8D53UnA|10264|45|4
2026-08-29|5_GsQVkBvwI|979|19|0
2026-08-29|NQbwvxsEHLc|668|6|0
2026-08-29|i8-qe0NQL6U|0|0|0
2026-08-29|Gx2ldKgJ1U4|4|1|0
2026-08-29|0KL4xDzuZT0|61140|223|35
2026-08-29|ABS-REaA_fo|38314|184|32
2026-08-29|J3ZWHXtGhZs|41089|207|9
2026-08-29|xqjGyhfOu6I|30746|191|7
2026-08-29|1fREWtj_-u4|27831|165|6
2026-08-29|Z1321Cei01s|19385|138|2
2026-08-29|YR-6wqfvv0Y|16364|111|5
2026-08-29|qxW2Gbz_LTQ|16896|121|5
2026-08-29|pUp6BQaGK1c|18232|119|6
2026-08-29|KyRL8vpYz9c|1282|9|2
2026-08-29|i-yeH5ILXi8|1389|20|0
2026-08-29|CqNLlgILwtA|8616|274|22
2026-08-29|SQOYQ6Br53Y|136647|802|131
2026-08-29|Dr7k5U6Fm4E|16200|101|11
2026-08-29|t-ItCKdK8Ws|69342|277|24
2026-08-29|Wt4Wu4gi6tM|27288|191|5
2026-08-29|3G97G9JyjgE|1104|12|2
2026-08-29|BS2eQ_nFK2c|970|17|0
2026-08-29|oijBWHYcGhU|817|1|0
2026-08-29|uaD-mG04Dww|1658|4|2
2026-08-29|XUlnT62atbc|45500|223|13
2026-08-29|_2BYTipQndE|10026|2|0
2026-08-29|3cEA5zxcBPE|11049|73|4
2026-08-29|41HXVUTQyvM|2349|6|0
2026-08-29|fmZ6z9gIkag|1982|4|0
2026-08-29|U1Fpm_ZuWwY|175|11|1
2026-08-29|QcVLCljA3wg|4317|28|0
2026-08-29|ZUVZlq4hZcM|278|7|0
2026-08-29|nTTV1YRYvxI|4326|17|1
2026-08-29|CoreJFfg83c|1626|7|0
2026-08-29|IcYhpFbP0BY|6308|121|18
2026-08-29|MRINUTTFq3I|12394|135|2
2026-08-29|fUv9F9iN4rY|27467|161|18
2026-08-29|K_Gr2RYlZww|425|8|2
2026-08-29|thdcI40Eg1c|316754|1055|102
2026-08-29|ukqoLW_sZFc|36431|265|4
2026-08-29|aZnXt9keYfQ|326422|1794|11
2026-08-29|0f-moY5gbTg|209772|2806|198
2026-08-29|J3GKqAb6x5k|372296|1157|26
2026-08-29|HkgBj88Ufws|38527|276|9
2026-08-29|d2LUkxSgzYY|2637|9|1
2026-08-29|ZkAdT7TvAEc|43112|102|17
2026-08-29|bw92kf4EoBA|424361|3575|53
2026-08-29|380rPomgH6E|2425|47|1
2026-08-29|dCw3VSVWicQ|29632|460|16
2026-08-29|7cTRlAzkAUc|19894|303|1
2026-08-29|V_XbN__HCG0|4959|42|2
2026-08-29|qWPjzvRXVbI|9285|49|1
2026-08-29|yyyur-_2rKs|31449|507|2
2026-08-29|bQqpIPXV2Xg|29441|193|0
2026-08-29|agOxd0ZdxSw|25763|619|4
2026-08-29|Joi_wAzO1wA|3743|12|2
2026-08-29|8UAPstK6aSo|90920|298|7
2026-08-29|ejN7TRD-Za8|6909|25|0
2026-08-29|nN76UHU6gXE|35203|318|0
2026-08-29|MbHfvRSCVj0|83286|301|19
2026-08-29|puv3t89HOTE|5977|231|8
2026-08-29|TRu-oWIjKQA|18775|105|5
2026-08-29|qH812wHsx5E|52597|228|66
2026-08-29|GdvtSNxwOxQ|15764|90|4
2026-08-29|PqfQsJNlJv4|1602|12|0
2026-08-29|LHYq73P59FY|79323|263|660
2026-08-29|BPqXhmMbNXs|2571|10|2
2026-08-29|QIpWyhpesic|34109|169|24
2026-08-29|vepsWkz8GC0|31839|153|4
2026-08-29|ECl7n_y3_6k|15290|100|3
2026-08-29|PcOrMhvbCA0|17592|118|4
2026-08-29|J6MBW9vIfZo|22772|117|6
2026-08-29|ehKBfx6__Rs|31260|195|5
2026-08-29|A78x1vhnuu0|124191|312|19
2026-08-29|d_CCBYKCxdU|87643|253|27
2026-08-29|nQWv70PTHFM|135013|928|108
2026-08-29|zD_Vu-Fpwoc|51479|309|4
2026-08-29|PP-hjILJBtc|23961|217|2
2026-08-29|WqzHi2PSDZs|105664|441|19
2026-08-29|xlxeX6Xe6q4|58423|354|5
2026-08-29|2e2-LJi3rGU|4821|12|0
2026-08-29|7n-8Ul_L8K0|41489|176|53
2026-08-29|5OBUDCyarqE|21987|144|11
2026-08-29|vxhfteZmW8s|20942|151|0
2026-08-29|Csl2NYECYn8|4286|21|0
2026-08-29|iburAtUiLdk|33033|190|13
2026-08-29|ITZTxbeLnsQ|9843|26|1
2026-08-29|n_Q1vAlM9a4|261|1|0
2026-08-29|CcwLFAHo5f0|24412|50|1
2026-08-29|l7mG1yNRoRM|24904|184|0
2026-08-29|DzLiRp21A_c|8236|24|0
2026-08-29|Bp8shtjY3MI|23507|58|3
2026-08-29|sou1L6_aQ9s|6142|13|0
2026-08-29|BN7FilO4crA|6207|5|0
2026-08-29|yEQ0oqc4_yg|20153|51|1
2026-08-29|S4slQ6je90k|41331|141|0
2026-08-29|xMZuqezyQzE|107489|376|19
2026-08-29|EBobuLV-TwI|108492|300|52
2026-08-29|gNl6BQZDNIg|112735|2408|191
2026-08-29|UM3iwsk7Z4I|2091|23|5
2026-08-29|PzXhokWul3k|6618|93|2
2026-08-29|wRzlB0M2cHU|83575|292|9
2026-08-29|ZFJp7DuUFd4|11702|7|1
2026-08-29|olL-snEQ9Wo|2645|3|0
2026-08-29|JrTJ8XdA2tA|5892|32|0
2026-08-29|5-WnZyJbhWQ|4416|2|0
2026-08-29|3oLHqq-F1FU|36936|286|10
2026-08-29|xo8X0AC3GfU|329978|3214|436
2026-08-29|m5qoLOkX6M8|415545|2442|139
2026-08-29|n1fCSfAJ1wQ|41554|308|30
2026-08-29|XOJ-OF0wYzg|14284|131|1
2026-08-29|YPP-I068PJI|8879|86|0
2026-08-29|S9ARcq9pN_o|14738|182|2
2026-08-29|0u7jCZ3n9SM|30449|147|2
2026-08-29|bFTlFPkhv_k|11932|35|11
2026-08-29|jw4o57Z3GcU|6719|35|0
2026-08-29|fIeE4iecOrI|15066|191|7
2026-08-29|n-QR5ishboM|1251522|74745|3296
2026-08-29|ZA0Ixa24eNI|21384|147|8
2026-08-29|1JDnTRWoAAw|25333|213|15
2026-08-29|G2Cf4tiZzgs|9457|75|2
2026-08-29|4am4BvTNJMs|192101|703|251
2026-08-29|flFMslm2g7A|7478|67|3
2026-08-29|b7BCKuSxJ-c|87073|330|43
2026-08-29|cN9SDRbA3uo|36608|247|4
2026-08-29|bXzPH5D3Xh0|21171|330|3
2026-08-29|SAH48CpIRHA|9483|289|6
2026-08-29|FWVcokYZvZo|5144|59|0
2026-08-29|DjTOcj0WugM|3161|39|2
2026-08-29|fLr40CqvMVo|1526|8|0
2026-08-29|-BBIxQd1TGg|16517|128|1
2026-08-29|bJblvvVkKbc|6698|38|4
2026-08-29|DTQ581dJcoU|9734|27|0
2026-08-29|9jPBiRO2hgc|23010|135|16
2026-08-29|MQodRUkDBo4|16208|175|0
2026-08-29|X7ljyx4HXrA|14118|125|4
2026-08-29|P9ftgCpzZIg|22663|124|3
2026-08-29|R1AnvPynOUo|2412|27|0
2026-08-29|V_wo5qh0jHE|5321|103|0
2026-08-29|yfDdbFGI5ms|1798|31|0
2026-08-29|s9m1eU1G4dk|1244|12|0
2026-08-29|3fOdERE0MlY|28321|445|12
2026-08-29|A5XMblOTaBA|4293|35|0
2026-08-29|XkBZf4ogtXU|19619|118|39
2026-08-29|hC1YgX8pGzs|81182|490|5
2026-08-29|wtmNOv_99Yo|21650|84|0
2026-08-29|0wMfCenQIow|152908|2141|79
2026-08-29|ut_QlwePpU8|918928|4157|65
2026-08-29|hXYjK4in0MM|1321586|8350|987
2026-08-29|L-dswC-fTFg|511869|3215|273
2026-08-29|eRkET84jeIA|363817|3481|202
2026-08-29|NsLTnaF94pM|258712|1241|379
2026-08-29|MoF8jDpyNBU|160330|2117|424
2026-08-29|5fJSQxAupmk|165007|1326|6
2026-08-29|nGHdfHpY3Fk|1737|9|0
2026-08-29|wcNmqE4DCCE|3906|37|2
2026-08-29|i69DEZpQSrc|10852|86|1
2026-08-29|ZXIxB54zTTA|9551|9|1
2026-08-29|anHhFbP5uJQ|10441|35|0
2026-08-29|ys08Qb7wo_8|4051|22|3
2026-08-29|QRhw-L6-9m0|5129|23|3
2026-08-29|GGHh1d0lC7Q|815|3|0
2026-08-29|N1o2WG9z7ds|14507|90|0
2026-08-29|g3X8V9myINA|32811|131|0
2026-08-29|loKVRZJlahs|12942|87|1
2026-08-29|6VaHvuzGjMs|64660|392|3
2026-08-29|wMswI94ZW0Q|55625|325|7
2026-08-29|z1q5o94gKM8|787508|13895|112
2026-08-29|QYosGfKX7Rc|32684|156|2
2026-08-29|Lo6sIX-vWE4|2245145|14622|304
2026-08-29|ATNJSq-dEDk|615053|6231|803
2026-08-29|rufeGLx43dA|9483|63|0
2026-08-29|OmKqN4tOy4s|5006|38|1
2026-08-29|ReqMUlbJib4|80755|167|2
2026-08-29|-r4nrI3mCKs|6979|19|1
2026-08-29|rE7QCmIiFtM|27331|117|4
2026-08-29|Bgxm3xjTIVs|62125|692|0
2026-08-29|_-OUxUf5Fa4|28482|279|3
2026-08-29|XTogCC1RHXU|20328|137|0
2026-08-29|KGvfYwKRUNI|27453|394|3
2026-08-29|WlJ1UqVYgCo|25838|108|5
2026-08-29|yxhvHbnUxRM|133526|614|57
2026-08-29|A1DjNeovgw0|74564|295|277
2026-08-29|ZanbNkqnh7g|154472|2723|117
2026-08-29|BzGNXX5C6to|117|2|0
2026-08-29|yIp-yYXG_d8|483684|3965|781
2026-08-29|CCsKkRwVbKw|236354|1615|0
2026-08-29|sukR6SSlrlM|2936|15|3
2026-08-29|OdPM5MgtQ6Y|13485|84|4
2026-08-29|Tpnr1FTrQVo|502752|3610|774
2026-08-29|Vgrcu91SWp0|40987|541|3
2026-08-29|7G1oTrFdHKk|26729|227|1
2026-08-29|Gc6oVftIpyE|87527|433|6
2026-08-29|NVtjaivV03k|26301|273|11
2026-08-29|UlZni2SiJAo|9420|18|0
2026-08-29|CRRkbwfpt74|3429|18|2
2026-08-29|-qEao7wsSkE|30857|227|0
2026-08-29|C0z9huPpYsQ|2207|11|0
2026-08-29|YvJ5N_HEoOI|66459|211|8
2026-08-29|TfLWfD3ZJZ0|11683|69|1
2026-08-29|b095Ic6uIPQ|280355|3993|358
2026-08-29|ZBkLnku0T_k|279907|1781|63
2026-08-29|VRxNgN9cWWo|58823|473|7
2026-08-29|wzPEqbOsJ6E|7075|30|0
2026-08-29|ApzwxxjkAlA|2665|22|1
2026-08-29|J4-jNA0Pd78|2686|15|0
2026-08-29|-lt1QmuefT4|1756|40|0
2026-08-29|9ZmXQ8OAOuc|10177|269|3
2026-08-29|6KEe6b-kHPU|7149|88|1
2026-08-29|b_lokB1OvJA|1903|10|0
2026-08-29|d0OnhOlWXfk|2389|21|3
2026-08-29|297uNUeccIM|1071|10|0
2026-08-29|H3_U2tQSj_M|1903|10|0
2026-08-29|LHYl5V46vUc|1682|6|0
2026-08-29|HX9Nu32THuE|15749|101|3
2026-08-29|eFUHTBb-m34|3647|27|4
2026-08-29|9MQWGHpDbxk|211682|2136|13
2026-08-29|TRpoRiwRtNc|11044|61|11
2026-08-29|bbyXp1WykKg|17850|127|3
2026-08-29|0d17iI4J7iE|3045|15|0
2026-08-29|7DY5ep1RxUI|196710|1185|121
2026-08-29|6qfEMJK6JNM|2178|5|0
2026-08-29|90oozTNkUK8|106661|505|18
2026-08-29|SOlCEZodf0Y|10256|52|0
2026-08-29|e8koYNDWFaU|5545|62|2
2026-08-29|2lN4YQknXGU|2781|25|1
2026-08-29|5oKktsmXLos|82711|374|37
2026-08-29|9jw6tjqKtFE|28562|215|24
2026-08-29|wHMo_lzOrFg|5752|38|1
2026-08-29|fzellixCIac|20335|152|15
2026-08-29|orUhoOEFPik|11330|130|16
2026-08-29|y_w94JrFyso|14256|138|8
2026-08-29|1Kd-C432Xg0|19047|150|8
2026-08-29|dit6UHp_FG0|27636|144|7
2026-08-29|R38GAAFeBvw|15920|142|4
2026-08-29|lAUU4gKCfNY|21314|154|7
2026-08-29|A3ZS2IKk6Ys|17072|150|22
2026-08-29|kRcgF0tfpKM|34797|188|13
2026-08-29|jD_I5gr_HZs|124025|1768|24
2026-08-29|79Rufrdal7w|224620|1417|467
2026-08-29|UtWFbboK8CU|82358|900|536
2026-08-29|Ar4GD-JzKw8|2504|29|2
2026-08-29|nzrWQe9cS_c|255955|718|118
2026-08-29|1Fo34sGZeR4|8271|59|1
2026-08-29|W_FDsbyPbyw|161505|3033|289
2026-08-29|lpxHN-F7X8I|115|0|0
2026-08-29|FY37BqbYn_g|491576|2585|73
2026-08-29|nDYoeKuSdUc|666|8|1
2026-08-29|f3PAmGaHC6I|514|8|0
2026-08-29|HEbifvHfxhg|622|9|0
2026-08-29|SwFPSv_UO8E|2993|15|0
2026-08-29|QZyBb53FIaY|10151|76|17
2026-08-29|MPnFJZVFNHk|227|0|0
2026-08-29|y1VasAIKcc4|493223|5521|1044
2026-08-29|qr_6a9UX43I|210|0|0
2026-08-29|NNeZPCTS-Bw|21134|227|6
2026-08-29|UMApdFCJeuc|13759|100|0
2026-08-29|IYFTd1rRqlM|3235|23|0
2026-08-29|lAelGWly5s8|1178|0|0
2026-08-29|wpKbpYWl-ZU|110159|890|281
2026-08-29|N1CA6eTb0Xk|301105|297|10
2026-08-29|pmnYpzpYj_U|503|8|0
2026-08-29|nsSUJOaSEMo|1498823|9694|1229
2026-08-29|aMOrloU5Bho|649197|984|451
2026-08-29|W1kDOqqWNiw|813796|3576|754
2026-08-29|CDhtpYWNEuk|1359980|6749|2292
2026-08-29|_N5__mxyHu4|2543|13|3
2026-08-29|euUAMRVyqCw|435|4|0
2026-08-29|ntEniRG7uLU|11364|47|0
2026-08-29|twxPivGgrmA|11265|124|10
2026-08-29|cykXvjWR82U|7633|39|0
2026-08-29|V0cqWvM9un4|1785|24|2
2026-08-29|wwpyZhKgDf8|1699096|4813|497
2026-08-29|Raa-RK_ukIA|2319|34|1
2026-08-29|rkP8lCBxnac|2202|20|1
2026-08-29|336QzJQ3Fqo|19095|59|2
2026-08-29|SZG61RHRxJg|7345|169|1
2026-08-29|G0QlQeipHiM|33629|506|9
2026-08-29|ryKn06xHBC0|8992|127|0
2026-08-29|2r5YY33Qwmo|6599|198|3
2026-08-29|EWycpzICKAg|70803|639|5
2026-08-29|T4tMRoyD6Tg|16535|131|0
2026-08-29|2JNXHdzldts|12336|614|25
2026-08-29|WQn_xJN4AKI|82575|254|4
2026-08-29|a-H202UsWsI|333777|1561|37
2026-08-29|UqdIDiSNLTs|4927|262|9
2026-08-29|3QV0aZqIfqU|197330|1428|659
2026-08-29|zOl-NqmYLOk|13485|334|5
2026-08-29|D3HviXFvvM0|30605|288|50
2026-08-29|d9pmughgtwg|15588|487|16
2026-08-29|jyzl5ypqkPA|12850|32|0
2026-08-29|ibFx1nX1sgA|11433|58|3
2026-08-29|RF_UISiIbsY|919|6|1
2026-08-29|RdkmPzPR_HY|2242|25|1
2026-08-29|8o3WopvAA2c|18464|132|8
2026-08-29|nKtwnBro3kw|648320|7571|512
2026-08-29|ZrYfcVake6c|1623|24|1
2026-08-29|iAJ51zaTCfU|47120|319|2
2026-08-29|oglsuBxD0oU|35428|209|33
2026-08-29|9rIyp-b48kg|75|0|0
2026-08-29|4u1czUCNEiw|341|0|1
2026-08-29|CanOyDFCcLw|18237|132|0
2026-08-29|dsbMGiiGoc8|3775942|85741|3730
2026-08-29|WjZ5kjzlnUg|31004|134|7
2026-08-29|dJ95KqNLf0k|43370|285|6
2026-08-29|adZXauhEd64|410995|4694|702
2026-08-29|sFFB2SP-Bwo|522133|4281|46
2026-08-29|kA991feUGc0|500|11|2
2026-08-29|G2Jj9leJ26g|2256|38|3
2026-08-29|G3k5XlxKMCk|2576|28|0
2026-08-29|verIZkZyQaw|21081|218|0
2026-08-29|hDlNR3qCMCs|20089|181|6
2026-08-29|4u_Pf7IGTCE|4210|33|1
2026-08-29|uxDUzhl_O5g|6807|11|0
2026-08-29|y3UyJpuPenY|11279|79|1
2026-08-29|8Ij0-P2xHOE|3341|27|1
2026-08-29|w78dHyoM9tY|215159|1446|124
2026-08-29|H5YCQITcwwc|22202|0|23
2026-08-29|E61yoJkN7cU|233701|3776|334
2026-08-29|ZiKppqzG4Uk|1744|31|0
2026-08-29|YrPYWGA0b70|1816|28|0
2026-08-29|mgBh3n1seEI|942|27|0
2026-08-29|nDxCNgH-HZ4|12243|220|0
2026-08-29|EeyXi4dSqZ8|4915|114|0
2026-08-29|PjKRKOi-Lqg|6393|119|0
2026-08-29|-ZXO4hiIMN4|13305|74|1
2026-08-29|DiMznxIAPfc|19201|82|1
2026-08-29|mxGpz-F8q3k|26716|350|8
2026-08-29|EOULTaSvN2Y|29395|418|33
2026-08-29|BNxILhpo9VA|37589|175|3
2026-08-29|f2pYo8RvORs|2308|33|3
2026-08-29|jAZ1uagY_yA|9084|388|8
2026-08-29|OtDRW6fhpgg|11908|108|1
2026-08-29|PD7zlPDrnro|2814|34|1
2026-08-29|HEAnqIhxNGU|3236|57|2
2026-08-29|4qdmIthb4CM|2839|41|2
2026-08-29|aF_EkD-G81s|13413|125|5
2026-08-29|SOtVVcNgGu4|27213|173|1
2026-08-29|IbBvql5hDeU|29821|49|11
2026-08-29|5yaMBEregTg|22152|179|12
2026-08-29|kMzR9R7hqaY|18544|131|13
2026-08-29|KK_r18iXh6U|2150|16|1
2026-08-29|Qvx-Hdtmm4I|3947|30|1
2026-08-29|5aV784n8BAQ|5354|48|2
2026-08-29|BmiNrcsIxFc|6655|77|4
2026-08-29|EZa8QHXxVTE|2623|23|0
2026-08-29|c7fWOs2zG4g|52562|515|6
2026-08-29|U4JZEyxxtdk|7813|15|0
2026-08-29|kLkue2kXJi4|20560|150|14
2026-08-29|5yqnWigsHFU|11557|109|6
2026-08-29|i6sdrVT8x4Q|7492|71|2
2026-08-29|jW0MPbim1EI|14911|145|19
2026-08-29|OApRaAEc9H4|31413|228|24
2026-08-29|a4BSbGNr4QE|38123|225|30
2026-08-29|ipOeXnEi83c|23587|177|10
2026-08-29|5A8V_Gb4PL0|18533|136|3
2026-08-29|2vUOET7h56k|11886|113|4
2026-08-29|e9o-Me6Zapc|15527|113|6
2026-08-29|nXP8rSS0RvA|14577|121|9
2026-08-29|Ze7Vsu8gsrA|24451|166|5
2026-08-29|9G8QlPdK3Bo|16570|118|8
2026-08-29|mqzcE6SYjk0|4684|73|11
2026-08-29|S9ZE3yh6zcY|2698|10|2
2026-08-29|_6wq5LZRg6Y|95006|1277|206
2026-08-29|ZNQjbvrlJC0|335|12|0
2026-08-29|MZ3lhvKG27E|124045|2034|92
2026-08-29|1umZRZTqbbY|1927|33|0
2026-08-29|GqMNJ7KAUnA|14909|310|6
2026-08-29|W1LSOy8ETi4|38806|240|5
2026-08-29|bcavqk4OFwY|134306|849|100
2026-08-29|n16-EyMFzRw|122067|1563|22
2026-08-29|dtpyrKDJPRg|1385272|4014|1444
2026-08-29|Vxm1q6sHtWw|172197|1057|127
2026-08-29|UA9TxPQ2Q-8|28229|87|11
2026-08-29|qLECSQhaUCw|6792|108|1
2026-08-29|lzZk5dIUtnY|5508|361|13
2026-08-29|dHToNd4HvBU|11440|461|16
2026-08-29|r9Dd859C8pk|7108|22|6
2026-08-29|hP2Uy14MAAI|4763|50|2
2026-08-29|_KwjuZz84bc|7608|46|9
2026-08-29|yHuZOj6U5iQ|54725|516|15
2026-08-29|buKJ4VX-WTI|219|3|0
2026-08-29|xoHFCZpC3Ng|900|33|3
2026-08-29|JR5miQP79NM|54718|235|25
2026-08-29|SBX00HhJbyA|5970|102|0
2026-08-29|chvt4lXdUOM|2313038|15647|516
2026-08-29|poJ7eoLzYUc|513236|243|55
2026-08-29|LygnQpiuI28|1834|41|0
2026-08-29|L2uHVg1BDRk|1419|47|2
2026-08-29|W0ouYeM6rGA|303|2|0
2026-08-29|wHOJnefRaIM|1503|33|0
2026-08-29|k_PWSLFMSAk|470005|3154|721
2026-08-29|APq6oBcYwiw|26220|247|30
2026-08-29|U_BcyuYZn_o|118035|686|354
2026-08-29|Jn6n32b-TgE|29992|484|6
2026-08-29|zokPfS7lwDw|1011|2|1
2026-08-29|80pgJggkfiM|30372|198|26
2026-08-29|xqA_SCLcL0A|431478|2485|316
2026-08-29|BufzSS-cVXk|310569|1050|115
2026-08-29|tp7PEnNODXc|2|0|0
2026-08-29|D3OJskN9vj4|39786|166|89
2026-08-29|nfIPScT3ht4|34855|341|15
2026-08-29|hkwEUvg9Et4|16112|147|30
2026-08-29|0CtMPeBX9fI|37034|182|28
2026-08-29|j4qmkcHmN7c|287751|834|46
2026-08-29|mjc6esJk93w|31144|192|15
2026-08-29|oIQiq57rngM|63840|642|13
2026-08-29|1Ls5JPlSvR0|24069|147|5
2026-08-29|3OVdWROvK0I|21463|186|14
2026-08-29|KJlJGPnnpSo|19581|161|20
2026-08-29|d9R0yCN1WhA|3257|14|3
2026-08-29|X4Z3qAhqQ6w|11102|119|2
2026-08-29|wjSFSrzeixo|3555|37|1
2026-08-29|J8gJj63a5TY|34916|232|20
2026-08-29|fHsKCDNw2ME|7792|68|0
2026-08-29|bzbtG15ZjoA|13263|101|9
2026-08-29|B31A4ns_pBI|10934|74|12
2026-08-29|7O7eFuBVdgk|13403|107|5
2026-08-29|y8REqv0IweY|11619|94|5
2026-08-29|-XDALsb9OPo|9254|95|6
2026-08-30|Pxwarvlob3A|84781|582|96
2026-08-30|F257YmTLsuk|67259|90|16
2026-08-30|gk8h-QK3OzU|9161|32|18
2026-08-30|xBP9Y1c5oSg|46940|696|2
2026-08-30|1K5upafRMBA|435213|2429|25
2026-08-30|fmB-sGVLRbA|174681|814|9
2026-08-30|WeKlxEce3D0|1946|18|0
2026-08-30|_GrqOK4cGJI|32784|267|0
2026-08-30|04cy2BEDDsc|261331|2526|99
2026-08-30|WA_wqIkTYnw|5|0|0
2026-08-30|onK08O1QPdY|2523|11|3
2026-08-30|YW6H72GqdNA|7627|233|32
2026-08-30|FWG1WDh3TfI|180355|1247|91
2026-08-30|wN8qsu7QllI|14|1|1
2026-08-30|3JINkkr_1iE|3492|42|1
2026-08-30|q_T10SU913Y|59721|2242|96
2026-08-30|WyWZIRxp_GQ|1116|7|14
2026-08-30|hxIKm-0iIRM|167499|1054|44
2026-08-30|QNfLts-msAE|187|1|0
2026-08-30|Zvku6gByzzo|25507|57|8
2026-08-30|CuWuNuv4-NA|8298|80|0
2026-08-30|DSwqk5xFX7g|8430|21|1
2026-08-30|avwwhMOdiCM|7376|65|0
2026-08-30|q4hDHYdpKVM|5204|47|1
2026-08-30|votR8em66vQ|16228|39|5
2026-08-30|5sqtHJGCsS8|2389|10|0
2026-08-30|Xm8_jV1FGvA|5431|31|2
2026-08-30|zehV5m4S1bA|8203|25|5
2026-08-30|RjmWnhr0XKI|124857|1165|79
2026-08-30|IaRd2I6klz0|5072|93|0
2026-08-30|yWuCjDREctE|19373|105|42
2026-08-30|ORMyWCTnsxA|803|6|9
2026-08-30|tYRHxEMpGkU|13885|156|4
2026-08-30|oFrU_wuIUNc|251113|1719|74
2026-08-30|Adna9yfYqhA|5|0|0
2026-08-30|wYUWBqaGdrg|27872|168|6
2026-08-30|U-9IPl9WwoU|373|1|0
2026-08-30|tRCqBh7ppHE|267847|1863|279
2026-08-30|b7Oy7PWK028|205572|642|117
2026-08-30|aka69nY850k|286367|659|126
2026-08-30|iKPSR2qnZy8|189106|1168|136
2026-08-30|TD1nQk868lU|86|11|1
2026-08-30|r2UO5TYbj6o|24682|375|3
2026-08-30|NzlT44MNvzs|5154|85|3
2026-08-30|-KUJJAJ3mFs|3022|50|3
2026-08-30|ZLQOcG4qXjs|12594|161|13
2026-08-30|QKesDVcHXuc|556757|2760|40
2026-08-30|DjMp_-NLXKs|20226|312|1
2026-08-30|XeNHnYXeAHQ|630|3|5
2026-08-30|cpEpIbZ5mmo|23563|52|1
2026-08-30|h2fQJ9uBaPc|17897|23|0
2026-08-30|PKZL6ZxrmMc|119|0|0
2026-08-30|cP02ApXIJXg|4391|28|2
2026-08-30|nRftEKJYJMY|13247|152|3
2026-08-30|mcO4qyFjOlA|6106|11|0
2026-08-30|QwFBFUGSIts|7202|45|0
2026-08-30|VnbJ0Xm4Wjg|7025|59|0
2026-08-30|U0HjZWsbvYU|7684|219|15
2026-08-30|9Ctitp6bbvU|12362|248|3
2026-08-30|sTZHBAYZwSI|12246|105|1
2026-08-30|8cbuwoFT-lY|4173|21|1
2026-08-30|TONwPXkLMXM|22446|20|0
2026-08-30|1CsN47WUsoY|14580|25|7
2026-08-30|YBr1LItM8YI|78183|0|58
2026-08-30|49IzVa7dcOk|123691|976|169
2026-08-30|liiQHdWtMw4|155721|856|175
2026-08-30|X9ovK0L-t_I|5090|28|0
2026-08-30|vGwKsEtkbSM|17667|143|2
2026-08-30|fNrjqab3-OU|3811|28|0
2026-08-30|wUIbQHE4GRQ|10016|8|0
2026-08-30|SkXXg-nTZog|11042|13|0
2026-08-30|cIQDVVjAdPo|12|1|0
2026-08-30|9OAzCSXaxUI|17294|104|5
2026-08-30|goadltFNYCI|1205|13|0
2026-08-30|whiyHPqxOzw|57347|230|43
2026-08-30|r4_4oriebtY|73456|298|15
2026-08-30|YVqacajNRpA|172852|444|45
2026-08-30|mz4Rv-cj6j8|102041|321|75
2026-08-30|6MLW9pVRYDg|81186|319|7
2026-08-30|kxIgWpFNVik|49639|211|14
2026-08-30|238xsZ4dDwc|31899|174|11
2026-08-30|2qbvbDgi-GA|1687|15|0
2026-08-30|gCEhGvuzvIk|77894|365|22
2026-08-30|MkNq55rcdt4|10|0|0
2026-08-30|ZZxlMvfA-OY|27410|66|4
2026-08-30|iRnoOMlWjv4|9117|267|1
2026-08-30|bzZO9TcWE0c|16262|98|84
2026-08-30|PPKZDSJ3bjM|848|0|0
2026-08-30|IoA07mLh9Kc|788|0|0
2026-08-30|PwGZ3OfJs1E|13|0|0
2026-08-30|PkklJnl476k|17|0|0
2026-08-30|MSHcm-uNlFo|5782|49|0
2026-08-30|TnADZIH3mmg|3|0|0
2026-08-30|rhYv2ld2X4M|1743|29|0
2026-08-30|qsjXsJp06c0|12527|37|3
2026-08-30|-tACjMOflWI|2610|30|0
2026-08-30|tMhiHNUpwio|6445|98|4
2026-08-30|g3yrEeZXWhw|14101|33|3
2026-08-30|XHRFVst6gco|49742|222|13
2026-08-30|8DRAvvyq2sA|51349|238|13
2026-08-30|9W3Cy6cDgLc|400214|696|61
2026-08-30|GLOo2PJ-Qig|17114|154|1
2026-08-30|a8mzDGAcOgA|212097|611|41
2026-08-30|SI7A6pLn9VU|420634|1224|275
2026-08-30|QZ8RbtA4EyI|7309|41|2
2026-08-30|P6m2icYoZo4|119071|1465|76
2026-08-30|fXVKi7x4voU|119178|596|59
2026-08-30|Pq4C8SfeCJw|169353|524|80
2026-08-30|O9q0JB9eoac|30192|74|23
2026-08-30|bAz2DYnOqvU|12562|109|10
2026-08-30|Q6_92YAv7WM|7757|349|35
2026-08-30|4tLvFnx1hIw|65144|277|15
2026-08-30|kodyHPggex4|1287|14|0
2026-08-30|fmZ6z9gIkag|10150|11|0
2026-08-30|oqxP1OUF1TI|31125|180|0
2026-08-30|mawzrxV4bHQ|644809|4394|147
2026-08-30|67YbJrClLdk|712981|5840|74
2026-08-30|5f0Dv4G7Kmk|5918|17|2
2026-08-30|nTTV1YRYvxI|142667|442|11
2026-08-30|-P2LX0UDuYI|60432|174|105
2026-08-30|CoreJFfg83c|16296|50|4
2026-08-30|oijBWHYcGhU|946|1|0
2026-08-30|6vsB5kHQqzw|25832|386|40
2026-08-30|WPmqj444qbo|9427|22|4
2026-08-30|6dURWSTDrzo|6462|32|9
2026-08-30|NQbwvxsEHLc|8831|47|1
2026-08-30|i8-qe0NQL6U|10397|88|0
2026-08-30|uFBC2s2AlhM|526661|10113|1129
2026-08-30|Gx2ldKgJ1U4|72727|267|0
2026-08-30|Hh9spK5QMCY|21970|99|6
2026-08-30|0KL4xDzuZT0|83734|246|49
2026-08-30|QHN4Gubo6vI|52648|822|10
2026-08-30|SYZNTsDke0c|18634|43|18
2026-08-30|3G97G9JyjgE|11229|96|3
2026-08-30|ZUVZlq4hZcM|16931|41|0
2026-08-30|QcVLCljA3wg|228141|559|10
2026-08-30|hqTQyRfOJOU|39952|353|3
2026-08-30|r9i-ItD1xwk|27393|198|33
2026-08-30|4vRfTbheKbk|83007|410|5
2026-08-30|hNXRnssF5gw|34465|257|2
2026-08-30|_2BYTipQndE|10993|2|0
2026-08-30|pMlKP-aYjqg|35009|183|0
2026-08-30|rMMIRsbkSyE|94213|327|16
2026-08-30|41HXVUTQyvM|10253|10|0
2026-08-30|rZEF8qqbCK4|17961|132|5
2026-08-30|0NuBPRKXMz4|18011|225|8
2026-08-30|1j-eu72KcAU|75200|136|3
2026-08-30|Cn_3dC2ILy0|450579|969|8
2026-08-30|XUlnT62atbc|93425|371|20
2026-08-30|bLVbr6c8x-I|51803|325|23
2026-08-30|uaD-mG04Dww|1782|4|2
2026-08-30|0XkNPwpix-c|25931|44|3
2026-08-30|AcF4IQkPfWM|14951|94|11
2026-08-30|nrtsAlh1AKo|38268|76|8
2026-08-30|ABS-REaA_fo|61410|219|42
2026-08-30|fKbJZ-TZmRU|226399|2003|126
2026-08-30|U1Fpm_ZuWwY|4145|11|1
2026-08-30|wQ6pgjOkR-A|10730|63|1
2026-08-30|BAQBgn1j0uE|30671|471|7
2026-08-30|J3ZWHXtGhZs|59894|228|11
2026-08-30|X_w_r5XLgRs|21750|77|3
2026-08-30|3cEA5zxcBPE|16006|105|4
2026-08-30|Wt4Wu4gi6tM|56651|330|7
2026-08-30|t-ItCKdK8Ws|132989|442|35
2026-08-30|Dr7k5U6Fm4E|27076|125|11
2026-08-30|KTZZPh1Cf5E|27000|88|8
2026-08-30|c5axvTRz6Xw|27309|90|1
2026-08-30|4cNC8D53UnA|14378|57|5
2026-08-30|IcYhpFbP0BY|129425|432|50
2026-08-30|G5V6Oq0ZzXM|90343|267|22
2026-08-30|Gxd-RhLsKQY|106625|953|119
2026-08-30|yhiuBhAAJL4|1145|13|0
2026-08-30|MZyqTZxpao8|6734|28|3
2026-08-30|xqjGyhfOu6I|38009|202|8
2026-08-30|DVPHBq9sZXY|11195|27|0
2026-08-30|MRINUTTFq3I|16782|191|4
2026-08-30|KyRL8vpYz9c|2620|17|3
2026-08-30|BUY2TL4jLkA|3480|56|1
2026-08-30|CYatyp-zSRs|5653|92|2
2026-08-30|69cac2PAyy0|17376|236|10
2026-08-30|dyV9582SIFI|107475|1408|33
2026-08-30|8ZjAK0Q-nwE|58783|831|4
2026-08-30|Sat8mBq-oIE|6203|31|0
2026-08-30|I78zTyV_14o|75566|473|7
2026-08-30|uouPQ0deUxs|231032|2295|11
2026-08-30|Lgb_sSOXWjk|2986|51|0
2026-08-30|i-yeH5ILXi8|1756|26|0
2026-08-30|YKY0nkpuegw|142036|618|195
2026-08-30|A9qCyI23mHM|1131|7|0
2026-08-30|8fusWcjW7nk|41431|632|4
2026-08-30|KSZCWU6Tc1Q|40041|371|13
2026-08-30|m2o5tKRTyHI|75810|799|6
2026-08-30|rjRUnGMXirk|33598|112|3
2026-08-30|vORA8SD1Olw|5722|119|1
2026-08-30|sUsOUr_ohXM|419|8|1
2026-08-30|gb2O7cxCXtY|2783|6|0
2026-08-30|oHFQ6aKTAMw|1046048|13976|742
2026-08-30|BpqX7w8uLWs|3917|10|1
2026-08-30|GogB9Xi5FgA|44120|324|3
2026-08-30|kWZly7xUbDs|19876|177|13
2026-08-30|CeJTg-yuriQ|27269|166|15
2026-08-30|cueLnp1-DZY|15003|193|11
2026-08-30|TezPg292lu4|13384|639|22
2026-08-30|akj_lJ0OPwk|79887|211|21
2026-08-30|CqNLlgILwtA|129872|1670|53
2026-08-30|fUv9F9iN4rY|33064|171|21
2026-08-30|pUp6BQaGK1c|21637|127|7
2026-08-30|qxW2Gbz_LTQ|21389|130|5
2026-08-30|YR-6wqfvv0Y|20812|122|5
2026-08-30|Z1321Cei01s|23722|145|2
2026-08-30|1fREWtj_-u4|37912|182|6
2026-08-30|SQOYQ6Br53Y|392928|1346|222
2026-08-30|DPejldgPgk4|58869|183|135
2026-08-30|5_GsQVkBvwI|17393|147|0
2026-08-30|ttZ-GpcQ68Q|1911|2|0
2026-08-30|go7tL2WWegs|12675|863|78
2026-08-30|BQAnFXC-W0I|5438|107|2
2026-08-30|5f6QPXsxxbc|20515|55|350
2026-08-30|kijS4OWKikM|10111|25|97
2026-08-30|BS2eQ_nFK2c|9945|97|2
2026-08-30|Ttw2JK5ufkw|7332|428|6
2026-08-30|hpl-C3bIKu4|19899|82|261
2026-08-30|aU8Ta8MlawQ|2426|9|0
2026-08-30|oSgVJWEiYes|27613|232|6
2026-08-30|ghf8FWl36Ek|3448|45|0
2026-08-30|lhKedEJVYwg|2230|49|0
2026-08-30|QcqTbbRq6jg|1550|4|0
2026-08-30|_IBivBPj4hU|100092|243|11
2026-08-30|MxBUe2qwop8|119729|601|67
2026-08-30|380rPomgH6E|2892|54|1
2026-08-30|0wMfCenQIow|320538|4147|134
2026-08-30|m5qoLOkX6M8|447997|2574|147
2026-08-30|MoF8jDpyNBU|170651|2142|432
2026-08-30|n-QR5ishboM|1471455|78692|3391
2026-08-30|G2Cf4tiZzgs|10379|80|2
2026-08-30|ECl7n_y3_6k|15919|99|3
2026-08-30|thdcI40Eg1c|398180|1309|138
2026-08-30|HkgBj88Ufws|40316|289|9
2026-08-30|l7mG1yNRoRM|26108|202|0
2026-08-30|d2LUkxSgzYY|7603|13|1
2026-08-30|BPqXhmMbNXs|2839|13|2
2026-08-30|LHYq73P59FY|93148|308|698
2026-08-30|PqfQsJNlJv4|2038|18|0
2026-08-30|TRu-oWIjKQA|37386|176|13
2026-08-30|puv3t89HOTE|6936|282|8
2026-08-30|PzXhokWul3k|7215|95|2
2026-08-30|UM3iwsk7Z4I|2261|23|5
2026-08-30|gNl6BQZDNIg|136497|2853|199
2026-08-30|EBobuLV-TwI|115478|310|54
2026-08-30|n_Q1vAlM9a4|318|1|0
2026-08-30|dCw3VSVWicQ|30488|461|16
2026-08-30|8UAPstK6aSo|95690|311|7
2026-08-30|aZnXt9keYfQ|364519|1964|13
2026-08-30|CcwLFAHo5f0|25959|54|1
2026-08-30|ukqoLW_sZFc|36868|266|4
2026-08-30|7cTRlAzkAUc|25231|431|1
2026-08-30|V_XbN__HCG0|7106|62|2
2026-08-30|qWPjzvRXVbI|19723|163|2
2026-08-30|bQqpIPXV2Xg|29551|193|0
2026-08-30|Joi_wAzO1wA|5187|13|2
2026-08-30|A5XMblOTaBA|10539|96|4
2026-08-30|agOxd0ZdxSw|26502|623|4
2026-08-30|yyyur-_2rKs|31581|508|3
2026-08-30|0f-moY5gbTg|218554|2863|206
2026-08-30|nN76UHU6gXE|35236|318|0
2026-08-30|vxhfteZmW8s|21001|151|0
2026-08-30|iburAtUiLdk|37046|199|13
2026-08-30|ITZTxbeLnsQ|11121|29|1
2026-08-30|2e2-LJi3rGU|6555|12|0
2026-08-30|3oLHqq-F1FU|39521|289|10
2026-08-30|xlxeX6Xe6q4|59821|361|5
2026-08-30|WqzHi2PSDZs|118105|465|20
2026-08-30|ejN7TRD-Za8|10751|35|0
2026-08-30|DzLiRp21A_c|10432|36|0
2026-08-30|Bp8shtjY3MI|33763|70|3
2026-08-30|sou1L6_aQ9s|6488|13|0
2026-08-30|BN7FilO4crA|6496|5|0
2026-08-30|yEQ0oqc4_yg|29786|59|1
2026-08-30|S4slQ6je90k|45833|168|0
2026-08-30|xMZuqezyQzE|119737|408|20
2026-08-30|wRzlB0M2cHU|113369|375|16
2026-08-30|ZFJp7DuUFd4|15694|10|1
2026-08-30|olL-snEQ9Wo|2814|3|0
2026-08-30|JrTJ8XdA2tA|6937|36|0
2026-08-30|5-WnZyJbhWQ|4578|2|0
2026-08-30|Csl2NYECYn8|5037|26|0
2026-08-30|5OBUDCyarqE|22988|146|11
2026-08-30|MbHfvRSCVj0|86727|315|22
2026-08-30|7n-8Ul_L8K0|43778|180|55
2026-08-30|GdvtSNxwOxQ|16909|89|4
2026-08-30|QIpWyhpesic|35880|171|24
2026-08-30|vepsWkz8GC0|32892|154|4
2026-08-30|ZA0Ixa24eNI|22013|152|8
2026-08-30|PcOrMhvbCA0|19019|119|4
2026-08-30|J6MBW9vIfZo|23460|118|6
2026-08-30|ehKBfx6__Rs|32957|196|5
2026-08-30|A78x1vhnuu0|131746|319|19
2026-08-30|d_CCBYKCxdU|96405|256|27
2026-08-30|nQWv70PTHFM|190165|1079|121
2026-08-30|zD_Vu-Fpwoc|65702|341|4
2026-08-30|PP-hjILJBtc|27584|235|2
2026-08-30|1JDnTRWoAAw|30622|269|22
2026-08-30|qH812wHsx5E|59276|274|77
2026-08-30|fIeE4iecOrI|16234|226|8
2026-08-30|L-dswC-fTFg|562015|3356|277
2026-08-30|K_Gr2RYlZww|702|9|2
2026-08-30|bw92kf4EoBA|446644|3753|53
2026-08-30|ZkAdT7TvAEc|59674|149|27
2026-08-30|-BBIxQd1TGg|21902|170|1
2026-08-30|hC1YgX8pGzs|144415|916|9
2026-08-30|ut_QlwePpU8|964924|4351|69
2026-08-30|xo8X0AC3GfU|337347|3262|438
2026-08-30|eRkET84jeIA|445165|3994|230
2026-08-30|5fJSQxAupmk|191959|1461|6
2026-08-30|wtmNOv_99Yo|24392|98|0
2026-08-30|XkBZf4ogtXU|25902|137|49
2026-08-30|hXYjK4in0MM|1912566|9541|1092
2026-08-30|NsLTnaF94pM|313968|1405|418
2026-08-30|P9ftgCpzZIg|24629|131|3
2026-08-30|b7BCKuSxJ-c|115037|384|45
2026-08-30|flFMslm2g7A|8977|68|3
2026-08-30|4am4BvTNJMs|202092|726|252
2026-08-30|DjTOcj0WugM|3512|39|2
2026-08-30|fLr40CqvMVo|1586|8|0
2026-08-30|bJblvvVkKbc|8525|43|5
2026-08-30|DTQ581dJcoU|10931|27|0
2026-08-30|n1fCSfAJ1wQ|51378|350|36
2026-08-30|R1AnvPynOUo|2907|29|0
2026-08-30|V_wo5qh0jHE|7136|160|0
2026-08-30|yfDdbFGI5ms|1963|33|0
2026-08-30|s9m1eU1G4dk|1376|12|0
2026-08-30|J3GKqAb6x5k|443210|1310|31
2026-08-30|3fOdERE0MlY|36526|594|15
2026-08-30|bFTlFPkhv_k|17763|42|13
2026-08-30|MQodRUkDBo4|20847|227|1
2026-08-30|0u7jCZ3n9SM|31190|153|2
2026-08-30|jw4o57Z3GcU|7111|36|0
2026-08-30|S9ARcq9pN_o|19108|262|2
2026-08-30|YPP-I068PJI|9284|86|0
2026-08-30|XOJ-OF0wYzg|15097|134|1
2026-08-30|cN9SDRbA3uo|38782|260|4
2026-08-30|9jPBiRO2hgc|24109|139|16
2026-08-30|FWVcokYZvZo|7145|97|0
2026-08-30|SAH48CpIRHA|10870|311|8
2026-08-30|X7ljyx4HXrA|15639|133|4
2026-08-30|bXzPH5D3Xh0|24611|341|3
2026-08-30|y_w94JrFyso|14844|138|8
2026-08-30|orUhoOEFPik|11542|131|16
2026-08-30|XTogCC1RHXU|22726|153|0
2026-08-30|9jw6tjqKtFE|29031|215|24
2026-08-30|KGvfYwKRUNI|27939|401|3
2026-08-30|NVtjaivV03k|28621|308|11
2026-08-30|A1DjNeovgw0|92325|343|312
2026-08-30|1Kd-C432Xg0|19540|150|8
2026-08-30|YvJ5N_HEoOI|70518|215|8
2026-08-30|dit6UHp_FG0|29039|143|7
2026-08-30|R38GAAFeBvw|16177|142|4
2026-08-30|lAUU4gKCfNY|22068|154|7
2026-08-30|A3ZS2IKk6Ys|17258|152|22
2026-08-30|kRcgF0tfpKM|35494|188|13
2026-08-30|jD_I5gr_HZs|142717|1960|25
2026-08-30|9MQWGHpDbxk|251451|2501|14
2026-08-30|TRpoRiwRtNc|11684|63|11
2026-08-30|bbyXp1WykKg|18021|130|3
2026-08-30|2lN4YQknXGU|2822|25|1
2026-08-30|5oKktsmXLos|84259|385|38
2026-08-30|6qfEMJK6JNM|2300|5|0
2026-08-30|e8koYNDWFaU|5624|63|2
2026-08-30|SOlCEZodf0Y|16960|71|0
2026-08-30|MPnFJZVFNHk|238|0|0
2026-08-30|WlJ1UqVYgCo|31517|124|7
2026-08-30|qr_6a9UX43I|219|0|0
2026-08-30|lpxHN-F7X8I|118|0|0
2026-08-30|lAelGWly5s8|1208|0|0
2026-08-30|-qEao7wsSkE|31790|238|0
2026-08-30|rE7QCmIiFtM|56901|166|6
2026-08-30|ReqMUlbJib4|88314|172|3
2026-08-30|GGHh1d0lC7Q|813|3|0
2026-08-30|ZXIxB54zTTA|11382|10|1
2026-08-30|_-OUxUf5Fa4|28810|281|3
2026-08-30|i69DEZpQSrc|11193|89|1
2026-08-30|anHhFbP5uJQ|10955|39|0
2026-08-30|ys08Qb7wo_8|4684|25|3
2026-08-30|QRhw-L6-9m0|5444|23|3
2026-08-30|rufeGLx43dA|9605|63|0
2026-08-30|OmKqN4tOy4s|6926|57|1
2026-08-30|C0z9huPpYsQ|2248|11|0
2026-08-30|UlZni2SiJAo|11450|18|0
2026-08-30|TfLWfD3ZJZ0|13434|77|1
2026-08-30|1Fo34sGZeR4|8334|60|1
2026-08-30|eFUHTBb-m34|3731|27|4
2026-08-30|ZanbNkqnh7g|155293|2727|117
2026-08-30|HX9Nu32THuE|15970|102|3
2026-08-30|7DY5ep1RxUI|208157|1212|125
2026-08-30|CCsKkRwVbKw|286993|1858|0
2026-08-30|VRxNgN9cWWo|69014|569|10
2026-08-30|OdPM5MgtQ6Y|15378|97|4
2026-08-30|ZBkLnku0T_k|298213|1936|65
2026-08-30|Tpnr1FTrQVo|515966|3642|778
2026-08-30|Vgrcu91SWp0|43177|555|3
2026-08-30|0d17iI4J7iE|3206|16|0
2026-08-30|7G1oTrFdHKk|27147|227|1
2026-08-30|b095Ic6uIPQ|333378|4289|396
2026-08-30|90oozTNkUK8|107541|510|18
2026-08-30|LHYl5V46vUc|1737|6|0
2026-08-30|nzrWQe9cS_c|258776|722|119
2026-08-30|UtWFbboK8CU|83400|902|541
2026-08-30|79Rufrdal7w|231521|1435|468
2026-08-30|ATNJSq-dEDk|618466|6266|803
2026-08-30|Lo6sIX-vWE4|2266816|14767|305
2026-08-30|Gc6oVftIpyE|102749|513|8
2026-08-30|QYosGfKX7Rc|34686|170|2
2026-08-30|wMswI94ZW0Q|67295|383|7
2026-08-30|6VaHvuzGjMs|65324|395|3
2026-08-30|N1o2WG9z7ds|15254|94|0
2026-08-30|H3_U2tQSj_M|2018|10|0
2026-08-30|d0OnhOlWXfk|2475|21|3
2026-08-30|wHMo_lzOrFg|5845|38|1
2026-08-30|wcNmqE4DCCE|4013|37|2
2026-08-30|g3X8V9myINA|33122|131|0
2026-08-30|-r4nrI3mCKs|7597|19|1
2026-08-30|CRRkbwfpt74|3637|18|2
2026-08-30|sukR6SSlrlM|3533|15|3
2026-08-30|loKVRZJlahs|13159|89|1
2026-08-30|nGHdfHpY3Fk|1873|10|0
2026-08-30|wzPEqbOsJ6E|7181|30|0
2026-08-30|ApzwxxjkAlA|2774|24|2
2026-08-30|297uNUeccIM|1127|11|0
2026-08-30|J4-jNA0Pd78|2795|15|0
2026-08-30|-lt1QmuefT4|1823|40|0
2026-08-30|EWycpzICKAg|75037|681|5
2026-08-30|BzGNXX5C6to|145|2|0
2026-08-30|9ZmXQ8OAOuc|11134|286|3
2026-08-30|yIp-yYXG_d8|496908|4028|791
2026-08-30|Bgxm3xjTIVs|68359|741|0
2026-08-30|6KEe6b-kHPU|8303|95|4
2026-08-30|b_lokB1OvJA|2017|10|0
2026-08-30|Ar4GD-JzKw8|2743|29|2
2026-08-30|fzellixCIac|21386|153|15
2026-08-30|z1q5o94gKM8|1059431|17845|153
2026-08-30|ntEniRG7uLU|11886|47|0
2026-08-30|FY37BqbYn_g|509420|2619|73
2026-08-30|zOl-NqmYLOk|15493|402|5
2026-08-30|D3HviXFvvM0|35118|292|52
2026-08-30|d9pmughgtwg|17533|554|17
2026-08-30|2JNXHdzldts|13434|681|27
2026-08-30|euUAMRVyqCw|522|5|0
2026-08-30|QZyBb53FIaY|12018|89|21
2026-08-30|336QzJQ3Fqo|22736|65|2
2026-08-30|cykXvjWR82U|7974|39|0
2026-08-30|IYFTd1rRqlM|3346|24|0
2026-08-30|T4tMRoyD6Tg|18001|143|0
2026-08-30|W1kDOqqWNiw|894767|3738|767
2026-08-30|_N5__mxyHu4|4352|18|3
2026-08-30|y1VasAIKcc4|502431|5573|1048
2026-08-30|SwFPSv_UO8E|3137|18|0
2026-08-30|W_FDsbyPbyw|178278|3226|304
2026-08-30|wpKbpYWl-ZU|110025|890|267
2026-08-30|twxPivGgrmA|13864|167|14
2026-08-30|nDYoeKuSdUc|798|8|1
2026-08-30|f3PAmGaHC6I|588|8|0
2026-08-30|nsSUJOaSEMo|1520092|9806|1235
2026-08-30|HEbifvHfxhg|716|10|0
2026-08-30|aMOrloU5Bho|927294|1082|502
2026-08-30|3QV0aZqIfqU|209080|1459|677
2026-08-30|UqdIDiSNLTs|5037|263|9
2026-08-30|pmnYpzpYj_U|570|8|0
2026-08-30|V0cqWvM9un4|2557|28|3
2026-08-30|2r5YY33Qwmo|6810|204|3
2026-08-30|yxhvHbnUxRM|178902|799|77
2026-08-30|WQn_xJN4AKI|92217|272|5
2026-08-30|ryKn06xHBC0|9134|129|0
2026-08-30|wwpyZhKgDf8|2089553|5492|546
2026-08-30|G0QlQeipHiM|37496|578|9
2026-08-30|NNeZPCTS-Bw|23942|241|6
2026-08-30|N1CA6eTb0Xk|401337|328|11
2026-08-30|SZG61RHRxJg|7695|173|1
2026-08-30|rkP8lCBxnac|2449|21|1
2026-08-30|Raa-RK_ukIA|2449|35|1
2026-08-30|a-H202UsWsI|422221|1895|46
2026-08-30|UMApdFCJeuc|13755|100|0
2026-08-30|CDhtpYWNEuk|1532866|6847|2316
2026-08-30|ibFx1nX1sgA|11543|58|3
2026-08-30|IbBvql5hDeU|30661|49|11
2026-08-30|8o3WopvAA2c|19394|134|8
2026-08-30|RdkmPzPR_HY|2266|26|1
2026-08-30|RF_UISiIbsY|925|6|1
2026-08-30|ZrYfcVake6c|1700|27|1
2026-08-30|4u_Pf7IGTCE|4229|33|1
2026-08-30|SOtVVcNgGu4|27514|173|1
2026-08-30|y3UyJpuPenY|11418|80|1
2026-08-30|oglsuBxD0oU|40849|221|36
2026-08-30|jyzl5ypqkPA|12829|32|0
2026-08-30|adZXauhEd64|445676|4881|716
2026-08-30|_KwjuZz84bc|7818|46|9
2026-08-30|verIZkZyQaw|22437|239|0
2026-08-30|c7fWOs2zG4g|57932|551|6
2026-08-30|hDlNR3qCMCs|20884|182|6
2026-08-30|bcavqk4OFwY|150330|912|109
2026-08-31|ndnsdvf2UOg|1613318|11003|189
2026-08-31|aCm-R1z8BOw|57750|339|2
2026-08-31|kccnaxP_NiQ|1084|7|0
2026-08-31|2NxM6YPd9Ow|58255|0|24
2026-08-31|11fjfr_3h7w|334190|1870|148
2026-08-31|4MAeQqJlJ4c|434663|5998|1035
2026-08-31|YPTcQIX0ni0|1836|16|0
2026-08-31|3YpZjUoktp8|32831|322|71
2026-08-31|8SBwBQ7FU8k|173664|618|15
2026-08-31|9dUVTjsWEWY|3627|70|0
2026-08-31|LU1aE6gAttQ|421989|3265|136
2026-08-31|JSgLr05KU5c|407773|2237|39
2026-08-31|KD9m57hmQ1U|79330|771|31
2026-08-31|vCskdrgg2aU|20226|146|6
2026-08-31|PkpD9BBiLsE|7556|108|0
2026-08-31|DiRR2H1A9yQ|25134|113|2
2026-08-31|gwhNa5YtJ5k|12730|46|0
2026-08-31|MdUDoa6ASz4|164677|1008|128
2026-08-31|II0kP2Z-kOA|128324|603|72
2026-08-31|amdShzAYNNo|13907|111|0
2026-08-31|ebd-2gGtWvQ|1938749|8545|541
2026-08-31|gf6DYM5CBLY|37561|134|24
2026-08-31|tG7ukoOHshU|874|1|0
2026-08-31|OqykuLsbPJY|537|2|0
2026-08-31|vcwdGO4CxtI|1546|22|3
2026-08-31|ws2k6mDbIjA|4361|80|0
2026-08-31|5WDy9d4-VzU|51551|69|0
2026-08-31|9yYzWPYnU_M|54108|216|9
2026-08-31|-iYyMycjWls|367410|867|364
2026-08-31|hts99qih4SY|353277|962|350
2026-08-31|fd5-BG5aKSA|43|0|0
2026-08-31|Bd3fQTRslwQ|17360|47|0
2026-08-31|ewpKds8BhO4|11886|53|0
2026-08-31|Fx8GIlv9Vug|6329|47|0
2026-08-31|FAhR_8iWbH4|1577|8|0
2026-08-31|mjtYuA6qLnU|5150|25|0
2026-08-31|tN5hE5vhBwI|23589|222|2
2026-08-31|yLCbROh-CM4|27167|382|7
2026-08-31|nL94muRYUOk|20339|53|3
2026-08-31|PrE7nP_My7I|4515|50|0
2026-08-31|tDnvqinl1Bs|137881|1392|111
2026-08-31|GfWYJvY9bz4|23720|63|53
2026-08-31|7in3anQRXyE|66423|303|122
2026-08-31|PmlV5Zzda_g|8208|82|0
2026-08-31|I71O3e5Y9tA|2559|22|0
2026-08-31|WH904Q1wJy8|25662|342|8
2026-08-31|3I14Uw9_1os|32696|181|14
2026-08-31|nOyG-hr3VdA|13291|175|13
2026-08-31|y9hZtLVR7kU|34396|167|50
2026-08-31|S4UF0sA-5cU|2968|55|8
2026-08-31|ELR-8WSCkv0|25179|1943|189
2026-08-31|rVjGKnh6l3I|269944|881|134
2026-08-31|74b8Cmd9We4|438518|1905|262
2026-08-31|wyI4bpcpLoA|796|14|0
2026-08-31|mbcIssHqUB8|1155|3|0
2026-08-31|93ri11_1Ozw|78637|287|21
2026-08-31|HGGTGrfKWes|7426|61|0
2026-08-31|7Eha3kiOgQ0|87948|367|11
2026-08-31|1D_JPWun7NY|97270|362|23
2026-08-31|5pT3jDpOpzE|109263|396|19
2026-08-31|asq0q1T9b-Q|120829|471|24
2026-08-31|TIVfSu9JD6A|105612|1316|13
2026-08-31|1deBCFjppDU|11|0|0
2026-08-31|ZUtBMUMYG_0|11090|10|0
2026-08-31|bU_ka0pswg4|9127|52|0
2026-08-31|7BfiZztqLsc|1142|13|0
2026-08-31|LKRCwUEUMOw|5090|24|0
2026-08-31|v6OKh2hSqfo|12543|95|4
2026-08-31|Cf7yF-oYbDs|25260|432|1
2026-08-31|7eUgNmTsFGM|4644|35|0
2026-08-31|qB6mWwfDSwI|2547|25|0
2026-08-31|LbRvLjRRtMg|15138|126|3
2026-08-31|gooKL13LkgY|11348|38|8
2026-08-31|KEXb83VeLeY|11145|41|4
2026-08-31|Dgb6dJSw9wU|1735|21|0
2026-08-31|e68zq7HY_j4|1925|21|0
2026-08-31|HQhCAGe6_Ok|34053|152|22
2026-08-31|6ivpF9VFFus|24694|235|7
2026-08-31|3BvEX6eXdGU|10496|87|1
2026-08-31|ujneQVaQhAo|87915|344|16
2026-08-31|g5QEUKg1-Ns|59441|220|23
2026-08-31|y7xWOiAyNx8|98801|185|12
2026-08-31|XRjogHYGEMc|102244|302|16
2026-08-31|G-pFxam6ygA|35864|122|8
2026-08-31|GVZhqx5ai8Q|34201|373|35
2026-08-31|d2rU7XWv7fA|202694|1102|55
2026-08-31|LMfaSJwfwuU|200120|1593|13
2026-08-31|-LSfMBS8jiw|19415|74|0
2026-08-31|1KxQlI3PuEw|4393|136|0
2026-08-31|H83TxAW9Lh8|2357|25|1
2026-08-31|0fnI47s_izA|1221|8|0
2026-08-31|r8DWffLhnPo|1706738|2295|308
2026-08-31|MB-maN8rJdA|82684|0|29
2026-08-31|OiYAvVH0ErA|44197|381|2
2026-08-31|5L_oDD5yqaA|279524|913|21
2026-08-31|IcXowLV635Q|43588|698|8
2026-08-31|pGhTAFvmb_g|6803|281|135
2026-08-31|C2CT3-Mt_Jk|173630|668|233
2026-08-31|W-q1oC2nsKA|173614|588|46
2026-08-31|nGWBco8_-vw|161801|598|107
2026-08-31|ciTZhv9SWUY|234309|871|127
2026-08-31|QO0psotSqkc|49044|170|15
2026-08-31|hrEPSXvr7kM|36224|385|7
2026-08-31|JK8T86-9zAk|53319|216|54
2026-08-31|rhYv2ld2X4M|12667|88|0
2026-08-31|YW6H72GqdNA|166542|1768|153
2026-08-31|QZ8RbtA4EyI|16658|102|5
2026-08-31|iRnoOMlWjv4|25327|636|1
2026-08-31|hxIKm-0iIRM|176375|1085|44
2026-08-31|ZZxlMvfA-OY|34494|84|5
2026-08-31|4tLvFnx1hIw|74057|296|17
2026-08-31|9W3Cy6cDgLc|467651|768|71
2026-08-31|P6m2icYoZo4|188933|1786|100
2026-08-31|FWG1WDh3TfI|211216|1387|99
2026-08-31|bAz2DYnOqvU|86978|342|45
2026-08-31|Zvku6gByzzo|61269|144|26
2026-08-31|bzZO9TcWE0c|37810|160|135
2026-08-31|Pxwarvlob3A|89283|598|96
2026-08-31|-tACjMOflWI|6864|38|0
2026-08-31|qsjXsJp06c0|46897|138|10
2026-08-31|3JINkkr_1iE|3549|42|1
2026-08-31|tMhiHNUpwio|75805|465|10
2026-08-31|_GrqOK4cGJI|32879|268|0
2026-08-31|1CsN47WUsoY|16503|26|8
2026-08-31|IaRd2I6klz0|9215|162|0
2026-08-31|RjmWnhr0XKI|211242|1715|99
2026-08-31|zehV5m4S1bA|11333|28|6
2026-08-31|Xm8_jV1FGvA|16382|42|4
2026-08-31|5sqtHJGCsS8|3276|11|1
2026-08-31|votR8em66vQ|27957|66|5
2026-08-31|q4hDHYdpKVM|13956|241|1
2026-08-31|avwwhMOdiCM|12535|134|0
2026-08-31|DSwqk5xFX7g|11486|24|3
2026-08-31|CuWuNuv4-NA|14899|158|0
2026-08-31|wN8qsu7QllI|312|2|1
2026-08-31|WeKlxEce3D0|3101|28|0
2026-08-31|49IzVa7dcOk|149197|1146|189
2026-08-31|fmB-sGVLRbA|286771|1555|11
2026-08-31|1K5upafRMBA|491311|2730|27
2026-08-31|xBP9Y1c5oSg|48045|709|2
2026-08-31|h2fQJ9uBaPc|19295|25|0
2026-08-31|8cbuwoFT-lY|5861|25|2
2026-08-31|sTZHBAYZwSI|22422|181|1
2026-08-31|9Ctitp6bbvU|21918|493|5
2026-08-31|cpEpIbZ5mmo|25382|56|1
2026-08-31|DjMp_-NLXKs|61333|455|3
2026-08-31|oFrU_wuIUNc|332229|2200|100
2026-08-31|wYUWBqaGdrg|28039|168|6
2026-08-31|aka69nY850k|369584|767|127
2026-08-31|tYRHxEMpGkU|17189|195|4
2026-08-31|9OAzCSXaxUI|18264|107|5
2026-08-31|g3yrEeZXWhw|32937|72|5
2026-08-31|whiyHPqxOzw|79435|283|53
2026-08-31|MSHcm-uNlFo|13213|80|1
2026-08-31|2qbvbDgi-GA|3674|21|0
2026-08-31|goadltFNYCI|3142|24|0
2026-08-31|238xsZ4dDwc|184502|640|28
2026-08-31|X9ovK0L-t_I|8469|48|2
2026-08-31|vGwKsEtkbSM|68938|366|10
2026-08-31|fNrjqab3-OU|6320|38|0
2026-08-31|wUIbQHE4GRQ|14310|15|1
2026-08-31|SkXXg-nTZog|19367|26|0
2026-08-31|cIQDVVjAdPo|11957|13|1
2026-08-31|liiQHdWtMw4|207342|995|201
2026-08-31|8DRAvvyq2sA|71578|295|18
2026-08-31|r4_4oriebtY|101750|368|19
2026-08-31|O9q0JB9eoac|39646|87|24
2026-08-31|YVqacajNRpA|248367|527|52
2026-08-31|6MLW9pVRYDg|119127|400|11
2026-08-31|kxIgWpFNVik|70135|267|17
2026-08-31|XHRFVst6gco|63446|255|14
2026-08-31|gCEhGvuzvIk|103199|436|27
2026-08-31|fXVKi7x4voU|201504|770|85
2026-08-31|a8mzDGAcOgA|307184|789|49
2026-08-31|SI7A6pLn9VU|679758|1625|361
2026-08-31|Pq4C8SfeCJw|306916|689|121
2026-08-31|Q6_92YAv7WM|387671|1164|114
2026-08-31|GLOo2PJ-Qig|17161|156|1
2026-08-31|QNfLts-msAE|237|1|0
2026-08-31|mz4Rv-cj6j8|148412|385|90
2026-08-31|iKPSR2qnZy8|247024|1462|150
2026-08-31|04cy2BEDDsc|309847|2865|109
2026-08-31|tRCqBh7ppHE|462342|2734|348
2026-08-31|TD1nQk868lU|10056|331|27
2026-08-31|r2UO5TYbj6o|63361|679|5
2026-08-31|NzlT44MNvzs|7320|104|3
2026-08-31|-KUJJAJ3mFs|5209|79|4
2026-08-31|ZLQOcG4qXjs|20456|261|14
2026-08-31|PKZL6ZxrmMc|1789|11|0
2026-08-31|cP02ApXIJXg|10322|41|2
2026-08-31|nRftEKJYJMY|17208|167|3
2026-08-31|mcO4qyFjOlA|6703|13|0
2026-08-31|QwFBFUGSIts|8298|52|0
2026-08-31|VnbJ0Xm4Wjg|16769|169|1
2026-08-31|U0HjZWsbvYU|10446|261|15
2026-08-31|XeNHnYXeAHQ|9859|32|49
2026-08-31|ORMyWCTnsxA|15830|41|67
2026-08-31|WyWZIRxp_GQ|16297|52|124
2026-08-31|yWuCjDREctE|36014|168|71
2026-08-31|WA_wqIkTYnw|3850|60|4
2026-08-31|onK08O1QPdY|3924|14|3
2026-08-31|F257YmTLsuk|499965|150|32
2026-08-31|q_T10SU913Y|133170|4155|176
2026-08-31|kodyHPggex4|2681|26|0
2026-08-31|TnADZIH3mmg|5|0|0
2026-08-31|PkklJnl476k|22|0|0
2026-08-31|MkNq55rcdt4|50|0|0
2026-08-31|PwGZ3OfJs1E|31|0|0
2026-08-31|IoA07mLh9Kc|976|0|0
2026-08-31|PPKZDSJ3bjM|986|0|0
2026-08-31|b7Oy7PWK028|346996|939|132
2026-08-31|gk8h-QK3OzU|16686|59|37
2026-08-31|QKesDVcHXuc|632313|2938|43
2026-08-31|TONwPXkLMXM|26167|20|0
2026-08-31|U-9IPl9WwoU|519|1|0
2026-08-31|Adna9yfYqhA|5|0|0
2026-08-31|YBr1LItM8YI|81184|0|59
2026-08-31|KSZCWU6Tc1Q|43346|386|13
2026-08-31|yhiuBhAAJL4|1157|13|0
2026-08-31|nrtsAlh1AKo|81060|161|16
2026-08-31|Gxd-RhLsKQY|118539|1037|127
2026-08-31|rjRUnGMXirk|45447|131|3
2026-08-31|wQ6pgjOkR-A|12649|97|1
2026-08-31|m2o5tKRTyHI|75917|799|6
2026-08-31|QHN4Gubo6vI|72559|998|14
2026-08-31|8fusWcjW7nk|43766|662|4
2026-08-31|i8-qe0NQL6U|13932|139|0
2026-08-31|uouPQ0deUxs|269387|2558|11
2026-08-31|I78zTyV_14o|77652|478|7
2026-08-31|Sat8mBq-oIE|6209|31|0
2026-08-31|8ZjAK0Q-nwE|59228|834|4
2026-08-31|dyV9582SIFI|141566|1773|42
2026-08-31|Gx2ldKgJ1U4|190047|517|0
2026-08-31|bLVbr6c8x-I|108879|505|36
2026-08-31|MZyqTZxpao8|8309|32|3
2026-08-31|pMlKP-aYjqg|35916|186|0
2026-08-31|nTTV1YRYvxI|283859|718|17
2026-08-31|oqxP1OUF1TI|34873|199|0
2026-08-31|5f0Dv4G7Kmk|6770|29|3
2026-08-31|AcF4IQkPfWM|24245|159|25
2026-08-31|6vsB5kHQqzw|37711|480|44
2026-08-31|Hh9spK5QMCY|29889|115|6
2026-08-31|QcVLCljA3wg|437551|917|20
2026-08-31|U1Fpm_ZuWwY|5277|11|1
2026-08-31|CoreJFfg83c|19128|52|4
2026-08-31|CYatyp-zSRs|7570|123|2
2026-08-31|Cn_3dC2ILy0|909887|2667|25
2026-08-31|NQbwvxsEHLc|10528|52|2
2026-08-31|4vRfTbheKbk|112994|523|6
2026-08-31|r9i-ItD1xwk|35160|317|34
2026-08-31|3G97G9JyjgE|15131|121|4
2026-08-31|MxBUe2qwop8|123055|608|67
2026-08-31|sUsOUr_ohXM|617|9|1
2026-08-31|69cac2PAyy0|19113|258|11
2026-08-31|mawzrxV4bHQ|691185|4604|149
2026-08-31|Lgb_sSOXWjk|4716|78|0
2026-08-31|CqNLlgILwtA|217531|2718|66
2026-08-31|xqjGyhfOu6I|40722|209|9
2026-08-31|_2BYTipQndE|11146|2|0
2026-08-31|1fREWtj_-u4|41532|184|6
2026-08-31|Z1321Cei01s|25026|149|2
2026-08-31|oHFQ6aKTAMw|1206984|15217|834
2026-08-31|BS2eQ_nFK2c|11293|104|2
2026-08-31|5_GsQVkBvwI|18757|152|0
2026-08-31|SQOYQ6Br53Y|398407|1346|224
2026-08-31|akj_lJ0OPwk|85955|223|24
2026-08-31|0XkNPwpix-c|45719|72|5
2026-08-31|XUlnT62atbc|136298|490|29
2026-08-31|uaD-mG04Dww|1812|5|2
2026-08-31|qxW2Gbz_LTQ|22863|131|5
2026-08-31|oijBWHYcGhU|962|1|0
2026-08-31|pUp6BQaGK1c|23191|128|7
2026-08-31|fUv9F9iN4rY|34945|175|21
2026-08-31|fmZ6z9gIkag|11931|12|0
2026-08-31|41HXVUTQyvM|13160|11|0
2026-08-31|J3ZWHXtGhZs|68480|236|11
2026-08-31|ABS-REaA_fo|69370|232|45
2026-08-31|67YbJrClLdk|742682|5987|74
2026-08-31|YKY0nkpuegw|181245|705|204
2026-08-31|A9qCyI23mHM|1249|8|0
2026-08-31|IcYhpFbP0BY|232487|570|68
2026-08-31|MRINUTTFq3I|22226|317|5
2026-08-31|3cEA5zxcBPE|17505|116|4
2026-08-31|Wt4Wu4gi6tM|65375|374|10
2026-08-31|0KL4xDzuZT0|91043|252|55
2026-08-31|t-ItCKdK8Ws|151833|473|36
2026-08-31|Dr7k5U6Fm4E|29066|129|11
2026-08-31|KTZZPh1Cf5E|29924|92|8
2026-08-31|c5axvTRz6Xw|29718|93|1
2026-08-31|X_w_r5XLgRs|24855|81|3
2026-08-31|G5V6Oq0ZzXM|161240|375|30
2026-08-31|ZUVZlq4hZcM|44201|96|3
2026-08-31|YR-6wqfvv0Y|22658|125|5
2026-08-31|4cNC8D53UnA|16671|63|5
2026-08-31|GogB9Xi5FgA|60722|421|3
2026-08-31|_IBivBPj4hU|113089|259|11
2026-08-31|-P2LX0UDuYI|85798|240|141
2026-08-31|WPmqj444qbo|14218|30|6
2026-08-31|SYZNTsDke0c|32439|64|27
2026-08-31|hNXRnssF5gw|35991|264|2
2026-08-31|1j-eu72KcAU|116505|236|5
2026-08-31|0NuBPRKXMz4|21157|275|11
2026-08-31|rZEF8qqbCK4|22525|187|5
2026-08-31|DPejldgPgk4|65404|204|142
2026-08-31|6dURWSTDrzo|8808|34|9
2026-08-31|uFBC2s2AlhM|667092|11553|1643
2026-08-31|TezPg292lu4|18158|846|25
2026-08-31|cueLnp1-DZY|21909|260|19
2026-08-31|CeJTg-yuriQ|29280|183|16
2026-08-31|kWZly7xUbDs|21732|186|13
2026-08-31|aU8Ta8MlawQ|3434|13|0
2026-08-31|ttZ-GpcQ68Q|2508|8|0
2026-08-31|Ttw2JK5ufkw|13283|884|14
2026-08-31|hpl-C3bIKu4|24397|93|303
2026-08-31|kijS4OWKikM|11582|34|103
2026-08-31|5f6QPXsxxbc|26174|59|387
2026-08-31|BUY2TL4jLkA|58081|104|2
2026-08-31|vORA8SD1Olw|82039|240|3
2026-08-31|DVPHBq9sZXY|11412|27|0
2026-08-31|i-yeH5ILXi8|1987|28|0
2026-08-31|KyRL8vpYz9c|3239|21|3
2026-08-31|fKbJZ-TZmRU|248280|2122|132
2026-08-31|hqTQyRfOJOU|40549|356|3
2026-08-31|BpqX7w8uLWs|4258|12|0
2026-08-31|QcqTbbRq6jg|1747|4|0
2026-08-31|gb2O7cxCXtY|3146|10|0
2026-08-31|BQAnFXC-W0I|6385|114|2
2026-08-31|oSgVJWEiYes|32945|350|7
2026-08-31|ghf8FWl36Ek|3848|48|0
2026-08-31|lhKedEJVYwg|2655|62|0
2026-08-31|BAQBgn1j0uE|34136|496|8
2026-08-31|go7tL2WWegs|23258|1320|98
2026-08-31|A5XMblOTaBA|14726|113|4
2026-08-31|agOxd0ZdxSw|26784|623|4
2026-08-31|yyyur-_2rKs|31650|508|3
2026-08-31|S4slQ6je90k|48702|171|0
2026-08-31|bQqpIPXV2Xg|29623|195|0
2026-08-31|0f-moY5gbTg|227252|2923|209
2026-08-31|wRzlB0M2cHU|122189|412|16
2026-08-31|qWPjzvRXVbI|27517|255|3
2026-08-31|ZFJp7DuUFd4|16380|12|1
2026-08-31|nN76UHU6gXE|35282|318|0
2026-08-31|vxhfteZmW8s|21158|151|0
2026-08-31|xMZuqezyQzE|127961|442|20
2026-08-31|olL-snEQ9Wo|3261|3|0
2026-08-31|JrTJ8XdA2tA|7374|40|0
2026-08-31|n_Q1vAlM9a4|333|1|0
2026-08-31|Csl2NYECYn8|5470|29|0
2026-08-31|yEQ0oqc4_yg|31352|60|1
2026-08-31|MoF8jDpyNBU|176707|2161|434
2026-08-31|bJblvvVkKbc|10056|50|5
2026-08-31|0wMfCenQIow|416416|5044|141
2026-08-31|DTQ581dJcoU|11812|30|0
2026-08-31|ITZTxbeLnsQ|11495|29|1
2026-08-31|iburAtUiLdk|40685|211|13
2026-08-31|R1AnvPynOUo|3252|29|0
2026-08-31|m5qoLOkX6M8|489582|2744|158
2026-08-31|V_wo5qh0jHE|8452|190|0
2026-08-31|yfDdbFGI5ms|2096|36|0
2026-08-31|s9m1eU1G4dk|1499|14|0
2026-08-31|380rPomgH6E|3110|61|1
2026-08-31|thdcI40Eg1c|456325|1447|149
2026-08-31|CcwLFAHo5f0|27436|60|1
2026-08-31|ejN7TRD-Za8|14955|40|0
2026-08-31|DzLiRp21A_c|10636|36|0
2026-08-31|Bp8shtjY3MI|41806|83|4
2026-08-31|sou1L6_aQ9s|6548|13|0
2026-08-31|BN7FilO4crA|6552|5|0
2026-08-31|5-WnZyJbhWQ|4621|2|0
2026-08-31|5OBUDCyarqE|23406|148|11
2026-08-31|V_XbN__HCG0|10255|95|2
2026-08-31|BPqXhmMbNXs|3110|16|2
2026-08-31|WqzHi2PSDZs|133584|494|22
2026-08-31|xlxeX6Xe6q4|62016|367|5
2026-08-31|3oLHqq-F1FU|41065|291|10
2026-08-31|dCw3VSVWicQ|30992|466|16
2026-08-31|2e2-LJi3rGU|6836|12|0
2026-08-31|l7mG1yNRoRM|26756|211|0
2026-08-31|d2LUkxSgzYY|11361|17|1
2026-08-31|LHYq73P59FY|100569|315|710
2026-08-31|7cTRlAzkAUc|31502|521|1
2026-08-31|PqfQsJNlJv4|2392|24|1
2026-08-31|qH812wHsx5E|68707|316|83
2026-08-31|TRu-oWIjKQA|44981|199|14
2026-08-31|puv3t89HOTE|7072|287|8
2026-08-31|PzXhokWul3k|7569|99|2
2026-08-31|UM3iwsk7Z4I|2404|28|5
2026-08-31|gNl6BQZDNIg|178216|3602|208
2026-08-31|PP-hjILJBtc|29768|245|2
2026-08-31|8UAPstK6aSo|100231|318|7
2026-08-31|zD_Vu-Fpwoc|74345|361|4
2026-08-31|HkgBj88Ufws|41605|293|9
2026-08-31|ukqoLW_sZFc|37180|268|4
2026-08-31|aZnXt9keYfQ|408590|2180|17
2026-08-31|EBobuLV-TwI|119364|318|55
2026-08-31|MbHfvRSCVj0|89400|320|22
2026-08-31|7n-8Ul_L8K0|44320|181|55
2026-08-31|GdvtSNxwOxQ|17525|93|4
2026-08-31|QIpWyhpesic|36866|172|25
2026-08-31|vepsWkz8GC0|33341|155|4
2026-08-31|ECl7n_y3_6k|16109|102|3
2026-08-31|PcOrMhvbCA0|19608|119|4
2026-08-31|J6MBW9vIfZo|23828|119|6
2026-08-31|A78x1vhnuu0|134522|319|19
2026-08-31|G2Cf4tiZzgs|10988|80|2
2026-08-31|d_CCBYKCxdU|98019|258|27
2026-08-31|nQWv70PTHFM|215779|1149|127
2026-08-31|n-QR5ishboM|1728541|82668|3494
2026-08-31|ehKBfx6__Rs|34271|197|5
2026-08-31|1JDnTRWoAAw|34781|293|26
2026-08-31|-BBIxQd1TGg|24353|189|2
2026-08-31|DjTOcj0WugM|3711|40|2
2026-08-31|NsLTnaF94pM|389981|1531|473
2026-08-31|9jPBiRO2hgc|24303|139|16
2026-08-31|MQodRUkDBo4|23269|243|1
2026-08-31|P9ftgCpzZIg|25834|136|3
2026-08-31|hXYjK4in0MM|2304214|10680|1201
2026-08-31|L-dswC-fTFg|591497|3438|281
2026-08-31|XkBZf4ogtXU|29310|153|52
2026-08-31|5fJSQxAupmk|236252|1659|6
2026-08-31|3fOdERE0MlY|46019|738|16
2026-08-31|hC1YgX8pGzs|374599|2816|30
2026-08-31|wtmNOv_99Yo|29272|113|0
2026-08-31|fLr40CqvMVo|1707|10|0
2026-08-31|bw92kf4EoBA|471843|3918|54
2026-08-31|eRkET84jeIA|538888|4572|250
2026-08-31|xo8X0AC3GfU|342603|3291|439
2026-08-31|b7BCKuSxJ-c|134066|437|48
2026-08-31|J3GKqAb6x5k|480977|1347|33
2026-08-31|flFMslm2g7A|9840|72|3
2026-08-31|ut_QlwePpU8|1017585|4527|71
2026-08-31|4am4BvTNJMs|205164|731|251
2026-08-31|ZA0Ixa24eNI|22744|155|8
2026-08-31|K_Gr2RYlZww|1347|11|3
2026-08-31|ZkAdT7TvAEc|91772|194|39
2026-08-31|FWVcokYZvZo|8873|141|1
2026-08-31|X7ljyx4HXrA|16718|148|4
2026-08-31|jw4o57Z3GcU|7374|37|0
2026-08-31|fIeE4iecOrI|21479|323|9
2026-08-31|n1fCSfAJ1wQ|63800|413|45
2026-08-31|cN9SDRbA3uo|42535|280|4
2026-08-31|XOJ-OF0wYzg|15926|140|1
2026-08-31|YPP-I068PJI|9496|91|0
2026-08-31|S9ARcq9pN_o|21393|281|2
2026-08-31|0u7jCZ3n9SM|32006|160|2
2026-08-31|SAH48CpIRHA|13202|361|9
2026-08-31|bXzPH5D3Xh0|28984|360|3
2026-08-31|bFTlFPkhv_k|23517|48|15
2026-08-31|R38GAAFeBvw|16177|142|4
2026-08-31|HX9Nu32THuE|16068|102|3
2026-08-31|d0OnhOlWXfk|2541|21|3
2026-08-31|1Fo34sGZeR4|8408|60|1
2026-08-31|EWycpzICKAg|78282|699|5
2026-08-31|eFUHTBb-m34|3839|27|4
2026-08-31|lAUU4gKCfNY|22494|155|7
2026-08-31|Ar4GD-JzKw8|2913|31|2
2026-08-31|dit6UHp_FG0|29926|143|7
2026-08-31|SOlCEZodf0Y|27733|96|0
2026-08-31|T4tMRoyD6Tg|19467|171|0
2026-08-31|_-OUxUf5Fa4|29419|282|3
2026-08-31|A3ZS2IKk6Ys|17405|152|22
2026-08-31|D3HviXFvvM0|42076|301|59
2026-08-31|zOl-NqmYLOk|17154|422|6
2026-08-31|NNeZPCTS-Bw|27327|254|6
2026-08-31|wzPEqbOsJ6E|7256|30|0
2026-08-31|9MQWGHpDbxk|287955|2813|16
2026-08-31|nGHdfHpY3Fk|1985|11|0
2026-08-31|3QV0aZqIfqU|222216|1491|699
2026-08-31|loKVRZJlahs|13374|89|1
2026-08-31|UqdIDiSNLTs|5134|265|10
2026-08-31|sukR6SSlrlM|3559|16|3
2026-08-31|CRRkbwfpt74|3727|19|2
2026-08-31|-r4nrI3mCKs|8092|19|1
2026-08-31|wcNmqE4DCCE|4098|39|2
2026-08-31|wHMo_lzOrFg|5904|38|1
2026-08-31|jD_I5gr_HZs|154304|2085|26
2026-08-31|z1q5o94gKM8|1596923|24270|207
2026-08-31|kRcgF0tfpKM|35846|189|12
2026-08-31|y1VasAIKcc4|507806|5606|1050
2026-08-31|y_w94JrFyso|14934|138|8
2026-08-31|2lN4YQknXGU|2872|26|1
2026-08-31|rE7QCmIiFtM|94606|238|13
2026-08-31|TfLWfD3ZJZ0|15709|90|1
2026-08-31|UlZni2SiJAo|11731|18|0
2026-08-31|C0z9huPpYsQ|2258|11|0
2026-08-31|OmKqN4tOy4s|10431|89|1
2026-08-31|rufeGLx43dA|9771|64|0
2026-08-31|QRhw-L6-9m0|5750|23|3
2026-08-31|ys08Qb7wo_8|4896|26|4
2026-08-31|anHhFbP5uJQ|10990|39|0
2026-08-31|i69DEZpQSrc|11909|95|1
2026-08-31|ZXIxB54zTTA|11399|10|1
2026-08-31|GGHh1d0lC7Q|827|3|0
2026-08-31|ReqMUlbJib4|94428|177|3
2026-08-31|e8koYNDWFaU|5630|63|2
2026-08-31|YvJ5N_HEoOI|71527|216|8
2026-08-31|TRpoRiwRtNc|12292|64|11
2026-08-31|1Kd-C432Xg0|19814|151|8
2026-09-01|jMCy9hYLYfc|3600|55|0
2026-09-01|WLN5Sc11u9c|5515|50|2
2026-09-01|U4eCbE2Plt8|6736|69|1
2026-09-01|pFRPXoFGD0M|2077|23|0
2026-09-01|fjABPUftYdM|2162|33|0
2026-09-01|Wo-0S6dqPJo|38161|149|17
2026-09-01|HkHs5ljuhPk|6237|107|0
2026-09-01|jwS7ZycSWZ4|8392|95|1
2026-09-01|UBYdS1PiqdA|14886|134|0
2026-09-01|qBFYGXscj_Q|990|15|0
2026-09-01|B2WYbtzWP9Y|1566|11|0
2026-09-01|Xvp8XhwhPtk|20202|133|8
2026-09-01|JQdWGvWQl2Y|9284|123|9
2026-09-01|ctiO0y5yqqA|17539|358|9
2026-09-01|qUDISC5LMH0|5967|210|1
2026-09-01|qiAy76Ow1Vg|61947|1024|54
2026-09-01|JetIObbmRyw|37406|326|32
2026-09-01|MiBJ8aLG3zU|10230|88|4
2026-09-01|NF6N1hboFDg|8091|0|0
2026-09-01|43U7b6DpeWw|4389|89|6
2026-09-01|TN_uncFL7ag|23375|158|51
2026-09-01|p1z9vYUfA4Y|11107|56|0
2026-09-01|8cgbbtxQD_k|3181|9|0
2026-09-01|SwFKRfr0MMs|19904|37|16
2026-09-01|xWWtxCJELL0|2586|17|0
2026-09-01|HYcJDtLvaOQ|3182|50|0
2026-09-01|0VY2Cz80lNs|2923|111|23
2026-09-01|DknDUOLefHs|273|17|1
2026-09-01|osbkh9JjZKQ|160|17|1
2026-09-01|YmS3fnTT_ZY|17852|97|40
2026-09-01|iryt7n75tu4|1734|22|0
2026-09-01|9tFeB6dM70M|28503|293|9
2026-09-01|EMcXLhlu3d4|36730|176|24
2026-09-01|SQDOPsZRthY|31131|303|34
2026-09-01|pbZ89yVwd-c|55891|317|72
2026-09-01|z37vdkqd3yk|22371|109|44
2026-09-01|1ZideGi0yms|6126|75|5
2026-09-01|pgBPVXcRbsM|366|22|6
2026-09-01|jyD_qb3k9aQ|35412|391|23
2026-09-01|xRgMYsn4lRY|119702|835|14
2026-09-01|q6nIYyIxYr4|49902|487|3
2026-09-01|VHdJRWqn4BQ|53166|211|9
2026-09-01|5oXAkY8UFCo|93|2|2
2026-09-01|MiqZbXuYMFs|5606|38|2
2026-09-01|siTzcicZWns|35036|38|1
2026-09-01|1Oxx4q4pRqM|14158|157|9
2026-09-01|CQ-uXJnwmVY|63160|344|1
2026-09-01|VoMayS-p49k|83330|1403|49
2026-09-01|_zhuezSALjQ|10337|303|2
2026-09-01|Nzg9lbNGOhA|9614|180|4
2026-09-01|GW1TxPgo2Q0|9374|118|1
2026-09-01|I4p8AF_eTBQ|1013|8|0
2026-09-01|Z3lWxnzg8J8|174895|976|63
2026-09-01|1KqqhWBUMYI|50855|779|1
2026-09-01|6uBAuV8iARY|5444|45|0
2026-09-01|5aqkn0JS8_A|63338|612|12
2026-09-01|DVL01jyUnF8|30561|265|4
2026-09-01|_vcgR06IS8k|167491|437|109
2026-09-01|zKSBoImRzf8|84082|665|14
2026-09-01|9kjFLocWJxk|24017|265|8
2026-09-01|N7oXzh5ct28|5505|22|2
2026-09-01|ML_Rv8ym6Bg|230103|942|138
2026-09-01|wHH2M5eHtaI|67581|2112|60
2026-09-01|IHFZE-S0J-E|98318|534|113
2026-09-01|NxO9S6TqiZs|605515|13163|108
2026-09-01|XHIqdEfCi4s|44112|547|28
2026-09-01|DuoC0GcNTTQ|7305|52|9
2026-09-01|JFFaOKDhRcM|217390|1510|80
2026-09-01|aOaQ5XlkcSk|2893|58|1
2026-09-01|Aa_1t3tmacU|4239|4|1
2026-09-01|EfklOuulszs|29342|152|6
2026-09-01|8xvlMeyXJvA|608331|1458|1048
2026-09-01|ElLlWnJaSvk|28103|306|5
2026-09-01|xq7JU7Fn9lg|30092|484|7
2026-09-01|tr4gTqeWEUk|13433|115|1
2026-09-01|dWq9rvBhefQ|6397|56|2
2026-09-01|YNh-6JRDW88|775|5|0
2026-09-01|UdhZIKZSlGc|1062|13|0
2026-09-01|07ksV4BkrNI|19612|204|8
2026-09-01|iSZY3YO8prc|110160|325|67
2026-09-01|4IhXabYTSHE|62624|176|31
2026-09-01|yfBhk5cmw6c|420240|899|69
2026-09-01|rT_xPcgAefg|24795|80|2
2026-09-01|4giYXJbPMcY|18759|79|6
2026-09-01|PiE8VjIBcjc|28174|93|2
2026-09-01|PKvYvgfZZlk|70|2|0
2026-09-01|leAO_ZIhI3c|28|1|0
2026-09-01|d4DFUHKyheM|17401|85|4
2026-09-01|2IZLsSwEAz0|17575|119|5
2026-09-01|5218Hn9tLqs|13636|100|11
2026-09-01|Cj9FDmYGnEE|2071|52|1
2026-09-01|LnGm1TW2kW8|4330|29|1
2026-09-01|ICeS49DEzwc|3444|74|0
2026-09-01|iGbw0pVp-hE|16229|115|10
2026-09-01|KhgU7fxHWbA|42571|184|10
2026-09-01|9TV1tRSp6Tw|36409|178|24
2026-09-01|zixub5mCaMA|16352|109|10
2026-09-01|znR6LPQBaLs|30555|123|8
2026-09-01|FzTXHQFHtC8|18587|114|4
2026-09-01|_X4XAy2XhDE|13934|104|3
2026-09-01|u0XXf_32kgE|26839|148|7
2026-09-01|aHpcjLwMsMk|13113|103|9
2026-09-01|_YdTXWBk9_0|20177|112|8
2026-09-01|tNC64WI2TF8|14106|122|10
2026-09-01|PDSjJw4rcHk|14067|30|0
2026-09-01|iwB7n1p6IVs|31335|108|10
2026-09-01|_toJftszwXA|1636|8|2
2026-09-01|S6m_xgU9jjc|74960|242|17
2026-09-01|lx5gWk4ZTbs|17336|46|3
2026-09-01|IqGNNYwoytg|10504|25|3
2026-09-01|B4Rks6EG1Gc|760|7|1
2026-09-01|CNJHySai9Po|1738|26|1
2026-09-01|xM0ckJJ6kKQ|848|3|1
2026-09-01|lY9ne1fRVTM|5269|33|1
2026-09-01|CrzqZLdRBuw|1643|13|1
2026-09-01|aJfexvttwi0|1566|21|1
2026-09-01|slm_UgJlQe4|47399|173|24
2026-09-01|hOTCl-4IPJA|38251|258|3
2026-09-01|6rBrmwMIorY|92879|618|21
2026-09-01|K8OOo3Mld9g|167643|564|33
2026-09-01|WFvXrgfRXNs|10532|69|1
2026-09-01|bRQR08YPq-Q|4045|31|1
2026-09-01|ic43_j-VaVM|22089|106|1
2026-09-01|tN5hE5vhBwI|28755|276|3
2026-09-01|hts99qih4SY|368837|987|380
2026-09-01|TIVfSu9JD6A|230523|2816|20
2026-09-01|G-pFxam6ygA|40668|129|11
2026-09-01|3YpZjUoktp8|80160|635|179
2026-09-01|d2rU7XWv7fA|769886|4469|200
2026-09-01|mjtYuA6qLnU|5513|26|0
2026-09-01|YPTcQIX0ni0|2307|27|0
2026-09-01|H83TxAW9Lh8|2418|25|1
2026-09-01|9dUVTjsWEWY|6484|120|0
2026-09-01|yLCbROh-CM4|39527|520|7
2026-09-01|r8DWffLhnPo|2037577|2794|375
2026-09-01|MB-maN8rJdA|87885|0|30
2026-09-01|6ivpF9VFFus|26947|251|8
2026-09-01|3BvEX6eXdGU|31463|255|1
2026-09-01|OiYAvVH0ErA|45062|384|2
2026-09-01|gf6DYM5CBLY|73575|240|67
2026-09-01|JSgLr05KU5c|436828|2367|40
2026-09-01|nGWBco8_-vw|212403|751|127
2026-09-01|Cf7yF-oYbDs|26859|436|1
2026-09-01|hrEPSXvr7kM|54859|561|15
2026-09-01|HGGTGrfKWes|16343|159|3
2026-09-01|LKRCwUEUMOw|7241|31|1
2026-09-01|7BfiZztqLsc|1937|18|1
2026-09-01|tG7ukoOHshU|927|2|0
2026-09-01|OqykuLsbPJY|564|2|0
2026-09-01|bU_ka0pswg4|11975|72|2
2026-09-01|ZUtBMUMYG_0|14057|16|0
2026-09-01|1deBCFjppDU|9062|12|0
2026-09-01|93ri11_1Ozw|97654|330|23
2026-09-01|asq0q1T9b-Q|147830|524|27
2026-09-01|5pT3jDpOpzE|176288|494|34
2026-09-01|1D_JPWun7NY|149188|452|33
2026-09-01|7Eha3kiOgQ0|121787|434|14
2026-09-01|C2CT3-Mt_Jk|337234|936|335
2026-09-01|W-q1oC2nsKA|269874|761|58
2026-09-01|ujneQVaQhAo|126924|410|24
2026-09-01|g5QEUKg1-Ns|66905|230|21
2026-09-01|XRjogHYGEMc|112626|317|19
2026-09-01|JK8T86-9zAk|58305|234|57
2026-09-01|QO0psotSqkc|61196|193|16
2026-09-01|v6OKh2hSqfo|32261|198|8
2026-09-01|7eUgNmTsFGM|6267|38|1
2026-09-01|qB6mWwfDSwI|4888|32|1
2026-09-01|ndnsdvf2UOg|1671109|11409|195
2026-09-01|IcXowLV635Q|66527|833|14
2026-09-01|0fnI47s_izA|3453|17|0
2026-09-01|PrE7nP_My7I|31848|167|0
2026-09-01|1KxQlI3PuEw|23816|479|2
2026-09-01|nL94muRYUOk|33716|94|3
2026-09-01|ciTZhv9SWUY|357563|1113|166
2026-09-01|5L_oDD5yqaA|332640|1027|29
2026-09-01|HQhCAGe6_Ok|56788|245|31
2026-09-01|LMfaSJwfwuU|208633|1647|13
2026-09-01|GVZhqx5ai8Q|38681|411|36
2026-09-01|mbcIssHqUB8|1456|3|0
2026-09-01|amdShzAYNNo|20811|159|1
2026-09-01|LU1aE6gAttQ|429595|3310|137
2026-09-01|8SBwBQ7FU8k|183629|666|16
2026-09-01|2NxM6YPd9Ow|79565|0|28
2026-09-01|e68zq7HY_j4|3649|25|1
2026-09-01|Dgb6dJSw9wU|3274|25|2
2026-09-01|KEXb83VeLeY|18604|63|5
2026-09-01|gooKL13LkgY|18074|62|12
2026-09-01|LbRvLjRRtMg|46283|271|5
2026-09-01|y7xWOiAyNx8|107082|201|12
2026-09-01|74b8Cmd9We4|535454|2183|292
2026-09-01|-LSfMBS8jiw|24687|84|2
2026-09-01|I71O3e5Y9tA|2968|23|0
2026-09-01|nOyG-hr3VdA|26495|330|22
2026-09-01|WH904Q1wJy8|41300|511|14
2026-09-01|PkpD9BBiLsE|9072|124|0
2026-09-01|tDnvqinl1Bs|204074|1646|129
2026-09-01|fd5-BG5aKSA|2718|16|0
2026-09-01|Bd3fQTRslwQ|34101|97|0
2026-09-01|ewpKds8BhO4|23680|149|0
2026-09-01|Fx8GIlv9Vug|9238|80|0
2026-09-01|FAhR_8iWbH4|2179|10|0
2026-09-01|GfWYJvY9bz4|30506|84|75
2026-09-01|7in3anQRXyE|88552|403|161
2026-09-01|PmlV5Zzda_g|13334|207|0
2026-09-01|9yYzWPYnU_M|131494|348|13
2026-09-01|S4UF0sA-5cU|4618|71|8
2026-09-01|5WDy9d4-VzU|119996|129|4
2026-09-01|kccnaxP_NiQ|1390|8|0
2026-09-01|wyI4bpcpLoA|1295|22|0
2026-09-01|ws2k6mDbIjA|5743|108|1
2026-09-01|vcwdGO4CxtI|3828|49|3
2026-09-01|KD9m57hmQ1U|238319|1982|75
2026-09-01|aCm-R1z8BOw|156633|713|11
2026-09-01|vCskdrgg2aU|28787|206|10
2026-09-01|DiRR2H1A9yQ|40358|177|2
2026-09-01|gwhNa5YtJ5k|17448|64|0
2026-09-01|MdUDoa6ASz4|738457|1711|209
2026-09-01|II0kP2Z-kOA|303993|1139|120
2026-09-01|y9hZtLVR7kU|65933|248|114
2026-09-01|3I14Uw9_1os|50726|219|20
2026-09-01|-iYyMycjWls|458125|979|448
2026-09-01|rVjGKnh6l3I|454326|1337|198
2026-09-01|ebd-2gGtWvQ|1978114|8679|552
2026-09-01|4MAeQqJlJ4c|838792|7980|1167
2026-09-01|ELR-8WSCkv0|47408|2607|206
2026-09-01|11fjfr_3h7w|414884|2216|161
2026-09-01|TONwPXkLMXM|28898|22|0
2026-09-01|aka69nY850k|389038|791|133
2026-09-01|8cbuwoFT-lY|6669|25|2
2026-09-01|q4hDHYdpKVM|22239|360|3
2026-09-01|ZZxlMvfA-OY|37064|89|6
2026-09-01|oFrU_wuIUNc|446012|2790|119
2026-09-01|sTZHBAYZwSI|33116|222|2
2026-09-01|9Ctitp6bbvU|24985|560|6
2026-09-01|iKPSR2qnZy8|264198|1567|151
2026-09-01|QKesDVcHXuc|668525|3034|43
2026-09-01|YBr1LItM8YI|83308|0|61
2026-09-01|b7Oy7PWK028|368060|977|136
2026-09-01|votR8em66vQ|30492|69|5
2026-09-01|5sqtHJGCsS8|3639|11|1
2026-09-01|Xm8_jV1FGvA|20538|51|5
2026-09-01|wYUWBqaGdrg|28114|170|6
2026-09-01|bzZO9TcWE0c|47216|185|160
2026-09-01|DjMp_-NLXKs|62204|459|3
2026-09-01|CuWuNuv4-NA|20604|227|0
2026-09-01|04cy2BEDDsc|343301|3069|117
2026-09-01|iRnoOMlWjv4|27734|670|1
2026-09-01|avwwhMOdiCM|15760|168|0
2026-09-01|QNfLts-msAE|261|2|0
2026-09-01|FWG1WDh3TfI|225153|1460|102
2026-09-01|DSwqk5xFX7g|17497|24|3
2026-09-01|Pxwarvlob3A|92524|606|97
2026-09-01|QZ8RbtA4EyI|22494|153|7
2026-09-01|_GrqOK4cGJI|32957|268|0
2026-09-01|WeKlxEce3D0|3860|39|0
2026-09-01|fmB-sGVLRbA|330965|1857|12
2026-09-01|1K5upafRMBA|575183|3189|31
2026-09-01|h2fQJ9uBaPc|20643|26|0
2026-09-01|cpEpIbZ5mmo|25599|58|1
2026-09-01|GLOo2PJ-Qig|17182|156|1
2026-09-01|O9q0JB9eoac|48150|97|24
2026-09-01|rhYv2ld2X4M|15421|99|1
2026-09-01|SkXXg-nTZog|24188|33|0
2026-09-01|fNrjqab3-OU|6582|38|1
2026-09-01|SI7A6pLn9VU|787182|1772|377
2026-09-01|a8mzDGAcOgA|332986|832|51
2026-09-01|wUIbQHE4GRQ|17118|17|1
2026-09-01|fXVKi7x4voU|216074|786|87
2026-09-01|gCEhGvuzvIk|109386|451|27
2026-09-01|XHRFVst6gco|78843|281|15
2026-09-01|kxIgWpFNVik|80559|296|17
2026-09-01|X9ovK0L-t_I|9505|54|3
2026-09-01|6MLW9pVRYDg|131872|419|15
2026-09-01|mz4Rv-cj6j8|165165|420|100
2026-09-01|YVqacajNRpA|270070|550|52
2026-09-01|cIQDVVjAdPo|17718|17|1
2026-09-01|r4_4oriebtY|110359|388|19
2026-09-01|whiyHPqxOzw|84724|289|53
2026-09-01|liiQHdWtMw4|262147|1084|220
2026-09-01|vGwKsEtkbSM|88565|493|13
2026-09-01|238xsZ4dDwc|215700|750|35
2026-09-01|zehV5m4S1bA|17475|30|7
2026-09-01|wN8qsu7QllI|339|2|1
2026-09-01|RjmWnhr0XKI|245943|1936|106
2026-09-01|IaRd2I6klz0|13884|228|1
2026-09-01|1CsN47WUsoY|18159|32|9
2026-09-01|tYRHxEMpGkU|17534|200|4
2026-09-01|49IzVa7dcOk|160893|1227|194
2026-09-01|9OAzCSXaxUI|18839|114|5
2026-09-01|8DRAvvyq2sA|82791|320|23
2026-09-01|3JINkkr_1iE|3584|42|1
2026-09-01|goadltFNYCI|3432|23|1
2026-09-01|qsjXsJp06c0|81484|198|19
2026-09-01|-tACjMOflWI|7424|38|1
2026-09-01|tMhiHNUpwio|143198|856|15
2026-09-01|g3yrEeZXWhw|50392|91|7
2026-09-01|MSHcm-uNlFo|14783|85|2
2026-09-01|Q6_92YAv7WM|398025|1165|115
2026-09-01|2qbvbDgi-GA|3965|22|1
2026-09-01|Pq4C8SfeCJw|317597|696|123
2026-09-01|xBP9Y1c5oSg|48682|719|2
2026-09-01|TD1nQk868lU|12138|381|31
2026-09-01|ORMyWCTnsxA|18710|43|68
2026-09-01|yWuCjDREctE|42562|188|74
2026-09-01|gk8h-QK3OzU|22115|72|42
2026-09-01|kodyHPggex4|3018|29|2
2026-09-01|q_T10SU913Y|155518|4905|201
2026-09-01|F257YmTLsuk|940250|174|39
2026-09-01|onK08O1QPdY|5278|14|3
2026-09-01|WA_wqIkTYnw|5018|78|4
2026-09-01|4tLvFnx1hIw|79542|309|18
2026-09-01|hxIKm-0iIRM|181488|1110|45
2026-09-01|U0HjZWsbvYU|11487|288|17
2026-09-01|XeNHnYXeAHQ|11275|37|60
2026-09-01|tRCqBh7ppHE|508330|2976|337
2026-09-01|P6m2icYoZo4|206352|1866|104
2026-09-01|r2UO5TYbj6o|84551|853|6
2026-09-01|bAz2DYnOqvU|128879|478|67
2026-09-01|Zvku6gByzzo|85499|190|34
2026-09-01|YW6H72GqdNA|215118|2167|176
2026-09-01|Adna9yfYqhA|6|0|0
2026-09-01|WyWZIRxp_GQ|19626|57|144
2026-09-01|U-9IPl9WwoU|560|1|0
2026-09-01|VnbJ0Xm4Wjg|18921|184|1
2026-09-01|PkklJnl476k|25|0|0
2026-09-01|QwFBFUGSIts|8626|52|0
2026-09-01|MkNq55rcdt4|85|0|0
2026-09-01|cP02ApXIJXg|13225|51|2
2026-09-01|TnADZIH3mmg|6|0|0
2026-09-01|PwGZ3OfJs1E|46|0|0
2026-09-01|IoA07mLh9Kc|1034|0|0
2026-09-01|ZLQOcG4qXjs|26362|377|18
2026-09-01|PPKZDSJ3bjM|1071|0|0
2026-09-01|nRftEKJYJMY|17658|168|3
2026-09-01|PKZL6ZxrmMc|1952|11|0
2026-09-01|-KUJJAJ3mFs|6544|100|4
2026-09-01|NzlT44MNvzs|9292|117|3
2026-09-01|mcO4qyFjOlA|6794|13|0
2026-09-01|5f0Dv4G7Kmk|7399|41|3
2026-09-01|oqxP1OUF1TI|36695|208|0
2026-09-01|8ZjAK0Q-nwE|59532|835|4
2026-09-01|oHFQ6aKTAMw|1342053|16703|944
2026-09-01|dyV9582SIFI|148556|1882|44
2026-09-01|69cac2PAyy0|19551|263|11
2026-09-01|bLVbr6c8x-I|153567|674|42
2026-09-01|CYatyp-zSRs|8675|141|3
2026-09-01|Lgb_sSOXWjk|5659|95|0
2026-09-01|AcF4IQkPfWM|28247|185|27
2026-09-01|I78zTyV_14o|77782|479|7
2026-09-01|Sat8mBq-oIE|6220|32|0
2026-09-01|MZyqTZxpao8|9234|33|3
2026-09-01|6vsB5kHQqzw|45871|535|47
2026-09-01|Cn_3dC2ILy0|987629|3028|26
2026-09-01|4vRfTbheKbk|134188|622|6
2026-09-01|r9i-ItD1xwk|36185|322|35
2026-09-01|Hh9spK5QMCY|32158|117|6
2026-09-01|MxBUe2qwop8|126558|610|68
2026-09-01|sUsOUr_ohXM|702|9|1
2026-09-01|pMlKP-aYjqg|36280|187|0
2026-09-01|uouPQ0deUxs|287056|2708|11
2026-09-01|YKY0nkpuegw|212892|739|210
2026-09-01|Gxd-RhLsKQY|127988|1074|130
2026-09-01|rjRUnGMXirk|53311|144|3
2026-09-01|wQ6pgjOkR-A|13562|115|1
2026-09-01|m2o5tKRTyHI|75945|800|6
2026-09-01|KSZCWU6Tc1Q|45129|397|14
2026-09-01|8fusWcjW7nk|45306|682|4
2026-09-01|yhiuBhAAJL4|1220|13|0
2026-09-01|DPejldgPgk4|68141|217|145
2026-09-01|A9qCyI23mHM|1302|9|0
2026-09-01|QHN4Gubo6vI|83832|1088|14
2026-09-01|xqjGyhfOu6I|43161|216|10
2026-09-01|J3ZWHXtGhZs|77460|252|11
2026-09-01|ABS-REaA_fo|77963|247|50
2026-09-01|0KL4xDzuZT0|95657|263|58
2026-09-01|Gx2ldKgJ1U4|240962|628|0
2026-09-01|i8-qe0NQL6U|21672|190|0
2026-09-01|NQbwvxsEHLc|11211|55|2
2026-09-01|CoreJFfg83c|20683|58|4
2026-09-01|nTTV1YRYvxI|337756|815|21
2026-09-01|oijBWHYcGhU|966|1|0
2026-09-01|3cEA5zxcBPE|18047|124|4
2026-09-01|ZUVZlq4hZcM|69900|148|5
2026-09-01|QcVLCljA3wg|540904|1110|34
2026-09-01|U1Fpm_ZuWwY|6059|12|1
2026-09-01|3G97G9JyjgE|15913|128|5
2026-09-01|uaD-mG04Dww|1853|5|2
2026-09-01|XUlnT62atbc|161897|548|34
2026-09-01|_2BYTipQndE|11184|2|0
2026-09-01|fmZ6z9gIkag|12246|13|0
2026-09-01|41HXVUTQyvM|16960|12|0
2026-09-01|0XkNPwpix-c|53981|93|5
2026-09-01|67YbJrClLdk|760943|6082|74
2026-09-01|1fREWtj_-u4|45944|193|6
2026-09-01|Z1321Cei01s|26000|153|2
2026-09-01|Wt4Wu4gi6tM|68144|390|10
2026-09-01|t-ItCKdK8Ws|156940|487|37
2026-09-01|Dr7k5U6Fm4E|30222|129|11
2026-09-01|KTZZPh1Cf5E|30241|94|8
2026-09-01|c5axvTRz6Xw|30986|96|1
2026-09-01|X_w_r5XLgRs|27106|88|3
2026-09-01|4cNC8D53UnA|18097|64|5
2026-09-01|G5V6Oq0ZzXM|206258|433|37
2026-09-01|BS2eQ_nFK2c|13909|112|2
2026-09-01|5_GsQVkBvwI|19831|155|0
2026-09-01|CqNLlgILwtA|239859|3031|68
2026-09-01|SQOYQ6Br53Y|400443|1345|221
2026-09-01|nrtsAlh1AKo|108291|219|29
2026-09-01|akj_lJ0OPwk|89676|231|24
2026-09-01|fUv9F9iN4rY|36465|180|21
2026-09-01|pUp6BQaGK1c|25539|130|8
2026-09-01|qxW2Gbz_LTQ|24012|132|5
2026-09-01|YR-6wqfvv0Y|24666|125|5
2026-09-01|mawzrxV4bHQ|722292|4745|153
2026-09-01|GogB9Xi5FgA|100197|644|5
2026-09-01|1j-eu72KcAU|148344|306|6
2026-09-01|kWZly7xUbDs|22315|188|13
2026-09-01|6dURWSTDrzo|10617|37|9
2026-09-01|uFBC2s2AlhM|759499|12353|2050
2026-09-01|i-yeH5ILXi8|2142|30|0
2026-09-01|hqTQyRfOJOU|41015|358|3
2026-09-01|fKbJZ-TZmRU|264803|2271|138
2026-09-01|-P2LX0UDuYI|104472|283|158
2026-09-01|WPmqj444qbo|17074|31|6
2026-09-01|SYZNTsDke0c|36615|68|29
2026-09-01|hNXRnssF5gw|36733|266|2
2026-09-01|rZEF8qqbCK4|26208|264|5
2026-09-01|_IBivBPj4hU|120863|275|13
2026-09-01|gb2O7cxCXtY|3351|10|0
2026-09-01|TezPg292lu4|21002|937|27
2026-09-01|cueLnp1-DZY|24310|272|19
2026-09-01|CeJTg-yuriQ|31212|198|16
2026-09-01|aU8Ta8MlawQ|3952|14|0
2026-09-01|ttZ-GpcQ68Q|2777|8|0
2026-09-01|Ttw2JK5ufkw|18149|1196|18
2026-09-01|hpl-C3bIKu4|26079|98|320
2026-09-01|kijS4OWKikM|12116|36|104
2026-09-01|5f6QPXsxxbc|27781|61|390
2026-09-01|KyRL8vpYz9c|4030|25|3
2026-09-01|0NuBPRKXMz4|25226|335|14
2026-09-01|BpqX7w8uLWs|4502|14|0
2026-09-01|BQAnFXC-W0I|6835|116|2
2026-09-01|DVPHBq9sZXY|11967|27|0
2026-09-01|ghf8FWl36Ek|3987|49|0
2026-09-01|vORA8SD1Olw|155462|291|4
2026-09-01|QcqTbbRq6jg|1829|4|0
2026-09-01|BUY2TL4jLkA|126425|166|2
2026-09-01|oSgVJWEiYes|38499|422|7
2026-09-01|IcYhpFbP0BY|267373|642|88
2026-09-01|BAQBgn1j0uE|36630|526|9
2026-09-01|lhKedEJVYwg|2891|75|0
2026-09-01|go7tL2WWegs|29108|1517|100
2026-09-01|MRINUTTFq3I|23881|324|5
2026-09-01|b7BCKuSxJ-c|144963|465|50
2026-09-01|XkBZf4ogtXU|31611|164|53
2026-09-01|ZFJp7DuUFd4|16499|12|1
2026-09-01|MoF8jDpyNBU|181010|2182|437
2026-09-01|hXYjK4in0MM|2657973|11674|1302
2026-09-01|5-WnZyJbhWQ|4636|2|0
2026-09-01|Csl2NYECYn8|6017|35|0
2026-09-01|5OBUDCyarqE|23854|149|11
2026-09-01|MbHfvRSCVj0|91997|325|22
2026-09-01|7n-8Ul_L8K0|46219|186|55
2026-09-01|JrTJ8XdA2tA|7548|41|0
2026-09-01|olL-snEQ9Wo|3624|4|0
2026-09-01|0wMfCenQIow|479808|5629|144
2026-09-01|xMZuqezyQzE|133710|465|20
2026-09-01|bJblvvVkKbc|11239|56|5
2026-09-01|DzLiRp21A_c|10669|36|0
2026-09-01|R1AnvPynOUo|3432|29|0
2026-09-01|V_wo5qh0jHE|9389|214|0
2026-09-01|yfDdbFGI5ms|2197|36|0
2026-09-01|s9m1eU1G4dk|1607|15|0
2026-09-01|CcwLFAHo5f0|28389|61|1
2026-09-01|ejN7TRD-Za8|18235|52|1
2026-09-01|QIpWyhpesic|38507|178|26
2026-09-01|Bp8shtjY3MI|62179|126|5
2026-09-01|wRzlB0M2cHU|137084|456|17
2026-09-01|sou1L6_aQ9s|6545|13|0
2026-09-01|BN7FilO4crA|6562|5|0
2026-09-01|yEQ0oqc4_yg|31967|62|1
2026-09-01|m5qoLOkX6M8|530876|2882|174
2026-09-01|DTQ581dJcoU|12209|31|0
2026-09-01|S4slQ6je90k|50762|178|0
2026-09-01|380rPomgH6E|3305|65|1
2026-09-01|GdvtSNxwOxQ|17769|96|4
2026-09-01|3fOdERE0MlY|51176|823|16
2026-09-01|vepsWkz8GC0|33675|158|4
2026-09-01|iburAtUiLdk|44867|217|13
2026-09-01|PzXhokWul3k|7765|101|2
2026-09-01|UM3iwsk7Z4I|2429|28|5
2026-09-01|vxhfteZmW8s|21177|151|0
2026-09-01|nN76UHU6gXE|35342|318|0
2026-09-01|0f-moY5gbTg|230778|2950|213
2026-09-01|yyyur-_2rKs|31757|509|3
2026-09-01|gNl6BQZDNIg|236347|4495|218
2026-09-01|EBobuLV-TwI|121082|320|55
2026-09-02|PPseDZTAStA|65489|648|63
2026-09-02|0DmfXlHn_7I|121640|836|26
2026-09-02|SfcsbpgG_qg|54493|383|9
2026-09-02|hxNArwL1Pes|796|28|1
2026-09-02|Rqfvvi0QtL0|1743|50|0
2026-09-02|GQSxGL4M_D8|3252|37|1
2026-09-02|QgtZl5GEs34|3401|76|3
2026-09-02|ZNUCowRRthw|1454|23|1
2026-09-02|Hx54fH_DHzs|1632|16|0
2026-09-02|smbkoVpLdjQ|2112|20|0
2026-09-02|OwZGg7ZdJ8A|1056|4|0
2026-09-02|DXKOgluyjKs|44574|204|82
2026-09-02|FUbm8hW772k|28168|544|3
2026-09-02|cbUMuztZSnk|66626|372|6
2026-09-02|CT2MfjXExUM|345897|1176|108
2026-09-02|G3QaiI6E9B8|23501|133|0
2026-09-02|2NVzPZB3V_s|53557|192|14
2026-09-02|-A7VWqzekIA|293172|2739|157
2026-09-02|h2XbCe6l4Ew|8562|125|1
2026-09-02|PQvH_BkxXSU|824|7|0
2026-09-02|6VJO2srZjy8|2216|23|2
2026-09-02|enp0gFMQQ5c|1382|7|0
2026-09-02|WpaafTMFbWU|966|70|12
2026-09-02|nVS80dEa6mU|1048|40|6
2026-09-02|7kJHlPsq2Sc|61965|227|24
2026-09-02|Rki57e9J6Wk|1854|42|3
2026-09-02|iSe_S_tW-UM|60860|43|0
2026-09-02|ec4tBo8e8HY|969|20|0
2026-09-02|qqSLHaugUmc|1184|8|0
2026-09-02|Vu0vP3n_FX8|2837|18|0
2026-09-02|25p4DPRNujM|1866|12|0
2026-09-02|YZrEymOHvh0|22425|214|1
2026-09-02|41zk8mPyua8|15746|237|3
2026-09-02|o09lInRIw84|1184|4|0
2026-09-02|m5VAoKbm7Z8|4608|147|3
2026-09-02|IQF5vD0ZCao|3469|117|4
2026-09-02|7WAOSGOC-Ow|8117|69|8
2026-09-02|Q7u3ZSMNRNQ|10932|140|3
2026-09-02|bG9z0HhW0oQ|7414|55|0
2026-09-02|W7fZ23_dqJc|15658|238|25
2026-09-02|l9mJk-IXYyQ|170304|1198|111
2026-09-02|gW7RoCyuyNY|37036|715|17
2026-09-02|jGIl8Agb004|226504|3160|137
2026-09-02|Kz48qLPNops|33534|371|4
2026-09-02|7vjloPwTxbA|2016495|5218|146
2026-09-02|k1HnFu9tgE4|19073|95|0
2026-09-02|d51-3B4-zCc|3778531|16478|337
2026-09-02|2Gs1Fea7tpY|12178|210|0
2026-09-02|skX3etMwz1M|499731|1462|52
2026-09-02|LyvgH_fas_s|40964|44|1
2026-09-02|VCf4MJCNPBM|23466|199|0
2026-09-02|i9kB4QjyzUo|145146|1094|214
2026-09-02|OzJQGQAD_20|109467|339|20
2026-09-02|yeU-dhmQDfY|105861|652|1
2026-09-02|wBEqC9J1C1U|5102|54|0
2026-09-02|kneF4M6sfgY|14434|203|0
2026-09-02|rw0_8d5JFUA|9013|243|1
2026-09-02|FW2g261eZ1c|5945|49|0
2026-09-02|yc2FxwR-VD0|82988|1665|25
2026-09-02|so1FZb0lsc0|7|0|0
2026-09-02|oYPH4S1AUvc|96408|404|66
2026-09-02|Wwpz0ymVFV0|21844|338|14
2026-09-02|Fcup-R_kaqg|213174|677|122
2026-09-02|-Ugjth7QLC4|7161|70|6
2026-09-02|N-na9KhG-Uw|21433|111|7
2026-09-02|L7HhTKJx0gU|1217949|9430|725
2026-09-02|u9xMNu28X5c|180049|459|98
2026-09-02|YWsczzufh6Q|1818058|275587|17880
2026-09-02|DwF0WfxwLfY|139638|427|95
2026-09-02|19ljNqLUrgA|142894|251|13
2026-09-02|DUJkWbx---c|706885|2610|160
2026-09-02|qkOeq_MhK8U|746972|13073|838
2026-09-02|ECL4aSHZL7c|10245|34|19
2026-09-02|eeLNJ8_fM78|1105626|5429|390
2026-09-02|VPHKbBoKVas|171100|1236|114
2026-09-02|UVzmiEOyMwo|168385|1848|20
2026-09-02|PfEbhNIHXIY|208451|2078|22
2026-09-02|s_udIDxJgps|122|4|1
2026-09-02|75QX-VxjTUY|396673|6736|14
2026-09-02|VVdnwVtc4b8|18197|87|5
2026-09-02|yuUbh_TfKxg|80501|599|2
2026-09-02|HlcF59XPW68|797|9|2
2026-09-02|k6UU545q2x0|898|8|0
2026-09-02|tWKyB0MyWys|601|8|0
2026-09-02|q5e0SHM_zc4|6497|50|0
2026-09-02|McuE7rRfsQ4|1375|6|0
2026-09-02|-oFLQWIHKNU|19613|105|3
2026-09-02|TIdCOXaELVs|21511|134|6
2026-09-02|CCZ5-XljLvc|5810|69|0
2026-09-02|kJ3Hy7BW3rI|23952|75|7
2026-09-02|2erwhbqtEQg|3348|27|1
2026-09-02|38bM5moFXaw|10229|14|3
2026-09-02|QXwZv1qLE84|8750|4|1
2026-09-02|vcA2GiaWSik|14895|106|3
2026-09-02|8ffp71e94uE|15098|111|7
2026-09-02|5c2GugwthW4|14867|92|8
2026-09-02|i18Uwcg21ao|14656|99|6
2026-09-02|D0CGG6vFQJ4|61306|215|5
2026-09-02|1c4OF49XisI|29144|147|23
2026-09-02|2a7BPoaqVMA|18024|157|9
2026-09-02|EBPrnFmBSxo|1077|14|0
2026-09-02|hjkPNGtnV1I|1058|9|0
2026-09-02|4CoDK4m5lxQ|22037|182|9
2026-09-02|IUEuvQBBoO8|6|0|0
2026-09-02|F9wnZFRaEqY|39019|228|25
2026-09-02|PctMgIoFN6w|22774|199|16
2026-09-02|IcmyPIc0_JI|29499|118|6
2026-09-02|9rAuBpLc_Ck|26438|125|6
2026-09-02|yL-DprwWZOs|19|0|0
2026-09-02|J3R4XhJbsRY|833|7|0
2026-09-02|uEsAXJI-s1I|75|0|0
2026-09-02|fiX2DjcNQ3g|2|0|0
2026-09-02|HhRm-ajqPjw|1949|56|1
2026-09-02|CiF7d8mux_Q|7641|9|2
2026-09-02|kd0bCgmIpc0|8556|16|0
2026-09-02|2sEuYWxbq7Q|8613|22|0
2026-09-02|z8tknEDtQxc|1173|4|0
2026-09-02|kNI_0X7QKJ0|2345|50|0
2026-09-02|DJw75NEVXdc|17974|139|7
2026-09-02|DVL01jyUnF8|30623|265|4
2026-09-02|VHdJRWqn4BQ|64977|237|11
2026-09-02|YNh-6JRDW88|1765|15|0
2026-09-02|KhgU7fxHWbA|61077|223|12
2026-09-02|1KqqhWBUMYI|76083|948|4
2026-09-02|DuoC0GcNTTQ|54784|132|57
2026-09-02|JFFaOKDhRcM|232826|1635|87
2026-09-02|EfklOuulszs|31758|162|7
2026-09-02|8xvlMeyXJvA|724327|1825|1215
2026-09-02|aOaQ5XlkcSk|3913|58|1
2026-09-02|XHIqdEfCi4s|90382|947|43
2026-09-02|jMCy9hYLYfc|4496|70|0
2026-09-02|N7oXzh5ct28|7304|26|3
2026-09-02|ElLlWnJaSvk|28369|308|5
2026-09-02|9kjFLocWJxk|33130|302|12
2026-09-02|5oXAkY8UFCo|9553|16|24
2026-09-02|6uBAuV8iARY|15076|85|0
2026-09-02|GW1TxPgo2Q0|23786|230|1
2026-09-02|I4p8AF_eTBQ|1660|12|0
2026-09-02|_X4XAy2XhDE|23914|132|3
2026-09-02|xM0ckJJ6kKQ|1511|5|1
2026-09-02|lY9ne1fRVTM|10038|54|1
2026-09-02|CrzqZLdRBuw|2859|18|1
2026-09-02|WFvXrgfRXNs|14971|87|1
2026-09-02|bRQR08YPq-Q|6102|42|1
2026-09-02|slm_UgJlQe4|83841|219|32
2026-09-02|tNC64WI2TF8|21216|149|12
2026-09-02|_YdTXWBk9_0|33135|135|10
2026-09-02|aHpcjLwMsMk|20293|125|10
2026-09-02|u0XXf_32kgE|50452|191|10
2026-09-02|FzTXHQFHtC8|25829|130|4
2026-09-02|iGbw0pVp-hE|20290|130|12
2026-09-02|LnGm1TW2kW8|6490|48|2
2026-09-02|PDSjJw4rcHk|24859|45|0
2026-09-02|PKvYvgfZZlk|8725|12|0
2026-09-02|leAO_ZIhI3c|4770|7|0
2026-09-02|d4DFUHKyheM|21992|96|5
2026-09-02|2IZLsSwEAz0|27926|135|5
2026-09-02|5218Hn9tLqs|17788|110|13
2026-09-02|znR6LPQBaLs|46228|146|8
2026-09-02|zixub5mCaMA|23863|126|10
2026-09-02|9TV1tRSp6Tw|68895|216|28
2026-09-02|CNJHySai9Po|2661|39|2
2026-09-02|B4Rks6EG1Gc|1269|8|1
2026-09-02|aJfexvttwi0|2174|25|1
2026-09-02|IqGNNYwoytg|19036|41|6
2026-09-02|Nzg9lbNGOhA|23320|351|4
2026-09-02|B2WYbtzWP9Y|10934|74|0
2026-09-02|_zhuezSALjQ|32441|547|4
2026-09-02|MiqZbXuYMFs|7109|55|2
2026-09-02|5aqkn0JS8_A|64615|618|13
2026-09-02|zKSBoImRzf8|87434|692|14
2026-09-02|xq7JU7Fn9lg|30337|487|7
2026-09-02|NxO9S6TqiZs|616320|13244|109
2026-09-02|IHFZE-S0J-E|134899|738|166
2026-09-02|_vcgR06IS8k|193422|472|115
2026-09-02|qBFYGXscj_Q|1268|17|0
2026-09-02|UBYdS1PiqdA|18970|161|0
2026-09-02|jwS7ZycSWZ4|12859|124|1
2026-09-02|HkHs5ljuhPk|8388|123|0
2026-09-02|Wo-0S6dqPJo|83571|224|38
2026-09-02|fjABPUftYdM|2982|48|0
2026-09-02|pFRPXoFGD0M|2461|23|0
2026-09-02|U4eCbE2Plt8|7743|73|1
2026-09-02|MiBJ8aLG3zU|11339|89|4
2026-09-02|WLN5Sc11u9c|5790|55|2
2026-09-02|lx5gWk4ZTbs|26890|68|3
2026-09-02|_toJftszwXA|2362|10|3
2026-09-02|Z3lWxnzg8J8|368876|1993|186
2026-09-02|p1z9vYUfA4Y|16581|74|0
2026-09-02|UdhZIKZSlGc|2798|36|0
2026-09-02|dWq9rvBhefQ|9416|76|2
2026-09-02|xWWtxCJELL0|3537|22|0
2026-09-02|HYcJDtLvaOQ|6173|73|1
2026-09-02|DknDUOLefHs|14512|208|21
2026-09-02|osbkh9JjZKQ|77629|555|37
2026-09-02|YmS3fnTT_ZY|22916|127|48
2026-09-02|iryt7n75tu4|2018|23|0
2026-09-02|9tFeB6dM70M|39181|351|14
2026-09-02|EMcXLhlu3d4|58822|280|32
2026-09-02|SQDOPsZRthY|67554|606|53
2026-09-02|pbZ89yVwd-c|73163|388|89
2026-09-02|z37vdkqd3yk|31212|141|47
2026-09-02|TN_uncFL7ag|42340|217|67
2026-09-02|NF6N1hboFDg|48463|2|0
2026-09-02|Xvp8XhwhPtk|36508|198|16
2026-09-02|8cgbbtxQD_k|5989|12|0
2026-09-02|tr4gTqeWEUk|21875|171|2
2026-09-02|ctiO0y5yqqA|23735|477|9
2026-09-02|jyD_qb3k9aQ|45475|441|29
2026-09-02|ICeS49DEzwc|8163|181|2
2026-09-02|PiE8VjIBcjc|29530|94|2
2026-09-02|4giYXJbPMcY|19320|80|6
2026-09-02|SwFKRfr0MMs|38336|106|51
2026-09-02|rT_xPcgAefg|25482|84|2
2026-09-02|yfBhk5cmw6c|492490|1003|80
2026-09-02|4IhXabYTSHE|65737|185|31
2026-09-02|iSZY3YO8prc|129078|365|76
2026-09-02|iwB7n1p6IVs|33199|114|10
2026-09-02|07ksV4BkrNI|20215|206|9
2026-09-02|K8OOo3Mld9g|181362|594|34
2026-09-02|6rBrmwMIorY|101352|670|23
2026-09-02|hOTCl-4IPJA|40349|275|3
2026-09-02|ic43_j-VaVM|22576|116|1
2026-09-02|S6m_xgU9jjc|86772|266|20
2026-09-02|JQdWGvWQl2Y|11638|157|13
2026-09-02|Cj9FDmYGnEE|3614|83|1
2026-09-02|qUDISC5LMH0|9145|310|1
2026-09-02|xRgMYsn4lRY|121838|846|11
2026-09-02|0VY2Cz80lNs|707576|615|211
2026-09-02|wHH2M5eHtaI|147852|3011|73
2026-09-02|ML_Rv8ym6Bg|312767|1120|158
2026-09-02|Aa_1t3tmacU|4290|4|1
2026-09-02|pgBPVXcRbsM|11352|84|10
2026-09-02|siTzcicZWns|36502|41|1
2026-09-02|q6nIYyIxYr4|64989|574|3
2026-09-02|1Oxx4q4pRqM|15535|168|9
2026-09-02|43U7b6DpeWw|8714|138|9
2026-09-02|1ZideGi0yms|7752|86|6
2026-09-02|JetIObbmRyw|58788|437|52
2026-09-02|qiAy76Ow1Vg|106528|1611|59
2026-09-02|VoMayS-p49k|83429|1404|49
2026-09-02|CQ-uXJnwmVY|100980|464|1
2026-09-02|HQhCAGe6_Ok|62520|265|33
2026-09-02|r8DWffLhnPo|2212873|3039|408
2026-09-02|y7xWOiAyNx8|116013|222|12
2026-09-02|yLCbROh-CM4|41973|536|8
2026-09-02|5L_oDD5yqaA|347450|1047|26
2026-09-02|KEXb83VeLeY|20302|74|5
2026-09-02|e68zq7HY_j4|3858|25|1
2026-09-02|Dgb6dJSw9wU|3447|25|2
2026-09-02|mjtYuA6qLnU|5669|27|0
2026-09-02|gooKL13LkgY|21521|81|12
2026-09-02|LbRvLjRRtMg|51042|295|7
2026-09-02|qB6mWwfDSwI|5189|35|1
2026-09-02|7eUgNmTsFGM|6399|38|1
2026-09-02|tN5hE5vhBwI|32404|300|4
2026-09-02|PrE7nP_My7I|34083|173|0
2026-09-02|d2rU7XWv7fA|1014976|5901|237
2026-09-02|G-pFxam6ygA|41717|132|11
2026-09-02|TIVfSu9JD6A|294718|3648|20
2026-09-02|nL94muRYUOk|49489|125|3
2026-09-02|HGGTGrfKWes|17540|175|3
2026-09-02|YPTcQIX0ni0|2537|33|0
2026-09-02|9dUVTjsWEWY|7751|154|0
2026-09-02|H83TxAW9Lh8|2462|25|1
2026-09-02|OiYAvVH0ErA|45489|388|2
2026-09-02|hts99qih4SY|394423|1026|386
2026-09-02|PkpD9BBiLsE|9708|131|0
2026-09-02|wyI4bpcpLoA|1474|24|0
2026-09-02|ws2k6mDbIjA|6338|114|1
2026-09-02|vcwdGO4CxtI|5259|67|3
2026-09-02|74b8Cmd9We4|581012|2298|314
2026-09-02|v6OKh2hSqfo|38910|237|9
2026-09-02|ZUtBMUMYG_0|14805|18|1
2026-09-02|LKRCwUEUMOw|7577|31|1
2026-09-02|0fnI47s_izA|4252|21|0
2026-09-02|3BvEX6eXdGU|33369|264|1
2026-09-02|OqykuLsbPJY|593|2|0
2026-09-02|tG7ukoOHshU|952|2|0
2026-09-02|Cf7yF-oYbDs|27133|437|1
2026-09-02|hrEPSXvr7kM|57379|588|15
2026-09-02|IcXowLV635Q|74088|877|14
2026-09-02|mbcIssHqUB8|1594|3|0
2026-09-02|1KxQlI3PuEw|27127|513|2
2026-09-02|7BfiZztqLsc|2017|18|1
2026-09-02|LMfaSJwfwuU|213236|1677|13
2026-09-02|ndnsdvf2UOg|1688104|11502|197
2026-09-02|GVZhqx5ai8Q|42391|427|36
2026-09-02|2NxM6YPd9Ow|86809|0|28
2026-09-02|8SBwBQ7FU8k|191690|685|16
2026-09-02|LU1aE6gAttQ|437489|3339|138
2026-09-02|amdShzAYNNo|23187|171|1
2026-09-02|6ivpF9VFFus|27357|254|8
2026-09-02|MB-maN8rJdA|91322|0|30
2026-09-02|C2CT3-Mt_Jk|403762|1062|373
2026-09-02|bU_ka0pswg4|12761|81|2
2026-09-02|1deBCFjppDU|12344|14|0
2026-09-02|93ri11_1Ozw|110512|343|25
2026-09-02|asq0q1T9b-Q|159539|545|28
2026-09-02|5pT3jDpOpzE|211830|547|41
2026-09-02|1D_JPWun7NY|190692|537|39
2026-09-02|7Eha3kiOgQ0|130246|451|15
2026-09-02|ujneQVaQhAo|140832|433|24
2026-09-02|g5QEUKg1-Ns|68772|230|21
2026-09-02|XRjogHYGEMc|114079|319|19
2026-09-02|JK8T86-9zAk|59544|239|59
2026-09-02|QO0psotSqkc|65723|202|16
2026-09-02|ciTZhv9SWUY|400586|1173|174
2026-09-02|nGWBco8_-vw|225182|792|131
2026-09-02|W-q1oC2nsKA|295523|804|61
2026-09-02|11fjfr_3h7w|454591|2330|165
2026-09-02|ELR-8WSCkv0|58832|2845|215
2026-09-02|fd5-BG5aKSA|2805|15|0
2026-09-02|nOyG-hr3VdA|29109|347|23
2026-09-02|3I14Uw9_1os|57096|231|21
2026-09-02|WH904Q1wJy8|48332|612|16
2026-09-02|tDnvqinl1Bs|234697|1775|136
2026-09-02|KD9m57hmQ1U|317878|2625|91
2026-09-02|3YpZjUoktp8|103606|791|234
2026-09-02|Bd3fQTRslwQ|37219|105|0
2026-09-02|ewpKds8BhO4|25330|160|0
2026-09-02|Fx8GIlv9Vug|9615|83|0
2026-09-02|FAhR_8iWbH4|2345|12|0
2026-09-02|7in3anQRXyE|94186|429|174
2026-09-02|PmlV5Zzda_g|17335|290|0
2026-09-02|I71O3e5Y9tA|3124|24|0
2026-09-02|kccnaxP_NiQ|1528|8|0
2026-09-02|GfWYJvY9bz4|32462|89|87
2026-09-02|9yYzWPYnU_M|198909|430|16
2026-09-02|5WDy9d4-VzU|165813|165|4
2026-09-02|II0kP2Z-kOA|432891|1505|148
2026-09-02|MdUDoa6ASz4|1133023|2125|257
2026-09-02|gwhNa5YtJ5k|19769|70|0
2026-09-02|DiRR2H1A9yQ|46099|194|2
2026-09-02|vCskdrgg2aU|32191|224|10
2026-09-02|JSgLr05KU5c|486265|2571|45
2026-09-02|aCm-R1z8BOw|184576|843|15
2026-09-02|rVjGKnh6l3I|517486|1446|206
2026-09-02|ebd-2gGtWvQ|2022809|8865|574
2026-09-02|-LSfMBS8jiw|28700|97|2
2026-09-02|y9hZtLVR7kU|74988|268|119
2026-09-02|S4UF0sA-5cU|4955|74|8
2026-09-02|-iYyMycjWls|483896|1017|466
2026-09-02|4MAeQqJlJ4c|973637|8622|1192
2026-09-02|gf6DYM5CBLY|91986|290|89
2026-09-02|avwwhMOdiCM|17288|185|0
2026-09-02|IaRd2I6klz0|15870|258|1
2026-09-02|1CsN47WUsoY|20007|35|9
2026-09-02|rhYv2ld2X4M|16326|107|1
2026-09-02|qsjXsJp06c0|89709|207|20
2026-09-02|-tACjMOflWI|8005|42|1
2026-09-02|zehV5m4S1bA|29524|40|9
2026-09-02|tMhiHNUpwio|171733|1051|18
2026-09-02|g3yrEeZXWhw|52353|95|7
2026-09-02|QKesDVcHXuc|704579|3136|44
2026-09-02|YBr1LItM8YI|85704|0|61
2026-09-02|b7Oy7PWK028|377841|1006|137
2026-09-02|RjmWnhr0XKI|264542|2047|107
2026-09-02|CuWuNuv4-NA|22685|242|0
2026-09-02|bzZO9TcWE0c|50831|199|165
2026-09-02|04cy2BEDDsc|371716|3239|121
2026-09-02|TD1nQk868lU|12775|389|31
2026-09-02|q4hDHYdpKVM|23026|372|3
2026-09-02|votR8em66vQ|31655|71|5
2026-09-02|5sqtHJGCsS8|3769|11|1
2026-09-02|oFrU_wuIUNc|488930|3000|123
2026-09-02|wYUWBqaGdrg|28170|170|6
2026-09-02|aka69nY850k|398516|808|135
2026-09-02|FWG1WDh3TfI|234777|1503|104
2026-09-02|DjMp_-NLXKs|62568|460|3
2026-09-02|TONwPXkLMXM|31763|23|0
2026-09-02|DSwqk5xFX7g|25673|28|3
2026-09-02|iKPSR2qnZy8|272538|1599|151
2026-09-02|9Ctitp6bbvU|25414|566|6
2026-09-02|sTZHBAYZwSI|37073|236|2
2026-09-02|Xm8_jV1FGvA|25431|58|5
2026-09-02|Pxwarvlob3A|95203|621|97
2026-09-02|liiQHdWtMw4|306815|1136|235
2026-09-02|Q6_92YAv7WM|400333|1167|115
2026-09-02|cpEpIbZ5mmo|25642|58|1
2026-09-02|X9ovK0L-t_I|10435|57|3
2026-09-02|QZ8RbtA4EyI|24787|171|8
2026-09-02|GLOo2PJ-Qig|17206|156|1
2026-09-02|QNfLts-msAE|274|2|0
2026-09-02|3JINkkr_1iE|3604|42|1
2026-09-02|fNrjqab3-OU|6740|40|1
2026-09-02|wN8qsu7QllI|340|2|1
2026-09-02|_GrqOK4cGJI|32969|268|0
2026-09-02|WeKlxEce3D0|4247|44|0
2026-09-02|fmB-sGVLRbA|342047|1910|12
2026-09-02|1K5upafRMBA|690886|3743|45
2026-09-02|wUIbQHE4GRQ|17692|18|1
2026-09-02|YVqacajNRpA|281746|556|53
2026-09-02|r4_4oriebtY|118783|401|20
2026-09-02|whiyHPqxOzw|88455|289|55
2026-09-02|SkXXg-nTZog|29304|41|0
2026-09-02|cIQDVVjAdPo|18430|19|1
2026-09-02|8DRAvvyq2sA|86492|326|24
2026-09-02|vGwKsEtkbSM|93834|526|13
2026-09-02|iRnoOMlWjv4|27985|673|1
2026-09-02|h2fQJ9uBaPc|21496|27|0
2026-09-02|238xsZ4dDwc|219573|767|35
2026-09-02|tYRHxEMpGkU|17713|204|4
2026-09-02|49IzVa7dcOk|165047|1246|196
2026-09-02|9OAzCSXaxUI|19221|116|5
2026-09-02|O9q0JB9eoac|54354|108|24
2026-09-02|xBP9Y1c5oSg|49021|722|2
2026-09-02|Pq4C8SfeCJw|322198|697|123
2026-09-02|SI7A6pLn9VU|851155|1852|387
2026-09-02|a8mzDGAcOgA|350526|855|51
2026-09-02|fXVKi7x4voU|220685|790|87
2026-09-02|gCEhGvuzvIk|113362|459|27
2026-09-02|XHRFVst6gco|107053|316|20
2026-09-02|kxIgWpFNVik|82822|299|18
2026-09-02|6MLW9pVRYDg|138478|423|16
2026-09-02|mz4Rv-cj6j8|177421|429|100
2026-09-02|MSHcm-uNlFo|15819|93|2
2026-09-02|2qbvbDgi-GA|4563|29|1
2026-09-02|goadltFNYCI|4354|41|2
2026-09-02|8cbuwoFT-lY|7330|26|2
2026-09-02|PPKZDSJ3bjM|1142|0|0
2026-09-02|r2UO5TYbj6o|98192|981|6
2026-09-02|tRCqBh7ppHE|530084|3040|341
2026-09-02|kodyHPggex4|3236|30|2
2026-09-02|q_T10SU913Y|161653|5022|203
2026-09-02|F257YmTLsuk|1083433|195|43
2026-09-02|4tLvFnx1hIw|85654|330|19
2026-09-02|U-9IPl9WwoU|581|1|0
2026-09-02|hxIKm-0iIRM|184241|1120|46
2026-09-02|NzlT44MNvzs|11474|135|4
2026-09-02|Adna9yfYqhA|6|0|0
2026-09-02|XeNHnYXeAHQ|11831|38|61
2026-09-02|yWuCjDREctE|44425|195|74
2026-09-02|ORMyWCTnsxA|20665|44|72
2026-09-02|WA_wqIkTYnw|5806|85|5
2026-09-02|onK08O1QPdY|5890|16|3
2026-09-02|YW6H72GqdNA|250439|2425|194
2026-09-02|PwGZ3OfJs1E|48|0|0
2026-09-02|Zvku6gByzzo|102941|227|49
2026-09-02|bAz2DYnOqvU|149955|524|83
2026-09-02|ZZxlMvfA-OY|38062|92|6
2026-09-02|gk8h-QK3OzU|23506|74|44
2026-09-02|P6m2icYoZo4|218472|1921|106
2026-09-02|WyWZIRxp_GQ|20356|59|120
2026-09-02|ZLQOcG4qXjs|28055|392|18
2026-09-02|IoA07mLh9Kc|1061|0|0
2026-09-02|mcO4qyFjOlA|6855|13|0
2026-09-02|MkNq55rcdt4|146|0|0
2026-09-02|QwFBFUGSIts|8787|52|0
2026-09-02|PkklJnl476k|25|0|0
2026-09-02|TnADZIH3mmg|6|0|0
2026-09-02|VnbJ0Xm4Wjg|19305|187|1
2026-09-02|nRftEKJYJMY|17902|169|3
2026-09-02|cP02ApXIJXg|16815|63|4
2026-09-02|U0HjZWsbvYU|12154|311|17
2026-09-02|PKZL6ZxrmMc|2016|11|0
2026-09-02|-KUJJAJ3mFs|7104|105|5
2026-09-02|hqTQyRfOJOU|41543|360|3
2026-09-02|QcqTbbRq6jg|1865|4|0
2026-09-02|rjRUnGMXirk|60470|166|3
2026-09-02|nrtsAlh1AKo|124362|243|33
2026-09-02|nTTV1YRYvxI|365629|875|21
2026-09-02|mawzrxV4bHQ|747947|4857|154
2026-09-02|BAQBgn1j0uE|37981|536|12
2026-09-02|oSgVJWEiYes|41046|439|7
2026-09-02|lhKedEJVYwg|2946|79|0
2026-09-02|ghf8FWl36Ek|4027|49|0
2026-09-02|QcVLCljA3wg|627779|1286|56
2026-09-02|BQAnFXC-W0I|6901|118|2
2026-09-02|go7tL2WWegs|31219|1595|104
2026-09-02|BpqX7w8uLWs|4601|14|0
2026-09-02|gb2O7cxCXtY|3450|11|0
2026-09-02|CoreJFfg83c|21889|59|4
2026-09-02|NQbwvxsEHLc|12847|60|2
2026-09-02|i8-qe0NQL6U|22562|196|0
2026-09-02|Gx2ldKgJ1U4|269665|678|0
2026-09-02|0KL4xDzuZT0|99593|268|60
2026-09-02|67YbJrClLdk|780618|6181|74
2026-09-02|Gxd-RhLsKQY|135984|1108|135
2026-09-02|ZUVZlq4hZcM|103739|208|6
2026-09-02|GogB9Xi5FgA|143776|890|9
2026-09-02|U1Fpm_ZuWwY|6125|12|1
2026-09-02|DPejldgPgk4|68817|220|146
2026-09-02|bLVbr6c8x-I|195949|793|50
2026-09-02|pMlKP-aYjqg|36546|187|0
2026-09-02|MZyqTZxpao8|9897|34|3
2026-09-02|sUsOUr_ohXM|712|9|1
2026-09-02|QHN4Gubo6vI|93401|1125|15
2026-09-02|i-yeH5ILXi8|2223|30|0
2026-09-02|KyRL8vpYz9c|4325|26|3
2026-09-02|r9i-ItD1xwk|36387|323|35
2026-09-02|4vRfTbheKbk|143730|675|6
2026-09-02|IcYhpFbP0BY|281997|673|91
2026-09-02|Cn_3dC2ILy0|1031595|3205|30
2026-09-02|MxBUe2qwop8|127156|612|69
2026-09-02|Hh9spK5QMCY|33325|118|6
2026-09-02|6vsB5kHQqzw|49772|557|47
2026-09-03|88ie5SxQbRE|2401|110|8
2026-09-03|zMoaLGFfAtE|16193|99|7
2026-09-03|pDwQbzUFqSQ|655|34|0
2026-09-03|Os36SnEoa1k|247|37|3
2026-09-03|_KJHaurJqqk|21597|90|21
2026-09-03|QFlL1cu9CPc|2416|25|5
2026-09-03|ThF77wOcu7A|56162|154|11
2026-09-03|8jOn9ymT5Js|14427|139|6
2026-09-03|s1aMpxQ7qJc|10156|123|5
2026-09-03|aEk5vniuNcU|1246|40|12
2026-09-03|WWSWdLeCA18|896|2|0
2026-09-03|ZUXsLRgzuvE|1689|4|2
2026-09-03|GUW-tFpw-Xw|1431|124|13
2026-09-03|VLuvZy3PhVA|1123|60|4
2026-09-03|x2j9DXOzGWQ|1312|81|5
2026-09-03|3_vOSnUTOkA|686|33|2
2026-09-03|AqV3zAclCoo|15998|2013|130
2026-09-03|TUclulldQas|6966|77|2
2026-09-03|dYcmpDeAMCs|1353|10|0
2026-09-03|4FefEAcypHA|12364|113|9
2026-09-03|YCi2fRkXiS8|9248|30|2
2026-09-03|g9LUsnhVFrM|177354|1078|201
2026-09-03|Z-nuqzmQQWQ|68163|490|20
2026-09-03|lYBhciPO_RQ|108788|412|24
2026-09-03|86YSAGn2dnA|588945|5595|98
2026-09-03|mqMQBeA6fMw|14903|77|12
2026-09-03|P4UcCTcQJ5c|70456|821|11
2026-09-03|RaDzH3ku3dw|135877|374|29
2026-09-03|sHIOY7gEOKQ|1073364|1871|138
2026-09-03|hvN3EljyhvY|44630|93|8
2026-09-03|Jowc9Kz0BEE|133399|740|82
2026-09-03|aU2342Gnrn4|27595|142|17
2026-09-03|N9xvuz0sjDA|1252078|3849|76
2026-09-03|V7EaGXslXb8|1205|49|4
2026-09-03|mSm1U1KGEts|797|53|4
2026-09-03|0pipi4OBKI0|23003|93|9
2026-09-03|8_K_L7GjxBU|8179|91|4
2026-09-03|qdhfRKNisBM|232803|896|115
2026-09-03|Qcb_iKXFVow|139804|441|255
2026-09-03|MFnfQnlkpYo|61822|451|376
2026-09-03|liBJorRNXPU|311559|917|182
2026-09-03|SJVmeJaS44s|1603365|72927|6636
2026-09-03|JYmnEY26L3U|1927|20|0
2026-09-03|eYrhfidxiv0|4542|10|0
2026-09-03|bwGCH6D0oxY|11390|914|37
2026-09-03|HR9dbM4V9m8|25441|27|0
2026-09-03|X1tc6n08HE8|199|1|0
2026-09-03|jerj4pt4AXE|190|1|0
2026-09-03|YsUJ3Pnhlw0|25002|139|0
2026-09-03|BtIIpB_RgM0|248|2|1
2026-09-03|WsuxcmT8_z4|41960|442|4
2026-09-03|xKmhn3MEPqw|196461|548|97
2026-09-03|PbZFjXOP2vU|2328|84|8
2026-09-03|5zoF9fPC5lE|67706|1127|57
2026-09-03|4VSirCDW7sY|4485|79|4
2026-09-03|5S0k4gePSBQ|16967|151|3
2026-09-03|0zUFgmGXiU0|1915284|14237|125
2026-09-03|RYb0pgQWWvM|3561|63|0
2026-09-03|lEYfGGEXdoE|43962|601|9
2026-09-03|XeHxgWHMQuU|11957|194|0
2026-09-03|uecWuNuxLw8|1495|10|0
2026-09-03|B_B26FMLjDw|30542|307|19
2026-09-03|vD5DaOpwUvE|1818|21|0
2026-09-03|bJqZlWLWAFY|2735|62|0
2026-09-03|q-5-GHAfJfE|2029|56|1
2026-09-03|WUdAQL6St8s|29205|347|21
2026-09-03|G52yPpnP5zs|2293|72|7
2026-09-03|hkVKW1kc6tI|11589|307|4
2026-09-03|rO8ov5yXsdo|5733|62|1
2026-09-03|9WsjcJ987xo|91294|1379|8
2026-09-03|YxHMlOEYqT0|88840|165|7
2026-09-03|7-faCvsFEBM|35900|188|7
2026-09-03|lQdHsiyuUtk|6976|4|1
2026-09-03|hFt6duT4t1I|10392|85|6
2026-09-03|nfi2JUXDU08|10887|82|5
2026-09-03|ZAhKSUiH4lQ|6456|50|5
2026-09-03|8106q1fpNDo|8575|73|7
2026-09-03|PiSnOtiJPWA|43923|182|12
2026-09-03|tki0HMQ8msA|19869|144|7
2026-09-03|BXmt29RaJOY|34266|180|13
2026-09-03|ubVqItdjv04|31454|163|30
2026-09-03|S_iF0a3ItS0|23394|333|42
2026-09-03|hikQnVB0r3E|16472|116|4
2026-09-03|VKaJ4znkDH4|30295|177|15
2026-09-03|jYqz2zsQjYw|27359|200|7
2026-09-03|6VhvRA-rXd4|22141|146|7
2026-09-03|O5o52Jm2LZg|1566|14|0
2026-09-03|i9_M4gx3LNI|9918|7|0
2026-09-03|sG_7XgdNvbM|30323|93|1
2026-09-03|Si8lRsXA8nU|6215|37|0
2026-09-03|DdYcHmqwS94|1820|9|0
2026-09-03|dQ_bXpXRcoI|5723|5|0
2026-09-03|wTI-RRYOztg|12215|13|3
2026-09-03|iwGxBaiXcew|6527|8|1
2026-09-03|iMeDSIEVXlQ|8446|30|0
2026-09-03|kEd-E9qv35Q|8918|59|2
2026-09-03|R39IwbeuX-Y|2303|28|1
2026-09-03|C21YMoYv1kU|2475|18|1
2026-09-03|V0wL_UKlR5c|9510|12|1
2026-09-03|ZKSyox6bKvI|23590|118|0
2026-09-03|doBGbBMOIYg|5|0|0
2026-09-03|hHTUL8wHwgo|13|0|0
2026-09-03|fcRDZxI9GpU|13|0|0
2026-09-03|EzZ7Y9tYJ1M|21964|146|10
2026-09-03|ZAEY2iSk8oY|20730|157|5
2026-09-03|i8QdxgorNuE|48843|133|14
2026-09-03|spYtcFXkzhg|1697|17|1
2026-09-03|4GdoVzU2T00|13393|133|1
2026-09-03|wz6df3R9BeU|21340|123|3
2026-09-03|c6PDeVlBJjQ|422482|2615|118
2026-09-03|UkIPxYcQRNo|13250|106|1
2026-09-03|TtPFCug-6-Q|32640|566|8
2026-09-03|62jRHueEnt8|245600|1525|241
2026-09-03|veMiEwEgyG0|64814|217|3
2026-09-03|0FBtknD06Dc|1573|20|0
2026-09-03|ol_HQxOYL6M|72678|177|13
2026-09-03|6Q8ze4e69fM|56327|225|29
2026-09-03|olmmnwC7vhA|47926|181|6
2026-09-03|2R-EwYmBrdw|6451|123|1
2026-09-03|BFumn3__ebU|3177|77|2
2026-09-03|OwZGg7ZdJ8A|7309|59|0
2026-09-03|DXKOgluyjKs|110593|483|184
2026-09-03|DUJkWbx---c|726868|2699|160
2026-09-03|8ffp71e94uE|19218|126|8
2026-09-03|F9wnZFRaEqY|78383|300|35
2026-09-03|DJw75NEVXdc|24069|164|8
2026-09-03|J3R4XhJbsRY|1566|10|1
2026-09-03|k6UU545q2x0|1655|13|1
2026-09-03|tWKyB0MyWys|1340|14|1
2026-09-03|q5e0SHM_zc4|11574|69|1
2026-09-03|McuE7rRfsQ4|2501|11|1
2026-09-03|G3QaiI6E9B8|24338|141|0
2026-09-03|jGIl8Agb004|348349|5093|166
2026-09-03|VCf4MJCNPBM|35786|240|0
2026-09-03|d51-3B4-zCc|3966360|17306|342
2026-09-03|HlcF59XPW68|1358|9|3
2026-09-03|CCZ5-XljLvc|18391|170|2
2026-09-03|2erwhbqtEQg|6795|53|2
2026-09-03|2NVzPZB3V_s|66516|225|16
2026-09-03|hjkPNGtnV1I|2040|10|1
2026-09-03|75QX-VxjTUY|415737|7035|15
2026-09-03|PctMgIoFN6w|47137|260|19
2026-09-03|FUbm8hW772k|29056|546|3
2026-09-03|4CoDK4m5lxQ|34860|220|13
2026-09-03|skX3etMwz1M|512495|1480|55
2026-09-03|TIdCOXaELVs|32279|163|6
2026-09-03|2sEuYWxbq7Q|12742|32|1
2026-09-03|-oFLQWIHKNU|27373|120|4
2026-09-03|z8tknEDtQxc|2327|6|1
2026-09-03|7vjloPwTxbA|2064960|5367|151
2026-09-03|CiF7d8mux_Q|15334|26|2
2026-09-03|2a7BPoaqVMA|26003|185|10
2026-09-03|cbUMuztZSnk|79236|446|10
2026-09-03|CT2MfjXExUM|481294|1663|160
2026-09-03|vcA2GiaWSik|18049|120|3
2026-09-03|kd0bCgmIpc0|12336|28|1
2026-09-03|9rAuBpLc_Ck|40099|152|7
2026-09-03|1c4OF49XisI|46996|182|25
2026-09-03|oYPH4S1AUvc|100342|416|67
2026-09-03|D0CGG6vFQJ4|90055|255|16
2026-09-03|i18Uwcg21ao|19599|121|6
2026-09-03|VPHKbBoKVas|224011|1562|133
2026-09-03|7kJHlPsq2Sc|84395|293|27
2026-09-03|yuUbh_TfKxg|83774|632|3
2026-09-03|IcmyPIc0_JI|40172|140|7
2026-09-03|5c2GugwthW4|22612|118|10
2026-09-03|yc2FxwR-VD0|546994|10466|81
2026-09-03|PPseDZTAStA|104345|791|77
2026-09-03|eeLNJ8_fM78|1142468|5567|402
2026-09-03|-A7VWqzekIA|317733|2909|167
2026-09-03|HhRm-ajqPjw|3644|119|2
2026-09-03|EBPrnFmBSxo|2694|31|2
2026-09-03|Q7u3ZSMNRNQ|11365|140|3
2026-09-03|7WAOSGOC-Ow|13393|154|8
2026-09-03|L7HhTKJx0gU|3633154|15539|1008
2026-09-03|u9xMNu28X5c|219731|535|101
2026-09-03|YWsczzufh6Q|3004364|394144|20093
2026-09-03|DwF0WfxwLfY|229248|519|110
2026-09-03|Fcup-R_kaqg|321343|891|147
2026-09-03|ECL4aSHZL7c|11429|40|20
2026-09-03|UVzmiEOyMwo|176602|1929|20
2026-09-03|0DmfXlHn_7I|202081|1452|46
2026-09-03|VVdnwVtc4b8|52818|210|11
2026-09-03|nVS80dEa6mU|208926|197|25
2026-09-03|Kz48qLPNops|44989|421|5
2026-09-03|Rki57e9J6Wk|2027|47|4
2026-09-03|kNI_0X7QKJ0|5269|104|0
2026-09-03|bG9z0HhW0oQ|8453|56|0
2026-09-03|so1FZb0lsc0|14|0|0
2026-09-03|YZrEymOHvh0|29766|241|2
2026-09-03|smbkoVpLdjQ|3351|29|1
2026-09-03|Hx54fH_DHzs|2373|20|0
2026-09-03|ZNUCowRRthw|2436|30|1
2026-09-03|QgtZl5GEs34|4382|90|4
2026-09-03|GQSxGL4M_D8|5866|62|1
2026-09-03|yL-DprwWZOs|86|0|0
2026-09-03|uEsAXJI-s1I|1270|0|0
2026-09-03|IUEuvQBBoO8|124|0|0
2026-09-03|fiX2DjcNQ3g|36|0|0
2026-09-03|Rqfvvi0QtL0|4589|93|1
2026-09-03|hxNArwL1Pes|967|34|1
2026-09-03|SfcsbpgG_qg|109011|700|13
2026-09-03|PQvH_BkxXSU|1048|7|0
2026-09-03|6VJO2srZjy8|4220|31|2
2026-09-03|enp0gFMQQ5c|1581|7|0
2026-09-03|iSe_S_tW-UM|88210|120|1
2026-09-03|ec4tBo8e8HY|1092|26|0
2026-09-03|qqSLHaugUmc|1475|8|0
2026-09-03|OzJQGQAD_20|166330|525|27
2026-09-03|FW2g261eZ1c|11265|63|0
2026-09-03|h2XbCe6l4Ew|13029|169|2
2026-09-03|W7fZ23_dqJc|18901|285|27
2026-09-03|l9mJk-IXYyQ|270480|1572|146
2026-09-03|gW7RoCyuyNY|61767|1004|24
2026-09-03|Wwpz0ymVFV0|33045|418|14
2026-09-03|-Ugjth7QLC4|9707|111|6
2026-09-03|2Gs1Fea7tpY|17803|298|1
2026-09-03|Vu0vP3n_FX8|4188|31|0
2026-09-03|k1HnFu9tgE4|21432|112|0
2026-09-03|s_udIDxJgps|136|4|1
2026-09-03|qkOeq_MhK8U|757980|13162|843
2026-09-03|PfEbhNIHXIY|249009|2319|25
2026-09-03|19ljNqLUrgA|147444|266|13
2026-09-03|N-na9KhG-Uw|22376|116|9
2026-09-03|i9kB4QjyzUo|148137|1114|217
2026-09-03|rw0_8d5JFUA|46499|757|5
2026-09-03|kneF4M6sfgY|203224|1193|18
2026-09-03|wBEqC9J1C1U|7379|106|1
2026-09-03|o09lInRIw84|1462|5|0
2026-09-03|WpaafTMFbWU|303584|2074|272
2026-09-03|kJ3Hy7BW3rI|29143|85|8
2026-09-03|LyvgH_fas_s|41647|44|1
2026-09-03|25p4DPRNujM|2128|15|0
2026-09-03|yeU-dhmQDfY|118237|733|2
2026-09-03|41zk8mPyua8|18529|245|3
2026-09-03|m5VAoKbm7Z8|6482|181|6
2026-09-03|IQF5vD0ZCao|8488|194|7
2026-09-03|QXwZv1qLE84|11199|4|1
2026-09-03|38bM5moFXaw|15889|21|3
2026-09-03|5oXAkY8UFCo|11237|29|28
2026-09-03|VoMayS-p49k|83747|1410|50
2026-09-03|ML_Rv8ym6Bg|349647|1174|167
2026-09-03|1Oxx4q4pRqM|16266|171|9
2026-09-03|qUDISC5LMH0|47596|401|1
2026-09-03|siTzcicZWns|39104|45|1
2026-09-03|xRgMYsn4lRY|124098|857|11
2026-09-03|zixub5mCaMA|25928|129|11
2026-09-03|B2WYbtzWP9Y|14863|102|2
2026-09-03|5aqkn0JS8_A|66521|627|14
2026-09-03|jMCy9hYLYfc|4628|75|0
2026-09-03|XHIqdEfCi4s|104939|1072|50
2026-09-03|aOaQ5XlkcSk|4216|65|1
2026-09-03|DVL01jyUnF8|30652|265|4
2026-09-03|VHdJRWqn4BQ|84398|277|15
2026-09-03|YNh-6JRDW88|2299|22|0
2026-09-03|6uBAuV8iARY|15331|89|0
2026-09-03|1KqqhWBUMYI|81321|1020|4
2026-09-03|I4p8AF_eTBQ|1989|14|0
2026-09-03|GW1TxPgo2Q0|45286|367|1
2026-09-03|Nzg9lbNGOhA|25389|367|4
2026-09-03|_zhuezSALjQ|34019|561|4
2026-09-03|MiqZbXuYMFs|8624|63|3
2026-09-03|zKSBoImRzf8|91759|710|14
2026-09-03|lx5gWk4ZTbs|30031|77|3
2026-09-03|WLN5Sc11u9c|6010|57|2
2026-09-03|MiBJ8aLG3zU|11707|88|4
2026-09-03|U4eCbE2Plt8|7925|74|1
2026-09-03|pFRPXoFGD0M|2636|24|0
2026-09-03|fjABPUftYdM|3536|51|0
2026-09-03|Wo-0S6dqPJo|96700|247|40
2026-09-03|HkHs5ljuhPk|9077|127|0
2026-09-03|jwS7ZycSWZ4|13693|130|1
2026-09-03|UBYdS1PiqdA|19850|174|0
2026-09-03|qBFYGXscj_Q|1338|17|0
2026-09-03|xq7JU7Fn9lg|30659|488|7
2026-09-03|NxO9S6TqiZs|622131|13306|110
2026-09-03|IHFZE-S0J-E|185174|929|211
2026-09-03|N7oXzh5ct28|8552|31|3
2026-09-03|9kjFLocWJxk|34868|321|13
2026-09-03|slm_UgJlQe4|88552|223|32
2026-09-03|tNC64WI2TF8|23164|155|12
2026-09-03|IqGNNYwoytg|20027|43|6
2026-09-03|aJfexvttwi0|2319|29|1
2026-09-03|B4Rks6EG1Gc|1417|9|1
2026-09-03|CNJHySai9Po|3087|45|2
2026-09-03|xM0ckJJ6kKQ|1656|5|1
2026-09-03|lY9ne1fRVTM|11357|67|2
2026-09-03|CrzqZLdRBuw|3057|18|1
2026-09-03|WFvXrgfRXNs|15956|93|1
2026-09-03|bRQR08YPq-Q|6417|45|1
2026-09-03|_toJftszwXA|2458|10|3
2026-09-03|LnGm1TW2kW8|6843|52|2
2026-09-03|PDSjJw4rcHk|31214|56|0
2026-09-03|PKvYvgfZZlk|11026|17|0
2026-09-03|leAO_ZIhI3c|5145|7|0
2026-09-03|d4DFUHKyheM|22946|102|5
2026-09-03|2IZLsSwEAz0|29235|138|5
2026-09-03|5218Hn9tLqs|19291|112|12
2026-09-03|iGbw0pVp-hE|21197|133|12
2026-09-03|KhgU7fxHWbA|63968|230|14
2026-09-03|9TV1tRSp6Tw|73387|220|28
2026-09-03|JQdWGvWQl2Y|12281|164|13
2026-09-03|znR6LPQBaLs|50561|155|11
2026-09-03|FzTXHQFHtC8|28010|132|4
2026-09-03|_X4XAy2XhDE|25719|137|3
2026-09-03|u0XXf_32kgE|55995|199|10
2026-09-03|aHpcjLwMsMk|23048|131|12
2026-09-03|_YdTXWBk9_0|35673|139|11
2026-09-03|ctiO0y5yqqA|27508|525|11
2026-09-03|4IhXabYTSHE|67537|190|31
2026-09-03|Xvp8XhwhPtk|47067|230|19
2026-09-03|_vcgR06IS8k|204126|488|116
2026-09-03|JFFaOKDhRcM|252571|1756|94
2026-09-03|EfklOuulszs|35762|178|8
2026-09-03|ElLlWnJaSvk|28651|308|5
2026-09-03|8xvlMeyXJvA|769155|1984|1282
2026-09-03|9tFeB6dM70M|43806|401|16
2026-09-03|Z3lWxnzg8J8|391946|2157|196
2026-09-03|CQ-uXJnwmVY|103987|481|1
2026-09-03|q6nIYyIxYr4|71121|621|3
2026-09-03|Aa_1t3tmacU|4310|4|1
2026-09-03|0VY2Cz80lNs|1347510|856|287
2026-09-03|wHH2M5eHtaI|184949|3540|85
2026-09-03|pgBPVXcRbsM|15361|114|11
2026-09-03|43U7b6DpeWw|11998|187|11
2026-09-03|1ZideGi0yms|8251|88|6
2026-09-03|JetIObbmRyw|79195|509|63
2026-09-03|qiAy76Ow1Vg|147899|2251|76
2026-09-03|NF6N1hboFDg|55994|2|0
2026-09-03|TN_uncFL7ag|52307|236|73
2026-09-03|z37vdkqd3yk|34231|155|51
2026-09-03|pbZ89yVwd-c|76947|407|91
2026-09-03|SQDOPsZRthY|73150|659|53
2026-09-03|EMcXLhlu3d4|65071|308|40
2026-09-03|osbkh9JjZKQ|197548|1029|62
2026-09-03|p1z9vYUfA4Y|20430|84|0
2026-09-03|tr4gTqeWEUk|28971|211|2
2026-09-03|jyD_qb3k9aQ|50415|487|30
2026-09-03|UdhZIKZSlGc|3445|42|1
2026-09-03|Cj9FDmYGnEE|5761|146|1
2026-09-03|ICeS49DEzwc|16536|289|4
2026-09-03|DuoC0GcNTTQ|69188|160|74
2026-09-03|SwFKRfr0MMs|47180|145|69
2026-09-03|rT_xPcgAefg|25913|86|3
2026-09-03|K8OOo3Mld9g|190009|617|36
2026-09-03|DknDUOLefHs|31826|284|24
2026-09-03|PiE8VjIBcjc|30249|95|2
2026-09-03|HYcJDtLvaOQ|6781|77|2
2026-09-03|YmS3fnTT_ZY|24489|140|48
2026-09-03|iryt7n75tu4|2125|25|0
2026-09-03|07ksV4BkrNI|20510|210|7
2026-09-03|yfBhk5cmw6c|530757|1059|81
2026-09-03|xWWtxCJELL0|3995|26|0
2026-09-03|6rBrmwMIorY|106409|695|23
2026-09-03|hOTCl-4IPJA|41905|281|3
2026-09-03|ic43_j-VaVM|22857|118|1
2026-09-03|S6m_xgU9jjc|90894|284|20
2026-09-03|dWq9rvBhefQ|10319|87|2
2026-09-03|4giYXJbPMcY|19680|80|6
2026-09-03|iSZY3YO8prc|136090|379|76
2026-09-03|8cgbbtxQD_k|6839|12|0
2026-09-03|iwB7n1p6IVs|34741|118|10
2026-09-03|GVZhqx5ai8Q|46314|449|37
2026-09-03|ndnsdvf2UOg|1702154|11610|197
2026-09-03|hts99qih4SY|416285|1052|402
2026-09-03|OiYAvVH0ErA|46326|392|2
2026-09-03|H83TxAW9Lh8|2475|25|1
2026-09-03|7BfiZztqLsc|2708|24|1
2026-09-03|LMfaSJwfwuU|216176|1695|13
2026-09-03|1D_JPWun7NY|258123|631|59
2026-09-03|1KxQlI3PuEw|28991|536|2
2026-09-03|TIVfSu9JD6A|366578|4785|26
2026-09-03|11fjfr_3h7w|471896|2361|166
2026-09-03|4MAeQqJlJ4c|1039891|8959|1207
2026-09-03|ELR-8WSCkv0|68286|3008|222
2026-09-03|74b8Cmd9We4|608419|2362|320
2026-09-03|ebd-2gGtWvQ|2035235|8903|576
2026-09-03|mjtYuA6qLnU|5812|28|0
2026-09-03|tN5hE5vhBwI|34718|327|4
2026-09-03|yLCbROh-CM4|43042|544|9
2026-09-03|G-pFxam6ygA|42362|133|11
2026-09-03|9dUVTjsWEWY|8405|163|0
2026-09-03|MB-maN8rJdA|93997|0|31
2026-09-03|6ivpF9VFFus|27518|255|8
2026-09-03|3BvEX6eXdGU|34133|264|1
2026-09-03|bU_ka0pswg4|13271|88|3
2026-09-03|Cf7yF-oYbDs|27393|437|1
2026-09-03|hrEPSXvr7kM|60901|624|15
2026-09-03|IcXowLV635Q|84515|917|14
2026-09-03|0fnI47s_izA|4518|22|0
2026-09-03|LKRCwUEUMOw|7691|34|1
2026-09-03|93ri11_1Ozw|115209|350|28
2026-09-03|HGGTGrfKWes|17873|178|3
2026-09-03|YPTcQIX0ni0|2773|36|0
2026-09-03|nGWBco8_-vw|233274|817|133
2026-09-03|5pT3jDpOpzE|232054|583|46
2026-09-03|HQhCAGe6_Ok|64790|276|33
2026-09-03|e68zq7HY_j4|4091|29|1
2026-09-03|Dgb6dJSw9wU|3778|29|2
2026-09-03|ciTZhv9SWUY|428329|1215|177
2026-09-03|QO0psotSqkc|68340|205|16
2026-09-03|JK8T86-9zAk|60221|240|60
2026-09-03|XRjogHYGEMc|115555|321|20
2026-09-03|KEXb83VeLeY|20833|75|5
2026-09-03|g5QEUKg1-Ns|69215|230|22
2026-09-03|ujneQVaQhAo|150017|443|24
2026-09-03|gooKL13LkgY|23688|90|12
2026-09-03|LbRvLjRRtMg|52495|305|7
2026-09-03|qB6mWwfDSwI|6007|41|1
2026-09-03|W-q1oC2nsKA|309317|834|65
2026-09-03|C2CT3-Mt_Jk|431661|1110|389
2026-09-03|LU1aE6gAttQ|447670|3400|140
2026-09-03|ZUtBMUMYG_0|15225|20|1
2026-09-03|PrE7nP_My7I|35691|176|0
2026-09-03|v6OKh2hSqfo|43208|262|9
2026-09-03|1deBCFjppDU|15135|15|0
2026-09-03|7Eha3kiOgQ0|134785|459|16
2026-09-03|amdShzAYNNo|25055|181|1
2026-09-03|8SBwBQ7FU8k|199748|704|16
2026-09-03|7eUgNmTsFGM|6588|46|1
2026-09-03|2NxM6YPd9Ow|91090|0|26
2026-09-03|mbcIssHqUB8|1647|3|0
2026-09-03|asq0q1T9b-Q|169076|565|28
2026-09-03|tG7ukoOHshU|967|2|0
2026-09-03|OqykuLsbPJY|629|2|0
2026-09-03|-iYyMycjWls|499434|1035|468
2026-09-03|r8DWffLhnPo|2325543|3298|425
2026-09-03|GfWYJvY9bz4|33974|92|88
2026-09-03|aCm-R1z8BOw|206431|953|19
2026-09-03|wyI4bpcpLoA|1644|27|0
2026-09-03|ws2k6mDbIjA|6986|123|1
2026-09-03|vcwdGO4CxtI|6423|77|4
2026-09-03|II0kP2Z-kOA|511513|1711|153
2026-09-03|nL94muRYUOk|64207|160|3
2026-09-03|gwhNa5YtJ5k|22270|77|0
2026-09-03|DiRR2H1A9yQ|51254|205|2
2026-09-03|vCskdrgg2aU|35682|233|11
2026-09-03|KD9m57hmQ1U|388475|3247|113
2026-09-03|kccnaxP_NiQ|1588|8|0
2026-09-03|d2rU7XWv7fA|1132832|6659|273
2026-09-03|-LSfMBS8jiw|35164|106|2
2026-09-03|JSgLr05KU5c|545422|2787|51
2026-09-03|rVjGKnh6l3I|538423|1479|209
2026-09-03|9yYzWPYnU_M|286511|570|18
2026-09-03|5WDy9d4-VzU|226297|217|4
2026-09-03|gf6DYM5CBLY|106600|341|94
2026-09-03|3YpZjUoktp8|115689|852|263
2026-09-03|PkpD9BBiLsE|10265|137|1
2026-09-03|MdUDoa6ASz4|1261955|2466|330
2026-09-03|y7xWOiAyNx8|122842|235|12
2026-09-03|ewpKds8BhO4|26239|172|0
2026-09-03|3I14Uw9_1os|58822|235|20
2026-09-03|nOyG-hr3VdA|31777|366|23
2026-09-03|y9hZtLVR7kU|77355|277|126
2026-09-03|tDnvqinl1Bs|258687|1879|142
2026-09-03|fd5-BG5aKSA|2849|15|0
2026-09-03|WH904Q1wJy8|55583|698|17
2026-09-03|Bd3fQTRslwQ|39882|109|0
2026-09-03|FAhR_8iWbH4|2548|13|0
2026-09-03|7in3anQRXyE|99829|450|182
2026-09-03|S4UF0sA-5cU|5194|74|8
2026-09-03|PmlV5Zzda_g|17888|317|0
2026-09-03|Fx8GIlv9Vug|9776|85|0
2026-09-03|I71O3e5Y9tA|3163|25|0
2026-09-03|oFrU_wuIUNc|529435|3211|136
2026-09-03|-tACjMOflWI|8342|43|1
2026-09-03|QZ8RbtA4EyI|26311|180|8
2026-09-03|h2fQJ9uBaPc|22304|27|0
2026-09-03|qsjXsJp06c0|95326|220|20
2026-09-03|wYUWBqaGdrg|28274|170|6
2026-09-03|tMhiHNUpwio|198008|1194|19
2026-09-03|cpEpIbZ5mmo|25668|58|2
2026-09-03|iRnoOMlWjv4|28153|675|1
2026-09-03|DjMp_-NLXKs|62940|467|3
2026-09-03|b7Oy7PWK028|384983|1012|138
2026-09-03|QNfLts-msAE|281|2|0
2026-09-03|rhYv2ld2X4M|16858|107|1
2026-09-03|FWG1WDh3TfI|242490|1528|104
2026-09-03|wN8qsu7QllI|341|2|1
2026-09-03|TONwPXkLMXM|34861|25|0
2026-09-03|_GrqOK4cGJI|32992|268|0
2026-09-03|GLOo2PJ-Qig|17213|156|1
2026-09-03|QKesDVcHXuc|746083|3206|47
2026-09-03|04cy2BEDDsc|397056|3367|127
2026-09-03|YBr1LItM8YI|87808|0|62
2026-09-03|xBP9Y1c5oSg|49208|725|2
2026-09-03|Pxwarvlob3A|97377|634|97
2026-09-03|bzZO9TcWE0c|56094|210|167
2026-09-03|WeKlxEce3D0|5089|49|0
2026-09-03|3JINkkr_1iE|3613|41|1
2026-09-03|1K5upafRMBA|730784|3852|45
2026-09-03|fmB-sGVLRbA|345214|1926|13
2026-09-03|whiyHPqxOzw|91221|292|56
2026-09-03|aka69nY850k|405772|811|136
2026-09-03|vGwKsEtkbSM|98015|551|13
2026-09-03|X9ovK0L-t_I|10750|57|3
2026-09-03|Q6_92YAv7WM|411107|1184|115
2026-09-04|C8vE6VGZxN0|54573|326|5
2026-09-04|Kcb1PtEQDZs|21421|335|35
2026-09-04|pOmJ65UnPEY|203323|27427|2281
2026-09-04|dsSgOEcLuL8|280839|1712|280
2026-09-04|buPhYiIXMTM|311590|17359|1792
2026-09-04|hl5Ptg8JMrM|231210|1022|181
2026-09-04|V_REtnjYcXE|117929|747|159
2026-09-04|Ug5LuASQhMw|75474|1514|134
2026-09-04|c2XsPVnwxBU|136784|434|312
2026-09-04|69qyDFIPmsM|8134|93|5
2026-09-04|aMhH98sFu34|14559|94|20
2026-09-04|wZUI8zxKJUQ|11681|241|5
2026-09-04|JY96JWMnuHY|5544|366|27
2026-09-04|5jlWfZaREuw|8352|108|4
2026-09-04|xekUZMcJI-E|20980|422|13
2026-09-04|UYgNYknm8FA|45700|320|5
2026-09-04|pjuvl_j3Epg|24802|79|4
2026-09-04|YxHhA26QHnc|13049|192|1
2026-09-04|DiULNLX21ZY|11949|915|34
2026-09-04|2hVHX4KELY4|1415|5|0
2026-09-04|HX7Hyw9_e5c|1064|8|0
2026-09-04|xgdJ1YMGQ3M|5436|44|0
2026-09-04|ha1LDpw4GtE|1313|15|0
2026-09-04|BhWg9wNhhs0|83825|361|181
2026-09-04|gZSQIzyo1KI|2650|11|0
2026-09-04|yqDNEKzgkn0|1267|9|0
2026-09-04|vy8VoyN5pGc|6970|22|4
2026-09-04|t0pPBFZ1LtQ|2161|41|1
2026-09-04|1i-F0yC145g|6517|23|2
2026-09-04|kQu-vEvCJso|300038|1059|96
2026-09-04|tZHzb86u0qM|1019|0|0
2026-09-04|njLV6U_et3c|1173|0|1
2026-09-04|1amL_1SNneQ|18352|254|13
2026-09-04|IDawdgjQS2A|60503|181|13
2026-09-04|tHO2L6FdJ4U|1414|11|0
2026-09-04|mTGUTB3C37o|1152|27|0
2026-09-04|aKNGGxznLyg|13424|176|2
2026-09-04|qwjIgFO4i9I|102384|239|15
2026-09-04|PK10IcoM0HQ|60255|356|46
2026-09-04|VSXOOeTozg0|86103|1039|49
2026-09-04|Kdo8_zEt2SI|37087|132|0
2026-09-04|g-Ffj6iZogw|158029|863|38
2026-09-04|NESNcCVNE_s|95947|708|46
2026-09-04|h-ja_FLHW5o|12413|45|7
2026-09-04|tGMWz-PW6S4|26468|272|6
2026-09-04|POgDEQ6iibI|24097|142|5
2026-09-04|M9fzSYwDVVk|24259|182|2
2026-09-04|TbmsoFyeXSI|737077|3030|109
2026-09-04|3rpIVrpGUAs|1897|13|2
2026-09-04|pK3O7CVDBQU|4348|8|1
2026-09-04|3Tu4UppE03w|470|1|0
2026-09-04|OsndY8NYUoo|47553|709|5
2026-09-04|Es2gxDR00LA|2144|28|0
2026-09-04|WjPOe1cFDRY|29246|184|1
2026-09-04|b9_gM7oIDWI|29374|220|0
2026-09-04|1_z-0auOpOQ|41963|554|5
2026-09-04|UsKKBCnnLVo|107245|348|11
2026-09-04|ANH3augu_ww|3360|23|0
2026-09-04|XJ6hfVZbmpk|112739|522|25
2026-09-04|LyyEIG5D8Xg|16139|32|2
2026-09-04|FpK1_mezdwo|34987|270|15
2026-09-04|6CcVF5CmBuY|32377|304|4
2026-09-04|3egams508Oo|44765|328|5
2026-09-04|jgLnybbGZAs|27387|413|24
2026-09-04|YEBKKi3owM4|21496|143|6
2026-09-04|V8snjzCZA8U|8619|7|1
2026-09-04|ANKotBh9p_M|17125|92|7
2026-09-04|seicoO_eNRA|7891|13|1
2026-09-04|rsym54vufxc|2122|11|0
2026-09-04|FeEohauMJVE|7961|13|3
2026-09-04|S2aEh4GFhQY|6671|47|1
2026-09-04|GGJPbu7pfQY|3060|13|0
2026-09-04|oHKog9ar_MQ|1486|24|0
2026-09-04|AARip9vGMuo|1201|16|1
2026-09-04|UdJi7Rziubc|29523|159|24
2026-09-04|K7CXbJ1kgaY|7966|9|0
2026-09-04|UkeCpaq3ps8|7623|15|0
2026-09-04|mVDpGLdHOb8|8|0|0
2026-09-04|uE7JEtwV6Mo|27|0|0
2026-09-04|5rCBOUU7tHw|6579|179|2
2026-09-04|I-E9TNMFYoI|8254|17|2
2026-09-04|I8h3sQUrzRI|35453|124|19
2026-09-04|r5qps1NKvwg|1732|5|0
2026-09-04|zJA9zD9nBeQ|4390|14|0
2026-09-04|huw5Mi8IZ5s|11144|11|1
2026-09-04|mDgXMqdm_DY|12163|97|5
2026-09-04|rKHUZUhkIP0|3897|213|24
2026-09-04|2St3p-Nm5Gg|147097|1672|167
2026-09-04|2MkxA4mKCzw|26554|226|14
2026-09-04|BVCthAPO-hg|39260|271|10
2026-09-04|liTBZA_m3rU|21407|178|9
2026-09-04|L8oeYjt-K-8|23884|138|4
2026-09-04|nmPH9hD8lHA|15877|143|4
2026-09-04|q9W2bwuvn6k|16926|160|5
2026-09-04|Fk7rZaWChcA|10790|79|5
2026-09-04|ncWZWCF21uc|32787|173|7
2026-09-04|Dh2f2ng40kI|70079|224|9
2026-09-04|VtpSd-2X90k|1329|18|1
2026-09-04|DCvjP7OSFsM|6776|12|1
2026-09-04|GKs7JVJcuj0|1268|21|1
2026-09-04|WuBYi4nsv4U|1416|0|1
2026-09-04|VcHaeK3ox4s|771|27|0
2026-09-04|xZMwPT17PyU|17|0|0
2026-09-04|nZn1EN6XiH4|21479|156|5
2026-09-04|qdhfRKNisBM|313403|1114|140
2026-09-04|sG_7XgdNvbM|58919|143|4
2026-09-04|9WsjcJ987xo|98489|1468|8
2026-09-04|kEd-E9qv35Q|13165|77|3
2026-09-04|lYBhciPO_RQ|130643|485|29
2026-09-04|lQdHsiyuUtk|9050|7|1
2026-09-04|BtIIpB_RgM0|715|3|1
2026-09-04|hFt6duT4t1I|13175|98|6
2026-09-04|nfi2JUXDU08|18366|91|5
2026-09-04|aU2342Gnrn4|42409|233|23
2026-09-04|ZAhKSUiH4lQ|8969|58|6
2026-09-04|R39IwbeuX-Y|2786|33|2
2026-09-04|C21YMoYv1kU|3060|18|2
2026-09-04|V0wL_UKlR5c|13981|14|2
2026-09-04|RaDzH3ku3dw|143081|395|33
2026-09-04|sHIOY7gEOKQ|1113941|1952|141
2026-09-04|Jowc9Kz0BEE|234947|1241|133
2026-09-04|hvN3EljyhvY|106473|212|16
2026-09-04|HR9dbM4V9m8|25522|27|0
2026-09-04|ZKSyox6bKvI|39920|179|0
2026-09-04|GUW-tFpw-Xw|1990|135|13
2026-09-04|jerj4pt4AXE|346|1|0
2026-09-04|c6PDeVlBJjQ|1697013|9218|512
2026-09-04|eYrhfidxiv0|4625|11|0
2026-09-04|VLuvZy3PhVA|1340|62|4
2026-09-04|4GdoVzU2T00|15948|141|2
2026-09-04|YsUJ3Pnhlw0|58275|247|3
2026-09-04|WsuxcmT8_z4|65834|583|6
2026-09-04|XeHxgWHMQuU|18818|210|0
2026-09-04|8jOn9ymT5Js|14650|141|6
2026-09-04|MFnfQnlkpYo|122632|662|584
2026-09-04|i9_M4gx3LNI|11112|6|0
2026-09-04|Si8lRsXA8nU|8610|41|0
2026-09-04|doBGbBMOIYg|379|0|0
2026-09-04|DdYcHmqwS94|2757|10|0
2026-09-04|B_B26FMLjDw|46161|395|37
2026-09-04|QFlL1cu9CPc|18571|76|49
2026-09-04|_KJHaurJqqk|39174|135|33
2026-09-04|dQ_bXpXRcoI|6575|5|0
2026-09-04|lEYfGGEXdoE|71549|730|9
2026-09-04|iMeDSIEVXlQ|10684|32|0
2026-09-04|hHTUL8wHwgo|68|0|0
2026-09-04|O5o52Jm2LZg|2566|18|0
2026-09-04|ThF77wOcu7A|82285|208|12
2026-09-04|fcRDZxI9GpU|35|0|0
2026-09-04|86YSAGn2dnA|617074|5826|98
2026-09-04|wTI-RRYOztg|15608|22|3
2026-09-04|JYmnEY26L3U|11715|99|0
2026-09-04|iwGxBaiXcew|10153|14|1
2026-09-04|mqMQBeA6fMw|32928|141|16
2026-09-04|xKmhn3MEPqw|235697|636|107
2026-09-04|X1tc6n08HE8|202|1|0
2026-09-04|62jRHueEnt8|278097|1646|255
2026-09-04|SJVmeJaS44s|3147536|101090|8980
2026-09-04|BXmt29RaJOY|61370|216|16
2026-09-04|4FefEAcypHA|21205|159|13
2026-09-04|dYcmpDeAMCs|1764|11|0
2026-09-04|TUclulldQas|10627|115|3
2026-09-04|AqV3zAclCoo|23921|2394|154
2026-09-04|pDwQbzUFqSQ|67813|424|26
2026-09-04|Os36SnEoa1k|17199|366|29
2026-09-04|EzZ7Y9tYJ1M|39271|180|13
2026-09-04|ZUXsLRgzuvE|2117|6|2
2026-09-04|6VhvRA-rXd4|40304|177|7
2026-09-04|jYqz2zsQjYw|45728|228|8
2026-09-04|VKaJ4znkDH4|46848|209|16
2026-09-04|liBJorRNXPU|411801|1075|206
2026-09-04|zMoaLGFfAtE|23528|130|14
2026-09-04|s1aMpxQ7qJc|11636|128|5
2026-09-04|YCi2fRkXiS8|17119|33|2
2026-09-04|g9LUsnhVFrM|218540|1182|225
2026-09-04|6Q8ze4e69fM|56601|226|29
2026-09-04|ol_HQxOYL6M|75228|182|13
2026-09-04|Z-nuqzmQQWQ|113656|806|25
2026-09-04|wz6df3R9BeU|21395|123|3
2026-09-04|i8QdxgorNuE|49093|134|14
2026-09-04|P4UcCTcQJ5c|72959|858|11
2026-09-04|olmmnwC7vhA|48762|183|6
2026-09-04|N9xvuz0sjDA|1342718|4077|78
2026-09-04|UkIPxYcQRNo|16292|134|2
2026-09-04|TtPFCug-6-Q|33017|569|8
2026-09-04|veMiEwEgyG0|66709|223|4
2026-09-04|rO8ov5yXsdo|7457|79|1
2026-09-04|0pipi4OBKI0|24972|101|9
2026-09-04|YxHMlOEYqT0|123718|210|13
2026-09-04|S_iF0a3ItS0|25175|347|42
2026-09-04|WWSWdLeCA18|2049|4|0
2026-09-04|uecWuNuxLw8|1549|10|0
2026-09-04|BFumn3__ebU|7071|163|2
2026-09-04|hikQnVB0r3E|21699|131|4
2026-09-04|8_K_L7GjxBU|25910|154|9
2026-09-04|Qcb_iKXFVow|276386|657|262
2026-09-04|8106q1fpNDo|11183|87|8
2026-09-04|PiSnOtiJPWA|65984|227|19
2026-09-04|7-faCvsFEBM|68281|232|10
2026-09-04|PbZFjXOP2vU|3235|92|14
2026-09-04|5zoF9fPC5lE|177598|2021|80
2026-09-04|4VSirCDW7sY|7116|128|7
2026-09-04|5S0k4gePSBQ|20909|212|3
2026-09-04|tki0HMQ8msA|30257|178|8
2026-09-04|0zUFgmGXiU0|3064205|24918|188
2026-09-04|RYb0pgQWWvM|15746|188|0
2026-09-04|ubVqItdjv04|51341|196|37
2026-09-04|2R-EwYmBrdw|17406|270|1
2026-09-04|ZAEY2iSk8oY|34959|195|6
2026-09-04|bwGCH6D0oxY|22724|1448|42
2026-09-04|G52yPpnP5zs|2996|85|8
2026-09-04|spYtcFXkzhg|2479|24|2
2026-09-04|0FBtknD06Dc|1772|22|0
2026-09-04|3_vOSnUTOkA|1028|48|2
2026-09-04|V7EaGXslXb8|2746|113|7
2026-09-04|aEk5vniuNcU|2077|60|15
2026-09-04|mSm1U1KGEts|1095|68|5
2026-09-04|88ie5SxQbRE|3605|140|12
2026-09-04|hkVKW1kc6tI|21974|547|7
2026-09-04|x2j9DXOzGWQ|18748|713|33
2026-09-04|WUdAQL6St8s|93505|756|49
2026-09-04|q-5-GHAfJfE|3761|80|1
2026-09-04|bJqZlWLWAFY|5946|103|0
2026-09-04|vD5DaOpwUvE|4092|41|0
2026-09-04|2NVzPZB3V_s|77170|257|11
2026-09-04|iSe_S_tW-UM|112556|178|1
2026-09-04|Rki57e9J6Wk|2215|52|4
2026-09-04|ec4tBo8e8HY|1147|29|0
2026-09-04|19ljNqLUrgA|154933|282|14
2026-09-04|cbUMuztZSnk|90167|520|12
2026-09-04|CCZ5-XljLvc|21237|203|2
2026-09-04|N-na9KhG-Uw|22981|118|9
2026-09-04|G3QaiI6E9B8|25206|146|0
2026-09-04|2a7BPoaqVMA|28169|188|10
2026-09-04|HlcF59XPW68|1442|10|3
2026-09-04|F9wnZFRaEqY|81217|303|36
2026-09-04|D0CGG6vFQJ4|94335|263|17
2026-09-04|2sEuYWxbq7Q|13839|34|1
2026-09-04|kd0bCgmIpc0|13198|30|1
2026-09-04|CiF7d8mux_Q|20404|30|2
2026-09-04|yc2FxwR-VD0|767150|13782|135
2026-09-04|i18Uwcg21ao|20326|121|7
2026-09-04|yuUbh_TfKxg|85324|644|3
2026-09-04|skX3etMwz1M|522534|1489|57
2026-09-04|5c2GugwthW4|24993|122|12
2026-09-04|8ffp71e94uE|19856|128|8
2026-09-04|oYPH4S1AUvc|103857|422|71
2026-09-04|vcA2GiaWSik|18479|123|3
2026-09-04|VPHKbBoKVas|271675|1886|151
2026-09-04|OwZGg7ZdJ8A|10206|79|0
2026-09-04|75QX-VxjTUY|423805|7140|15
2026-09-04|PPseDZTAStA|110017|818|79
2026-09-04|DUJkWbx---c|742080|2777|167
2026-09-04|DXKOgluyjKs|135597|596|223
2026-09-04|QXwZv1qLE84|13424|5|2
2026-09-04|z8tknEDtQxc|2513|7|1
2026-09-04|k1HnFu9tgE4|23890|123|0
2026-09-04|J3R4XhJbsRY|1661|10|1
2026-09-04|hjkPNGtnV1I|2194|10|1
2026-09-04|McuE7rRfsQ4|2730|11|1
2026-09-04|PctMgIoFN6w|54603|270|20
2026-09-04|q5e0SHM_zc4|13210|79|1
2026-09-04|IcmyPIc0_JI|41594|146|8
2026-09-04|9rAuBpLc_Ck|45672|157|9
2026-09-04|tWKyB0MyWys|1786|17|1
2026-09-04|k6UU545q2x0|1896|18|1
2026-09-04|-oFLQWIHKNU|28446|123|5
2026-09-04|h2XbCe6l4Ew|15911|205|2
2026-09-04|1c4OF49XisI|48408|183|25
2026-09-04|W7fZ23_dqJc|20104|299|28
2026-09-04|l9mJk-IXYyQ|345732|1795|156
2026-09-04|TIdCOXaELVs|35454|166|7
2026-09-04|4CoDK4m5lxQ|38380|228|14
2026-09-04|DJw75NEVXdc|25582|169|8
2026-09-04|d51-3B4-zCc|4081517|17876|349
2026-09-04|VCf4MJCNPBM|38888|248|0
2026-09-04|jGIl8Agb004|462682|6366|187
2026-09-04|PfEbhNIHXIY|265499|2394|25
2026-09-04|2erwhbqtEQg|7928|58|2
2026-09-04|2Gs1Fea7tpY|28536|412|2
2026-09-04|OzJQGQAD_20|201895|615|32
2026-09-04|YZrEymOHvh0|31469|253|3
2026-09-04|bG9z0HhW0oQ|9641|66|0
2026-09-04|0DmfXlHn_7I|249451|1883|53
2026-09-04|VVdnwVtc4b8|73138|261|15
2026-09-04|nVS80dEa6mU|430880|231|33
2026-09-04|qqSLHaugUmc|1542|8|0
2026-09-04|Vu0vP3n_FX8|5122|44|0
2026-09-04|WpaafTMFbWU|415646|2496|361
2026-09-04|Q7u3ZSMNRNQ|12020|142|3
2026-09-04|25p4DPRNujM|2229|16|0
2026-09-04|41zk8mPyua8|19250|249|3
2026-09-04|o09lInRIw84|1516|5|0
2026-09-04|m5VAoKbm7Z8|7164|193|6
2026-09-04|IQF5vD0ZCao|11199|223|7
2026-09-04|gW7RoCyuyNY|76985|1188|26
2026-09-04|enp0gFMQQ5c|1698|7|0
2026-09-04|6VJO2srZjy8|5068|33|2
2026-09-04|PQvH_BkxXSU|1215|8|0
2026-09-04|fiX2DjcNQ3g|92|0|0
2026-09-04|smbkoVpLdjQ|3787|37|1
2026-09-04|Hx54fH_DHzs|2561|21|0
2026-09-04|ZNUCowRRthw|2597|31|1
2026-09-04|yL-DprwWZOs|98|0|0
2026-09-04|uEsAXJI-s1I|1632|0|0
2026-09-04|IUEuvQBBoO8|169|0|0
2026-09-04|QgtZl5GEs34|4536|91|4
2026-09-04|SfcsbpgG_qg|138821|864|14
2026-09-04|GQSxGL4M_D8|6220|65|1
2026-09-04|HhRm-ajqPjw|4655|182|2
2026-09-04|kNI_0X7QKJ0|5430|107|0
2026-09-04|EBPrnFmBSxo|3495|35|3
2026-09-04|Rqfvvi0QtL0|7243|98|1
2026-09-04|hxNArwL1Pes|1030|35|1
2026-09-04|Wwpz0ymVFV0|35550|428|15
2026-09-04|-Ugjth7QLC4|10300|114|7
2026-09-04|7WAOSGOC-Ow|14451|160|8
2026-09-04|7vjloPwTxbA|2117214|5501|156
2026-09-04|FW2g261eZ1c|11769|64|0
2026-09-04|rw0_8d5JFUA|58233|881|5
2026-09-04|kneF4M6sfgY|226632|1268|20
2026-09-04|wBEqC9J1C1U|9316|121|2
2026-09-04|yeU-dhmQDfY|124406|775|3
2026-09-04|LyvgH_fas_s|41963|44|1
2026-09-04|CT2MfjXExUM|567909|1902|177
2026-09-04|FUbm8hW772k|29168|547|3
2026-09-04|kJ3Hy7BW3rI|30019|86|8
2026-09-04|-A7VWqzekIA|339425|3085|177
2026-09-04|eeLNJ8_fM78|1181569|5709|407
2026-09-04|s_udIDxJgps|142|4|1
2026-09-04|UVzmiEOyMwo|184095|2023|20
2026-09-04|Kz48qLPNops|45841|428|5
2026-09-04|ECL4aSHZL7c|11503|40|20
2026-09-04|38bM5moFXaw|19515|30|3
2026-09-04|qkOeq_MhK8U|766325|13246|847
2026-09-04|i9kB4QjyzUo|149833|1125|217
2026-09-04|so1FZb0lsc0|17|0|0
2026-09-04|L7HhTKJx0gU|4431126|19702|1149
2026-09-04|Fcup-R_kaqg|345570|953|156
2026-09-04|u9xMNu28X5c|236541|563|103
2026-09-04|YWsczzufh6Q|3384690|411542|20762
2026-09-04|7kJHlPsq2Sc|104423|366|32
2026-09-04|DwF0WfxwLfY|236025|525|112
2026-09-04|1Oxx4q4pRqM|17008|176|9
2026-09-04|siTzcicZWns|40307|45|1
2026-09-04|VoMayS-p49k|84055|1415|50
2026-09-04|ML_Rv8ym6Bg|363129|1190|170
2026-09-04|qUDISC5LMH0|321110|543|5
2026-09-04|xRgMYsn4lRY|125500|860|11
2026-09-04|5oXAkY8UFCo|12383|40|36
2026-09-04|07ksV4BkrNI|20736|213|7
2026-09-04|HkHs5ljuhPk|9386|129|0
2026-09-04|B2WYbtzWP9Y|17386|117|2
2026-09-04|MiqZbXuYMFs|9945|67|3
2026-09-04|pFRPXoFGD0M|2768|25|0
2026-09-04|fjABPUftYdM|3811|53|0
2026-09-04|Wo-0S6dqPJo|101673|267|41
2026-09-04|JQdWGvWQl2Y|12562|167|13
2026-09-04|jwS7ZycSWZ4|13889|132|1
2026-09-04|UBYdS1PiqdA|20276|176|0
2026-09-04|qBFYGXscj_Q|1359|18|0
2026-09-04|_vcgR06IS8k|210137|495|117
2026-09-04|IHFZE-S0J-E|240210|1098|249
2026-09-04|NxO9S6TqiZs|627275|13374|111
2026-09-04|xq7JU7Fn9lg|30899|488|7
2026-09-04|zKSBoImRzf8|97382|740|17
2026-09-04|5aqkn0JS8_A|68318|634|14
2026-09-04|_zhuezSALjQ|35227|570|4
2026-09-04|MiBJ8aLG3zU|11751|89|4
2026-09-04|Nzg9lbNGOhA|26271|374|4
2026-09-04|GW1TxPgo2Q0|59512|506|1
2026-09-04|I4p8AF_eTBQ|2369|16|0
2026-09-04|1KqqhWBUMYI|88298|1175|9
2026-09-04|6uBAuV8iARY|15535|90|0
2026-09-04|YNh-6JRDW88|2523|26|0
2026-09-04|VHdJRWqn4BQ|87091|286|15
2026-09-04|DVL01jyUnF8|30695|265|4
2026-09-04|aOaQ5XlkcSk|4317|65|1
2026-09-04|XHIqdEfCi4s|113929|1155|57
2026-09-04|jMCy9hYLYfc|4777|79|0
2026-09-04|N7oXzh5ct28|9673|34|3
2026-09-04|9kjFLocWJxk|36372|337|14
2026-09-04|U4eCbE2Plt8|8047|74|1
2026-09-04|WLN5Sc11u9c|6016|58|2
2026-09-04|lx5gWk4ZTbs|31623|85|3
2026-09-04|leAO_ZIhI3c|5309|7|0
2026-09-04|IqGNNYwoytg|20447|43|6
2026-09-04|aJfexvttwi0|2418|32|1
2026-09-04|B4Rks6EG1Gc|1447|9|1
2026-09-04|CNJHySai9Po|3262|46|2
2026-09-04|xM0ckJJ6kKQ|1695|5|1
2026-09-04|lY9ne1fRVTM|11861|68|2
2026-09-04|CrzqZLdRBuw|3114|19|1
2026-09-04|WFvXrgfRXNs|16386|94|1
2026-09-04|bRQR08YPq-Q|6592|46|1
2026-09-04|_toJftszwXA|2485|10|3
2026-09-04|LnGm1TW2kW8|7015|55|2
2026-09-04|PDSjJw4rcHk|37302|68|0
2026-09-04|PKvYvgfZZlk|14003|22|1
2026-09-04|d4DFUHKyheM|23315|102|5
2026-09-04|slm_UgJlQe4|89306|223|32
2026-09-04|2IZLsSwEAz0|29726|138|5
2026-09-04|5218Hn9tLqs|19748|111|12
2026-09-04|iGbw0pVp-hE|21650|133|12
2026-09-04|KhgU7fxHWbA|65602|235|15
2026-09-04|9TV1tRSp6Tw|74085|223|29
2026-09-04|zixub5mCaMA|26656|130|11
2026-09-04|znR6LPQBaLs|53318|159|11
2026-09-04|FzTXHQFHtC8|30759|134|4
2026-09-04|_X4XAy2XhDE|27197|136|3
2026-09-04|u0XXf_32kgE|58517|201|10
2026-09-04|aHpcjLwMsMk|23952|135|12
2026-09-04|_YdTXWBk9_0|36937|144|11
2026-09-04|tNC64WI2TF8|23881|155|12
2026-09-04|ctiO0y5yqqA|30817|565|11
2026-09-04|ElLlWnJaSvk|28814|308|5
2026-09-04|Xvp8XhwhPtk|50630|244|22
2026-09-04|JFFaOKDhRcM|270823|1865|97
2026-09-04|SwFKRfr0MMs|55857|161|92
2026-09-04|Z3lWxnzg8J8|433723|2372|210
2026-09-04|CQ-uXJnwmVY|105696|493|1
2026-09-04|wHH2M5eHtaI|209915|3901|101
2026-09-04|pgBPVXcRbsM|17867|138|12
2026-09-04|43U7b6DpeWw|13691|204|11
2026-09-04|1ZideGi0yms|8633|87|6
2026-09-04|qiAy76Ow1Vg|193305|2885|83
2026-09-04|TN_uncFL7ag|56172|253|77
2026-09-04|z37vdkqd3yk|36242|164|52
2026-09-04|pbZ89yVwd-c|79501|415|92
2026-09-04|SQDOPsZRthY|74478|667|56
2026-09-04|EMcXLhlu3d4|67520|314|40
2026-09-04|osbkh9JjZKQ|256244|1213|79
2026-09-04|ICeS49DEzwc|17312|293|4
2026-09-04|Cj9FDmYGnEE|7602|220|1
2026-09-04|UdhZIKZSlGc|4016|43|1
2026-09-04|8xvlMeyXJvA|793891|2072|1329
2026-09-04|DuoC0GcNTTQ|77381|175|85
2026-09-04|jyD_qb3k9aQ|54072|516|31
2026-09-04|tr4gTqeWEUk|34638|218|2
2026-09-04|p1z9vYUfA4Y|23383|88|0
2026-09-04|NF6N1hboFDg|61909|4|0
2026-09-04|0VY2Cz80lNs|1866197|966|329
2026-09-04|9tFeB6dM70M|50171|456|19
2026-09-04|Aa_1t3tmacU|4314|4|1
2026-09-04|q6nIYyIxYr4|74440|635|3
2026-09-04|EfklOuulszs|40594|196|9
2026-09-04|JetIObbmRyw|98018|558|70
2026-09-04|4IhXabYTSHE|68987|193|31
2026-09-04|PiE8VjIBcjc|30735|96|2
2026-09-04|hOTCl-4IPJA|42514|286|3
2026-09-04|6rBrmwMIorY|109812|723|23
2026-09-04|K8OOo3Mld9g|196476|633|36
2026-09-04|iwB7n1p6IVs|35827|122|10
2026-09-04|iSZY3YO8prc|138633|383|78
2026-09-04|yfBhk5cmw6c|552946|1094|82
2026-09-04|rT_xPcgAefg|26112|86|3
2026-09-04|4giYXJbPMcY|19906|80|6
2026-09-04|S6m_xgU9jjc|95582|304|20
2026-09-04|8cgbbtxQD_k|7384|12|0
2026-09-04|ic43_j-VaVM|23070|121|1
2026-09-04|iryt7n75tu4|2170|24|0
2026-09-04|dWq9rvBhefQ|10679|90|2
2026-09-04|xWWtxCJELL0|4544|32|0
2026-09-04|HYcJDtLvaOQ|7064|77|2
2026-09-04|DknDUOLefHs|42544|347|24
2026-09-04|YmS3fnTT_ZY|25085|143|40
2026-09-04|PrE7nP_My7I|36873|178|0
2026-09-04|v6OKh2hSqfo|46414|281|9
2026-09-04|7eUgNmTsFGM|6684|47|1
2026-09-04|9dUVTjsWEWY|8713|167|0
2026-09-04|YPTcQIX0ni0|2829|37|0
2026-09-04|qB6mWwfDSwI|6791|49|1
2026-09-04|gooKL13LkgY|25083|94|12
2026-09-04|2NxM6YPd9Ow|93477|0|26
2026-09-04|KEXb83VeLeY|21283|76|5
2026-09-04|8SBwBQ7FU8k|206167|725|16
2026-09-04|HQhCAGe6_Ok|66552|283|33
2026-09-04|LbRvLjRRtMg|53543|310|7
2026-09-04|e68zq7HY_j4|4246|29|1
2026-09-04|Dgb6dJSw9wU|3882|30|2
2026-09-04|3BvEX6eXdGU|35044|269|1
2026-09-04|yLCbROh-CM4|43867|552|9
2026-09-04|tN5hE5vhBwI|36000|336|4
2026-09-04|LKRCwUEUMOw|7756|34|1
2026-09-04|H83TxAW9Lh8|2491|25|1
2026-09-04|gwhNa5YtJ5k|24690|81|0
2026-09-04|mjtYuA6qLnU|5875|29|0
2026-09-04|DiRR2H1A9yQ|55752|215|2
2026-09-04|hts99qih4SY|429209|1075|410
2026-09-04|vCskdrgg2aU|39729|244|11
2026-09-04|aCm-R1z8BOw|219371|1024|21
2026-09-04|KD9m57hmQ1U|429640|3628|131
2026-09-04|74b8Cmd9We4|638790|2437|334
2026-09-04|ELR-8WSCkv0|75599|3135|224
2026-09-04|d2rU7XWv7fA|1230158|7216|291
2026-09-04|ebd-2gGtWvQ|2041715|8918|578
2026-09-04|HGGTGrfKWes|18151|181|3
2026-09-04|asq0q1T9b-Q|176923|579|28
2026-09-04|7BfiZztqLsc|2816|25|1
2026-09-05|rIBw1rAfbjY|3596|51|0
2026-09-05|H4U73g6QBMM|2599|48|1
2026-09-05|cEDdLrgEy5g|1727|27|2
2026-09-05|kmHTcZh6fVk|49434|519|3
2026-09-05|_6Z6imVLRdM|3811|18|1
2026-09-05|p0SV-WTeWbA|159700|456|69
2026-09-05|q6wrYOdehkM|117771|321|105
2026-09-05|YTi7pjVcUoo|103386|542|18
2026-09-05|_yOh6ERSJ5A|6389|18|2
2026-09-05|zk733jIwq40|11969|28|1
2026-09-05|6MdbGceJnqw|320171|1086|159
2026-09-05|ViqIl0CTbpc|11626|43|0
2026-09-05|-UPlcAnCTkg|6|0|0
2026-09-05|YXG9Wacp6kE|14817|37|11
2026-09-05|MaFdjBdlkco|2455|62|21
2026-09-05|u6BITwPnhBI|231605|816|51
2026-09-05|9GjsOlKLoxo|4|0|0
2026-09-05|idB6RlYGZxE|22001|262|12
2026-09-05|9gswVNg8ftM|6664|14|6
2026-09-05|BShxkM-5Trs|45967|553|78
2026-09-05|szjilKQspEk|4848|97|1
2026-09-05|uyieob6jdNQ|12647|28|18
2026-09-05|NV-IawO11Lk|3822|15|0
2026-09-05|etNObquz8mg|3574|13|2
2026-09-05|2GBY-T6iDbE|8003|36|13
2026-09-05|BsP7bHeYjnw|5874|15|1
2026-09-05|qH2eE8fSyoY|20971|34|4
2026-09-05|0uG45IKm55o|12367|17|5
2026-09-05|aNttkHgwet0|14534|15|1
2026-09-05|z6YT78f0L-w|11170|146|2
2026-09-05|rFAYNLHtO9U|9563|62|15
2026-09-05|MRMjruXn8Cg|19712|31|2
2026-09-05|qG_wPtOLSZ4|596|9|0
2026-09-05|n34zhv5QiuE|44299|151|2
2026-09-05|knphCMsuhAU|45345|211|9
2026-09-05|nwMQZc6Kbkk|95137|351|30
2026-09-05|AkPC8neJCw8|3834|12|5
2026-09-05|qFl2eBgBvmE|19048|193|0
2026-09-05|-sBYTNPMNdA|34254|0|78
2026-09-05|81pJdB7EJLc|4902|43|2
2026-09-05|lIBRH5wjvZg|34837|0|49
2026-09-05|7YUAuLtPU84|826437|1815|167
2026-09-05|vCWV305NYNo|406674|4787|210
2026-09-05|Wm3CXUQTZQM|267|2|5
2026-09-05|wpTK89sPZsQ|366|3|2
2026-09-05|VDIhUO2j7TU|576|14|6
2026-09-05|uoUTaDlxBqo|1515|6|0
2026-09-05|HP8hxwFgzuE|861|5|0
2026-09-05|fRXafDpU1kQ|2071|29|0
2026-09-05|oCzqdOfOBX4|2326|34|0
2026-09-05|uocCvb0YNpA|25332|167|90
2026-09-05|92dh2F4Sr-Q|9241|52|12
2026-09-05|WZdKpWIgy_g|5960|28|5
2026-09-05|1IPugIF89sM|5069|25|4
2026-09-05|jRUI7hxyfEY|1196|13|0
2026-09-05|uHWqPINbWt0|1232|10|0
2026-09-05|3ryAjDxtFVo|29648|110|22
2026-09-05|Ft2ACdeU13I|1261|7|0
2026-09-05|Phutp2JFSy4|1235|9|0
2026-09-05|ST5Fb2npXwM|1957|11|1
2026-09-05|XGfxtN_9-W0|4433|27|1
2026-09-05|4Bg5L3NeaEg|9131|21|4
2026-09-05|zGYlXO4TCkw|1204|23|0
2026-09-05|a92WDTHLfqs|4502|3|2
2026-09-05|9jyonGTh6lk|3142|61|0
2026-09-05|xCPBbVprbY0|11494|23|4
2026-09-05|yVshB2WNbBE|67099|218|36
2026-09-05|_3BWPleauZ0|17312|63|0
2026-09-05|J4ZoK_t0cIM|82136|153|1
2026-09-05|BKvhMgYmN6I|22650|119|3
2026-09-05|w1S3sQci8yM|71060|218|10
2026-09-05|A5cnBsPFyZs|9462|6|0
2026-09-05|qrhbaVqjNx0|7344|5|1
2026-09-05|2KYF-BrrR-A|3288|23|1
2026-09-05|nRdZ9xeAHF4|7857|6|0
2026-09-05|MDmdbs3CWuU|3222|4|1
2026-09-05|nYD0dfUQ9wg|10333|16|2
2026-09-05|wp0Z2ZJts0Q|19105|58|0
2026-09-05|_QtpUHognZI|26908|178|7
2026-09-05|Qzco7TM5dPc|9|0|0
2026-09-05|708snU1SYV4|13|0|0
2026-09-05|9pWoHojGQnQ|8|0|0
2026-09-05|Na-ODq760sI|21|0|0
2026-09-05|fKd3GO8EJTA|12|0|0
2026-09-05|Solr_cu4-94|537|0|0
2026-09-05|9_OA4di9Rww|153|0|0
2026-09-05|ywlQ0acfodk|37|0|0
2026-09-05|I5lajE_qFCo|2|0|0
2026-09-05|hAhsg2Z2C90|17|0|0
2026-09-05|J67id8xXdEY|20|0|0
2026-09-05|h6cEAPuv7VY|32996|491|9
2026-09-05|NcXyPfiq2Zg|32028|322|2
2026-09-05|TysxoYxk2UA|10574|80|5
2026-09-05|ZTWN9SVaP-k|10508|7|1
2026-09-05|F-8ry3olsJc|44698|232|0
2026-09-05|1_CwqN15oU4|27175|389|2
2026-09-05|7ggyh93qp_I|5982|267|23
2026-09-05|zhh8C_-VlpM|15757|21|0
2026-09-05|TJtS1DFGxjk|26718|141|16
2026-09-05|6kl4w-rXV1o|19983|150|4
2026-09-05|yZCouRrC9Fo|19819|143|6
2026-09-05|AAB7rHcKuJA|271811|4592|51
2026-09-05|L7OQ95RGYX8|216343|5679|466
2026-09-05|nPxtOo7mb8g|71190|1175|6
2026-09-05|BNelK7SzOks|4151|53|2
2026-09-05|H14mlfaKJoM|25555|143|4
2026-09-05|gXeeNYi9Nn0|35208|162|25
2026-09-05|eA-v-5twFvM|29105|173|6
2026-09-05|tLiMqoOW2LI|40405|205|15
2026-09-05|0Ahz8LFHlT4|19765|146|6
2026-09-05|kKaGwbFceMU|22446|135|3
2026-09-05|03IsSR70t8Y|51326|197|25
2026-09-05|R7bSypr0x8Q|21340|167|4
2026-09-05|7HBxIIYV0VI|14123|105|6
2026-09-05|2TSiQDenLnY|3387|19|1
2026-09-05|OQEck2lPhGU|62829|915|4
2026-09-05|pK3O7CVDBQU|9311|10|7
2026-09-05|POgDEQ6iibI|25289|147|5
2026-09-05|tHO2L6FdJ4U|1494|14|0
2026-09-05|3Tu4UppE03w|3542|54|1
2026-09-05|IDawdgjQS2A|66907|193|13
2026-09-05|VSXOOeTozg0|156288|1406|57
2026-09-05|Es2gxDR00LA|6077|71|1
2026-09-05|mTGUTB3C37o|122361|1038|3
2026-09-05|TbmsoFyeXSI|859668|3428|121
2026-09-05|M9fzSYwDVVk|25351|187|2
2026-09-05|OsndY8NYUoo|66853|777|5
2026-09-05|tGMWz-PW6S4|39648|332|6
2026-09-05|aKNGGxznLyg|40511|193|3
2026-09-05|NESNcCVNE_s|104829|760|48
2026-09-05|g-Ffj6iZogw|160184|876|37
2026-09-05|Kdo8_zEt2SI|37799|136|0
2026-09-05|h-ja_FLHW5o|15511|48|8
2026-09-05|qwjIgFO4i9I|160005|401|31
2026-09-05|PK10IcoM0HQ|187110|872|102
2026-09-05|xZMwPT17PyU|196|0|0
2026-09-05|WjPOe1cFDRY|44906|206|1
2026-09-05|L8oeYjt-K-8|33893|157|4
2026-09-05|mDgXMqdm_DY|16468|106|5
2026-09-05|Fk7rZaWChcA|18873|88|5
2026-09-05|Dh2f2ng40kI|135252|277|22
2026-09-05|UdJi7Rziubc|45577|188|30
2026-09-05|nZn1EN6XiH4|38906|187|6
2026-09-05|ncWZWCF21uc|46755|200|7
2026-09-05|q9W2bwuvn6k|24710|188|5
2026-09-05|YEBKKi3owM4|34093|163|6
2026-09-05|nmPH9hD8lHA|26738|176|4
2026-09-05|liTBZA_m3rU|34643|212|14
2026-09-05|b9_gM7oIDWI|35030|238|0
2026-09-05|BVCthAPO-hg|139962|414|18
2026-09-05|2MkxA4mKCzw|72087|309|17
2026-09-05|2St3p-Nm5Gg|421433|3036|288
2026-09-05|rKHUZUhkIP0|147470|1276|159
2026-09-05|V_REtnjYcXE|191991|1023|216
2026-09-05|Ug5LuASQhMw|109065|1948|166
2026-09-05|c2XsPVnwxBU|200794|562|385
2026-09-05|BhWg9wNhhs0|102115|404|226
2026-09-05|1amL_1SNneQ|24054|293|17
2026-09-05|huw5Mi8IZ5s|14214|11|1
2026-09-05|zJA9zD9nBeQ|6924|17|0
2026-09-05|r5qps1NKvwg|3308|7|1
2026-09-05|I8h3sQUrzRI|119129|299|40
2026-09-05|1_z-0auOpOQ|141554|1248|8
2026-09-05|XJ6hfVZbmpk|249267|1351|36
2026-09-05|LyyEIG5D8Xg|16146|32|2
2026-09-05|FpK1_mezdwo|38980|341|15
2026-09-05|C8vE6VGZxN0|147251|671|15
2026-09-05|3rpIVrpGUAs|4449|38|4
2026-09-05|pjuvl_j3Epg|25394|80|4
2026-09-05|dsSgOEcLuL8|332487|1870|303
2026-09-05|hl5Ptg8JMrM|268285|1152|194
2026-09-05|UkeCpaq3ps8|9658|17|0
2026-09-05|K7CXbJ1kgaY|8988|12|0
2026-09-05|DCvjP7OSFsM|11568|15|2
2026-09-05|V8snjzCZA8U|15775|12|1
2026-09-05|S2aEh4GFhQY|12946|59|1
2026-09-05|FeEohauMJVE|20198|27|24
2026-09-05|rsym54vufxc|5927|17|0
2026-09-05|seicoO_eNRA|25250|28|1
2026-09-05|ANKotBh9p_M|47724|182|19
2026-09-05|I-E9TNMFYoI|22690|41|2
2026-09-05|GGJPbu7pfQY|5426|13|0
2026-09-05|JY96JWMnuHY|8359|519|32
2026-09-05|2hVHX4KELY4|2486|8|0
2026-09-05|5jlWfZaREuw|13430|145|4
2026-09-05|jgLnybbGZAs|34999|455|26
2026-09-05|Kcb1PtEQDZs|28483|400|44
2026-09-05|vy8VoyN5pGc|10133|43|5
2026-09-05|oHKog9ar_MQ|1750|26|0
2026-09-05|5rCBOUU7tHw|14546|262|2
2026-09-05|VtpSd-2X90k|1764|21|1
2026-09-05|AARip9vGMuo|1603|18|1
2026-09-05|GKs7JVJcuj0|2061|30|3
2026-09-05|UYgNYknm8FA|53824|350|5
2026-09-05|VcHaeK3ox4s|3145|39|0
2026-09-05|YxHhA26QHnc|14732|197|1
2026-09-05|DiULNLX21ZY|14916|1065|36
2026-09-05|3egams508Oo|67008|427|6
2026-09-05|UsKKBCnnLVo|217922|836|22
2026-09-05|kQu-vEvCJso|470195|1423|122
2026-09-05|HX7Hyw9_e5c|2616|12|0
2026-09-05|xgdJ1YMGQ3M|5983|44|0
2026-09-05|1i-F0yC145g|22389|45|6
2026-09-05|ha1LDpw4GtE|2470|24|0
2026-09-05|t0pPBFZ1LtQ|2392|46|1
2026-09-05|gZSQIzyo1KI|4729|28|1
2026-09-05|xekUZMcJI-E|26143|508|14
2026-09-05|yqDNEKzgkn0|1632|9|0
2026-09-05|njLV6U_et3c|1179|0|1
2026-09-05|6CcVF5CmBuY|34141|311|4
2026-09-05|ANH3augu_ww|7159|39|0
2026-09-05|aMhH98sFu34|26442|123|29
2026-09-05|69qyDFIPmsM|15524|146|6
2026-09-05|buPhYiIXMTM|703453|26463|2284
2026-09-05|wZUI8zxKJUQ|17852|299|7
2026-09-05|pOmJ65UnPEY|668751|30710|2463
2026-09-05|tZHzb86u0qM|1024|0|0
2026-09-05|WuBYi4nsv4U|1697|0|1
2026-09-05|mVDpGLdHOb8|53|0|0
2026-09-05|uE7JEtwV6Mo|267|0|0
2026-09-05|olmmnwC7vhA|49683|186|6
2026-09-05|s1aMpxQ7qJc|12664|135|5
2026-09-05|zMoaLGFfAtE|27490|139|15
2026-09-05|AqV3zAclCoo|26203|2522|159
2026-09-05|uecWuNuxLw8|1578|10|0
2026-09-05|TUclulldQas|12398|147|3
2026-09-05|dYcmpDeAMCs|4998|15|1
2026-09-05|VLuvZy3PhVA|1397|63|4
2026-09-05|i8QdxgorNuE|49364|134|14
2026-09-05|wz6df3R9BeU|21425|123|3
2026-09-05|4FefEAcypHA|28246|190|17
2026-09-05|GUW-tFpw-Xw|2103|136|13
2026-09-05|X1tc6n08HE8|205|1|0
2026-09-05|x2j9DXOzGWQ|26090|991|38
2026-09-05|xKmhn3MEPqw|250097|660|107
2026-09-05|qdhfRKNisBM|331457|1164|145
2026-09-05|MFnfQnlkpYo|157154|748|654
2026-09-05|9WsjcJ987xo|103709|1531|8
2026-09-05|lYBhciPO_RQ|148828|553|34
2026-09-05|HR9dbM4V9m8|25583|27|0
2026-09-05|WWSWdLeCA18|7200|7|0
2026-09-05|ZUXsLRgzuvE|2332|7|2
2026-09-05|TtPFCug-6-Q|33488|572|8
2026-09-05|N9xvuz0sjDA|1414305|4233|81
2026-09-05|P4UcCTcQJ5c|73309|860|11
2026-09-05|0zUFgmGXiU0|4574507|37642|243
2026-09-05|RYb0pgQWWvM|20757|217|0
2026-09-05|8_K_L7GjxBU|30278|164|8
2026-09-05|C21YMoYv1kU|3418|33|3
2026-09-05|Qcb_iKXFVow|299835|705|276
2026-09-05|c6PDeVlBJjQ|2347914|12300|633
2026-09-05|i9_M4gx3LNI|11220|6|0
2026-09-05|ThF77wOcu7A|124129|304|19
2026-09-05|86YSAGn2dnA|650271|6053|100
2026-09-05|g9LUsnhVFrM|222712|1184|226
2026-09-05|RaDzH3ku3dw|151420|420|36
2026-09-05|sHIOY7gEOKQ|1170991|2040|144
2026-09-05|sG_7XgdNvbM|60635|145|4
2026-09-05|Si8lRsXA8nU|8995|41|0
2026-09-05|DdYcHmqwS94|2916|10|0
2026-09-05|liBJorRNXPU|440299|1140|216
2026-09-05|dQ_bXpXRcoI|10012|6|0
2026-09-05|wTI-RRYOztg|20513|30|3
2026-09-05|iwGxBaiXcew|14653|21|1
2026-09-05|iMeDSIEVXlQ|11125|33|0
2026-09-05|kEd-E9qv35Q|15043|88|3
2026-09-05|ZKSyox6bKvI|46251|213|0
2026-09-05|V0wL_UKlR5c|15597|20|4
2026-09-05|R39IwbeuX-Y|2945|36|3
2026-09-05|O5o52Jm2LZg|2690|19|0
2026-09-05|8jOn9ymT5Js|15019|142|6
2026-09-05|lQdHsiyuUtk|14784|11|1
2026-09-05|hFt6duT4t1I|13797|99|6
2026-09-05|SJVmeJaS44s|4214924|114864|10497
2026-09-05|eYrhfidxiv0|4721|13|0
2026-09-05|YsUJ3Pnhlw0|76420|314|6
2026-09-05|BXmt29RaJOY|63938|217|16
2026-09-05|EzZ7Y9tYJ1M|41263|184|13
2026-09-05|6VhvRA-rXd4|44996|182|7
2026-09-05|jYqz2zsQjYw|49181|235|10
2026-09-05|VKaJ4znkDH4|50193|216|17
2026-09-05|hikQnVB0r3E|22774|131|5
2026-09-05|ZAEY2iSk8oY|37709|200|7
2026-09-05|ubVqItdjv04|54728|196|37
2026-09-05|tki0HMQ8msA|32184|185|9
2026-09-05|PiSnOtiJPWA|69465|234|20
2026-09-05|8106q1fpNDo|11788|86|8
2026-09-05|ZAhKSUiH4lQ|9271|58|6
2026-09-05|B_B26FMLjDw|53434|435|41
2026-09-05|nfi2JUXDU08|19989|91|5
2026-09-05|YCi2fRkXiS8|23794|34|2
2026-09-05|7-faCvsFEBM|77890|243|11
2026-09-05|pDwQbzUFqSQ|122924|509|33
2026-09-05|hHTUL8wHwgo|88|0|0
2026-09-05|fcRDZxI9GpU|47|0|0
2026-09-05|vD5DaOpwUvE|5312|51|0
2026-09-05|bJqZlWLWAFY|7335|120|0
2026-09-05|q-5-GHAfJfE|4484|89|2
2026-09-05|UkIPxYcQRNo|18760|155|2
2026-09-05|WUdAQL6St8s|177941|1035|89
2026-09-05|G52yPpnP5zs|3352|96|8
2026-09-05|hkVKW1kc6tI|25777|646|8
2026-09-05|bwGCH6D0oxY|27552|1670|43
2026-09-05|Z-nuqzmQQWQ|127651|923|29
2026-09-05|BtIIpB_RgM0|918|4|1
2026-09-05|Os36SnEoa1k|22915|425|33
2026-09-05|88ie5SxQbRE|3947|142|12
2026-09-05|QFlL1cu9CPc|29771|118|76
2026-09-05|aU2342Gnrn4|59213|298|37
2026-09-05|Jowc9Kz0BEE|361327|1701|175
2026-09-05|hvN3EljyhvY|152081|267|27
2026-09-05|_KJHaurJqqk|49400|165|38
2026-09-05|mSm1U1KGEts|1215|71|5
2026-09-05|mqMQBeA6fMw|54891|245|24
2026-09-05|aEk5vniuNcU|2201|61|15
2026-09-05|3_vOSnUTOkA|1157|58|2
2026-09-05|5S0k4gePSBQ|23003|258|4
2026-09-05|doBGbBMOIYg|396|0|0
2026-09-05|JYmnEY26L3U|20171|160|1
2026-09-05|jerj4pt4AXE|414|1|0
2026-09-05|BFumn3__ebU|9577|237|2
2026-09-05|rO8ov5yXsdo|8542|86|1
2026-09-05|0pipi4OBKI0|25982|108|9
2026-09-05|YxHMlOEYqT0|147504|263|17
2026-09-05|2R-EwYmBrdw|19207|281|1
2026-09-05|spYtcFXkzhg|2944|27|2
2026-09-05|0FBtknD06Dc|1880|24|0
2026-09-05|PbZFjXOP2vU|3489|95|14
2026-09-05|WsuxcmT8_z4|67450|584|6
2026-09-05|S_iF0a3ItS0|26199|353|42
2026-09-05|4VSirCDW7sY|10432|183|8
2026-09-05|4GdoVzU2T00|16775|156|5
2026-09-05|62jRHueEnt8|300764|1732|279
2026-09-05|veMiEwEgyG0|68603|227|6
2026-09-05|ol_HQxOYL6M|77695|188|14
2026-09-05|5zoF9fPC5lE|214195|2351|94
2026-09-05|lEYfGGEXdoE|79917|781|9
2026-09-05|6Q8ze4e69fM|56967|226|29
2026-09-05|XeHxgWHMQuU|19391|214|0
2026-09-05|V7EaGXslXb8|4753|155|8
2026-09-05|QXwZv1qLE84|14748|8|2
2026-09-05|vcA2GiaWSik|18799|122|3
2026-09-05|WpaafTMFbWU|483563|2679|391
2026-09-05|38bM5moFXaw|22748|36|3
2026-09-05|2erwhbqtEQg|8371|59|2
2026-09-05|jGIl8Agb004|549723|6942|195
2026-09-05|yc2FxwR-VD0|827087|14715|142
2026-09-05|yuUbh_TfKxg|86862|655|3
2026-09-05|skX3etMwz1M|529259|1494|57
2026-09-05|oYPH4S1AUvc|107886|428|72
2026-09-05|VPHKbBoKVas|301121|2088|158
2026-09-05|75QX-VxjTUY|428089|7196|15
2026-09-05|DUJkWbx---c|750063|2802|168
2026-09-05|EBPrnFmBSxo|3863|37|3
2026-09-05|kNI_0X7QKJ0|5617|110|0
2026-09-05|HhRm-ajqPjw|5332|202|2
2026-09-05|CiF7d8mux_Q|22460|30|2
2026-09-05|kd0bCgmIpc0|13413|32|1
2026-09-05|2sEuYWxbq7Q|14389|36|1
2026-09-05|z8tknEDtQxc|2575|7|1
2026-09-05|J3R4XhJbsRY|1698|10|1
2026-09-05|hjkPNGtnV1I|2232|10|1
2026-09-05|k6UU545q2x0|1956|21|1
2026-09-05|tWKyB0MyWys|1938|18|1
2026-09-05|q5e0SHM_zc4|13910|82|1
2026-09-05|McuE7rRfsQ4|2779|11|1
2026-09-05|HlcF59XPW68|1486|10|3
2026-09-05|CCZ5-XljLvc|22935|227|2
2026-09-05|8ffp71e94uE|20078|127|8
2026-09-05|TIdCOXaELVs|36360|166|7
2026-09-05|5c2GugwthW4|26138|122|12
2026-09-05|kneF4M6sfgY|229514|1283|20
2026-09-05|L7HhTKJx0gU|5306874|23195|1263
2026-09-05|u9xMNu28X5c|245924|589|104
2026-09-05|YWsczzufh6Q|3674016|425020|21262
2026-09-05|DwF0WfxwLfY|239903|527|112
2026-09-05|Fcup-R_kaqg|357260|977|158
2026-09-05|ECL4aSHZL7c|11583|40|20
2026-09-05|UVzmiEOyMwo|193318|2129|21
2026-09-05|Kz48qLPNops|47356|435|5
2026-09-05|LyvgH_fas_s|42301|44|1
2026-09-05|yeU-dhmQDfY|130473|814|3
2026-09-05|wBEqC9J1C1U|10560|132|2
2026-09-05|rw0_8d5JFUA|63021|919|5
2026-09-05|i18Uwcg21ao|21053|122|7
2026-09-05|FW2g261eZ1c|11989|64|0
2026-09-05|2Gs1Fea7tpY|42493|521|2
2026-09-05|k1HnFu9tgE4|25489|131|0
2026-09-05|PfEbhNIHXIY|272930|2441|25
2026-09-05|19ljNqLUrgA|162706|297|14
2026-09-05|N-na9KhG-Uw|23456|118|10
2026-09-05|2NVzPZB3V_s|88247|293|13
2026-09-05|G3QaiI6E9B8|25302|146|0
2026-09-05|cbUMuztZSnk|101630|602|14
2026-09-05|DXKOgluyjKs|166384|701|248
2026-09-05|OwZGg7ZdJ8A|12776|106|0
2026-09-05|smbkoVpLdjQ|4051|40|1
2026-09-05|Hx54fH_DHzs|2637|21|0
2026-09-05|ZNUCowRRthw|2701|31|1
2026-09-05|QgtZl5GEs34|4601|91|4
2026-09-05|D0CGG6vFQJ4|96156|264|18
2026-09-05|1c4OF49XisI|48861|182|26
2026-09-05|2a7BPoaqVMA|29165|190|10
2026-09-05|DJw75NEVXdc|26084|171|9
2026-09-05|4CoDK4m5lxQ|39598|231|14
2026-09-05|d51-3B4-zCc|4308617|18807|363
2026-09-05|-oFLQWIHKNU|28838|127|5
2026-09-05|9rAuBpLc_Ck|49271|160|10
2026-09-05|IcmyPIc0_JI|42203|147|8
2026-09-05|PctMgIoFN6w|56231|272|20
2026-09-05|F9wnZFRaEqY|82044|302|36
2026-09-05|kJ3Hy7BW3rI|30587|91|8
2026-09-05|7WAOSGOC-Ow|14697|160|8
2026-09-05|Q7u3ZSMNRNQ|12114|142|3
2026-09-05|bG9z0HhW0oQ|10739|74|0
2026-09-05|YZrEymOHvh0|32864|260|3
2026-09-05|enp0gFMQQ5c|1761|7|0
2026-09-05|6VJO2srZjy8|5449|34|2
2026-09-05|PQvH_BkxXSU|1288|8|0
2026-09-05|SfcsbpgG_qg|184098|1029|17
2026-09-05|Vu0vP3n_FX8|5489|46|0
2026-09-05|Rqfvvi0QtL0|12308|100|1
2026-09-05|GQSxGL4M_D8|6401|65|1
2026-09-05|VCf4MJCNPBM|40451|255|0
2026-09-05|hxNArwL1Pes|1049|35|1
2026-09-05|OzJQGQAD_20|228345|662|33
2026-09-05|uEsAXJI-s1I|2813|0|1
2026-09-05|fiX2DjcNQ3g|107|0|0
2026-09-05|VVdnwVtc4b8|87230|284|20
2026-09-05|nVS80dEa6mU|565296|249|55
2026-09-05|so1FZb0lsc0|35|0|0
2026-09-05|i9kB4QjyzUo|151089|1133|217
2026-09-05|Wwpz0ymVFV0|37161|436|15
2026-09-05|gW7RoCyuyNY|86410|1308|26
2026-09-05|IQF5vD0ZCao|14223|237|7
2026-09-05|ec4tBo8e8HY|1184|29|0
2026-09-05|iSe_S_tW-UM|145043|267|1
2026-09-05|Rki57e9J6Wk|2250|52|4
2026-09-05|m5VAoKbm7Z8|7366|196|6
2026-09-05|o09lInRIw84|1554|5|0
2026-09-05|41zk8mPyua8|19575|250|4
2026-09-05|25p4DPRNujM|2375|19|0
2026-09-05|-Ugjth7QLC4|12168|120|7
2026-09-05|qqSLHaugUmc|1612|8|0
2026-09-05|0DmfXlHn_7I|284212|2160|56
2026-09-05|IUEuvQBBoO8|171|0|0
2026-09-05|yL-DprwWZOs|103|0|0
2026-09-05|qkOeq_MhK8U|773531|13325|855
2026-09-05|CT2MfjXExUM|627833|2030|191
2026-09-05|-A7VWqzekIA|362127|3207|181
2026-09-05|eeLNJ8_fM78|1236300|5908|409
2026-09-05|h2XbCe6l4Ew|18032|223|2
2026-09-05|FUbm8hW772k|29244|547|3
2026-09-05|W7fZ23_dqJc|20669|303|28
2026-09-05|7vjloPwTxbA|2172356|5642|158
2026-09-05|7kJHlPsq2Sc|125400|431|34
2026-09-05|l9mJk-IXYyQ|397482|1924|165
2026-09-05|s_udIDxJgps|144|4|1
2026-09-05|PPseDZTAStA|113528|831|80
2026-09-05|PDSjJw4rcHk|44752|74|0
2026-09-05|CNJHySai9Po|3273|46|2
2026-09-05|LnGm1TW2kW8|7132|58|2
2026-09-05|CrzqZLdRBuw|3120|20|1
2026-09-05|aJfexvttwi0|2711|37|1
2026-09-05|xM0ckJJ6kKQ|1701|5|1
2026-09-05|_toJftszwXA|2489|10|3
2026-09-05|lY9ne1fRVTM|12288|71|2
2026-09-05|bRQR08YPq-Q|6599|46|1
2026-09-05|WFvXrgfRXNs|16667|95|1
2026-09-05|B4Rks6EG1Gc|1450|9|1
2026-09-05|wHH2M5eHtaI|230058|4200|104
2026-09-05|IqGNNYwoytg|20669|44|6
2026-09-05|lx5gWk4ZTbs|32303|86|3
2026-09-05|B2WYbtzWP9Y|18694|138|2
2026-09-05|NF6N1hboFDg|68707|4|0
2026-09-05|PKvYvgfZZlk|18472|29|2
2026-09-05|UdhZIKZSlGc|4343|45|1
2026-09-05|Cj9FDmYGnEE|9883|273|1
2026-09-05|0VY2Cz80lNs|2367732|1018|347
2026-09-05|VoMayS-p49k|84406|1419|51
2026-09-05|1Oxx4q4pRqM|21105|212|10
2026-09-05|siTzcicZWns|41171|45|1
2026-09-05|xRgMYsn4lRY|126529|865|11
2026-09-05|ML_Rv8ym6Bg|375058|1205|171
2026-09-05|qUDISC5LMH0|629506|732|13
2026-09-05|5oXAkY8UFCo|14403|47|38
2026-09-05|KhgU7fxHWbA|66607|237|15
2026-09-05|jyD_qb3k9aQ|56566|535|32
2026-09-05|GW1TxPgo2Q0|75949|602|0
2026-09-05|_vcgR06IS8k|216498|502|118
2026-09-05|IHFZE-S0J-E|301428|1212|278
2026-09-05|NxO9S6TqiZs|634234|13495|111
2026-09-05|xq7JU7Fn9lg|30999|488|7
2026-09-05|zKSBoImRzf8|106966|782|18
2026-09-05|5aqkn0JS8_A|70664|643|14
2026-09-05|MiqZbXuYMFs|10709|71|3
2026-09-05|_zhuezSALjQ|36171|576|4
2026-09-05|Nzg9lbNGOhA|26763|378|4
2026-09-05|I4p8AF_eTBQ|2515|18|0
2026-09-05|UBYdS1PiqdA|20413|178|0
2026-09-06|eJg37PWZTj0|1105|25|7
2026-09-06|CH3SghpReq0|56017|144|10
2026-09-06|5sfb2WxDgZQ|247355|834|133
2026-09-06|FE_t0VPSELo|77608|0|23
2026-09-06|-A6gbEQZjYg|52115|260|9
2026-09-06|Mv-aFtowfcg|674649|2350|89
2026-09-06|4pxAmLEVMYw|17344|92|4
2026-09-06|RRxsVcBSXBA|23721|123|14
2026-09-06|HJGxwgtyuVo|7722|60|0
2026-09-06|Xqxw5lHDgNo|45761|159|11
2026-09-06|UTkOXLVzNlQ|38846|170|5
2026-09-06|1Par1zPgY_Y|33477|135|11
2026-09-06|CPeG1LD0LY4|21069|115|7
2026-09-06|PrdFoGFUXmM|54295|529|2
2026-09-06|F_qgMfIV2uI|83218|721|6
2026-09-06|oeB-_S6AoAw|78910|735|15
2026-09-06|S9YOgeL9-JQ|1266|23|2
2026-09-06|6eLXuxRPVDA|1309|13|1
2026-09-06|6AO7KpAaBUc|14253|116|0
2026-09-06|OULYNQ_ewTk|3971|23|3
2026-09-06|ggyrTsHTOYE|357307|1863|159
2026-09-06|062vAQD44MA|3244|16|0
2026-09-06|LDyTjrZR_3Q|21881|61|0
2026-09-06|F5vIAPFdAHk|43138|297|2
2026-09-06|24z0prnICaM|37172|268|103
2026-09-06|nwNQkVHHPy4|22214|177|2
2026-09-06|vpqHHC-7tQo|2858|19|1
2026-09-06|PaFX44-tBH8|283|10|1
2026-09-06|mQHacdEsLKU|9510|228|5
2026-09-06|LGzf4emkdYo|7998|84|7
2026-09-06|T619yXy7Pt8|469901|890|78
2026-09-06|qqAIr8-2_gM|24866|186|81
2026-09-06|-R9NVdWuim8|164214|511|36
2026-09-06|Z5JU9nvLhSk|12011|48|1
2026-09-06|YeMKiidEUzw|10905|48|5
2026-09-06|NdB8HlhfWtM|7396|118|2
2026-09-06|i6aWKYVfYWk|20058|451|5
2026-09-06|NooSEGbIFDI|29012|92|12
2026-09-06|CYei1IlPLmg|33961|142|1
2026-09-06|5RHkqO2HGrg|72|3|2
2026-09-06|EMipTAVnpoI|148|6|3
2026-09-06|DZZwZMrU7kU|11786|258|1
2026-09-06|iqq493xoflQ|1100221|6784|438
2026-09-06|11P17HmaDZk|210|6|3
2026-09-06|GPrCUL9rZL8|45498|523|4
2026-09-06|9FAZmyB5JVA|6706|381|1
2026-09-06|0gZL-N1vkcs|267295|97|30
2026-09-06|F8Aoh290Hjs|4002|32|1
2026-09-06|8FHy_-sB7bY|20625|157|1
2026-09-06|U-e_A8xWAXw|154672|1517|79
2026-09-06|UabnjgqMeNU|11839|170|8
2026-09-06|sR4LnRr0T4Y|33|0|0
2026-09-06|xOjWpFejcss|8586|71|1
2026-09-06|sLVi2dXiJrs|4306|25|1
2026-09-06|mPB1jOMXOoM|13344|30|2
2026-09-06|jWk_UUyfGIQ|3649|31|0
2026-09-06|_Hxn0GQKiv8|9680|88|1
2026-09-06|DC9pnFXowk8|162833|460|64
2026-09-06|gci0np_LE64|4674|39|0
2026-09-06|U-v4cotWAe8|1803|15|0
2026-09-06|LjO1gUgrhgk|147|0|0
2026-09-06|MX0Jnf5rRtU|1391|19|1
2026-09-06|jxqDV-uVPeA|7063|142|2
2026-09-06|jpBgr158-Qw|517|10|0
2026-09-06|EFK9pvft0_c|11|0|0
2026-09-06|nHZPruGMt1s|1464|22|0
2026-09-06|9gZ2eig21x4|10|0|0
2026-09-06|1Rxbl7wjhMg|7531|28|4
2026-09-06|_wiCLOvzUyU|7845|36|4
2026-09-06|Yc1uvNQlo50|457|7|0
2026-09-06|YrNYBXVjbnQ|18750|75|6
2026-09-06|Yso0Hu7XVMI|78713|574|12
2026-09-06|qxFvlC56tBM|93574|456|8
2026-09-06|pIzf2_iGubw|100207|430|26
2026-09-06|IzvEoePOILk|2042|25|0
2026-09-06|LGByoVlagZI|268957|850|146
2026-09-06|tMneFzRhNA8|5838|322|61
2026-09-06|QJHXp3Kyd7k|139997|587|76
2026-09-06|VWzhKtO2ECU|166803|715|48
2026-09-06|He3ltYAVCv4|163734|795|90
2026-09-06|A1Zzt96MNsw|187652|665|70
2026-09-06|R3Qk7uIhjTI|81938|402|23
2026-09-06|LaH7k5nnk28|29|1|0
2026-09-06|OK41i4IO4Qc|49113|232|10
2026-09-06|kfJ7bJZLJr4|67730|312|57
2026-09-06|2XSBXRa9Biw|313580|3822|374
2026-09-06|FZKYmRnho-Y|74378|307|66
2026-09-06|VKQ8DCwkMq0|194967|836|37
2026-09-06|CEP96vKxC0E|92738|391|16
2026-09-06|fsJQMbrj1JU|149967|545|88
2026-09-06|PoITqClHTbE|42|0|0
2026-09-06|F-8ry3olsJc|45314|237|0
2026-09-06|nPxtOo7mb8g|77982|1269|7
2026-09-06|BNelK7SzOks|7096|100|3
2026-09-06|u6BITwPnhBI|466595|1440|73
2026-09-06|MaFdjBdlkco|4091|84|30
2026-09-06|ViqIl0CTbpc|13662|50|0
2026-09-06|1IPugIF89sM|7707|33|4
2026-09-06|WZdKpWIgy_g|9021|58|7
2026-09-06|p0SV-WTeWbA|208555|567|76
2026-09-06|q6wrYOdehkM|180789|419|99
2026-09-06|zhh8C_-VlpM|15779|21|0
2026-09-06|h6cEAPuv7VY|54496|715|12
2026-09-06|OQEck2lPhGU|129992|1161|6
2026-09-06|rIBw1rAfbjY|10848|129|0
2026-09-06|kmHTcZh6fVk|68299|634|3
2026-09-06|AAB7rHcKuJA|290280|4904|54
2026-09-06|NcXyPfiq2Zg|33904|329|2
2026-09-06|1_CwqN15oU4|55722|520|4
2026-09-06|hAhsg2Z2C90|115|0|0
2026-09-06|J67id8xXdEY|65|0|0
2026-09-06|AkPC8neJCw8|8150|19|11
2026-09-06|eA-v-5twFvM|41131|196|8
2026-09-06|xCPBbVprbY0|27087|47|5
2026-09-06|ZTWN9SVaP-k|13081|14|1
2026-09-06|TysxoYxk2UA|14491|95|8
2026-09-06|_QtpUHognZI|39345|208|10
2026-09-06|7HBxIIYV0VI|22833|129|9
2026-09-06|R7bSypr0x8Q|32959|186|5
2026-09-06|03IsSR70t8Y|137870|263|39
2026-09-06|kKaGwbFceMU|31127|150|4
2026-09-06|0Ahz8LFHlT4|29231|169|7
2026-09-06|tLiMqoOW2LI|62057|258|23
2026-09-06|gXeeNYi9Nn0|62652|213|34
2026-09-06|idB6RlYGZxE|33059|397|18
2026-09-06|H14mlfaKJoM|40204|175|7
2026-09-06|yZCouRrC9Fo|29933|160|8
2026-09-06|6kl4w-rXV1o|27424|174|5
2026-09-06|TJtS1DFGxjk|39855|174|16
2026-09-06|7ggyh93qp_I|440894|996|71
2026-09-06|4Bg5L3NeaEg|10946|22|4
2026-09-06|BsP7bHeYjnw|6761|15|1
2026-09-06|MRMjruXn8Cg|21478|32|2
2026-09-06|XGfxtN_9-W0|4543|27|1
2026-09-06|aNttkHgwet0|18133|16|1
2026-09-06|yVshB2WNbBE|184183|475|113
2026-09-06|_3BWPleauZ0|36392|106|1
2026-09-06|J4ZoK_t0cIM|406943|516|6
2026-09-06|BKvhMgYmN6I|97659|334|18
2026-09-06|n34zhv5QiuE|46471|157|2
2026-09-06|9gswVNg8ftM|10798|18|6
2026-09-06|knphCMsuhAU|52969|256|10
2026-09-06|BShxkM-5Trs|71874|792|111
2026-09-06|81pJdB7EJLc|34894|321|6
2026-09-06|szjilKQspEk|7327|145|1
2026-09-06|7YUAuLtPU84|1001003|2192|191
2026-09-06|uyieob6jdNQ|15085|31|19
2026-09-06|NV-IawO11Lk|4182|19|0
2026-09-06|etNObquz8mg|8577|13|3
2026-09-06|2GBY-T6iDbE|12284|47|16
2026-09-06|L7OQ95RGYX8|495159|9087|1174
2026-09-06|wp0Z2ZJts0Q|32570|71|1
2026-09-06|a92WDTHLfqs|5362|5|3
2026-09-06|nYD0dfUQ9wg|12866|20|2
2026-09-06|MDmdbs3CWuU|5767|15|2
2026-09-06|nRdZ9xeAHF4|11156|9|1
2026-09-06|2KYF-BrrR-A|6155|42|1
2026-09-06|qrhbaVqjNx0|9540|10|2
2026-09-06|A5cnBsPFyZs|12614|9|0
2026-09-06|w1S3sQci8yM|217332|542|22
2026-09-06|2TSiQDenLnY|7792|30|3
2026-09-06|0uG45IKm55o|20826|19|5
2026-09-06|zk733jIwq40|15240|45|1
2026-09-06|qG_wPtOLSZ4|725|11|0
2026-09-06|VDIhUO2j7TU|27899|147|97
2026-09-06|uoUTaDlxBqo|2165|7|0
2026-09-06|HP8hxwFgzuE|1421|6|0
2026-09-06|fRXafDpU1kQ|4530|60|0
2026-09-06|9GjsOlKLoxo|2917|11|2
2026-09-06|uocCvb0YNpA|36614|226|124
2026-09-06|92dh2F4Sr-Q|16703|103|23
2026-09-06|jRUI7hxyfEY|1384|18|0
2026-09-06|uHWqPINbWt0|1399|13|0
2026-09-06|3ryAjDxtFVo|83993|158|39
2026-09-06|Ft2ACdeU13I|1482|14|0
2026-09-06|Phutp2JFSy4|3887|11|0
2026-09-06|ST5Fb2npXwM|2319|14|1
2026-09-06|rFAYNLHtO9U|17656|90|44
2026-09-06|Wm3CXUQTZQM|27076|93|96
2026-09-06|H4U73g6QBMM|2915|50|1
2026-09-06|_6Z6imVLRdM|6349|24|1
2026-09-06|zGYlXO4TCkw|2809|32|0
2026-09-06|9jyonGTh6lk|5024|96|0
2026-09-06|Qzco7TM5dPc|158|0|0
2026-09-06|708snU1SYV4|49|0|0
2026-09-06|9pWoHojGQnQ|16|0|0
2026-09-06|Na-ODq760sI|25|0|0
2026-09-06|fKd3GO8EJTA|90|0|0
2026-09-06|Solr_cu4-94|575|0|0
2026-09-06|9_OA4di9Rww|206|0|0
2026-09-06|ywlQ0acfodk|42|0|0
2026-09-06|I5lajE_qFCo|79|0|1
2026-09-06|wpTK89sPZsQ|13588|57|11
2026-09-06|oCzqdOfOBX4|5299|61|0
2026-09-06|z6YT78f0L-w|14527|177|3
2026-09-06|qFl2eBgBvmE|29464|318|0
2026-09-06|cEDdLrgEy5g|2765|34|2
2026-09-06|_yOh6ERSJ5A|7351|20|2
2026-09-06|qH2eE8fSyoY|35064|42|5
2026-09-06|YXG9Wacp6kE|14844|37|11
2026-09-06|-UPlcAnCTkg|32|0|0
2026-09-06|vCWV305NYNo|683065|7005|294
2026-09-06|6MdbGceJnqw|441212|1293|180
2026-09-06|YTi7pjVcUoo|162150|892|22
2026-09-06|lIBRH5wjvZg|37078|0|53
2026-09-06|nwMQZc6Kbkk|103954|377|30
2026-09-06|-sBYTNPMNdA|54618|0|87
2026-09-06|3rpIVrpGUAs|5178|51|4
2026-09-06|pjuvl_j3Epg|25689|79|5
2026-09-06|I8h3sQUrzRI|161795|431|59
2026-09-06|dsSgOEcLuL8|340691|1901|301
2026-09-06|hl5Ptg8JMrM|284740|1210|205
2026-09-06|C8vE6VGZxN0|187808|836|18
2026-09-06|Ug5LuASQhMw|126732|2207|178
2026-09-06|c2XsPVnwxBU|229839|616|408
2026-09-06|BhWg9wNhhs0|107439|415|235
2026-09-06|rKHUZUhkIP0|339752|2137|263
2026-09-06|V_REtnjYcXE|216799|1101|236
2026-09-06|XJ6hfVZbmpk|424853|2565|47
2026-09-06|FpK1_mezdwo|45708|416|16
2026-09-06|aKNGGxznLyg|40950|194|3
2026-09-06|TbmsoFyeXSI|950939|3792|132
2026-09-06|tGMWz-PW6S4|41760|350|6
2026-09-06|pK3O7CVDBQU|9375|10|7
2026-09-06|NESNcCVNE_s|115767|831|54
2026-09-06|tHO2L6FdJ4U|1507|16|0
2026-09-06|mTGUTB3C37o|199906|1598|5
2026-09-06|Kdo8_zEt2SI|38236|136|0
2026-09-06|2MkxA4mKCzw|74547|316|17
2026-09-06|g-Ffj6iZogw|162195|878|37
2026-09-06|M9fzSYwDVVk|26564|195|2
2026-09-06|IDawdgjQS2A|70870|202|14
2026-09-06|3Tu4UppE03w|3631|53|1
2026-09-06|WjPOe1cFDRY|51963|228|1
2026-09-06|b9_gM7oIDWI|37175|246|0
2026-09-06|2St3p-Nm5Gg|598996|3782|349
2026-09-06|L8oeYjt-K-8|35587|158|4
2026-09-06|BVCthAPO-hg|153699|425|18
2026-09-06|nZn1EN6XiH4|42270|194|7
2026-09-06|ha1LDpw4GtE|11602|178|8
2026-09-06|xgdJ1YMGQ3M|6247|44|0
2026-09-06|HX7Hyw9_e5c|3727|15|0
2026-09-06|2hVHX4KELY4|4016|13|0
2026-09-06|I-E9TNMFYoI|34922|54|7
2026-09-06|ncWZWCF21uc|48523|200|7
2026-09-06|UdJi7Rziubc|47213|188|30
2026-09-06|ANKotBh9p_M|55178|213|22
2026-09-06|Dh2f2ng40kI|143269|291|23
2026-09-06|Fk7rZaWChcA|21066|89|5
2026-09-06|pOmJ65UnPEY|1030027|32229|2559
2026-09-06|mDgXMqdm_DY|17514|106|5
2026-09-06|huw5Mi8IZ5s|18658|15|2
2026-09-06|zJA9zD9nBeQ|7205|17|0
2026-09-06|tZHzb86u0qM|1028|0|0
2026-09-06|vy8VoyN5pGc|12092|55|10
2026-09-06|liTBZA_m3rU|36141|218|14
2026-09-06|UkeCpaq3ps8|9964|18|1
2026-09-06|r5qps1NKvwg|3549|7|1
2026-09-06|nmPH9hD8lHA|28222|179|8
2026-09-06|YEBKKi3owM4|36123|169|7
2026-09-06|q9W2bwuvn6k|26204|197|6
2026-09-06|OsndY8NYUoo|78807|834|5
2026-09-06|Es2gxDR00LA|6154|71|1
2026-09-06|K7CXbJ1kgaY|11454|15|0
2026-09-06|seicoO_eNRA|31458|47|2
2026-09-06|V8snjzCZA8U|26610|27|1
2026-09-06|GGJPbu7pfQY|6084|15|0
2026-09-06|S2aEh4GFhQY|14488|64|1
2026-09-06|FeEohauMJVE|22309|33|31
2026-09-06|rsym54vufxc|6298|18|0
2026-09-06|t0pPBFZ1LtQ|2642|48|1
2026-09-06|DCvjP7OSFsM|12772|15|2
2026-09-06|LyyEIG5D8Xg|16155|32|2
2026-09-06|DiULNLX21ZY|15847|1104|36
2026-09-06|JY96JWMnuHY|9774|635|32
2026-09-06|ANH3augu_ww|9510|49|0
2026-09-06|6CcVF5CmBuY|34476|312|4
2026-09-06|1_z-0auOpOQ|181944|1533|9
2026-09-06|1amL_1SNneQ|26742|316|18
2026-09-06|njLV6U_et3c|1186|0|1
2026-09-06|buPhYiIXMTM|884654|30328|2456
2026-09-06|69qyDFIPmsM|18091|160|6
2026-09-06|aMhH98sFu34|32329|133|34
2026-09-06|wZUI8zxKJUQ|19353|321|7
2026-09-06|5jlWfZaREuw|16955|161|5
2026-09-06|POgDEQ6iibI|26406|148|5
2026-09-06|xekUZMcJI-E|28057|564|15
2026-09-06|jgLnybbGZAs|37049|471|27
2026-09-06|Kcb1PtEQDZs|31667|451|47
2026-09-06|UYgNYknm8FA|54963|356|5
2026-09-06|YxHhA26QHnc|15424|203|1
2026-09-06|3egams508Oo|73423|457|6
2026-09-06|kQu-vEvCJso|537787|1586|134
2026-09-06|1i-F0yC145g|24416|49|7
2026-09-06|yqDNEKzgkn0|1893|10|0
2026-09-06|UsKKBCnnLVo|398336|1654|36
2026-09-06|gZSQIzyo1KI|5511|32|1
2026-09-06|oHKog9ar_MQ|1846|26|0
2026-09-06|GKs7JVJcuj0|2294|32|3
2026-09-06|VcHaeK3ox4s|3951|50|0
2026-09-06|VtpSd-2X90k|2005|22|1
2026-09-06|VSXOOeTozg0|183629|1515|60
2026-09-06|AARip9vGMuo|1816|20|1
2026-09-06|5rCBOUU7tHw|16561|271|2
2026-09-06|qwjIgFO4i9I|204018|554|31
2026-09-06|xZMwPT17PyU|264|0|0
2026-09-06|WuBYi4nsv4U|1802|0|1
2026-09-06|uE7JEtwV6Mo|309|0|0
2026-09-06|h-ja_FLHW5o|18138|53|8
2026-09-06|mVDpGLdHOb8|63|0|0
2026-09-06|PK10IcoM0HQ|262172|1134|122
2026-09-06|O5o52Jm2LZg|2737|19|0
2026-09-06|i9_M4gx3LNI|11248|6|0
2026-09-06|g9LUsnhVFrM|223308|1184|226
2026-09-06|62jRHueEnt8|318707|1794|303
2026-09-06|YCi2fRkXiS8|32885|35|2
2026-09-06|dYcmpDeAMCs|6857|19|1
2026-09-06|sG_7XgdNvbM|61037|146|4
2026-09-06|AqV3zAclCoo|27073|2581|161
2026-09-06|Si8lRsXA8nU|9103|40|0
2026-09-06|DdYcHmqwS94|2968|10|0
2026-09-06|4FefEAcypHA|32629|211|18
2026-09-06|veMiEwEgyG0|70121|231|6
2026-09-06|lQdHsiyuUtk|18371|14|1
2026-09-06|ThF77wOcu7A|154322|354|22
2026-09-06|hFt6duT4t1I|14596|101|6
2026-09-06|ol_HQxOYL6M|78465|189|14
2026-09-06|BFumn3__ebU|10266|244|2
2026-09-06|86YSAGn2dnA|677928|6186|101
2026-09-06|6Q8ze4e69fM|57228|225|29
2026-09-06|nfi2JUXDU08|20722|91|5
2026-09-06|ZAhKSUiH4lQ|9619|58|6
2026-09-06|8106q1fpNDo|11968|86|8
2026-09-06|PiSnOtiJPWA|70439|239|20
2026-09-06|7-faCvsFEBM|82509|250|11
2026-09-06|Z-nuqzmQQWQ|135549|975|30
2026-09-06|dQ_bXpXRcoI|10395|6|0
2026-09-06|sHIOY7gEOKQ|1203675|2095|144
2026-09-06|RaDzH3ku3dw|161623|456|36
2026-09-06|8jOn9ymT5Js|15338|144|6
2026-09-06|YsUJ3Pnhlw0|88701|371|7
2026-09-06|c6PDeVlBJjQ|2736563|14170|710
2026-09-06|S_iF0a3ItS0|27255|364|43
2026-09-06|0FBtknD06Dc|1957|24|0
2026-09-06|TtPFCug-6-Q|34088|575|8
2026-09-06|N9xvuz0sjDA|1491793|4542|85
2026-09-06|YxHMlOEYqT0|168772|323|19
2026-09-06|eYrhfidxiv0|4779|14|0
2026-09-06|0pipi4OBKI0|26170|109|9
2026-09-06|SJVmeJaS44s|5138415|125139|11784
2026-09-06|liBJorRNXPU|447651|1157|208
2026-09-06|spYtcFXkzhg|3400|27|2
2026-09-06|P4UcCTcQJ5c|73536|865|12
2026-09-06|Qcb_iKXFVow|311404|730|280
2026-09-06|rO8ov5yXsdo|9541|92|1
2026-09-06|B_B26FMLjDw|59003|466|44
2026-09-06|ZKSyox6bKvI|48412|222|0
2026-09-06|V0wL_UKlR5c|16904|22|4
2026-09-06|3_vOSnUTOkA|1209|60|2
2026-09-06|R39IwbeuX-Y|3009|37|3
2026-09-06|kEd-E9qv35Q|16934|99|3
2026-09-06|ZUXsLRgzuvE|2582|10|2
2026-09-06|WWSWdLeCA18|8057|8|0
2026-09-06|s1aMpxQ7qJc|13210|138|5
2026-09-06|zMoaLGFfAtE|30462|144|15
2026-09-06|iMeDSIEVXlQ|11268|32|0
2026-09-06|iwGxBaiXcew|17951|32|3
2026-09-06|4GdoVzU2T00|17566|163|5
2026-09-06|wTI-RRYOztg|23040|31|3
2026-09-06|C21YMoYv1kU|3553|37|3
2026-09-06|TUclulldQas|13513|162|3
2026-09-06|V7EaGXslXb8|4972|162|8
2026-09-06|Jowc9Kz0BEE|480045|2185|233
2026-09-06|aEk5vniuNcU|2316|67|15
2026-09-06|BtIIpB_RgM0|2264|4|1
2026-09-06|wz6df3R9BeU|21470|123|3
2026-09-06|i8QdxgorNuE|49635|135|14
2026-09-06|olmmnwC7vhA|50541|189|6
2026-09-06|WsuxcmT8_z4|68070|586|6
2026-09-06|XeHxgWHMQuU|19543|216|0
2026-09-06|uecWuNuxLw8|1597|10|0
2026-09-06|lEYfGGEXdoE|87601|792|9
2026-09-06|RYb0pgQWWvM|22538|219|0
2026-09-06|JYmnEY26L3U|23396|179|1
2026-09-06|0zUFgmGXiU0|5466776|45722|270
2026-09-06|8_K_L7GjxBU|30464|164|8
2026-09-06|HR9dbM4V9m8|25649|27|0
2026-09-06|QFlL1cu9CPc|45387|181|108
2026-09-06|jerj4pt4AXE|430|2|0
2026-09-06|5S0k4gePSBQ|24543|277|4
2026-09-06|lYBhciPO_RQ|173455|655|39
2026-09-06|9WsjcJ987xo|108188|1580|9
2026-09-06|_KJHaurJqqk|57619|182|42
2026-09-06|X1tc6n08HE8|206|1|0
2026-09-06|mqMQBeA6fMw|69958|314|27
2026-09-06|Os36SnEoa1k|26532|449|35
2026-09-06|pDwQbzUFqSQ|147797|564|37
2026-09-06|MFnfQnlkpYo|170367|801|690
2026-09-06|GUW-tFpw-Xw|2173|136|13
2026-09-06|VLuvZy3PhVA|1445|64|4
2026-09-06|x2j9DXOzGWQ|32206|1273|42
2026-09-06|qdhfRKNisBM|341561|1200|145
2026-09-06|xKmhn3MEPqw|257526|681|107
2026-09-06|UkIPxYcQRNo|19251|158|2
2026-09-06|2R-EwYmBrdw|20144|285|1
2026-09-06|hHTUL8wHwgo|90|0|0
2026-09-06|WUdAQL6St8s|259844|1247|111
2026-09-06|bJqZlWLWAFY|7964|134|0
2026-09-06|vD5DaOpwUvE|6287|57|0
2026-09-06|G52yPpnP5zs|3777|115|9
2026-09-06|4VSirCDW7sY|15705|227|11
2026-09-06|5zoF9fPC5lE|227949|2549|97
2026-09-06|PbZFjXOP2vU|3645|96|14
2026-09-06|hkVKW1kc6tI|27522|692|10
2026-09-06|doBGbBMOIYg|411|0|0
2026-09-06|fcRDZxI9GpU|49|0|0
2026-09-06|bwGCH6D0oxY|31234|1866|43
2026-09-06|tki0HMQ8msA|33022|187|9
2026-09-06|ubVqItdjv04|55193|196|37
2026-09-06|ZAEY2iSk8oY|38826|204|7
2026-09-06|hikQnVB0r3E|23475|131|5
2026-09-06|VKaJ4znkDH4|51191|217|17
2026-09-06|jYqz2zsQjYw|51172|235|10
2026-09-06|6VhvRA-rXd4|45638|184|7
2026-09-06|EzZ7Y9tYJ1M|41922|184|14
2026-09-06|BXmt29RaJOY|64563|218|16
2026-09-06|88ie5SxQbRE|4120|149|12
2026-09-06|aU2342Gnrn4|65097|316|39
2026-09-06|hvN3EljyhvY|170752|296|30
2026-09-06|mSm1U1KGEts|1281|73|5
2026-09-06|q-5-GHAfJfE|4920|97|2
2026-09-06|kd0bCgmIpc0|13505|32|1
2026-09-06|CiF7d8mux_Q|22866|31|2
2026-09-06|l9mJk-IXYyQ|431433|2028|169
2026-09-06|skX3etMwz1M|535648|1502|57
2026-09-06|2sEuYWxbq7Q|14680|36|1
2026-09-06|d51-3B4-zCc|4433401|19366|374
2026-09-06|oYPH4S1AUvc|111729|435|72
2026-09-06|VCf4MJCNPBM|41102|257|0
2026-09-06|jGIl8Agb004|623284|7500|200
2026-09-06|DUJkWbx---c|755491|2831|168
2026-09-06|75QX-VxjTUY|432531|7258|15
2026-09-06|VPHKbBoKVas|317311|2227|160
2026-09-06|yuUbh_TfKxg|88602|664|3
2026-09-06|kNI_0X7QKJ0|5793|109|0
2026-09-06|z8tknEDtQxc|2596|7|1
2026-09-06|smbkoVpLdjQ|4181|42|1
2026-09-06|ECL4aSHZL7c|12044|42|20
2026-09-06|Fcup-R_kaqg|367889|996|158
2026-09-06|DwF0WfxwLfY|243182|533|112
2026-09-06|YWsczzufh6Q|3994837|434970|21628
2026-09-06|u9xMNu28X5c|254252|619|107
2026-09-06|L7HhTKJx0gU|7060863|26515|1376
2026-09-06|Hx54fH_DHzs|2672|21|0
2026-09-06|J3R4XhJbsRY|1707|10|1
2026-09-06|ZNUCowRRthw|2733|31|1
2026-09-06|QgtZl5GEs34|4693|92|4
2026-09-06|GQSxGL4M_D8|6471|67|1
2026-09-06|Rqfvvi0QtL0|12496|102|1
2026-09-06|hxNArwL1Pes|1075|36|1
2026-09-06|SfcsbpgG_qg|248049|1219|22
2026-09-06|UVzmiEOyMwo|199315|2178|21
2026-09-06|Kz48qLPNops|50725|450|5
2026-09-06|LyvgH_fas_s|42490|44|1
2026-09-06|yeU-dhmQDfY|136787|831|3
2026-09-06|wBEqC9J1C1U|12368|137|2
2026-09-06|kneF4M6sfgY|231235|1289|20
2026-09-06|rw0_8d5JFUA|67521|970|5
2026-09-06|FW2g261eZ1c|12079|64|0
2026-09-06|2Gs1Fea7tpY|52872|609|2
2026-09-06|k1HnFu9tgE4|26681|141|0
2026-09-06|PfEbhNIHXIY|278590|2469|25
2026-09-06|19ljNqLUrgA|165764|303|14
2026-09-06|N-na9KhG-Uw|23809|121|10
2026-09-06|2NVzPZB3V_s|96314|319|14
2026-09-06|G3QaiI6E9B8|25352|146|0
2026-09-06|cbUMuztZSnk|120211|733|16
2026-09-06|OwZGg7ZdJ8A|15090|125|0
2026-09-06|PQvH_BkxXSU|1317|8|0
2026-09-06|6VJO2srZjy8|5853|36|2
2026-09-06|enp0gFMQQ5c|1800|7|0
2026-09-06|D0CGG6vFQJ4|97332|266|18
2026-09-06|hjkPNGtnV1I|2241|10|1
2026-09-06|k6UU545q2x0|1966|21|1
2026-09-06|tWKyB0MyWys|1994|19|1
2026-09-06|q5e0SHM_zc4|14079|82|1
2026-09-06|McuE7rRfsQ4|2794|11|1
2026-09-06|HlcF59XPW68|1511|11|3
2026-09-06|CCZ5-XljLvc|23944|235|2
2026-09-06|2erwhbqtEQg|8608|60|2
2026-09-06|HhRm-ajqPjw|5478|204|2
2026-09-06|QXwZv1qLE84|15261|9|2
2026-09-06|vcA2GiaWSik|18913|122|3
2026-09-06|8ffp71e94uE|20259|127|8
2026-09-06|5c2GugwthW4|26804|122|12
2026-09-06|i18Uwcg21ao|21355|122|7
2026-09-06|1c4OF49XisI|49029|182|26
2026-09-06|YZrEymOHvh0|33651|267|3
2026-09-06|2a7BPoaqVMA|29529|192|10
2026-09-06|DJw75NEVXdc|26301|171|9
2026-09-07|0Fb_8zxbAus|484148|1863|104
2026-09-07|pQ6JQe5tQhs|122770|421|36
2026-09-07|rFip5KmYbkY|149031|2904|38
2026-09-07|xLoGY3jmdeY|164512|856|18
2026-09-07|zDWDRmGEA7s|111475|1026|80
2026-09-07|UGLVvzfOJ-I|2398|258|43
2026-09-07|wzJIlOelUgM|84210|388|4
2026-09-07|PX1wDyvDrcg|20960|82|1
2026-09-07|n0ymFvPr0i8|17323|257|8
2026-09-07|RlidFBaXHIo|11172|293|7
2026-09-07|YgR70wYh-1g|1140|91|17
2026-09-07|9-85YYNM-D8|17527|53|5
2026-09-07|2Y12J3tAPbU|19134|146|9
2026-09-07|vFuyMXimcUY|1444|23|0
2026-09-07|TS8Clu_bPMY|824706|1289|111
2026-09-07|OHJCnGcLjpg|56707|0|21
2026-09-07|Me70Bpqs1Cw|132265|416|40
2026-09-07|_xhGKYnPBng|30897|168|0
2026-09-07|XRRClKXqf0s|32624|934|2
2026-09-07|mHvBJBQc5lU|20480|243|4
2026-09-07|zIQSBt5PRMc|1453|7|0
2026-09-07|rjvj6LGV9ug|76761|549|5
2026-09-07|TwcEGyurMF4|222869|2004|99
2026-09-07|kTSUU2Ugpcc|1541|20|1
2026-09-07|RIe0FGLhKCA|1396|16|0
2026-09-07|nsD5D4BvpZQ|1798|32|0
2026-09-07|jkIOD2zl1sI|57824|580|27
2026-09-07|F7jzQ9Y9Now|180059|2027|67
2026-09-07|R9sHgYpv4CU|3624|108|0
2026-09-07|fi8x1N1qgdg|10751|51|1
2026-09-07|cLoocnmkw6A|588702|2114|291
2026-09-07|wjbScRuzt5g|269976|1739|260
2026-09-07|MCp2PJb4v6o|959280|2767|389
2026-09-07|VHtjpKXDVWU|13674|85|8
2026-09-07|sSuiYiHeEVs|99|4|0
2026-09-07|x6vQ80K1IhU|5742|20|0
2026-09-07|ikovQEu5M44|313431|5160|160
2026-09-07|_L9q9F27M1o|60446|1216|117
2026-09-07|Kcfkd4xU1V0|23203|138|25
2026-09-07|s0neg8z9_YQ|2288|76|23
2026-09-07|yeDt37SYceE|6252|43|0
2026-09-07|Jx-fv0VR2C0|4495|15|1
2026-09-07|SHaBzZt-jt4|7344|39|1
2026-09-07|UtdnfiA-NNU|57109|197|4
2026-09-07|h61PfwlDwd8|66730|235|4
2026-09-07|2PrzERm7GoU|15115|121|4
2026-09-07|miNSy97vxhI|56381|715|0
2026-09-07|Ldc0Qsgd2OQ|1670|27|0
2026-09-07|X54dJNx7c3Q|3095|6|0
2026-09-07|V8nqj9-VXxs|61564|2448|783
2026-09-07|IaWyP1Ar2Yc|124401|1047|107
2026-09-07|JEEl2p0NAQM|250438|690|76
2026-09-07|bxI17dhip88|32869|315|4
2026-09-07|DLmD68nBtvE|14577|110|3
2026-09-07|Q-AtpNHwwSQ|191672|561|98
2026-09-07|ans0I3_g7Do|1513|21|0
2026-09-07|0nOV5IhJesQ|19308|171|0
2026-09-07|NLnrXu67kd0|140263|368|9
2026-09-07|RZaOJDYjuN4|207|3|0
2026-09-07|Clu4SOqXZX0|7865|38|0
2026-09-07|nKlaaGT0lb8|26085|206|12
2026-09-07|6owaD_CNk3s|5585|29|1
2026-09-07|QYMnRDtgbFk|18960|122|4
2026-09-07|AX8oTzeLFdk|10289|45|0
2026-09-07|cihUgL-TwD0|8049|67|1
2026-09-07|CERiAfkxXRM|756|10|0
2026-09-07|bsJ2jy_7Q3Y|30377|117|10
2026-09-07|mCNQ-wQnyuI|2450|22|0
2026-09-07|euSIOvKbuqM|2680|16|0
2026-09-07|mHJkPIdaKXU|1260|0|0
2026-09-07|yE1eDMMLbdU|4|0|0
2026-09-07|EOjWprK31ak|3|0|0
2026-09-07|kDdBLsFPWN4|32|0|0
2026-09-07|1HWTP9Er5HM|14|0|0
2026-09-07|W4C3QlAIHdg|8|0|0
2026-09-07|0XUHssDIWR0|4|0|0
2026-09-07|iAtYb6dRuc8|109|0|0
2026-09-07|JAtlvyornNE|28|0|0
2026-09-07|3X08s11yhks|55|0|0
2026-09-07|O5jXyDPQI8k|3855|0|0
2026-09-07|aSIFZZ5d65g|183|0|0
2026-09-07|0p3RnH-ablg|110980|392|23
2026-09-07|ZcLs-jdmxbs|1630|5|0
2026-09-07|idpN4BXx6mI|942|6|0
2026-09-07|eT7YjPm3ZVQ|925|6|0
2026-09-07|qJz2jfiwDyo|1408|9|0
2026-09-07|iiM_71y_mEA|171577|820|171
2026-09-07|7Qgzzmke4uU|860064|4392|340
2026-09-07|JbzSS7Zhn7Y|40348|252|0
2026-09-07|WR5AU_cvAFQ|61828|207|56
2026-09-07|jztifDajKJs|91344|240|11
2026-09-07|P--C2v1GjeU|81838|321|3
2026-09-07|sEiQaMXAxws|12869|171|0
2026-09-07|nnfIKw-YJrY|368940|993|28
2026-09-07|UKqgn5a5mNw|109436|380|6
2026-09-07|TRQw7BepCZE|1036|32|0
2026-09-07|gNZOJQLWWBg|131763|692|106
2026-09-07|ZWSwecBT2ao|268936|958|241
2026-09-07|YiUOncr3yyU|129563|661|33
2026-09-07|Kvu2LE26TQw|91412|254|26
2026-09-07|zaGpl8zVtIc|1879|19|1
2026-09-07|Mn3Vg5uGezI|64040|302|19
2026-09-07|C8zIvGsa6EI|74458|350|43
2026-09-07|h0EG1s59U5s|176140|747|57
2026-09-07|hjC4JZt-2EY|126819|497|12
2026-09-07|L1zd_SpDg3s|75257|245|23
2026-09-07|kuYKQBXgDXA|83910|352|44
2026-09-07|AdhwmMzULl0|119613|398|23
2026-09-07|PqsYAP0hj6M|113117|434|71
2026-09-07|4uDHszHNyqU|215699|851|93
2026-09-07|tVmuaH8-2-M|2141|16|1
2026-09-07|nwNQkVHHPy4|32582|227|4
2026-09-07|UabnjgqMeNU|19766|257|12
2026-09-07|oeB-_S6AoAw|413976|3700|46
2026-09-07|1Rxbl7wjhMg|14265|44|5
2026-09-07|2XSBXRa9Biw|546350|5247|459
2026-09-07|ggyrTsHTOYE|379400|1948|166
2026-09-07|FE_t0VPSELo|84025|0|23
2026-09-07|5sfb2WxDgZQ|373875|1123|173
2026-09-07|F5vIAPFdAHk|46544|308|2
2026-09-07|CH3SghpReq0|77202|177|10
2026-09-07|24z0prnICaM|59125|356|130
2026-09-07|F_qgMfIV2uI|98691|814|6
2026-09-07|062vAQD44MA|6415|34|0
2026-09-07|PaFX44-tBH8|978|12|1
2026-09-07|eJg37PWZTj0|3578|57|8
2026-09-07|OULYNQ_ewTk|8443|47|6
2026-09-07|LaH7k5nnk28|33|1|0
2026-09-07|NooSEGbIFDI|36026|113|14
2026-09-07|CYei1IlPLmg|42508|155|3
2026-09-07|Mv-aFtowfcg|743533|2493|104
2026-09-07|8FHy_-sB7bY|22172|156|1
2026-09-07|DZZwZMrU7kU|16309|309|1
2026-09-07|iqq493xoflQ|1673533|9979|563
2026-09-07|PrdFoGFUXmM|101388|1048|6
2026-09-07|GPrCUL9rZL8|47559|543|4
2026-09-07|U-e_A8xWAXw|213991|1730|106
2026-09-07|6AO7KpAaBUc|18627|128|0
2026-09-07|-A6gbEQZjYg|58244|286|10
2026-09-07|LDyTjrZR_3Q|21909|62|0
2026-09-07|0gZL-N1vkcs|495958|167|53
2026-09-07|CPeG1LD0LY4|21290|116|7
2026-09-07|1Par1zPgY_Y|36849|137|11
2026-09-07|UTkOXLVzNlQ|40296|174|6
2026-09-07|Xqxw5lHDgNo|54007|175|14
2026-09-07|HJGxwgtyuVo|11122|89|0
2026-09-07|RRxsVcBSXBA|62923|192|26
2026-09-07|4pxAmLEVMYw|27593|122|9
2026-09-07|R3Qk7uIhjTI|150447|532|30
2026-09-07|pIzf2_iGubw|203586|605|47
2026-09-07|qxFvlC56tBM|139516|584|11
2026-09-07|xOjWpFejcss|16394|120|2
2026-09-07|sLVi2dXiJrs|6892|30|1
2026-09-07|mPB1jOMXOoM|18939|55|3
2026-09-07|jWk_UUyfGIQ|5597|42|0
2026-09-07|T619yXy7Pt8|604337|1098|93
2026-09-07|fsJQMbrj1JU|266593|708|110
2026-09-07|CEP96vKxC0E|165059|524|24
2026-09-07|VKQ8DCwkMq0|329502|1109|49
2026-09-07|QJHXp3Kyd7k|284332|811|102
2026-09-07|LjO1gUgrhgk|307|0|0
2026-09-07|EFK9pvft0_c|82|0|0
2026-09-07|9gZ2eig21x4|27|0|0
2026-09-07|sR4LnRr0T4Y|47|0|0
2026-09-07|PoITqClHTbE|536|0|0
2026-09-07|tMneFzRhNA8|357376|1020|211
2026-09-07|VWzhKtO2ECU|291139|979|64
2026-09-07|FZKYmRnho-Y|121499|363|85
2026-09-07|He3ltYAVCv4|230297|1003|102
2026-09-07|A1Zzt96MNsw|379132|895|105
2026-09-07|OK41i4IO4Qc|72838|279|10
2026-09-07|6eLXuxRPVDA|1858|23|1
2026-09-07|S9YOgeL9-JQ|4208|39|3
2026-09-07|kfJ7bJZLJr4|105704|385|66
2026-09-07|F8Aoh290Hjs|5814|37|1
2026-09-07|vpqHHC-7tQo|4322|25|1
2026-09-07|_Hxn0GQKiv8|31056|234|3
2026-09-07|LGzf4emkdYo|9776|97|9
2026-09-07|9FAZmyB5JVA|468661|4256|34
2026-09-07|-R9NVdWuim8|169902|523|41
2026-09-07|Yso0Hu7XVMI|84350|586|13
2026-09-07|IzvEoePOILk|3626|32|0
2026-09-07|LGByoVlagZI|314841|953|152
2026-09-07|DC9pnFXowk8|193377|525|71
2026-09-07|YrNYBXVjbnQ|70457|170|15
2026-09-07|Yc1uvNQlo50|1407|8|0
2026-09-07|gci0np_LE64|9099|56|0
2026-09-07|EMipTAVnpoI|35369|134|186
2026-09-07|5RHkqO2HGrg|18742|72|37
2026-09-07|qqAIr8-2_gM|34304|256|107
2026-09-07|11P17HmaDZk|30019|118|77
2026-09-07|mQHacdEsLKU|13214|280|5
2026-09-07|_wiCLOvzUyU|19046|79|6
2026-09-07|U-v4cotWAe8|4512|24|0
2026-09-07|MX0Jnf5rRtU|2901|28|1
2026-09-07|i6aWKYVfYWk|70044|560|7
2026-09-07|NdB8HlhfWtM|70357|216|2
2026-09-07|YeMKiidEUzw|12210|48|5
2026-09-07|Z5JU9nvLhSk|23315|59|1
2026-09-07|nHZPruGMt1s|3890|34|0
2026-09-07|jpBgr158-Qw|1472|11|0
2026-09-07|jxqDV-uVPeA|136701|827|9
2026-09-07|uocCvb0YNpA|42193|262|130
2026-09-07|qG_wPtOLSZ4|807|11|0
2026-09-07|ST5Fb2npXwM|2502|17|1
2026-09-07|YXG9Wacp6kE|14884|37|11
2026-09-07|Phutp2JFSy4|7298|14|0
2026-09-07|oCzqdOfOBX4|7206|83|0
2026-09-07|92dh2F4Sr-Q|24840|143|33
2026-09-07|6MdbGceJnqw|474367|1334|191
2026-09-07|kmHTcZh6fVk|74906|679|3
2026-09-07|OQEck2lPhGU|152768|1243|7
2026-09-07|NcXyPfiq2Zg|36314|338|2
2026-09-07|fRXafDpU1kQ|6743|94|0
2026-09-07|9pWoHojGQnQ|18|0|0
2026-09-07|w1S3sQci8yM|224107|568|22
2026-09-07|AkPC8neJCw8|10973|44|11
2026-09-07|uyieob6jdNQ|17579|34|22
2026-09-07|WZdKpWIgy_g|11218|75|8
2026-09-07|1IPugIF89sM|9287|42|6
2026-09-07|idB6RlYGZxE|38118|431|26
2026-09-07|9gswVNg8ftM|16655|21|6
2026-09-07|BShxkM-5Trs|86534|924|128
2026-09-07|szjilKQspEk|9910|210|2
2026-09-07|NV-IawO11Lk|4312|19|0
2026-09-07|XGfxtN_9-W0|4645|27|1
2026-09-07|etNObquz8mg|10102|15|3
2026-09-07|2GBY-T6iDbE|15477|54|16
2026-09-07|4Bg5L3NeaEg|13869|23|5
2026-09-07|BsP7bHeYjnw|7074|15|1
2026-09-07|qH2eE8fSyoY|59682|60|11
2026-09-07|0uG45IKm55o|21404|20|5
2026-09-07|p0SV-WTeWbA|223206|583|79
2026-09-07|q6wrYOdehkM|188772|437|106
2026-09-07|zhh8C_-VlpM|15803|21|0
2026-09-07|h6cEAPuv7VY|59811|765|12
2026-09-07|rIBw1rAfbjY|19961|173|1
2026-09-07|AAB7rHcKuJA|325214|5503|55
2026-09-07|F-8ry3olsJc|46395|241|0
2026-09-07|nPxtOo7mb8g|86302|1406|8
2026-09-07|u6BITwPnhBI|795335|2145|89
2026-09-07|MaFdjBdlkco|4743|92|28
2026-09-07|zk733jIwq40|17246|49|1
2026-09-07|_yOh6ERSJ5A|7512|20|2
2026-09-07|vCWV305NYNo|923956|8858|334
2026-09-07|nwMQZc6Kbkk|109822|393|30
2026-09-07|qFl2eBgBvmE|36515|374|0
2026-09-07|-sBYTNPMNdA|60381|0|91
2026-09-07|lIBRH5wjvZg|38168|0|53
2026-09-07|aNttkHgwet0|18496|16|1
2026-09-07|MRMjruXn8Cg|21980|33|2
2026-09-07|n34zhv5QiuE|48191|158|2
2026-09-07|nRdZ9xeAHF4|17762|20|4
2026-09-07|J4ZoK_t0cIM|482690|601|9
2026-09-07|BKvhMgYmN6I|115064|391|22
2026-09-07|H4U73g6QBMM|3174|51|1
2026-09-07|A5cnBsPFyZs|14261|14|0
2026-09-07|qrhbaVqjNx0|22805|22|3
2026-09-07|2KYF-BrrR-A|6702|43|1
2026-09-07|MDmdbs3CWuU|7644|30|2
2026-09-07|7ggyh93qp_I|456037|1011|71
2026-09-07|nYD0dfUQ9wg|18682|28|2
2026-09-07|a92WDTHLfqs|9753|6|3
2026-09-07|wp0Z2ZJts0Q|36192|78|2
2026-09-07|J67id8xXdEY|98|0|0
2026-09-07|81pJdB7EJLc|107233|527|11
2026-09-07|knphCMsuhAU|55748|275|11
2026-09-07|_3BWPleauZ0|38545|110|1
2026-09-07|xCPBbVprbY0|42380|81|9
2026-09-07|ZTWN9SVaP-k|13270|14|1
2026-09-07|TysxoYxk2UA|15347|98|10
2026-09-07|_QtpUHognZI|44428|220|10
2026-09-07|7HBxIIYV0VI|24838|132|9
2026-09-07|R7bSypr0x8Q|36145|190|5
2026-09-07|03IsSR70t8Y|192881|300|44
2026-09-07|kKaGwbFceMU|33391|155|4
2026-09-07|0Ahz8LFHlT4|31338|173|7
2026-09-07|tLiMqoOW2LI|69349|278|25
2026-09-07|eA-v-5twFvM|44589|203|8
2026-09-07|gXeeNYi9Nn0|79596|239|35
2026-09-07|H14mlfaKJoM|43042|181|7
2026-09-07|yZCouRrC9Fo|32960|161|8
2026-09-07|6kl4w-rXV1o|29661|178|5
2026-09-07|TJtS1DFGxjk|45938|182|17
2026-09-07|rFAYNLHtO9U|21997|102|55
2026-09-07|yVshB2WNbBE|231967|593|154
2026-09-07|Wm3CXUQTZQM|32206|115|111
2026-09-07|z6YT78f0L-w|17491|209|3
2026-09-07|2TSiQDenLnY|10453|36|3
2026-09-07|zGYlXO4TCkw|3165|34|0
2026-09-07|BNelK7SzOks|11426|115|3
2026-09-07|1_CwqN15oU4|64348|632|9
2026-09-07|L7OQ95RGYX8|626618|10453|1337
2026-09-07|9GjsOlKLoxo|3619|17|2
2026-09-07|-UPlcAnCTkg|41|0|0
2026-09-07|ViqIl0CTbpc|15354|57|0
2026-09-07|YTi7pjVcUoo|271871|1175|25
2026-09-07|7YUAuLtPU84|1184025|2514|225
2026-09-07|hAhsg2Z2C90|147|0|0
2026-09-07|I5lajE_qFCo|84|0|1
2026-09-07|ywlQ0acfodk|52|0|0
2026-09-07|cEDdLrgEy5g|3353|39|2
2026-09-07|9_OA4di9Rww|215|0|0
2026-09-07|Solr_cu4-94|582|0|0
2026-09-07|Ft2ACdeU13I|1599|15|0
2026-09-07|wpTK89sPZsQ|19139|75|14
2026-09-07|VDIhUO2j7TU|40462|202|112
2026-09-07|uoUTaDlxBqo|4967|13|0
2026-09-07|HP8hxwFgzuE|1718|8|0
2026-09-07|jRUI7hxyfEY|1458|19|0
2026-09-07|uHWqPINbWt0|1458|13|0
2026-09-07|3ryAjDxtFVo|137258|200|48
2026-09-07|_6Z6imVLRdM|7854|28|1
2026-09-07|708snU1SYV4|223|0|0
2026-09-07|Qzco7TM5dPc|191|0|0
2026-09-07|Na-ODq760sI|26|0|0
2026-09-07|fKd3GO8EJTA|114|0|0
2026-09-07|9jyonGTh6lk|7209|122|0
2026-09-07|L8oeYjt-K-8|36584|160|4
2026-09-07|BVCthAPO-hg|156442|427|19
2026-09-07|liTBZA_m3rU|37106|220|14
2026-09-07|2MkxA4mKCzw|75980|316|18
2026-09-07|2St3p-Nm5Gg|717261|4245|376
2026-09-07|3egams508Oo|78908|494|7
2026-09-07|kQu-vEvCJso|562780|1620|137
2026-09-07|2hVHX4KELY4|8995|14|0
2026-09-07|HX7Hyw9_e5c|4369|15|0
2026-09-07|xgdJ1YMGQ3M|6441|44|0
2026-09-07|ha1LDpw4GtE|12284|189|9
2026-09-07|vy8VoyN5pGc|12949|71|11
2026-09-07|t0pPBFZ1LtQ|2756|48|1
2026-09-07|rKHUZUhkIP0|547449|2880|389
2026-09-07|nmPH9hD8lHA|29552|182|8
2026-09-07|1i-F0yC145g|24818|49|7
2026-09-07|tZHzb86u0qM|1030|0|0
2026-09-07|DiULNLX21ZY|16249|1116|36
2026-09-07|Kdo8_zEt2SI|38522|137|0
2026-09-07|1amL_1SNneQ|29450|337|19
2026-09-07|VtpSd-2X90k|2167|23|1
2026-09-07|r5qps1NKvwg|3602|7|1
2026-09-07|I8h3sQUrzRI|190472|518|66
2026-09-07|5rCBOUU7tHw|17174|277|2
2026-09-07|I-E9TNMFYoI|44492|71|7
2026-09-07|oHKog9ar_MQ|1919|27|0
2026-09-07|ANKotBh9p_M|60065|229|27
2026-09-07|seicoO_eNRA|32956|48|3
2026-09-07|rsym54vufxc|6348|18|0
2026-09-07|FeEohauMJVE|23608|35|36
2026-09-07|S2aEh4GFhQY|15711|64|1
2026-09-07|GGJPbu7pfQY|6391|16|0
2026-09-07|V8snjzCZA8U|48494|55|2
2026-09-07|DCvjP7OSFsM|14784|18|2
2026-09-07|K7CXbJ1kgaY|13929|15|0
2026-09-07|zJA9zD9nBeQ|7280|17|0
2026-09-07|NESNcCVNE_s|125767|889|58
2026-09-07|huw5Mi8IZ5s|20246|16|2
2026-09-07|pK3O7CVDBQU|9383|10|7
2026-09-07|YEBKKi3owM4|37288|171|7
2026-09-07|q9W2bwuvn6k|26595|198|6
2026-09-07|ncWZWCF21uc|50014|202|7
2026-09-07|tHO2L6FdJ4U|1509|16|0
2026-09-07|nZn1EN6XiH4|44545|194|7
2026-09-07|UdJi7Rziubc|47693|188|30
2026-09-07|Dh2f2ng40kI|146277|295|25
2026-09-07|tGMWz-PW6S4|44325|365|6
2026-09-07|VcHaeK3ox4s|4792|52|0
2026-09-07|TbmsoFyeXSI|1088064|4297|157
2026-09-07|GKs7JVJcuj0|2494|35|3
2026-09-07|Fk7rZaWChcA|22202|90|5
2026-09-07|AARip9vGMuo|1980|23|1
2026-09-07|mDgXMqdm_DY|17966|106|6
2026-09-07|Es2gxDR00LA|6217|72|1
2026-09-07|UkeCpaq3ps8|10190|20|1
2026-09-07|C8vE6VGZxN0|218389|917|23
2026-09-07|UsKKBCnnLVo|542166|2204|43
2026-09-07|aKNGGxznLyg|41503|195|4
2026-09-07|1_z-0auOpOQ|219620|1819|10
2026-09-07|mVDpGLdHOb8|96|0|0
2026-09-07|uE7JEtwV6Mo|317|0|0
2026-09-07|WuBYi4nsv4U|1821|0|1
2026-09-07|xZMwPT17PyU|301|0|0
2026-09-07|qwjIgFO4i9I|254005|668|38
2026-09-07|3rpIVrpGUAs|6012|53|4
2026-09-07|BhWg9wNhhs0|108577|420|232
2026-09-07|mTGUTB3C37o|238675|1877|7
2026-09-07|6CcVF5CmBuY|34639|312|4
2026-09-07|YxHhA26QHnc|15911|206|1
2026-09-07|njLV6U_et3c|1193|0|1
2026-09-07|c2XsPVnwxBU|245298|636|412
2026-09-07|Ug5LuASQhMw|137137|2319|183
2026-09-07|V_REtnjYcXE|231982|1141|242
2026-09-07|hl5Ptg8JMrM|291294|1223|205
2026-09-07|h-ja_FLHW5o|22478|63|12
2026-09-07|OsndY8NYUoo|86561|868|5
2026-09-07|ANH3augu_ww|11016|52|0
2026-09-07|PK10IcoM0HQ|291410|1234|130
2026-09-07|POgDEQ6iibI|27932|153|5
2026-09-07|VSXOOeTozg0|190731|1553|60
2026-09-07|dsSgOEcLuL8|343535|1920|303
2026-09-07|FpK1_mezdwo|49380|466|16
2026-09-07|pjuvl_j3Epg|25912|80|5
2026-09-07|buPhYiIXMTM|977824|32430|2600
2026-09-07|Kcb1PtEQDZs|33607|471|50
2026-09-07|g-Ffj6iZogw|163933|887|37
2026-09-07|M9fzSYwDVVk|27415|199|2
2026-09-07|yqDNEKzgkn0|2346|10|0
2026-09-07|gZSQIzyo1KI|6713|39|1
2026-09-07|IDawdgjQS2A|74814|209|14
2026-09-07|3Tu4UppE03w|3729|53|1
2026-09-07|WjPOe1cFDRY|67711|273|1
2026-09-07|pOmJ65UnPEY|1552991|33362|2715
2026-09-07|XJ6hfVZbmpk|509106|3094|53
2026-09-07|UYgNYknm8FA|56035|361|5
2026-09-07|b9_gM7oIDWI|37627|247|0
2026-09-07|jgLnybbGZAs|38598|476|27
2026-09-07|LyyEIG5D8Xg|16161|32|2
2026-09-07|69qyDFIPmsM|22626|191|6
2026-09-07|aMhH98sFu34|35623|137|37
2026-09-07|xekUZMcJI-E|29644|602|16
2026-09-07|wZUI8zxKJUQ|20783|341|7
2026-09-07|JY96JWMnuHY|11302|786|32
2026-09-07|5jlWfZaREuw|18988|189|5
2026-09-07|RaDzH3ku3dw|176151|492|39
2026-09-07|8jOn9ymT5Js|15631|145|6
2026-09-07|B_B26FMLjDw|63312|479|47
2026-09-07|sHIOY7gEOKQ|1227224|2130|145
2026-09-07|P4UcCTcQJ5c|73850|865|12
2026-09-07|YsUJ3Pnhlw0|98109|397|8
2026-09-07|ThF77wOcu7A|170143|381|24
2026-09-07|N9xvuz0sjDA|1585035|4907|95
2026-09-07|doBGbBMOIYg|432|0|0
2026-09-07|c6PDeVlBJjQ|2925221|15071|747
2026-09-07|eYrhfidxiv0|4881|14|0
2026-09-07|SJVmeJaS44s|6082587|132998|12975
2026-09-07|ZKSyox6bKvI|49013|223|0
2026-09-07|V0wL_UKlR5c|17793|22|4
2026-09-07|C21YMoYv1kU|3576|37|3
2026-09-07|AqV3zAclCoo|27473|2609|162
2026-09-07|TUclulldQas|14029|168|3
2026-09-07|dYcmpDeAMCs|8372|23|1
2026-09-07|4FefEAcypHA|35040|224|18
2026-09-07|YCi2fRkXiS8|40690|35|3
2026-09-07|g9LUsnhVFrM|223848|1185|226
2026-09-07|R39IwbeuX-Y|3044|37|3
2026-09-07|kEd-E9qv35Q|18422|107|3
2026-09-07|iMeDSIEVXlQ|11392|32|0
2026-09-07|iwGxBaiXcew|27593|62|7
2026-09-07|zMoaLGFfAtE|32577|147|23
2026-09-07|veMiEwEgyG0|70734|232|6
2026-09-07|ol_HQxOYL6M|78664|189|14
2026-09-07|6Q8ze4e69fM|57394|225|29
2026-09-07|wTI-RRYOztg|23857|31|4
2026-09-07|dQ_bXpXRcoI|10626|7|0
2026-09-07|s1aMpxQ7qJc|13360|141|5
2026-09-07|WWSWdLeCA18|8199|8|0
2026-09-07|ZUXsLRgzuvE|2690|10|2
2026-09-07|Qcb_iKXFVow|319105|731|280
2026-09-07|TtPFCug-6-Q|34245|575|8
2026-09-07|liBJorRNXPU|453455|1174|208
2026-09-07|4GdoVzU2T00|18788|174|5
2026-09-07|hikQnVB0r3E|23710|131|5
2026-09-07|hHTUL8wHwgo|90|0|0
2026-09-07|_KJHaurJqqk|65805|194|43
2026-09-07|Jowc9Kz0BEE|590150|2539|270
2026-09-07|olmmnwC7vhA|51014|189|6
2026-09-07|mqMQBeA6fMw|77574|342|27
2026-09-07|lEYfGGEXdoE|90915|796|9
2026-09-07|JYmnEY26L3U|27136|221|1
2026-09-07|WsuxcmT8_z4|68421|587|6
2026-09-07|i8QdxgorNuE|49808|135|14
2026-09-07|BtIIpB_RgM0|2382|5|1
2026-09-07|wz6df3R9BeU|21493|123|3
2026-09-07|jerj4pt4AXE|439|2|0
2026-09-07|HR9dbM4V9m8|25768|27|0
2026-09-07|vD5DaOpwUvE|6476|60|0
2026-09-07|bJqZlWLWAFY|8214|141|1
2026-09-07|fcRDZxI9GpU|49|0|0
2026-09-07|WUdAQL6St8s|314233|1394|119
2026-09-07|G52yPpnP5zs|3929|116|9
2026-09-07|hkVKW1kc6tI|28262|714|10
2026-09-07|QFlL1cu9CPc|61674|236|136
2026-09-07|lYBhciPO_RQ|192953|733|47
2026-09-07|88ie5SxQbRE|4463|178|13
2026-09-07|9WsjcJ987xo|111496|1617|9
2026-09-07|x2j9DXOzGWQ|45072|1643|50
2026-09-07|VLuvZy3PhVA|1475|64|4
2026-09-07|GUW-tFpw-Xw|2228|136|13
2026-09-07|62jRHueEnt8|332604|1838|308
2026-09-07|BFumn3__ebU|10596|244|2
2026-09-07|2R-EwYmBrdw|20498|288|1
2026-09-07|spYtcFXkzhg|3440|28|2
2026-09-07|0FBtknD06Dc|1981|24|0
2026-09-07|4VSirCDW7sY|16150|231|11
2026-09-07|5zoF9fPC5lE|238522|2676|100
2026-09-07|PbZFjXOP2vU|3743|99|15
2026-09-07|xKmhn3MEPqw|264426|701|108
2026-09-07|qdhfRKNisBM|348871|1217|145
2026-09-07|MFnfQnlkpYo|179485|830|705
2026-09-07|XeHxgWHMQuU|19656|218|0
2026-09-07|hvN3EljyhvY|178461|307|32
2026-09-08|GUq-llbB958|24949|165|62
2026-09-08|bdUNhWNfp1E|571|4|0
2026-09-08|JAiLSi8Mnjo|2500|24|0
2026-09-08|jbTTB7sR9zM|911|7|0
2026-09-08|vuuO3r5__9c|1359|11|0
2026-09-08|qHiKveUNos4|590|3|0
2026-09-08|cua8dCfAn44|1001|7|0
2026-09-08|7d4c-SXk8Qc|150|4|0
2026-09-08|TXNjgkV3b8U|749|8|0
2026-09-08|bl2hvfrybX0|67|4|0
2026-09-08|siNk-uYGQ1c|4415|152|26
2026-09-08|UXVIHlFb3fw|364749|3053|1460
2026-09-08|iNMvUYjaieA|2338600|285094|23797
2026-09-08|YH7MQvEMXck|246787|1349|280
2026-09-08|tN-wr-0RBGU|178400|530|107
2026-09-08|8K2RVMjZZWc|169489|752|124
2026-09-08|63faN_TCdzI|267167|1099|154
2026-09-08|4bJL3Z27DVo|345504|877|176
2026-09-08|9jNmYK9jFh8|415401|2689|249
2026-09-08|LxZda6RCnJ8|712|6|0
2026-09-08|jcFTdlKy1LQ|951|5|0
2026-09-08|APHK70cOURg|46555|482|8
2026-09-08|JSJqTMpLCQs|2576|12|1
2026-09-08|pR0jEcn11xQ|9479|77|3
2026-09-08|WqgTwbCKrb4|9694|83|5
2026-09-08|slrcw1giiz4|2019|5|0
2026-09-08|v2a8XISkrM0|1274|5|0
2026-09-08|dG8iH0D7g9Q|2398|19|1
2026-09-08|kZPZmUocUao|3832|14|0
2026-09-08|pnpDqotafy4|790|17|0
2026-09-08|JdMC9Br5RiE|2455|37|1
2026-09-08|4XZakznmGMo|3282|74|1
2026-09-08|IjAQQARlQnw|1184|4|0
2026-09-08|HmhMtIMUdEY|5260|39|0
2026-09-08|5vRXuizu4Eo|10924|140|6
2026-09-08|sqvosVRz0wE|1387|6|1
2026-09-08|q8mYGfuQL04|1225|4|0
2026-09-08|Vz-wYfgnjT4|6596|33|0
2026-09-08|Wh5nBUz3_wQ|36942|531|19
2026-09-08|gHo7EVMCIHY|1169|38|0
2026-09-08|FMagaMh2fRo|134|3|0
2026-09-08|_uib5bJEmhg|21|1|0
2026-09-08|UJRgE11njmo|317|4|0
2026-09-08|zwChsMOq-Tk|48539|565|54
2026-09-08|5XpMNtm76mw|177203|4729|231
2026-09-08|L-kefdHspWA|71950|389|1
2026-09-08|EZ-m7a-vmAk|46606|332|4
2026-09-08|7c5iZXDY3W8|41502|353|134
2026-09-08|15u0_6fQ8m0|14334|47|45
2026-09-08|2Y-6MckHgVk|198217|606|64
2026-09-08|T-ZOQntHedQ|95091|334|12
2026-09-08|iXmuZk6b6Fg|26522|54|2
2026-09-08|Tw1wJ5K0dCc|2812|15|0
2026-09-08|ES06EkYG8aw|34369|159|15
2026-09-08|zvWNHRl1JVo|949005|10671|250
2026-09-08|2T8y50nDf7E|228556|670|244
2026-09-08|IqrEqD_1gBI|12|0|0
2026-09-08|Tfm0hVK-F6A|15399|111|13
2026-09-08|LhlmXNO5Fc0|28943|309|0
2026-09-08|CY-s4OQi5sY|366452|1271|84
2026-09-08|p2VqjRgWn2k|112534|248|3
2026-09-08|VvPXmeA6kjA|197402|609|31
2026-09-08|-caHQzkklXU|46278|156|4
2026-09-08|c6TiKgs95zU|60690|1890|14
2026-09-08|HdTAIqvVF-A|64425|396|5
2026-09-08|l9NphSacQ1Y|1315|8|11
2026-09-08|p0HhnUJ9V-U|256620|1000|26
2026-09-08|eq4HLAJyckY|31666|642|3
2026-09-08|_NBGosd6rTo|6429|116|5
2026-09-08|CylZzW7GyXA|56367|411|63
2026-09-08|x3aSvX3jJ4s|50239|127|7
2026-09-08|qx04-MuuEPA|53511|183|2
2026-09-08|Td4vWXGxNGk|31989|241|3
2026-09-08|t1Z4_Vr4U6w|39232|439|6
2026-09-08|cKWgwKAlKL8|13041|104|4
2026-09-08|dZ9yhJLuXX0|4705|101|7
2026-09-08|my6aOs2mW64|3450|40|0
2026-09-08|UGgxlUjb3oA|32463|200|4
2026-09-08|cXuT5SRwDVA|11486|99|3
2026-09-08|ug1IZ4roTQg|32101|289|2
2026-09-08|RHLSS1ealfY|127611|783|9
2026-09-08|Avc3nW8508A|12041|82|2
2026-09-08|QgGn-DFBNWI|19868|178|12
2026-09-08|fILz8a2biDw|484|6|0
2026-09-08|iHhxWDChT-M|17964|140|2
2026-09-08|QyUsGkfHCZs|12180|12|0
2026-09-08|608uf0B6ZqE|25307|175|3
2026-09-08|SillAEDfG-w|104|0|0
2026-09-08|LcUiCYB1Xxg|17720|147|5
2026-09-08|il06huUc_oY|13448|143|2
2026-09-08|XkbmSkG_X4Y|23|0|0
2026-09-08|V1I38fnk0KQ|34400|206|6
2026-09-08|3jPmgi4hpG0|25174|160|11
2026-09-08|ug9M5tuMzss|14612|16|1
2026-09-08|y9GhSkx7ry8|30295|171|19
2026-09-08|Q8zYCaDkxnk|784|9|0
2026-09-08|wXDVhWXB8Cc|1708|20|0
2026-09-08|A-Y3n1OAtxU|1470|27|0
2026-09-08|6qfFc4x01Hc|10596|35|4
2026-09-08|gamGhIaKwu0|13655|124|4
2026-09-08|_11HL2ltHic|6374|89|1
2026-09-08|dMeQzDFmsMU|19213|135|4
2026-09-08|BGT4eNOjvd4|11352|111|3
2026-09-08|Rg7DbDGjMDc|47561|179|16
2026-09-08|dvoHBaJWSZ4|57505|244|9
2026-09-08|lJqKcQ0SvJI|2280|17|0
2026-09-08|-lkEISDuslo|23700|81|9
2026-09-08|SGts5P30Sd4|513|6|0
2026-09-08|sfg6En4uzG4|13934|25|1
2026-09-08|CXMeyif96vw|4272|17|1
2026-09-08|B1IDa6xxhso|4004|28|0
2026-09-08|OceT6naW800|3492|34|0
2026-09-08|Mnrzo2aUKEM|6361|60|0
2026-09-08|NZtB0_fv2Oc|3972|36|0
2026-09-08|_8CRxXLLlJE|9702|127|0
2026-09-08|Rv9mdETBlXw|9986|94|3
2026-09-08|yibtg3QI2UI|22651|125|9
2026-09-08|flBTa1PCBnE|2949|9|0
2026-09-08|H87ukYguhTM|12423|103|7
2026-09-08|HTyaK8Zt6P4|20555|109|6
2026-09-08|-u29CvmZDGI|15162|26|0
2026-09-08|3GydOQq-kFo|951|8|0
2026-09-08|xdSCRAW6-Sk|16584|52|4
2026-09-08|ot90Ykuty38|95922|937|70
2026-09-08|fZO81NsuY0I|20590|158|2
2026-09-08|-zO2ubCL2zk|20063|58|5
2026-09-08|dieaOblVd9c|26585|410|25
2026-09-08|R39xZb2PRT0|9420|49|2
2026-09-08|9g3D4UnF5Yc|16501|34|3
2026-09-08|EmGZlc03rBs|6102|54|1
2026-09-08|1s6xulhQNSc|2307|19|0
2026-09-08|BoEoZbaSjFw|8150|22|3
2026-09-08|hjC4JZt-2EY|189166|618|15
2026-09-08|h0EG1s59U5s|324877|1052|85
2026-09-08|UKqgn5a5mNw|126276|434|7
2026-09-08|jztifDajKJs|95749|253|12
2026-09-08|7Qgzzmke4uU|909586|4594|354
2026-09-08|WR5AU_cvAFQ|91374|256|71
2026-09-08|JbzSS7Zhn7Y|43403|266|0
2026-09-08|Mn3Vg5uGezI|82829|357|19
2026-09-08|L1zd_SpDg3s|121592|324|27
2026-09-08|kuYKQBXgDXA|116630|428|44
2026-09-08|AdhwmMzULl0|166114|500|28
2026-09-08|C8zIvGsa6EI|127589|491|53
2026-09-08|YiUOncr3yyU|190345|857|45
2026-09-08|Kvu2LE26TQw|129493|308|25
2026-09-08|miNSy97vxhI|61810|748|0
2026-09-08|zDWDRmGEA7s|161610|1300|99
2026-09-08|YgR70wYh-1g|78524|880|100
2026-09-08|JEEl2p0NAQM|272549|755|83
2026-09-08|V8nqj9-VXxs|90895|2824|930
2026-09-08|P--C2v1GjeU|94062|360|3
2026-09-08|Q-AtpNHwwSQ|239524|664|105
2026-09-08|bxI17dhip88|39361|328|5
2026-09-08|iiM_71y_mEA|241742|1015|226
2026-09-08|rFip5KmYbkY|303621|6030|97
2026-09-08|xLoGY3jmdeY|204891|1049|18
2026-09-08|TRQw7BepCZE|29712|105|14
2026-09-08|gNZOJQLWWBg|239258|964|154
2026-09-08|ZWSwecBT2ao|459193|1315|355
2026-09-08|pQ6JQe5tQhs|136047|462|38
2026-09-08|mHJkPIdaKXU|1306|0|0
2026-09-08|zaGpl8zVtIc|10524|58|2
2026-09-08|PqsYAP0hj6M|191782|568|103
2026-09-08|0Fb_8zxbAus|540650|2018|113
2026-09-08|idpN4BXx6mI|5283|29|0
2026-09-08|RZaOJDYjuN4|6465|14|0
2026-09-08|Clu4SOqXZX0|10133|45|1
2026-09-08|nKlaaGT0lb8|54265|409|26
2026-09-08|6owaD_CNk3s|7888|34|2
2026-09-08|QYMnRDtgbFk|43353|218|8
2026-09-08|AX8oTzeLFdk|14266|64|1
2026-09-08|cihUgL-TwD0|20292|167|4
2026-09-08|CERiAfkxXRM|1596|13|1
2026-09-08|bsJ2jy_7Q3Y|53693|179|18
2026-09-08|eT7YjPm3ZVQ|6703|22|1
2026-09-08|euSIOvKbuqM|4125|22|2
2026-09-08|PX1wDyvDrcg|20968|83|1
2026-09-08|9-85YYNM-D8|17627|54|5
2026-09-08|0p3RnH-ablg|171689|547|35
2026-09-08|4uDHszHNyqU|284008|1030|118
2026-09-08|_xhGKYnPBng|31116|169|0
2026-09-08|mHvBJBQc5lU|22226|260|5
2026-09-08|2Y12J3tAPbU|34875|231|13
2026-09-08|zIQSBt5PRMc|1476|9|0
2026-09-08|0XUHssDIWR0|162|0|0
2026-09-08|rjvj6LGV9ug|95559|723|7
2026-09-08|W4C3QlAIHdg|146|0|0
2026-09-08|TwcEGyurMF4|272436|2291|108
2026-09-08|1HWTP9Er5HM|354|0|0
2026-09-08|0nOV5IhJesQ|21195|183|0
2026-09-08|kDdBLsFPWN4|178|0|0
2026-09-08|EOjWprK31ak|6|0|0
2026-09-08|qJz2jfiwDyo|5770|21|0
2026-09-08|yE1eDMMLbdU|190|0|0
2026-09-08|mCNQ-wQnyuI|3993|26|1
2026-09-08|jkIOD2zl1sI|73228|691|29
2026-09-08|XRRClKXqf0s|82287|1425|4
2026-09-08|F7jzQ9Y9Now|270162|2829|83
2026-09-08|MCp2PJb4v6o|1012901|2843|401
2026-09-08|SHaBzZt-jt4|10083|62|1
2026-09-08|IaWyP1Ar2Yc|149034|1223|116
2026-09-08|Me70Bpqs1Cw|143508|434|41
2026-09-08|sEiQaMXAxws|21456|250|0
2026-09-08|NLnrXu67kd0|167098|441|12
2026-09-08|OHJCnGcLjpg|90946|0|25
2026-09-08|vFuyMXimcUY|255773|1527|54
2026-09-08|2PrzERm7GoU|18530|136|4
2026-09-08|iAtYb6dRuc8|126|0|0
2026-09-08|h61PfwlDwd8|149939|299|7
2026-09-08|R9sHgYpv4CU|5384|170|0
2026-09-08|ans0I3_g7Do|1900|22|0
2026-09-08|nsD5D4BvpZQ|2551|37|0
2026-09-08|RIe0FGLhKCA|2220|28|1
2026-09-08|kTSUU2Ugpcc|3444|26|2
2026-09-08|Ldc0Qsgd2OQ|2246|34|1
2026-09-08|Kcfkd4xU1V0|30249|171|30
2026-09-08|VHtjpKXDVWU|16251|102|10
2026-09-08|tVmuaH8-2-M|2508|18|1
2026-09-08|UtdnfiA-NNU|167701|272|5
2026-09-08|Jx-fv0VR2C0|7531|18|1
2026-09-08|fi8x1N1qgdg|16299|104|1
2026-09-08|yeDt37SYceE|8005|57|0
2026-09-08|s0neg8z9_YQ|146736|632|255
2026-09-08|ikovQEu5M44|326337|5324|167
2026-09-08|DLmD68nBtvE|20100|142|4
2026-09-08|RlidFBaXHIo|12975|330|7
2026-09-08|aSIFZZ5d65g|197|0|0
2026-09-08|n0ymFvPr0i8|22537|276|9
2026-09-08|wjbScRuzt5g|419269|2329|311
2026-09-08|sSuiYiHeEVs|121|4|0
2026-09-08|cLoocnmkw6A|862883|2666|357
2026-09-08|_L9q9F27M1o|73269|1378|129
2026-09-08|x6vQ80K1IhU|5766|20|0
2026-09-08|ZcLs-jdmxbs|1762|7|0
2026-09-08|X54dJNx7c3Q|7246|15|0
2026-09-08|O5jXyDPQI8k|4863|0|0
2026-09-08|nnfIKw-YJrY|374870|1003|28
2026-09-08|3X08s11yhks|62|0|0
2026-09-08|wzJIlOelUgM|356991|1703|15
2026-09-08|JAtlvyornNE|29|0|0
2026-09-08|TS8Clu_bPMY|1081725|1648|138
2026-09-08|UGLVvzfOJ-I|323816|2662|355
2026-09-08|CYei1IlPLmg|45162|169|3
2026-09-08|LDyTjrZR_3Q|21933|62|0
2026-09-08|iqq493xoflQ|1931063|11454|601
2026-09-08|DZZwZMrU7kU|17587|335|2
2026-09-08|24z0prnICaM|74579|402|142
2026-09-08|NooSEGbIFDI|42168|135|16
2026-09-08|-A6gbEQZjYg|62126|305|10
2026-09-08|Mv-aFtowfcg|778708|2570|127
2026-09-08|PrdFoGFUXmM|119237|1282|7
2026-09-08|MX0Jnf5rRtU|3077|29|2
2026-09-08|1Rxbl7wjhMg|14667|46|5
2026-09-08|nHZPruGMt1s|4025|34|1
2026-09-08|2XSBXRa9Biw|640871|5698|491
2026-09-08|oeB-_S6AoAw|575966|4813|57
2026-09-08|5sfb2WxDgZQ|395984|1173|181
2026-09-08|LaH7k5nnk28|34|1|0
2026-09-08|jpBgr158-Qw|1549|11|1
2026-09-08|062vAQD44MA|7135|35|0
2026-09-08|_wiCLOvzUyU|22822|98|6
2026-09-08|8FHy_-sB7bY|24822|169|1
2026-09-08|FE_t0VPSELo|88565|0|23
2026-09-08|jxqDV-uVPeA|165297|979|12
2026-09-08|jWk_UUyfGIQ|5702|43|1
2026-09-08|U-v4cotWAe8|4700|24|1
2026-09-08|gci0np_LE64|9240|57|1
2026-09-08|ggyrTsHTOYE|394619|2004|176
2026-09-08|R3Qk7uIhjTI|167557|565|33
2026-09-08|pIzf2_iGubw|227399|657|52
2026-09-08|DC9pnFXowk8|204505|564|72
2026-09-08|qxFvlC56tBM|155000|620|12
2026-09-08|xOjWpFejcss|17524|127|2
2026-09-08|sLVi2dXiJrs|7064|30|1
2026-09-08|mPB1jOMXOoM|21542|94|4
2026-09-08|mQHacdEsLKU|14018|294|6
2026-09-08|fsJQMbrj1JU|309875|765|116
2026-09-08|F_qgMfIV2uI|110068|920|7
2026-09-08|6AO7KpAaBUc|20295|132|0
2026-09-08|CEP96vKxC0E|187694|564|27
2026-09-08|VKQ8DCwkMq0|363779|1185|51
2026-09-08|LGByoVlagZI|346668|1031|161
2026-09-08|FZKYmRnho-Y|134864|375|87
2026-09-08|eJg37PWZTj0|5748|71|9
2026-09-08|IzvEoePOILk|4011|33|0
2026-09-08|OULYNQ_ewTk|10511|58|6
2026-09-08|kfJ7bJZLJr4|116228|391|67
2026-09-08|9FAZmyB5JVA|643872|5654|50
2026-09-08|Yso0Hu7XVMI|86299|588|13
2026-09-08|tMneFzRhNA8|361252|1024|214
2026-09-08|_Hxn0GQKiv8|39503|302|5
2026-09-08|QJHXp3Kyd7k|294726|825|100
2026-09-08|VWzhKtO2ECU|321137|1075|68
2026-09-08|He3ltYAVCv4|242231|1047|105
2026-09-08|YrNYBXVjbnQ|111706|235|22
2026-09-08|Yc1uvNQlo50|1504|9|1
2026-09-08|GPrCUL9rZL8|50084|561|4
2026-09-08|T619yXy7Pt8|677497|1216|105
2026-09-08|A1Zzt96MNsw|470768|961|115
2026-09-08|qqAIr8-2_gM|44988|318|143
2026-09-08|CPeG1LD0LY4|21440|116|7
2026-09-08|CH3SghpReq0|85220|194|10
2026-09-08|-R9NVdWuim8|174805|535|41
2026-09-08|PaFX44-tBH8|11314|48|6
2026-09-08|U-e_A8xWAXw|230526|1798|112
2026-09-08|F5vIAPFdAHk|50878|324|2
2026-09-08|UabnjgqMeNU|21068|262|12
2026-09-08|nwNQkVHHPy4|36266|241|4
2026-09-08|11P17HmaDZk|36341|144|92
2026-09-08|EMipTAVnpoI|42605|153|219
2026-09-08|5RHkqO2HGrg|24492|89|45
2026-09-08|LGzf4emkdYo|12269|106|11
2026-09-08|UTkOXLVzNlQ|41116|179|7
2026-09-08|Z5JU9nvLhSk|23872|61|1
2026-09-08|0gZL-N1vkcs|637350|185|59
2026-09-08|F8Aoh290Hjs|6809|42|1
2026-09-08|vpqHHC-7tQo|5228|28|1
2026-09-08|S9YOgeL9-JQ|5469|50|3
2026-09-08|6eLXuxRPVDA|1979|23|1
2026-09-08|PoITqClHTbE|577|0|0
2026-09-08|sR4LnRr0T4Y|62|0|0
2026-09-08|9gZ2eig21x4|33|0|0
2026-09-08|EFK9pvft0_c|84|0|0
2026-09-08|LjO1gUgrhgk|368|0|0
2026-09-08|1Par1zPgY_Y|37918|139|11
2026-09-08|OK41i4IO4Qc|80887|298|10
2026-09-08|Xqxw5lHDgNo|55870|178|14
2026-09-08|NdB8HlhfWtM|140805|278|4
2026-09-08|i6aWKYVfYWk|121077|658|8
2026-09-08|4pxAmLEVMYw|30371|132|9
2026-09-08|RRxsVcBSXBA|75628|209|30
2026-09-08|YeMKiidEUzw|12548|48|5
2026-09-08|HJGxwgtyuVo|12140|104|1
2026-09-08|ST5Fb2npXwM|2562|18|1
2026-09-08|p0SV-WTeWbA|231009|604|79
2026-09-08|BKvhMgYmN6I|119282|407|22
2026-09-08|n34zhv5QiuE|48717|158|2
2026-09-08|AkPC8neJCw8|12333|58|12
2026-09-08|J4ZoK_t0cIM|533454|656|9
2026-09-08|1IPugIF89sM|9894|46|6
2026-09-08|Phutp2JFSy4|8882|14|0
2026-09-08|AAB7rHcKuJA|349292|5996|56
2026-09-08|H4U73g6QBMM|3327|55|1
2026-09-08|rFAYNLHtO9U|27117|122|66
2026-09-08|WZdKpWIgy_g|18728|105|10
2026-09-08|rIBw1rAfbjY|22278|178|1
2026-09-08|h6cEAPuv7VY|64134|812|12
2026-09-08|zhh8C_-VlpM|15821|21|0
2026-09-08|q6wrYOdehkM|191160|441|109
2026-09-08|qG_wPtOLSZ4|828|11|0
2026-09-08|81pJdB7EJLc|108611|538|11
2026-09-08|yVshB2WNbBE|258487|642|166
2026-09-08|w1S3sQci8yM|224800|569|22
2026-09-08|nRdZ9xeAHF4|24220|34|4
2026-09-08|A5cnBsPFyZs|19427|24|0
2026-09-08|MDmdbs3CWuU|9328|44|2
2026-09-08|nYD0dfUQ9wg|25021|34|2
2026-09-08|a92WDTHLfqs|11478|6|4
2026-09-08|lIBRH5wjvZg|40754|0|53
2026-09-08|-sBYTNPMNdA|64411|0|91
2026-09-08|qFl2eBgBvmE|43261|412|0
2026-09-08|nwMQZc6Kbkk|114742|409|30
2026-09-08|vCWV305NYNo|1000991|9684|350
2026-09-08|_yOh6ERSJ5A|7597|20|2
2026-09-08|wp0Z2ZJts0Q|36839|79|2
2026-09-08|J67id8xXdEY|146|0|0
2026-09-08|zk733jIwq40|18425|58|1
2026-09-08|MaFdjBdlkco|4996|94|28
2026-09-08|nPxtOo7mb8g|90492|1485|8
2026-09-08|F-8ry3olsJc|46583|241|0
2026-09-08|_3BWPleauZ0|38982|112|1
2026-09-08|uocCvb0YNpA|46441|287|134
2026-09-08|92dh2F4Sr-Q|33356|169|38
2026-09-08|MRMjruXn8Cg|22395|33|2
2026-09-08|TJtS1DFGxjk|48972|186|19
2026-09-08|6kl4w-rXV1o|30798|181|6
2026-09-08|6MdbGceJnqw|494181|1365|200
2026-09-08|yZCouRrC9Fo|34979|165|9
2026-09-08|H14mlfaKJoM|44535|184|8
2026-09-08|YXG9Wacp6kE|14921|37|11
2026-09-08|gXeeNYi9Nn0|94479|246|40
2026-09-08|eA-v-5twFvM|48255|209|10
2026-09-08|tLiMqoOW2LI|76482|294|25
2026-09-08|0Ahz8LFHlT4|33025|177|8
2026-09-08|kKaGwbFceMU|34937|158|5
2026-09-08|03IsSR70t8Y|227959|316|53
2026-09-08|R7bSypr0x8Q|38043|194|6
2026-09-08|7HBxIIYV0VI|26360|135|9
2026-09-08|NcXyPfiq2Zg|38459|354|2
2026-09-08|_QtpUHognZI|47001|225|10
2026-09-08|kmHTcZh6fVk|80708|728|3
2026-09-08|7ggyh93qp_I|459179|1013|71
2026-09-08|XGfxtN_9-W0|4680|29|1
2026-09-08|idB6RlYGZxE|39726|443|26
2026-09-08|TysxoYxk2UA|15905|103|10
2026-09-08|9gswVNg8ftM|23765|29|7
2026-09-08|oCzqdOfOBX4|8013|92|0
2026-09-08|BShxkM-5Trs|100777|1028|141
2026-09-08|fRXafDpU1kQ|7743|102|0
2026-09-08|szjilKQspEk|11111|231|2
2026-09-08|uyieob6jdNQ|24589|41|27
2026-09-08|NV-IawO11Lk|4369|20|0
2026-09-08|etNObquz8mg|10355|15|3
2026-09-08|2GBY-T6iDbE|18236|57|16
2026-09-08|4Bg5L3NeaEg|14189|23|5
2026-09-08|xCPBbVprbY0|58351|115|12
2026-09-08|BsP7bHeYjnw|7359|15|2
2026-09-08|2KYF-BrrR-A|6794|44|2
2026-09-08|qH2eE8fSyoY|88670|85|16
2026-09-08|0uG45IKm55o|21580|20|5
2026-09-08|ZTWN9SVaP-k|13502|14|1
2026-09-08|aNttkHgwet0|18733|16|2
2026-09-08|qrhbaVqjNx0|26916|29|3
2026-09-08|Qzco7TM5dPc|196|0|0
2026-09-08|Na-ODq760sI|26|0|0
2026-09-08|wpTK89sPZsQ|23720|91|16
2026-09-08|Ft2ACdeU13I|1707|16|0
2026-09-08|1_CwqN15oU4|72962|711|10
2026-09-08|3ryAjDxtFVo|191924|229|55
2026-09-08|uHWqPINbWt0|1471|13|0
2026-09-08|jRUI7hxyfEY|1478|19|0
2026-09-08|HP8hxwFgzuE|1967|10|0
2026-09-08|uoUTaDlxBqo|6009|13|0
2026-09-08|VDIhUO2j7TU|55026|249|120
2026-09-08|BNelK7SzOks|12228|128|3
2026-09-08|708snU1SYV4|239|0|0
2026-09-08|Wm3CXUQTZQM|36641|128|117
2026-09-08|L7OQ95RGYX8|723136|11275|1560
2026-09-08|ViqIl0CTbpc|16090|61|0
2026-09-08|YTi7pjVcUoo|389133|1398|27
2026-09-08|zGYlXO4TCkw|3370|35|0
2026-09-08|9jyonGTh6lk|8980|148|1
2026-09-08|OQEck2lPhGU|157888|1266|7
2026-09-08|fKd3GO8EJTA|122|0|0
2026-09-08|z6YT78f0L-w|18030|211|3
2026-09-08|_6Z6imVLRdM|8742|33|1
2026-09-08|9pWoHojGQnQ|18|0|0
2026-09-08|hAhsg2Z2C90|212|0|0
2026-09-08|u6BITwPnhBI|1116689|2765|105
2026-09-08|knphCMsuhAU|60122|295|13
2026-09-08|9GjsOlKLoxo|4094|21|2
2026-09-08|cEDdLrgEy5g|3740|40|3
2026-09-08|7YUAuLtPU84|1294264|2730|247
2026-09-08|ywlQ0acfodk|63|0|0
2026-09-08|-UPlcAnCTkg|47|0|0
2026-09-08|I5lajE_qFCo|84|0|1
2026-09-08|2TSiQDenLnY|11641|40|3
2026-09-08|9_OA4di9Rww|219|0|0
2026-09-08|Solr_cu4-94|582|0|0
2026-09-08|NESNcCVNE_s|136692|946|60
2026-09-08|VcHaeK3ox4s|5130|55|0
2026-09-08|GKs7JVJcuj0|2637|36|3
2026-09-08|tGMWz-PW6S4|46212|374|6
2026-09-08|AARip9vGMuo|2096|23|1
2026-09-08|VtpSd-2X90k|2307|23|1
2026-09-08|3egams508Oo|83255|513|7
2026-09-08|TbmsoFyeXSI|1231252|4727|172
2026-09-08|kQu-vEvCJso|568595|1628|136
2026-09-08|pK3O7CVDBQU|9384|10|7
2026-09-08|ha1LDpw4GtE|12376|190|9
2026-09-08|t0pPBFZ1LtQ|2793|50|1
2026-09-08|vy8VoyN5pGc|14649|82|13
2026-09-08|aMhH98sFu34|37101|142|39
2026-09-08|xgdJ1YMGQ3M|6527|45|0
2026-09-08|HX7Hyw9_e5c|4811|16|0
2026-09-08|2hVHX4KELY4|9534|14|0
2026-09-08|1i-F0yC145g|24999|49|7
2026-09-08|K7CXbJ1kgaY|14124|16|0
2026-09-08|xekUZMcJI-E|31134|642|16
2026-09-08|Es2gxDR00LA|6239|72|1
2026-09-08|5jlWfZaREuw|19500|193|5
2026-09-08|JY96JWMnuHY|11859|802|32
2026-09-08|wZUI8zxKJUQ|21655|352|7
2026-09-08|tZHzb86u0qM|1032|0|0
2026-09-08|UkeCpaq3ps8|10343|20|1
2026-09-08|rsym54vufxc|6387|19|0
2026-09-08|DCvjP7OSFsM|24979|26|2
2026-09-08|2St3p-Nm5Gg|785785|4519|391
2026-09-08|BhWg9wNhhs0|110021|424|234
2026-09-08|tHO2L6FdJ4U|1512|16|0
2026-09-08|c2XsPVnwxBU|251605|651|416
2026-09-08|Ug5LuASQhMw|145449|2415|186
2026-09-08|V_REtnjYcXE|244095|1181|247
2026-09-08|hl5Ptg8JMrM|295912|1233|206
2026-09-08|mTGUTB3C37o|262649|2047|8
2026-09-08|dsSgOEcLuL8|344751|1929|304
2026-09-08|pjuvl_j3Epg|26099|81|5
2026-09-08|aKNGGxznLyg|41884|199|4
2026-09-08|3rpIVrpGUAs|6398|59|4
2026-09-08|C8vE6VGZxN0|281469|1100|26
2026-09-08|FpK1_mezdwo|50875|477|16
2026-09-08|LyyEIG5D8Xg|16171|32|2
2026-09-08|XJ6hfVZbmpk|584703|3639|55
2026-09-08|b9_gM7oIDWI|38061|248|0
2026-09-08|WjPOe1cFDRY|72924|290|1
2026-09-08|3Tu4UppE03w|3760|53|1
2026-09-08|IDawdgjQS2A|78108|217|14
2026-09-08|M9fzSYwDVVk|27779|200|2
2026-09-08|Kdo8_zEt2SI|38703|138|0
2026-09-09|WWSYSAO50O8|65027|248|11
2026-09-09|vPM7Ts3c9X4|35290|481|14
2026-09-09|xqs-j36tnmY|32|8|1
2026-09-09|FpFwSk5BuG8|687|28|0
2026-09-09|hW0Bbxc8oDM|1951|17|0
2026-09-09|GIp5YaXSlHs|2243|9|0
2026-09-09|gQ1J7evt4cs|2697|13|1
2026-09-09|NgrJN1swacc|2240|61|0
2026-09-09|7oVdy5bOepM|13938|134|18
2026-09-09|RsNSjfLLzpQ|2657|0|0
2026-09-09|wxWhANEsJSA|197097|770|25
2026-09-09|p8Ke941xMcY|15327|383|3
2026-09-09|F-StjeV5lMo|251619|721|30
2026-09-09|ckpz4Ue4AIc|69990|216|9
2026-09-09|KWtajD41RMA|80347|791|23
2026-09-09|DjRbG_htu28|13122|79|12
2026-09-09|04TR1QCqabE|29|0|0
2026-09-09|4H08M8wXCkY|25467|174|1
2026-09-09|OlMgnjVHTkk|21680|290|1
2026-09-09|Cv-8Z01BwOU|68884|440|2
2026-09-09|uAzyFYN8vN4|161241|1595|196
2026-09-09|8dSSenbgU8o|133084|1139|117
2026-09-09|ggyAFwNBLRU|2653|15|0
2026-09-09|bYmFkqwvs5Y|3350|11|2
2026-09-09|0s0ZfHJbgqs|13894|112|1
2026-09-09|n9nxzyYRpmc|9338|23|1
2026-09-09|tfsigJp3oFQ|2057|11|0
2026-09-09|EKhvuMucDt4|29794|283|7
2026-09-09|b1rZ-fs4eWQ|1825|14|0
2026-09-09|C0rZDPyOlpY|114042|379|9
2026-09-09|Mv7cwR6rSq4|1760|15|0
2026-09-09|LXry-7mi7zk|1250|2|0
2026-09-09|tmQMdCLGs-A|14613|205|9
2026-09-09|ZxQ76qJ71N4|1977|12|3
2026-09-09|T8yHZ7VyXtE|264672|2898|124
2026-09-09|MIxz0jLSAdg|157529|452|82
2026-09-09|nIwC-wyt388|121421|641|152
2026-09-09|luTz3QoowrU|237908|22011|2596
2026-09-09|CGv7QNmqNxg|276430|6585|894
2026-09-09|0XMWPca8sUs|2211|20|0
2026-09-09|8jg0fTMxrHo|56|2|1
2026-09-09|MSs6CLqWLgc|661|86|14
2026-09-09|b20w9F17mQY|2546|29|0
2026-09-09|ym24UWFQJNI|2608|18|0
2026-09-09|yWJRP_JrMBU|1434|18|0
2026-09-09|Tz9L2UU77vs|1670|5|0
2026-09-09|rbC89lUgCdc|1848|11|1
2026-09-09|-Q-ML2DT9aQ|2633|12|2
2026-09-09|GbCz-jD8gSI|6|0|0
2026-09-09|0ekyh3yj3Es|5880|52|1
2026-09-09|fGtFUqINouo|1029|12|0
2026-09-09|tkLu4UNQ3zg|3014|27|0
2026-09-09|1fFC6tuoKhc|2599|24|0
2026-09-09|8uwdeohsFD8|1946|42|2
2026-09-09|qRhMZ3JIj-I|1033|15|1
2026-09-09|3hPHVTa2bsE|4368|137|6
2026-09-09|Yg8mzbMttoM|4000|118|7
2026-09-09|oJR18v3bjE0|1405|19|1
2026-09-09|v9OYcQ4xrnI|2568|26|0
2026-09-09|4deDLUdeSkM|2558|33|0
2026-09-09|5Y2VM1MVcb0|1016|2|0
2026-09-09|lYKdFLSsLB8|12|0|0
2026-09-09|vMZSfmH_krk|66220|828|102
2026-09-09|nSebht96FQ4|6886|13|0
2026-09-09|lfjk1EYC2cw|13403|671|25
2026-09-09|CDWvZqOQlhk|3|0|0
2026-09-09|pBgp4i1GFTk|29221|148|7
2026-09-09|1sxv0BLf1V4|14914|110|5
2026-09-09|zaaqguPBq5s|22203|176|4
2026-09-09|bP7X2Lzx0hs|20047|158|8
2026-09-09|GW1Nm8aH3Ds|24387|130|4
2026-09-09|IKprBRu7Eaw|55374|285|6
2026-09-09|dGcCIchWO5k|31508|150|20
2026-09-09|bwsRtwNhJuI|18882|21|2
2026-09-09|EeXU9ODZKQY|2|0|0
2026-09-09|tu4KcWLvjiI|67110|217|26
2026-09-09|DCrh6BA6Ry0|0|0|0
2026-09-09|YLzckuuWsjY|19115|129|10
2026-09-09|F10Hrh1Xszc|22900|149|6
2026-09-09|LFBF2Vgei-E|30401|184|7
2026-09-09|o7RaYivmO28|21059|151|3
2026-09-09|njc7m-tNtkk|5|1|0
2026-09-09|Z5_zzBVBoxA|7313|2|0
2026-09-09|ec9oZ6vSiJA|5899|5|0
2026-09-09|dRN8pnDKFyw|1650|13|0
2026-09-09|C4V5Pa9dw2A|1233|13|0
2026-09-09|Z9n98CBLco4|4878|59|0
2026-09-09|e4rylOzn5Wc|2487|16|0
2026-09-09|ELco7IKLvjU|3773|29|0
2026-09-09|jNc9MqpDcFw|471|4|0
2026-09-09|oounUXvoTUo|828|8|0
2026-09-09|RItjBPANRtE|1895|11|0
2026-09-09|-PfVsNp1DwI|715|8|0
2026-09-09|k9L8cjwN1w4|906|5|0
2026-09-09|Rw2hj54GUhU|3|0|0
2026-09-09|hvcDAVMCQCc|51802|252|6
2026-09-09|yNVEOG72hRo|8181|21|1
2026-09-09|job1Iup__uY|38507|208|14
2026-09-09|XyC8usR0I9E|25445|343|3
2026-09-09|MEStZ8UaoQA|25901|122|16
2026-09-09|XOPRfzz7p8w|1167|13|2
2026-09-09|I9SCN_9-vQQ|4274|55|1
2026-09-09|1f4xLRUZIhg|1853|26|0
2026-09-09|EFeRkjg5MGk|1520|17|1
2026-09-09|rDcx-v5PH_M|8966|146|1
2026-09-09|KcpfRdqIAfM|130745|521|108
2026-09-09|Gd7hCqc22Wc|86852|784|24
2026-09-09|uazx-iAi-2U|385007|731|15
2026-09-09|6IOkM6A97KI|1912|67|1
2026-09-09|BgFBCdfydlA|51025|118|29
2026-09-09|zkmeH-owRXI|8633|17|0
2026-09-09|_6qmcXUn-bs|71|0|0
2026-09-09|UDA06RQWRHY|60824|185|1
2026-09-09|a9Lc9Zm8IuE|11|0|0
2026-09-09|CNEpPFClVes|223226|681|70
2026-09-09|xp1AAxBmeZc|967704|3210|125
2026-09-09|_HA6xLMwZ4o|7954|34|4
2026-09-09|1qsvJk77tfU|97136|967|222
2026-09-09|IOkXzslRTzc|1223845|3996|236
2026-09-09|3qMxR9VuP1A|1703|115|9
2026-09-09|k0YhrRG8rCc|9|0|0
2026-09-09|bruEy43O5Dk|16|0|0
2026-09-09|-lkEISDuslo|45926|114|10
2026-09-09|Q8zYCaDkxnk|1242|9|1
2026-09-09|sfg6En4uzG4|21742|43|2
2026-09-09|3GydOQq-kFo|1555|9|1
2026-09-09|2T8y50nDf7E|246740|712|262
2026-09-09|LhlmXNO5Fc0|164560|1021|7
2026-09-09|CXMeyif96vw|5733|27|2
2026-09-09|flBTa1PCBnE|3876|11|1
2026-09-09|p2VqjRgWn2k|129901|286|5
2026-09-09|lJqKcQ0SvJI|3237|20|1
2026-09-09|Tfm0hVK-F6A|20426|140|13
2026-09-09|CY-s4OQi5sY|413083|1416|111
2026-09-09|VvPXmeA6kjA|240897|723|32
2026-09-09|IqrEqD_1gBI|12|1|0
2026-09-09|zvWNHRl1JVo|963849|10805|253
2026-09-09|ES06EkYG8aw|39592|176|16
2026-09-09|iXmuZk6b6Fg|28329|57|3
2026-09-09|T-ZOQntHedQ|99697|349|12
2026-09-09|2Y-6MckHgVk|212872|658|69
2026-09-09|15u0_6fQ8m0|17749|58|55
2026-09-09|7c5iZXDY3W8|64277|474|172
2026-09-09|EZ-m7a-vmAk|49477|343|4
2026-09-09|QyUsGkfHCZs|15267|17|0
2026-09-09|L-kefdHspWA|75416|397|1
2026-09-09|dMeQzDFmsMU|32595|170|7
2026-09-09|SGts5P30Sd4|841|7|1
2026-09-09|fILz8a2biDw|904|9|1
2026-09-09|ot90Ykuty38|98719|955|72
2026-09-09|Td4vWXGxNGk|36543|255|3
2026-09-09|HdTAIqvVF-A|81967|443|6
2026-09-09|x3aSvX3jJ4s|226255|483|17
2026-09-09|CylZzW7GyXA|83214|502|77
2026-09-09|_NBGosd6rTo|22291|195|6
2026-09-09|l9NphSacQ1Y|3789|12|22
2026-09-09|zwChsMOq-Tk|49836|578|55
2026-09-09|_uib5bJEmhg|85|8|0
2026-09-09|FMagaMh2fRo|134|3|0
2026-09-09|63faN_TCdzI|380948|1358|187
2026-09-09|8K2RVMjZZWc|307488|1154|163
2026-09-09|tN-wr-0RBGU|214154|636|107
2026-09-09|Vz-wYfgnjT4|10872|77|0
2026-09-09|Wh5nBUz3_wQ|56448|697|25
2026-09-09|gHo7EVMCIHY|1663|49|0
2026-09-09|JSJqTMpLCQs|3802|18|2
2026-09-09|jcFTdlKy1LQ|1294|5|0
2026-09-09|bdUNhWNfp1E|980|5|0
2026-09-09|LxZda6RCnJ8|1264|5|0
2026-09-09|JAiLSi8Mnjo|9672|72|0
2026-09-09|jbTTB7sR9zM|1864|13|0
2026-09-09|vuuO3r5__9c|2454|12|0
2026-09-09|qHiKveUNos4|1105|3|0
2026-09-09|cua8dCfAn44|1892|8|0
2026-09-09|7d4c-SXk8Qc|504|8|0
2026-09-09|TXNjgkV3b8U|6007|40|1
2026-09-09|bl2hvfrybX0|13884|33|2
2026-09-09|YH7MQvEMXck|284573|1469|296
2026-09-09|9g3D4UnF5Yc|23906|44|3
2026-09-09|xdSCRAW6-Sk|19094|54|4
2026-09-09|ug9M5tuMzss|15370|16|1
2026-09-09|608uf0B6ZqE|41319|210|7
2026-09-09|B1IDa6xxhso|5228|40|2
2026-09-09|OceT6naW800|6243|56|1
2026-09-09|Mnrzo2aUKEM|12437|131|1
2026-09-09|NZtB0_fv2Oc|5465|45|1
2026-09-09|_8CRxXLLlJE|16282|183|1
2026-09-09|Rv9mdETBlXw|14211|110|4
2026-09-09|yibtg3QI2UI|26719|141|9
2026-09-09|H87ukYguhTM|17055|121|8
2026-09-09|HTyaK8Zt6P4|28470|127|7
2026-09-09|dvoHBaJWSZ4|82718|294|10
2026-09-09|Rg7DbDGjMDc|85827|227|20
2026-09-09|BGT4eNOjvd4|18205|133|6
2026-09-09|t1Z4_Vr4U6w|39664|440|6
2026-09-09|LcUiCYB1Xxg|29844|183|7
2026-09-09|-u29CvmZDGI|15302|25|0
2026-09-09|il06huUc_oY|17714|161|3
2026-09-09|V1I38fnk0KQ|50320|256|9
2026-09-09|iHhxWDChT-M|26651|165|3
2026-09-09|Tw1wJ5K0dCc|6100|25|0
2026-09-09|y9GhSkx7ry8|54517|220|24
2026-09-09|ug1IZ4roTQg|41474|353|2
2026-09-09|cXuT5SRwDVA|17673|145|7
2026-09-09|UGgxlUjb3oA|32889|201|4
2026-09-09|my6aOs2mW64|3476|42|0
2026-09-09|dZ9yhJLuXX0|23286|151|18
2026-09-09|6qfFc4x01Hc|11453|36|4
2026-09-09|gamGhIaKwu0|14068|127|4
2026-09-09|_11HL2ltHic|7728|123|1
2026-09-09|3jPmgi4hpG0|47816|232|15
2026-09-09|iNMvUYjaieA|5616210|369845|28008
2026-09-09|sqvosVRz0wE|1694|6|1
2026-09-09|APHK70cOURg|73258|701|11
2026-09-09|p0HhnUJ9V-U|306088|1308|33
2026-09-09|eq4HLAJyckY|52861|695|4
2026-09-09|v2a8XISkrM0|1349|5|0
2026-09-09|1s6xulhQNSc|2961|21|0
2026-09-09|EmGZlc03rBs|8159|80|1
2026-09-09|UXVIHlFb3fw|527805|3796|1816
2026-09-09|UJRgE11njmo|498|4|0
2026-09-09|siNk-uYGQ1c|422125|1362|349
2026-09-09|9jNmYK9jFh8|496794|2989|263
2026-09-09|4bJL3Z27DVo|401106|947|194
2026-09-09|QgGn-DFBNWI|32014|216|19
2026-09-09|Avc3nW8508A|15744|96|2
2026-09-09|qx04-MuuEPA|69306|207|2
2026-09-09|q8mYGfuQL04|1425|11|0
2026-09-09|pR0jEcn11xQ|15044|108|4
2026-09-09|5vRXuizu4Eo|14023|160|6
2026-09-09|HmhMtIMUdEY|7288|59|1
2026-09-09|IjAQQARlQnw|1337|4|0
2026-09-09|4XZakznmGMo|3816|103|1
2026-09-09|WqgTwbCKrb4|13184|116|5
2026-09-09|slrcw1giiz4|5872|10|1
2026-09-09|JdMC9Br5RiE|4064|51|1
2026-09-09|pnpDqotafy4|1796|25|0
2026-09-09|kZPZmUocUao|7218|26|0
2026-09-09|BoEoZbaSjFw|12082|22|3
2026-09-09|dG8iH0D7g9Q|3360|22|2
2026-09-09|wXDVhWXB8Cc|2393|27|0
2026-09-09|c6TiKgs95zU|162572|4206|33
2026-09-09|SillAEDfG-w|378|0|1
2026-09-09|XkbmSkG_X4Y|108|0|0
2026-09-09|GUq-llbB958|29910|191|67
2026-09-09|A-Y3n1OAtxU|3428|38|3
2026-09-09|5XpMNtm76mw|344940|7564|325
2026-09-09|-caHQzkklXU|48404|160|4
2026-09-09|RHLSS1ealfY|131546|801|9
2026-09-09|fZO81NsuY0I|21175|159|2
2026-09-09|-zO2ubCL2zk|24747|64|5
2026-09-09|dieaOblVd9c|28073|443|28
2026-09-09|R39xZb2PRT0|12569|52|3
2026-09-09|cKWgwKAlKL8|21935|151|4
2026-09-09|Me70Bpqs1Cw|152001|449|45
2026-09-09|ikovQEu5M44|337122|5484|173
2026-09-09|x6vQ80K1IhU|5821|21|0
2026-09-09|IaWyP1Ar2Yc|166518|1316|121
2026-09-09|wjbScRuzt5g|442626|2422|315
2026-09-09|mHvBJBQc5lU|22800|266|6
2026-09-09|sEiQaMXAxws|25005|283|0
2026-09-09|OHJCnGcLjpg|97954|0|25
2026-09-09|aSIFZZ5d65g|202|0|0
2026-09-09|vFuyMXimcUY|334191|1924|61
2026-09-09|ZcLs-jdmxbs|1788|7|0
2026-09-09|JbzSS7Zhn7Y|47308|288|0
2026-09-09|O5jXyDPQI8k|5224|0|0
2026-09-09|zIQSBt5PRMc|1490|9|0
2026-09-09|rjvj6LGV9ug|114230|860|11
2026-09-09|TwcEGyurMF4|319242|2528|122
2026-09-09|0nOV5IhJesQ|23756|199|0
2026-09-09|wzJIlOelUgM|553080|2745|18
2026-09-09|WR5AU_cvAFQ|116024|286|80
2026-09-09|jztifDajKJs|98724|263|12
2026-09-09|P--C2v1GjeU|99308|382|3
2026-09-09|iAtYb6dRuc8|138|0|0
2026-09-09|3X08s11yhks|69|0|0
2026-09-09|sSuiYiHeEVs|133|4|0
2026-09-09|_L9q9F27M1o|84238|1516|139
2026-09-09|Clu4SOqXZX0|10427|46|1
2026-09-09|_xhGKYnPBng|31308|171|0
2026-09-09|qJz2jfiwDyo|6275|22|0
2026-09-09|AdhwmMzULl0|195753|552|28
2026-09-09|0p3RnH-ablg|213466|647|44
2026-09-09|0Fb_8zxbAus|600842|2169|122
2026-09-09|PqsYAP0hj6M|213471|612|113
2026-09-09|euSIOvKbuqM|4478|21|2
2026-09-09|4uDHszHNyqU|315033|1100|123
2026-09-09|mCNQ-wQnyuI|4132|27|1
2026-09-09|zaGpl8zVtIc|11806|61|2
2026-09-09|bsJ2jy_7Q3Y|57670|189|20
2026-09-09|9-85YYNM-D8|17662|54|5
2026-09-09|eT7YjPm3ZVQ|7319|22|1
2026-09-09|CERiAfkxXRM|1662|13|1
2026-09-09|cihUgL-TwD0|24831|213|4
2026-09-09|AX8oTzeLFdk|14701|67|1
2026-09-09|idpN4BXx6mI|5622|29|0
2026-09-09|QYMnRDtgbFk|45627|230|8
2026-09-09|6owaD_CNk3s|8090|35|2
2026-09-09|nKlaaGT0lb8|66311|515|34
2026-09-09|kuYKQBXgDXA|127567|455|44
2026-09-09|L1zd_SpDg3s|135290|351|27
2026-09-09|hjC4JZt-2EY|230055|680|18
2026-09-09|h0EG1s59U5s|427837|1208|87
2026-09-09|PX1wDyvDrcg|20981|83|1
2026-09-09|RZaOJDYjuN4|10925|18|0
2026-09-09|xLoGY3jmdeY|233369|1172|21
2026-09-09|rFip5KmYbkY|402731|8468|176
2026-09-09|bxI17dhip88|40029|334|5
2026-09-09|miNSy97vxhI|61911|748|0
2026-09-09|Q-AtpNHwwSQ|257888|698|107
2026-09-09|V8nqj9-VXxs|100522|2933|973
2026-09-09|JEEl2p0NAQM|283875|785|82
2026-09-09|zDWDRmGEA7s|172420|1355|109
2026-09-09|YgR70wYh-1g|125044|1105|127
2026-09-09|TRQw7BepCZE|35150|117|15
2026-09-09|gNZOJQLWWBg|301196|1145|170
2026-09-09|YiUOncr3yyU|208321|924|46
2026-09-09|Kvu2LE26TQw|197220|353|29
2026-09-09|Mn3Vg5uGezI|89514|376|21
2026-09-09|C8zIvGsa6EI|271261|664|71
2026-09-09|iiM_71y_mEA|269811|1092|239
2026-09-09|kDdBLsFPWN4|813|0|1
2026-09-09|cLoocnmkw6A|990661|2900|378
2026-09-09|W4C3QlAIHdg|148|0|0
2026-09-09|ZWSwecBT2ao|507624|1414|374
2026-09-09|Ldc0Qsgd2OQ|2675|42|1
2026-09-09|X54dJNx7c3Q|10183|30|1
2026-09-09|EOjWprK31ak|6|0|0
2026-09-09|yE1eDMMLbdU|229|0|0
2026-09-09|mHJkPIdaKXU|1314|0|0
2026-09-09|nnfIKw-YJrY|378282|1006|28
2026-09-09|R9sHgYpv4CU|5633|175|0
2026-09-09|ans0I3_g7Do|2000|26|0
2026-09-09|nsD5D4BvpZQ|2661|41|0
2026-09-09|RIe0FGLhKCA|2478|37|1
2026-09-09|kTSUU2Ugpcc|3809|31|2
2026-09-09|NLnrXu67kd0|190977|529|16
2026-09-09|XRRClKXqf0s|156469|2373|6
2026-09-09|Kcfkd4xU1V0|38061|212|42
2026-09-09|jkIOD2zl1sI|78544|740|30
2026-09-09|TS8Clu_bPMY|1188263|1918|153
2026-09-09|F7jzQ9Y9Now|291993|3119|91
2026-09-09|2Y12J3tAPbU|39300|250|16
2026-09-09|SHaBzZt-jt4|11574|75|1
2026-09-09|DLmD68nBtvE|22160|158|4
2026-09-09|s0neg8z9_YQ|186640|747|286
2026-09-09|MCp2PJb4v6o|1046803|2882|398
2026-09-09|VHtjpKXDVWU|20027|116|13
2026-09-09|pQ6JQe5tQhs|145541|501|38
2026-09-09|7Qgzzmke4uU|941225|4775|359
2026-09-09|JAtlvyornNE|74|2|0
2026-09-09|UGLVvzfOJ-I|458862|3211|410
2026-09-09|0XUHssDIWR0|209|0|0
2026-09-09|1HWTP9Er5HM|406|0|0
2026-09-09|n0ymFvPr0i8|24495|294|9
2026-09-09|tVmuaH8-2-M|2737|18|1
2026-09-09|yeDt37SYceE|8266|61|0
2026-09-09|fi8x1N1qgdg|17939|112|1
2026-09-09|Jx-fv0VR2C0|8577|19|1
2026-09-09|UtdnfiA-NNU|253503|320|5
2026-09-09|h61PfwlDwd8|251962|373|7
2026-09-09|2PrzERm7GoU|19939|139|4
2026-09-09|UKqgn5a5mNw|135859|470|7
2026-09-09|RlidFBaXHIo|13653|344|9
2026-09-09|062vAQD44MA|10515|59|1
2026-09-09|LaH7k5nnk28|37|1|0
2026-09-09|YeMKiidEUzw|12932|49|5
2026-09-09|mQHacdEsLKU|14305|297|6
2026-09-09|iqq493xoflQ|2038812|12177|626
2026-09-09|DZZwZMrU7kU|18632|353|2
2026-09-09|CYei1IlPLmg|46566|177|3
2026-09-09|NooSEGbIFDI|52395|168|16
2026-09-09|LGByoVlagZI|370980|1078|162
2026-09-09|IzvEoePOILk|4109|34|0
2026-09-09|24z0prnICaM|81597|421|147
2026-09-09|5sfb2WxDgZQ|405818|1201|182
2026-09-09|OULYNQ_ewTk|12278|66|6
2026-09-09|6AO7KpAaBUc|20903|136|0
2026-09-09|DC9pnFXowk8|210322|584|73
2026-09-09|Yso0Hu7XVMI|87090|589|14
2026-09-09|2XSBXRa9Biw|694387|5959|510
2026-09-09|LDyTjrZR_3Q|21949|62|0
2026-09-09|-A6gbEQZjYg|65045|323|11
2026-09-09|Mv-aFtowfcg|800516|2608|132
2026-09-09|PrdFoGFUXmM|140425|1550|9
2026-09-09|nwNQkVHHPy4|37891|249|4
2026-09-09|eJg37PWZTj0|6094|76|9
2026-09-09|FE_t0VPSELo|91637|0|25
2026-09-09|vpqHHC-7tQo|5724|29|1
2026-09-09|F_qgMfIV2uI|116467|979|7
2026-09-09|mPB1jOMXOoM|23088|110|5
2026-09-09|jxqDV-uVPeA|175092|1058|12
2026-09-09|MX0Jnf5rRtU|3100|29|2
2026-09-09|U-v4cotWAe8|4787|24|1
2026-09-09|gci0np_LE64|9259|57|1
2026-09-09|_Hxn0GQKiv8|43934|356|6
2026-09-09|jWk_UUyfGIQ|5738|45|1
2026-09-09|sLVi2dXiJrs|7113|30|1
2026-09-09|0gZL-N1vkcs|785177|200|61
2026-09-09|xOjWpFejcss|20115|137|2
2026-09-09|qxFvlC56tBM|162159|635|12
2026-09-09|pIzf2_iGubw|241897|672|54
2026-09-09|R3Qk7uIhjTI|176257|577|33
2026-09-09|fsJQMbrj1JU|324667|785|119
2026-09-09|CEP96vKxC0E|194728|571|28
2026-09-09|jpBgr158-Qw|1560|11|1
2026-09-09|nHZPruGMt1s|4050|34|1
2026-09-09|1Rxbl7wjhMg|14896|47|5
2026-09-09|_wiCLOvzUyU|24246|107|6
2026-09-09|Yc1uvNQlo50|1516|9|1
2026-09-09|YrNYBXVjbnQ|141229|277|26
2026-09-09|kfJ7bJZLJr4|122307|399|69
2026-09-09|OK41i4IO4Qc|84266|302|10
2026-09-09|A1Zzt96MNsw|513789|978|117
2026-09-09|He3ltYAVCv4|250794|1067|113
2026-09-09|QJHXp3Kyd7k|298912|827|101
2026-09-09|tMneFzRhNA8|363293|1027|214
2026-09-09|6eLXuxRPVDA|2070|24|1
2026-09-09|S9YOgeL9-JQ|6729|56|3
2026-09-09|ggyrTsHTOYE|407205|2054|174
2026-09-09|i6aWKYVfYWk|173774|772|10
2026-09-09|F8Aoh290Hjs|7517|44|1
2026-09-09|NdB8HlhfWtM|234780|354|6
2026-09-09|VKQ8DCwkMq0|373053|1214|51
2026-09-09|U-e_A8xWAXw|243282|1851|116
2026-09-09|EFK9pvft0_c|89|0|0
2026-09-09|UTkOXLVzNlQ|41580|179|7
2026-09-09|1Par1zPgY_Y|38429|139|11
2026-09-09|CPeG1LD0LY4|21555|117|7
2026-09-09|FZKYmRnho-Y|142770|382|89
2026-09-09|T619yXy7Pt8|739459|1298|108
2026-09-09|PoITqClHTbE|595|0|0
2026-09-09|sR4LnRr0T4Y|66|0|0
2026-09-09|9gZ2eig21x4|40|0|0
2026-09-09|LjO1gUgrhgk|435|0|0
2026-09-09|HJGxwgtyuVo|13097|107|1
2026-09-09|-R9NVdWuim8|180352|551|41
2026-09-09|8FHy_-sB7bY|27011|183|1
2026-09-09|oeB-_S6AoAw|641510|5133|62
2026-09-09|GPrCUL9rZL8|53208|573|4
2026-09-09|CH3SghpReq0|92311|202|11
2026-09-09|VWzhKtO2ECU|338156|1116|68
2026-09-09|9FAZmyB5JVA|696465|6106|50
2026-09-09|PaFX44-tBH8|20661|87|12
2026-09-09|Xqxw5lHDgNo|56565|178|14
2026-09-09|F5vIAPFdAHk|53304|333|2
2026-09-09|RRxsVcBSXBA|80142|213|39
2026-09-09|4pxAmLEVMYw|32057|136|9
2026-09-09|Z5JU9nvLhSk|24088|63|1
2026-09-09|11P17HmaDZk|42355|163|101
2026-09-09|UabnjgqMeNU|21680|271|12
2026-09-09|EMipTAVnpoI|47271|165|243
2026-09-09|5RHkqO2HGrg|28892|99|51
2026-09-09|qqAIr8-2_gM|50722|351|170
2026-09-09|LGzf4emkdYo|15717|116|14
2026-09-09|0uG45IKm55o|21708|20|5
2026-09-09|XGfxtN_9-W0|4713|29|1
2026-09-09|aNttkHgwet0|18872|16|2
2026-09-09|H14mlfaKJoM|44912|184|8
2026-09-09|Phutp2JFSy4|9563|15|0
2026-09-09|92dh2F4Sr-Q|37455|184|45
2026-09-09|qG_wPtOLSZ4|838|11|0
2026-09-09|gXeeNYi9Nn0|97522|247|40
2026-09-09|eA-v-5twFvM|50108|211|10
2026-09-09|-sBYTNPMNdA|65424|0|91
2026-09-09|tLiMqoOW2LI|79203|301|25
2026-09-09|ST5Fb2npXwM|2610|18|1
2026-09-09|9gswVNg8ftM|28062|33|7
2026-09-09|idB6RlYGZxE|40247|446|28
2026-09-09|MRMjruXn8Cg|22787|34|2
2026-09-09|uyieob6jdNQ|27942|46|29
2026-09-09|szjilKQspEk|11200|231|2
2026-09-09|7ggyh93qp_I|462218|1013|71
2026-09-09|BShxkM-5Trs|105714|1059|145
2026-09-09|TJtS1DFGxjk|49917|186|19
2026-09-09|NV-IawO11Lk|4435|20|0
2026-09-09|6kl4w-rXV1o|31193|184|7
2026-09-09|etNObquz8mg|10810|16|3
2026-09-09|2GBY-T6iDbE|21137|61|16
2026-09-09|4Bg5L3NeaEg|14271|23|5
2026-09-09|H4U73g6QBMM|3367|55|1
2026-09-09|BsP7bHeYjnw|7595|16|2
2026-09-09|yZCouRrC9Fo|35953|168|9
2026-09-09|lIBRH5wjvZg|41618|0|53
2026-09-09|rFAYNLHtO9U|35459|151|73
2026-09-09|0Ahz8LFHlT4|33557|179|8
2026-09-09|A5cnBsPFyZs|36213|60|1
2026-09-09|1IPugIF89sM|10291|46|6
2026-09-09|uocCvb0YNpA|49095|298|136
2026-09-09|nPxtOo7mb8g|96261|1582|8
2026-09-09|TysxoYxk2UA|16140|106|10
2026-09-09|ZTWN9SVaP-k|13612|14|1
2026-09-09|NcXyPfiq2Zg|39250|354|2
2026-09-09|kmHTcZh6fVk|84987|779|3
2026-09-09|AkPC8neJCw8|12883|61|12
2026-09-09|n34zhv5QiuE|48851|158|2
2026-09-09|xCPBbVprbY0|72477|146|13
2026-09-09|yVshB2WNbBE|276684|670|174
2026-09-09|81pJdB7EJLc|109155|541|11
2026-09-10|ei8gk-KcvuY|113885|1969|67
2026-09-10|dIYZkT10jew|774|62|7
2026-09-10|Mi91S6bzBKA|1233|34|0
2026-09-10|i4Q7sevKaus|568|18|1
2026-09-10|lM4ZOKWlBnE|2112|140|8
2026-09-10|qZ2FVFhy_5c|982|27|1
2026-09-10|1UDY6AjawnY|1550|12|0
2026-09-10|BUEB-dtE24o|348|1|0
2026-09-10|728QhYUn09E|755|7|0
2026-09-10|d-lQD52xQ_w|739|5|0
2026-09-10|1zVPJ5mCNL8|2168|10|0
2026-09-10|g9LHSyGvY8Y|2869|25|0
2026-09-10|sYpFzP27BBc|1133|6|0
2026-09-10|54IFc8K7J7w|139666|438|24
2026-09-10|r5K12ZSqbhc|88409|698|54
2026-09-10|ZTULljQsHfM|723|26|0
2026-09-10|5DKM2DQZGM4|78960|165|4
2026-09-10|62jv-sSk4vs|871|27|2
2026-09-10|Wqq3eMzYrAA|1208|77|2
2026-09-10|mg-bBDIovP8|4096|9|3
2026-09-10|Jde6_176gS0|1048|30|1
2026-09-10|7c0nrWXpu2c|17001|182|4
2026-09-10|wmfopDi2FJo|302097|1511|177
2026-09-10|UjfaV2iM81Y|35330|328|9
2026-09-10|j9ZURX6TVlE|25184|171|5
2026-09-10|l8pFMAZfeR0|18614|153|8
2026-09-10|aKC4iCIffbY|21426|207|0
2026-09-10|zwNWvEeTtFY|143688|745|118
2026-09-10|sov_4vep8EY|1254|9|0
2026-09-10|1Rj5KRT4BvA|1306|3|0
2026-09-10|1iQOhaEOc1I|284|27|0
2026-09-10|A6ZamebNcHc|431|23|3
2026-09-10|RcnqxTq37rU|11873|47|1
2026-09-10|G7dJlbn43Yc|11957|148|6
2026-09-10|alOqdstv4A4|4015|32|0
2026-09-10|tb18ZxJrWkE|1251|7|0
2026-09-10|-b5BepLcNUc|8376|107|0
2026-09-10|ARw0J3F8fSE|422979|910|50
2026-09-10|og7-9L_9iSY|209481|1456|33
2026-09-10|NijY1Wcalp0|83853|780|83
2026-09-10|9N4i7fEM7Sk|1596718|15349|191
2026-09-10|3oZ2k36I7kM|39315|133|7
2026-09-10|IZ0616uqq0Y|20595|299|8
2026-09-10|brx5WzfsOVM|50428|482|13
2026-09-10|KwdceWNKovw|555055|3539|202
2026-09-10|5rpqbGqGV8o|22742|289|4
2026-09-10|TY8GtGj6a20|16612|118|3
2026-09-10|muOpUQ2i7XA|1093|27|5
2026-09-10|3CRJyWwc6KM|1960|22|1
2026-09-10|rX47NF6nh4o|25735|285|7
2026-09-10|lK4AIAF5o9E|71929|630|3
2026-09-10|HlcXS5vwo1I|883640|14873|195
2026-09-10|qb1ra-x-7sM|15593|220|1
2026-09-10|MNyZ698hf6c|29485|477|8
2026-09-10|KRYqJnnKKz8|942550|3701|52
2026-09-10|vMfbtb9WwxY|1388|21|0
2026-09-10|u7l7tHqIlew|45264|481|7
2026-09-10|197K_CzeS6Q|8826|33|12
2026-09-10|ktQ7BM7BOnI|14878|38|9
2026-09-10|5PXjdr_Aeyw|50245|313|35
2026-09-10|fksdxa-ylzE|4291|194|27
2026-09-10|ASa36z2KKCg|14171|611|42
2026-09-10|tE_jznE7FhY|96277|1009|269
2026-09-10|r8OtKNA8F9w|175751|775|143
2026-09-10|UWKlnoL_F_Y|152058|507|89
2026-09-10|6iPsMGipDsM|38689|413|90
2026-09-10|jdyC__ccGbw|102685|610|53
2026-09-10|AGsV4u72Xew|1613|20|1
2026-09-10|uUE-luhivmk|22163|351|4
2026-09-10|0VqX73T1H5g|4108|14|0
2026-09-10|-q1Vp65e9G8|57|3|0
2026-09-10|HhI2aJKm590|175|6|1
2026-09-10|7gvbfH2CbHU|25973|283|4
2026-09-10|SZkH-ffoIOw|5866|12|2
2026-09-10|nY_LrRTMG7I|3232|43|0
2026-09-10|S9DkUpsK1D8|8333|21|3
2026-09-10|xNC65iJdFdc|10207|3|1
2026-09-10|pYAVtuWE9W4|37815|179|5
2026-09-10|zqj3kR0PBJ8|4501|0|0
2026-09-10|CtGUoVl8Yok|1710|7|0
2026-09-10|IQGfo1rqWu0|9545|8|0
2026-09-10|vQsP3Dlaf60|4230|18|1
2026-09-10|axjBz3LxhV8|7060|5|0
2026-09-10|-zDilwppecE|7556|6|0
2026-09-10|eVVK_vHlXl8|523|3|1
2026-09-10|XXppKfaaruQ|34772|128|18
2026-09-10|hSIH9co-R3s|37829|151|14
2026-09-10|JLga0Cwb3Zs|30936|149|4
2026-09-10|MG2xUiu_s8k|1232|27|0
2026-09-10|AMcj7A5OHI4|1525|18|1
2026-09-10|y_t91lku_9I|3410|88|3
2026-09-10|KHG-dDyoJl0|1407|32|2
2026-09-10|wgwkz-yUAHY|13257|101|3
2026-09-10|jiiJwedBJdQ|42648|172|5
2026-09-10|Lyy7LeZkims|31075|138|15
2026-09-10|TKzs40IFBII|27052|173|7
2026-09-10|rhDzjQZ7BDw|45243|254|8
2026-09-10|6-3oTImdb5U|21847|160|5
2026-09-10|y3CeSMKuBUk|23904|163|5
2026-09-10|d1iMltt1Wa4|15251|104|5
2026-09-10|2FIc7esN2Q4|22864|141|7
2026-09-10|Mfhs4khBZeE|32682|195|12
2026-09-10|mb5uFMh-Mhs|5838|36|1
2026-09-10|8AHSL0u49ZE|4747|17|0
2026-09-10|2muJCahl3tI|4834|35|0
2026-09-10|zOmyXlgky4g|7713|14|0
2026-09-10|CvkGKCYqd2E|128|0|0
2026-09-10|ngz_JVZIGgs|1|0|0
2026-09-10|RvqaUwbnQoI|28|0|0
2026-09-10|q2cSHHyQMTI|13|0|0
2026-09-10|aQoqcZJgjUs|8179|39|0
2026-09-10|9FFjmos9efk|46|0|0
2026-09-10|GyNiQ9l_LBQ|23120|155|6
2026-09-10|954rjD54wAU|4041|5|0
2026-09-10|jXRvFN47bMI|11305|24|3
2026-09-10|C0rZDPyOlpY|116166|380|10
2026-09-10|OlMgnjVHTkk|25843|352|1
2026-09-10|yNVEOG72hRo|10407|30|2
2026-09-10|8dSSenbgU8o|293977|2270|210
2026-09-10|4H08M8wXCkY|26034|174|1
2026-09-10|ckpz4Ue4AIc|136379|346|27
2026-09-10|uazx-iAi-2U|444493|827|16
2026-09-10|p8Ke941xMcY|18015|414|3
2026-09-10|wxWhANEsJSA|198477|772|25
2026-09-10|WWSYSAO50O8|74894|279|15
2026-09-10|vMZSfmH_krk|152212|1328|137
2026-09-10|KcpfRdqIAfM|140179|574|113
2026-09-10|XyC8usR0I9E|38440|384|4
2026-09-10|UDA06RQWRHY|62762|191|1
2026-09-10|BgFBCdfydlA|54877|132|33
2026-09-10|CNEpPFClVes|297416|837|81
2026-09-10|MEStZ8UaoQA|27962|126|16
2026-09-10|1qsvJk77tfU|151240|1186|289
2026-09-10|xp1AAxBmeZc|996031|3354|127
2026-09-10|lYKdFLSsLB8|12|0|0
2026-09-10|0XMWPca8sUs|3638|25|1
2026-09-10|qRhMZ3JIj-I|1459|18|1
2026-09-10|ZxQ76qJ71N4|2998|15|3
2026-09-10|Z5_zzBVBoxA|8943|2|0
2026-09-10|njc7m-tNtkk|7251|7|0
2026-09-10|LFBF2Vgei-E|45824|229|10
2026-09-10|F10Hrh1Xszc|34422|181|13
2026-09-10|YLzckuuWsjY|29864|162|14
2026-09-10|-Q-ML2DT9aQ|3462|16|2
2026-09-10|dGcCIchWO5k|62413|199|25
2026-09-10|IKprBRu7Eaw|90563|344|8
2026-09-10|GW1Nm8aH3Ds|44656|164|5
2026-09-10|0ekyh3yj3Es|7665|57|1
2026-09-10|fGtFUqINouo|1371|17|0
2026-09-10|tkLu4UNQ3zg|4482|41|0
2026-09-10|1fFC6tuoKhc|5390|42|1
2026-09-10|8uwdeohsFD8|4087|68|2
2026-09-10|bP7X2Lzx0hs|29431|177|11
2026-09-10|zaaqguPBq5s|33919|207|6
2026-09-10|1sxv0BLf1V4|20511|126|6
2026-09-10|pBgp4i1GFTk|41500|166|9
2026-09-10|o7RaYivmO28|35030|181|5
2026-09-10|hvcDAVMCQCc|99696|336|8
2026-09-10|job1Iup__uY|78131|262|17
2026-09-10|3qMxR9VuP1A|29375|292|22
2026-09-10|tmQMdCLGs-A|18935|227|11
2026-09-10|ec9oZ6vSiJA|7112|5|0
2026-09-10|rbC89lUgCdc|2281|12|1
2026-09-10|nIwC-wyt388|131465|648|160
2026-09-10|Tz9L2UU77vs|2512|5|0
2026-09-10|_HA6xLMwZ4o|8673|36|4
2026-09-10|MIxz0jLSAdg|188141|510|85
2026-09-10|T8yHZ7VyXtE|322066|3320|133
2026-09-10|IOkXzslRTzc|1411619|4431|255
2026-09-10|6IOkM6A97KI|2519|86|2
2026-09-10|Gd7hCqc22Wc|88395|794|24
2026-09-10|bwsRtwNhJuI|18980|21|2
2026-09-10|8jg0fTMxrHo|10150|30|8
2026-09-10|MSs6CLqWLgc|38039|478|73
2026-09-10|b20w9F17mQY|3604|37|0
2026-09-10|zkmeH-owRXI|10955|24|1
2026-09-10|k9L8cjwN1w4|1886|10|1
2026-09-10|-PfVsNp1DwI|1237|9|1
2026-09-10|RItjBPANRtE|3299|15|1
2026-09-10|oounUXvoTUo|1748|13|2
2026-09-10|jNc9MqpDcFw|924|9|1
2026-09-10|ELco7IKLvjU|8032|52|1
2026-09-10|e4rylOzn5Wc|4113|20|1
2026-09-10|Z9n98CBLco4|9374|102|2
2026-09-10|C4V5Pa9dw2A|2418|14|1
2026-09-10|dRN8pnDKFyw|3010|20|1
2026-09-10|ym24UWFQJNI|3594|24|0
2026-09-10|yWJRP_JrMBU|2032|28|0
2026-09-10|tu4KcWLvjiI|119141|286|37
2026-09-10|uAzyFYN8vN4|461806|3827|394
2026-09-10|b1rZ-fs4eWQ|2300|15|0
2026-09-10|0s0ZfHJbgqs|16482|128|2
2026-09-10|KWtajD41RMA|134479|1056|28
2026-09-10|CGv7QNmqNxg|344730|7310|960
2026-09-10|lfjk1EYC2cw|18530|835|32
2026-09-10|1f4xLRUZIhg|2410|33|0
2026-09-10|I9SCN_9-vQQ|11033|155|2
2026-09-10|XOPRfzz7p8w|2535|26|3
2026-09-10|7oVdy5bOepM|29085|173|21
2026-09-10|NgrJN1swacc|2665|67|2
2026-09-10|EKhvuMucDt4|32657|305|7
2026-09-10|tfsigJp3oFQ|2759|15|0
2026-09-10|n9nxzyYRpmc|13144|27|1
2026-09-10|bYmFkqwvs5Y|4567|13|2
2026-09-10|EFeRkjg5MGk|1869|21|1
2026-09-10|nSebht96FQ4|10297|15|1
2026-09-10|ggyAFwNBLRU|3327|20|0
2026-09-10|3hPHVTa2bsE|6892|192|6
2026-09-10|Yg8mzbMttoM|7158|167|8
2026-09-10|oJR18v3bjE0|1617|21|1
2026-09-10|v9OYcQ4xrnI|3351|46|1
2026-09-10|4deDLUdeSkM|3826|50|0
2026-09-10|5Y2VM1MVcb0|1107|2|0
2026-09-10|gQ1J7evt4cs|3951|14|1
2026-09-10|GIp5YaXSlHs|2461|9|0
2026-09-10|hW0Bbxc8oDM|7081|43|0
2026-09-10|xqs-j36tnmY|76011|626|42
2026-09-10|luTz3QoowrU|512026|30257|3518
2026-09-10|rDcx-v5PH_M|10271|160|1
2026-09-10|Mv7cwR6rSq4|4943|19|0
2026-09-10|_6qmcXUn-bs|158|0|0
2026-09-10|a9Lc9Zm8IuE|14|0|0
2026-09-10|k0YhrRG8rCc|24|0|0
2026-09-10|bruEy43O5Dk|95|0|0
2026-09-10|Rw2hj54GUhU|17|0|0
2026-09-10|EeXU9ODZKQY|5|0|0
2026-09-10|DCrh6BA6Ry0|1|0|0
2026-09-10|F-StjeV5lMo|282393|865|32
2026-09-10|CDWvZqOQlhk|13|0|0
2026-09-10|RsNSjfLLzpQ|3132|0|0
2026-09-10|vPM7Ts3c9X4|50167|573|14
2026-09-10|FpFwSk5BuG8|7469|109|2
2026-09-10|Cv-8Z01BwOU|109322|660|4
2026-09-10|04TR1QCqabE|31|0|0
2026-09-10|GbCz-jD8gSI|6|0|0
2026-09-10|DjRbG_htu28|17203|103|22
2026-09-10|LXry-7mi7zk|1291|3|0
2026-09-10|SGts5P30Sd4|899|8|1
2026-09-10|B1IDa6xxhso|5357|42|2
2026-09-10|lJqKcQ0SvJI|3291|20|1
2026-09-10|CXMeyif96vw|5933|30|2
2026-09-10|Mnrzo2aUKEM|13900|143|1
2026-09-10|sfg6En4uzG4|23777|46|2
2026-09-10|-lkEISDuslo|50132|116|10
2026-09-10|3GydOQq-kFo|1603|9|1
2026-09-10|Q8zYCaDkxnk|1288|9|1
2026-09-10|NZtB0_fv2Oc|5540|45|1
2026-09-10|fILz8a2biDw|955|10|1
2026-09-10|Vz-wYfgnjT4|13951|106|0
2026-09-10|flBTa1PCBnE|4046|11|1
2026-09-10|QyUsGkfHCZs|15922|17|0
2026-09-10|p2VqjRgWn2k|140494|308|5
2026-09-10|c6TiKgs95zU|215880|5644|39
2026-09-10|-caHQzkklXU|49961|163|4
2026-09-10|Tfm0hVK-F6A|22559|158|13
2026-09-10|IqrEqD_1gBI|14|1|0
2026-09-10|zvWNHRl1JVo|974403|10876|256
2026-09-10|ES06EkYG8aw|43268|185|16
2026-09-10|GUq-llbB958|32770|204|70
2026-09-10|iXmuZk6b6Fg|29712|59|3
2026-09-10|T-ZOQntHedQ|102556|351|12
2026-09-10|2T8y50nDf7E|252346|723|274
2026-09-10|2Y-6MckHgVk|228833|707|76
2026-09-10|15u0_6fQ8m0|20048|66|65
2026-09-10|7c5iZXDY3W8|76693|545|187
2026-09-10|EZ-m7a-vmAk|50648|346|4
2026-09-10|Rv9mdETBlXw|16436|117|4
2026-09-10|L-kefdHspWA|76903|400|1
2026-09-10|t1Z4_Vr4U6w|39818|441|6
2026-09-10|LhlmXNO5Fc0|188245|1310|8
2026-09-10|_8CRxXLLlJE|17905|200|1
2026-09-10|x3aSvX3jJ4s|581146|1095|30
2026-09-10|yibtg3QI2UI|27378|145|9
2026-09-10|-u29CvmZDGI|15341|25|0
2026-09-10|TXNjgkV3b8U|8227|57|2
2026-09-10|7d4c-SXk8Qc|559|9|0
2026-09-10|V1I38fnk0KQ|54160|260|9
2026-09-10|iHhxWDChT-M|28823|164|3
2026-09-10|3jPmgi4hpG0|52127|235|17
2026-09-10|cua8dCfAn44|2013|8|0
2026-09-10|y9GhSkx7ry8|60827|224|25
2026-09-10|6qfFc4x01Hc|12137|37|4
2026-09-10|gamGhIaKwu0|14352|129|4
2026-09-10|_11HL2ltHic|9884|136|1
2026-09-10|qHiKveUNos4|1247|3|0
2026-09-10|vuuO3r5__9c|2766|12|0
2026-09-10|H87ukYguhTM|17706|125|8
2026-09-10|ug9M5tuMzss|15551|16|1
2026-09-10|jbTTB7sR9zM|2306|15|0
2026-09-10|xdSCRAW6-Sk|22096|60|4
2026-09-10|JAiLSi8Mnjo|11353|78|0
2026-09-10|LxZda6RCnJ8|1409|5|0
2026-09-10|bdUNhWNfp1E|1110|5|0
2026-09-10|jcFTdlKy1LQ|1425|7|0
2026-09-10|9g3D4UnF5Yc|28447|51|3
2026-09-10|JSJqTMpLCQs|4190|21|2
2026-09-10|ot90Ykuty38|101689|979|74
2026-09-10|gHo7EVMCIHY|1711|51|0
2026-09-10|il06huUc_oY|18440|162|3
2026-09-10|bl2hvfrybX0|15681|35|4
2026-09-10|UXVIHlFb3fw|590538|4094|1938
2026-09-10|LcUiCYB1Xxg|33533|189|7
2026-09-10|HTyaK8Zt6P4|29881|129|7
2026-09-10|dvoHBaJWSZ4|87981|311|10
2026-09-10|ug1IZ4roTQg|47099|389|3
2026-09-10|cXuT5SRwDVA|20376|152|9
2026-09-10|UGgxlUjb3oA|33062|202|4
2026-09-10|my6aOs2mW64|3731|43|0
2026-09-10|dZ9yhJLuXX0|24834|157|19
2026-09-10|Wh5nBUz3_wQ|73526|815|26
2026-09-10|CylZzW7GyXA|91346|542|78
2026-09-10|_NBGosd6rTo|24069|203|6
2026-09-10|l9NphSacQ1Y|5571|15|24
2026-09-10|zwChsMOq-Tk|50750|585|55
2026-09-10|_uib5bJEmhg|144|11|0
2026-09-10|FMagaMh2fRo|136|3|0
2026-09-10|63faN_TCdzI|424378|1475|192
2026-09-10|8K2RVMjZZWc|421326|1374|180
2026-09-10|Rg7DbDGjMDc|91276|231|20
2026-09-10|BGT4eNOjvd4|19296|133|6
2026-09-10|dMeQzDFmsMU|35528|176|7
2026-09-10|608uf0B6ZqE|45358|213|7
2026-09-10|tN-wr-0RBGU|227956|670|107
2026-09-10|YH7MQvEMXck|299442|1507|296
2026-09-10|iNMvUYjaieA|11116159|398540|30547
2026-09-10|XkbmSkG_X4Y|162|0|0
2026-09-10|OceT6naW800|6576|63|1
2026-09-10|HdTAIqvVF-A|84983|452|7
2026-09-10|APHK70cOURg|84702|812|11
2026-09-10|pR0jEcn11xQ|17055|120|4
2026-09-10|kZPZmUocUao|10224|35|0
2026-09-10|pnpDqotafy4|2723|37|0
2026-09-10|JdMC9Br5RiE|4315|53|1
2026-09-10|IjAQQARlQnw|1409|4|0
2026-09-10|dG8iH0D7g9Q|4086|31|3
2026-09-10|v2a8XISkrM0|1372|5|0
2026-09-10|slrcw1giiz4|7070|11|1
2026-09-10|WqgTwbCKrb4|14429|118|5
2026-09-10|5vRXuizu4Eo|15599|172|6
2026-09-10|dieaOblVd9c|30407|478|29
2026-09-10|-zO2ubCL2zk|28620|69|5
2026-09-10|fZO81NsuY0I|21598|159|2
2026-09-10|sqvosVRz0wE|1796|6|1
2026-09-10|q8mYGfuQL04|1583|12|0
2026-09-10|CY-s4OQi5sY|460124|1538|118
2026-09-10|VvPXmeA6kjA|292570|908|33
2026-09-10|QgGn-DFBNWI|35815|234|19
2026-09-10|siNk-uYGQ1c|598223|1703|439
2026-09-10|eq4HLAJyckY|53606|701|4
2026-09-10|p0HhnUJ9V-U|349515|1594|36
2026-09-10|qx04-MuuEPA|74667|229|2
2026-09-10|Tw1wJ5K0dCc|7344|29|0
2026-09-10|Td4vWXGxNGk|39811|266|3
2026-09-10|cKWgwKAlKL8|22417|152|4
2026-09-10|5XpMNtm76mw|402838|8634|357
2026-09-10|RHLSS1ealfY|136090|821|9
2026-09-10|Avc3nW8508A|17026|100|2
2026-09-10|HmhMtIMUdEY|9475|84|1
2026-09-10|4XZakznmGMo|4318|124|1
2026-09-10|BoEoZbaSjFw|14481|25|3
2026-09-10|A-Y3n1OAtxU|4262|41|3
2026-09-10|wXDVhWXB8Cc|2563|27|0
2026-09-10|UJRgE11njmo|543|5|0
2026-09-10|9jNmYK9jFh8|534008|3091|267
2026-09-10|1s6xulhQNSc|3038|24|0
2026-09-10|SillAEDfG-w|451|0|1
2026-09-10|R39xZb2PRT0|13928|53|3
2026-09-10|EmGZlc03rBs|10634|99|1
2026-09-10|4bJL3Z27DVo|415388|954|198
2026-09-10|nnfIKw-YJrY|383764|1022|28
2026-09-10|Clu4SOqXZX0|11003|46|1
2026-09-10|RZaOJDYjuN4|12483|20|0
2026-09-10|nsD5D4BvpZQ|2796|43|1
2026-09-10|UGLVvzfOJ-I|530881|3425|433
2026-09-10|RIe0FGLhKCA|2672|37|1
2026-09-10|AX8oTzeLFdk|14803|68|1
2026-09-10|0Fb_8zxbAus|652714|2298|129
2026-09-10|CERiAfkxXRM|1670|13|1
2026-09-10|idpN4BXx6mI|5732|29|0
2026-09-10|n0ymFvPr0i8|26319|318|11
2026-09-10|ans0I3_g7Do|2098|26|0
2026-09-10|bsJ2jy_7Q3Y|59192|190|20
2026-09-10|mCNQ-wQnyuI|4164|27|1
2026-09-10|XRRClKXqf0s|203757|2830|6
2026-09-10|tVmuaH8-2-M|2805|18|1
2026-09-10|eT7YjPm3ZVQ|7493|23|1
2026-09-10|qJz2jfiwDyo|6349|22|0
2026-09-10|9-85YYNM-D8|17715|54|5
2026-09-10|zaGpl8zVtIc|12054|61|2
2026-09-10|kTSUU2Ugpcc|4042|33|2
2026-09-10|nKlaaGT0lb8|70952|554|33
2026-09-10|PX1wDyvDrcg|21001|83|1
2026-09-10|cLoocnmkw6A|1049704|3014|388
2026-09-10|cihUgL-TwD0|25580|216|5
2026-09-10|wzJIlOelUgM|712917|3623|23
2026-09-10|SHaBzZt-jt4|12603|84|2
2026-09-10|F7jzQ9Y9Now|308693|3341|93
2026-09-10|Q-AtpNHwwSQ|266069|713|108
2026-09-10|TS8Clu_bPMY|1273102|2142|163
2026-09-10|V8nqj9-VXxs|106628|2980|998
2026-09-10|miNSy97vxhI|61982|748|0
2026-09-10|yeDt37SYceE|8345|62|0
2026-09-10|QYMnRDtgbFk|45994|232|8
2026-09-10|JEEl2p0NAQM|292702|810|82
2026-09-10|_L9q9F27M1o|93967|1638|141
2026-09-10|bxI17dhip88|40873|337|5
2026-09-10|sSuiYiHeEVs|138|4|0
2026-09-10|wjbScRuzt5g|452826|2453|316
2026-09-10|zDWDRmGEA7s|178422|1392|109
2026-09-10|rFip5KmYbkY|516077|11009|193
2026-09-10|xLoGY3jmdeY|261219|1314|21
2026-09-10|6owaD_CNk3s|8135|35|2
2026-09-10|DLmD68nBtvE|23151|163|4
2026-09-10|RlidFBaXHIo|14093|354|10
2026-09-10|4uDHszHNyqU|329330|1125|124
2026-09-10|mHvBJBQc5lU|22976|268|6
2026-09-10|fi8x1N1qgdg|18647|114|1
2026-09-10|L1zd_SpDg3s|140242|360|28
2026-09-10|hjC4JZt-2EY|248147|703|17
2026-09-10|Jx-fv0VR2C0|9089|20|1
2026-09-10|jkIOD2zl1sI|80623|761|30
2026-09-10|s0neg8z9_YQ|205576|781|311
2026-09-10|VHtjpKXDVWU|21958|125|16
2026-09-10|Kcfkd4xU1V0|42084|236|46
2026-09-10|1HWTP9Er5HM|407|0|0
2026-09-10|W4C3QlAIHdg|150|0|0
2026-09-10|0XUHssDIWR0|230|0|0
2026-09-10|C8zIvGsa6EI|366920|729|81
2026-09-10|ikovQEu5M44|346362|5597|175
2026-09-10|IaWyP1Ar2Yc|182737|1407|128
2026-09-10|Mn3Vg5uGezI|93531|391|21
2026-09-10|Me70Bpqs1Cw|159895|472|49
2026-09-10|sEiQaMXAxws|27579|303|0
2026-09-10|OHJCnGcLjpg|102290|0|26
2026-09-10|vFuyMXimcUY|375492|2132|66
2026-09-10|Kvu2LE26TQw|225086|376|33
2026-09-10|iiM_71y_mEA|282736|1131|251
2026-09-10|Ldc0Qsgd2OQ|2809|44|1
2026-09-10|YiUOncr3yyU|217816|949|51
2026-09-10|NLnrXu67kd0|217893|627|21
2026-09-10|gNZOJQLWWBg|335584|1211|176
2026-09-10|TRQw7BepCZE|36584|121|15
2026-09-10|MCp2PJb4v6o|1068581|2915|399
2026-09-10|JAtlvyornNE|80|2|0
2026-09-10|YgR70wYh-1g|137788|1146|133
2026-09-10|ZWSwecBT2ao|528201|1451|381
2026-09-10|X54dJNx7c3Q|12224|40|3
2026-09-10|x6vQ80K1IhU|5879|22|0
2026-09-10|h0EG1s59U5s|488961|1264|93
2026-09-10|ZcLs-jdmxbs|1802|7|0
2026-09-10|AdhwmMzULl0|213159|576|30
2026-09-10|UtdnfiA-NNU|312715|369|5
2026-09-10|h61PfwlDwd8|359725|445|10
2026-09-10|2PrzERm7GoU|22320|143|4
2026-09-10|PqsYAP0hj6M|223721|629|114
2026-09-10|_xhGKYnPBng|31457|171|0
2026-09-10|zIQSBt5PRMc|1498|9|0
2026-09-10|UKqgn5a5mNw|141012|484|7
2026-09-10|7Qgzzmke4uU|964353|4871|366
2026-09-10|pQ6JQe5tQhs|152216|527|42
2026-09-10|R9sHgYpv4CU|5778|175|0
2026-09-10|TwcEGyurMF4|361896|2719|127
2026-09-10|2Y12J3tAPbU|43511|266|19
2026-09-10|0nOV5IhJesQ|25100|221|0
2026-09-10|rjvj6LGV9ug|134176|1013|17
2026-09-10|JbzSS7Zhn7Y|48198|288|0
2026-09-10|EOjWprK31ak|235|0|0
2026-09-10|kuYKQBXgDXA|133081|467|45
2026-09-10|aSIFZZ5d65g|207|0|0
2026-09-10|O5jXyDPQI8k|5529|0|0
2026-09-10|mHJkPIdaKXU|1711|0|0
2026-09-10|WR5AU_cvAFQ|135878|311|85
2026-09-10|yE1eDMMLbdU|249|0|0
2026-09-10|kDdBLsFPWN4|1218|0|1
2026-09-10|3X08s11yhks|73|0|0
2026-09-10|0p3RnH-ablg|231729|699|49
2026-09-10|iAtYb6dRuc8|146|1|0
2026-09-10|P--C2v1GjeU|101787|388|3
2026-09-10|jztifDajKJs|101083|276|12
2026-09-10|euSIOvKbuqM|4544|21|2
2026-09-10|Yso0Hu7XVMI|87276|589|14
2026-09-10|YeMKiidEUzw|12967|49|5
2026-09-10|NdB8HlhfWtM|308487|398|7
2026-09-10|i6aWKYVfYWk|235452|931|13
2026-09-10|LDyTjrZR_3Q|21985|63|0
2026-09-10|062vAQD44MA|13744|76|1
2026-09-10|PrdFoGFUXmM|159909|1853|11
2026-09-10|4pxAmLEVMYw|32906|138|9
2026-09-10|RRxsVcBSXBA|82267|218|39
2026-09-10|oeB-_S6AoAw|703206|5390|72
2026-09-10|mQHacdEsLKU|14508|298|6
2026-09-10|_Hxn0GQKiv8|45799|392|6
2026-09-10|R3Qk7uIhjTI|180646|586|31
2026-09-10|pIzf2_iGubw|248650|690|56
2026-09-10|qxFvlC56tBM|166639|648|12
2026-09-10|xOjWpFejcss|20703|138|2
2026-09-10|sLVi2dXiJrs|7117|30|1
2026-09-10|mPB1jOMXOoM|23796|119|5
2026-09-10|jWk_UUyfGIQ|5753|45|1
2026-09-10|gci0np_LE64|9271|57|1
2026-09-11|RdUV9Ms5GM4|2843900|101237|5520
2026-09-11|n_yjle3cC-0|18007|241|10
2026-09-11|kS7OAC3Z5G4|661|3|0
2026-09-11|vcVI-GZoYXA|1815|7|0
2026-09-11|nmxvKiskElw|24643|216|27
2026-09-11|6ZrgdsvDQzw|46743|261|37
2026-09-11|8cDbzqATR74|1061|19|0
2026-09-11|LcxWubGRyV4|462|11|1
2026-09-11|T49NlqZgyjI|4327|32|0
2026-09-11|TmeNj9sTqnA|5125|57|3
2026-09-11|BByk1j1-Hd8|6072|42|2
2026-09-11|sjoU-3QySzk|1944|36|1
2026-09-11|uBIrqggMoIc|5641|52|6
2026-09-11|vZ39inSrdIs|1520|44|1
2026-09-11|Whq68yvQWs8|2791|32|2
2026-09-11|WF6fGSUlXIg|6576|100|9
2026-09-11|4KhlwScqaKk|9476|93|7
2026-09-11|m_3HOx-G1wE|1210|12|2
2026-09-11|Ppu0l6CNZZY|40672|270|76
2026-09-11|0qSAUnLWrqk|14958|137|4
2026-09-11|vwdGInr8zCo|107|7|0
2026-09-11|5HYvbYyo_0Y|19164|96|11
2026-09-11|rKHWU6oGAsI|5604|13|3
2026-09-11|Qjuag5ldpHo|0|0|0
2026-09-11|uk9xseB-M9g|3757|64|0
2026-09-11|SGwfHgg2k6g|21683|54|1
2026-09-11|299u8YvP3zo|230066|719|41
2026-09-11|EFejLyJvl7A|6142|80|1
2026-09-11|qa-ZBgAbo4Y|7657|117|0
2026-09-11|VMvFRagMXBg|17151|55|4
2026-09-11|gYtBZfmgiA8|1265|40|14
2026-09-11|0g00nhZgdVo|1396|9|0
2026-09-11|6wEhJqWIPKo|66657|284|243
2026-09-11|8YeZjM91_E4|17270|213|6
2026-09-11|NNMlcSDGbTo|1499|11|0
2026-09-11|8OUV5sYwQ4Y|3919|71|2
2026-09-11|yd5K0dpRzKQ|5656|82|1
2026-09-11|x_Vlx40hgEw|118315|635|163
2026-09-11|YIRVQryGCvE|86|2|0
2026-09-11|DXtl7jB0vw0|13281|276|5
2026-09-11|UnzrxpdZYZ4|47469|372|10
2026-09-11|75v8cD3SShI|10135|148|1
2026-09-11|2sjxU4tZuZA|1468|21|1
2026-09-11|IQV7ZatC5lA|61783|963|15
2026-09-11|46_dNk9w8FI|607620|797|249
2026-09-11|7Qh4A12cqwo|74058|533|2
2026-09-11|6liYYJ0x10Q|6610|53|0
2026-09-11|OUPH64ypcSQ|46606|600|42
2026-09-11|kkAgCflbeIA|18717|120|2
2026-09-11|RUfFn5ZOa74|75475|175|40
2026-09-11|1e5dcDsWHFQ|63318|266|11
2026-09-11|LUPF7bRG5Mo|58434|325|7
2026-09-11|WP42MrkmgFU|47019|207|4
2026-09-11|1Dy0aPkmrp8|186261|1066|7
2026-09-11|B3IIswOs2ys|22739|596|13
2026-09-11|i3UGSZ37LpM|92213|1354|114
2026-09-11|5CWFrdVGPbU|785|11|0
2026-09-11|nmMqBDd9EWw|296686|3641|288
2026-09-11|uwIXg7Fj4dA|158555|456|90
2026-09-11|MXCT5ry0mKs|26153|633|67
2026-09-11|ppc1YU099XM|215985|962|107
2026-09-11|ct3zcwNsk-A|16024|77|1
2026-09-11|jWAEWYzBdQw|59690|113|13
2026-09-11|CwVLWj-t2tY|63816|328|59
2026-09-11|AV7gFs-4K2k|3414|23|2
2026-09-11|sFwxBxSkIMc|721937|3254|88
2026-09-11|rYk14qaytf8|29127|373|2
2026-09-11|SkJQr78_QWc|21797|276|2
2026-09-11|nIOXG4Rp2bQ|876|5|0
2026-09-11|mAYX_Ldl3C4|218606|617|17
2026-09-11|7Z8DFZzzk_o|26765|64|0
2026-09-11|a7e5vx_QZbk|506558|6095|408
2026-09-11|jID7ty4xu_8|170840|406|60
2026-09-11|kexBwotmCmU|241|6|0
2026-09-11|TpTDWP7plx8|24210|140|7
2026-09-11|sRjxuwchQsw|1258|6|0
2026-09-11|2WJ5EvDbqss|1055|22|0
2026-09-11|ChcLd73KW1U|1900|29|0
2026-09-11|CRcX9hS-WPQ|2571|53|1
2026-09-11|ItPgQ1aZXDs|2989|17|0
2026-09-11|djnXU-YVKgQ|1413|8|0
2026-09-11|TOOg_82wO60|2314|18|0
2026-09-11|fepoTZ43vgQ|3478|22|0
2026-09-11|bBJwP7nWxdA|7|0|0
2026-09-11|8BVG6GxQH_A|23207|148|14
2026-09-11|8IxF-TtnNuI|25359|151|6
2026-09-11|v5BJc_a9xjI|22358|119|8
2026-09-11|pMWME3ZBhAc|23825|127|3
2026-09-11|-kvaDi2JTJ4|1123|8|0
2026-09-11|Js5gTaRB3cM|13394|112|3
2026-09-11|McjW_HD5zK4|22506|140|4
2026-09-11|E3wl-sUSG_g|29149|181|10
2026-09-11|DYtUhSpkA9Y|32581|199|7
2026-09-11|yPuZrbtwy48|27293|151|24
2026-09-11|bTP0va9i3j4|26|1|0
2026-09-11|qhZjj-I81uU|29|1|0
2026-09-11|cCVFoMCkDek|39747|169|17
2026-09-11|JRuBZQLjFrY|28303|141|4
2026-09-11|HrO0nfuNXl0|16302|96|10
2026-09-11|FMh0hd0hCQs|25042|104|4
2026-09-11|6jfJIqjCbgQ|14645|76|11
2026-09-11|7OoUzvVJ0bk|8010|15|0
2026-09-11|3VXesHhw0JA|1384|20|1
2026-09-11|uyU71K-RBSQ|5773|12|0
2026-09-11|7GvaGKHHOn8|4|0|0
2026-09-11|4czdo7b78wU|15138|100|0
2026-09-11|X2DIWfOH-1M|11431|56|4
2026-09-11|3bWMlwBKlgU|38630|145|12
2026-09-11|wsZhRPNVdU8|62969|187|8
2026-09-11|KGNtdLUBWRE|7|0|0
2026-09-11|zpJrNo7P8zg|13|0|0
2026-09-11|ipXKr3uMpTY|16|0|0
2026-09-11|4eft5MTBG_c|477|0|0
2026-09-11|BoXtVuhWYgI|1|0|0
2026-09-11|qINnY747zZM|18|0|0
2026-09-11|mBTsmNFuziY|29601|286|16
2026-09-11|bj0Pdam68N8|1326|4|1
2026-09-11|CnWBUD0zO70|11272|37|1
2026-09-11|wEo0JEJOGHg|1581|7|0
2026-09-11|8pgBPJO_v-I|7567|82|0
2026-09-11|3oZ2k36I7kM|43351|151|7
2026-09-11|954rjD54wAU|6098|8|1
2026-09-11|qZ2FVFhy_5c|1420|32|1
2026-09-11|lM4ZOKWlBnE|2480|139|8
2026-09-11|zOmyXlgky4g|12915|21|1
2026-09-11|jXRvFN47bMI|17562|46|6
2026-09-11|-q1Vp65e9G8|1166|20|0
2026-09-11|2muJCahl3tI|6094|38|0
2026-09-11|i4Q7sevKaus|828|25|1
2026-09-11|197K_CzeS6Q|14020|46|23
2026-09-11|Mi91S6bzBKA|2178|57|1
2026-09-11|62jv-sSk4vs|1976|64|5
2026-09-11|Jde6_176gS0|1670|42|1
2026-09-11|aQoqcZJgjUs|12992|50|0
2026-09-11|BUEB-dtE24o|576|1|0
2026-09-11|0VqX73T1H5g|8359|32|0
2026-09-11|1UDY6AjawnY|3506|18|0
2026-09-11|5DKM2DQZGM4|94140|193|4
2026-09-11|ARw0J3F8fSE|525854|1082|56
2026-09-11|r5K12ZSqbhc|140075|978|88
2026-09-11|xNC65iJdFdc|11144|3|1
2026-09-11|uUE-luhivmk|49252|488|9
2026-09-11|ktQ7BM7BOnI|19273|45|10
2026-09-11|ZTULljQsHfM|42014|419|0
2026-09-11|og7-9L_9iSY|240146|1630|36
2026-09-11|-b5BepLcNUc|63374|548|0
2026-09-11|54IFc8K7J7w|308831|858|31
2026-09-11|AGsV4u72Xew|6523|51|5
2026-09-11|muOpUQ2i7XA|3241|54|9
2026-09-11|mb5uFMh-Mhs|9156|48|1
2026-09-11|pYAVtuWE9W4|61541|204|9
2026-09-11|mg-bBDIovP8|6254|11|3
2026-09-11|S9DkUpsK1D8|10075|23|3
2026-09-11|IZ0616uqq0Y|22395|309|8
2026-09-11|KwdceWNKovw|581345|3652|209
2026-09-11|TY8GtGj6a20|51650|218|7
2026-09-11|rhDzjQZ7BDw|86663|313|13
2026-09-11|6-3oTImdb5U|33230|188|5
2026-09-11|y3CeSMKuBUk|38402|185|8
2026-09-11|d1iMltt1Wa4|21556|127|6
2026-09-11|2FIc7esN2Q4|35178|171|7
2026-09-11|GyNiQ9l_LBQ|48222|187|6
2026-09-11|8AHSL0u49ZE|6933|24|0
2026-09-11|Mfhs4khBZeE|85186|258|17
2026-09-11|vMfbtb9WwxY|1594|22|0
2026-09-11|3CRJyWwc6KM|2116|22|1
2026-09-11|qb1ra-x-7sM|20690|237|1
2026-09-11|aKC4iCIffbY|32006|226|0
2026-09-11|nY_LrRTMG7I|4518|53|0
2026-09-11|KRYqJnnKKz8|974700|3841|54
2026-09-11|MNyZ698hf6c|29644|477|8
2026-09-11|HlcXS5vwo1I|1420431|19478|289
2026-09-11|lK4AIAF5o9E|81893|725|3
2026-09-11|TKzs40IFBII|47821|202|8
2026-09-11|Lyy7LeZkims|64513|172|25
2026-09-11|jiiJwedBJdQ|63703|200|10
2026-09-11|wgwkz-yUAHY|18892|115|6
2026-09-11|zqj3kR0PBJ8|5467|0|0
2026-09-11|CtGUoVl8Yok|2866|9|0
2026-09-11|IQGfo1rqWu0|11919|10|0
2026-09-11|vQsP3Dlaf60|7754|22|1
2026-09-11|axjBz3LxhV8|8527|5|0
2026-09-11|rX47NF6nh4o|94033|555|12
2026-09-11|eVVK_vHlXl8|2533|9|1
2026-09-11|XXppKfaaruQ|52986|147|23
2026-09-11|hSIH9co-R3s|67184|185|14
2026-09-11|728QhYUn09E|1379|7|0
2026-09-11|d-lQD52xQ_w|1481|7|0
2026-09-11|1zVPJ5mCNL8|3484|12|0
2026-09-11|g9LHSyGvY8Y|8052|47|1
2026-09-11|sYpFzP27BBc|2017|8|0
2026-09-11|r8OtKNA8F9w|255055|930|163
2026-09-11|UWKlnoL_F_Y|190637|572|90
2026-09-11|jdyC__ccGbw|113012|649|58
2026-09-11|u7l7tHqIlew|45328|481|7
2026-09-11|9N4i7fEM7Sk|1885792|18312|227
2026-09-11|SZkH-ffoIOw|8092|14|3
2026-09-11|JLga0Cwb3Zs|51865|166|5
2026-09-11|-zDilwppecE|9857|7|0
2026-09-11|Wqq3eMzYrAA|1620|88|2
2026-09-11|G7dJlbn43Yc|16853|199|8
2026-09-11|brx5WzfsOVM|60643|510|14
2026-09-11|ei8gk-KcvuY|268323|3974|108
2026-09-11|HhI2aJKm590|1487|13|3
2026-09-11|dIYZkT10jew|1297|82|7
2026-09-11|fksdxa-ylzE|385544|1905|198
2026-09-11|6iPsMGipDsM|87520|668|129
2026-09-11|ASa36z2KKCg|41003|951|50
2026-09-11|tE_jznE7FhY|377752|1928|474
2026-09-11|5PXjdr_Aeyw|110562|424|62
2026-09-11|NijY1Wcalp0|141696|969|110
2026-09-11|7c0nrWXpu2c|32585|344|8
2026-09-11|wmfopDi2FJo|539724|1996|234
2026-09-11|UjfaV2iM81Y|56043|435|21
2026-09-11|tb18ZxJrWkE|1435|9|0
2026-09-11|alOqdstv4A4|4986|34|0
2026-09-11|j9ZURX6TVlE|50210|340|20
2026-09-11|RcnqxTq37rU|14671|50|1
2026-09-11|A6ZamebNcHc|51455|178|109
2026-09-11|1iQOhaEOc1I|27695|224|8
2026-09-11|1Rj5KRT4BvA|1688|3|0
2026-09-11|sov_4vep8EY|1557|8|0
2026-09-11|zwNWvEeTtFY|170950|823|158
2026-09-11|MG2xUiu_s8k|5530|64|0
2026-09-11|7gvbfH2CbHU|28996|298|7
2026-09-11|l8pFMAZfeR0|61883|324|20
2026-09-11|CvkGKCYqd2E|173|0|0
2026-09-11|q2cSHHyQMTI|586|0|1
2026-09-11|RvqaUwbnQoI|135|0|0
2026-09-11|ngz_JVZIGgs|9|0|0
2026-09-11|9FFjmos9efk|65|0|0
2026-09-11|KHG-dDyoJl0|1758|34|2
2026-09-11|AMcj7A5OHI4|2181|25|1
2026-09-11|5rpqbGqGV8o|24083|294|4
2026-09-11|y_t91lku_9I|5665|146|4
2026-09-11|Gd7hCqc22Wc|89740|800|26
2026-09-11|T8yHZ7VyXtE|341019|3454|135
2026-09-11|bwsRtwNhJuI|19044|21|2
2026-09-11|tmQMdCLGs-A|29749|303|11
2026-09-11|CNEpPFClVes|351832|949|93
2026-09-11|6IOkM6A97KI|2756|94|2
2026-09-11|_HA6xLMwZ4o|8927|37|4
2026-09-11|vMZSfmH_krk|216963|1701|164
2026-09-11|8jg0fTMxrHo|13361|42|11
2026-09-11|UDA06RQWRHY|64514|194|1
2026-09-11|F-StjeV5lMo|317261|1004|36
2026-09-11|MIxz0jLSAdg|198519|524|80
2026-09-11|lYKdFLSsLB8|14|0|0
2026-09-11|OlMgnjVHTkk|30317|403|2
2026-09-11|4H08M8wXCkY|26148|174|1
2026-09-11|ckpz4Ue4AIc|182720|468|29
2026-09-11|MSs6CLqWLgc|64126|664|89
2026-09-11|p8Ke941xMcY|19695|454|4
2026-09-11|wxWhANEsJSA|199315|776|25
2026-09-11|C0rZDPyOlpY|118030|382|10
2026-09-11|Cv-8Z01BwOU|138626|797|11
2026-09-11|0XMWPca8sUs|4213|26|1
2026-09-11|CGv7QNmqNxg|377431|7624|996
2026-09-11|uAzyFYN8vN4|666479|5596|553
2026-09-11|8dSSenbgU8o|369518|2793|244
2026-09-11|nIwC-wyt388|132995|648|162
2026-09-11|Z9n98CBLco4|10164|113|2
2026-09-11|b20w9F17mQY|4070|41|0
2026-09-11|YLzckuuWsjY|31000|166|14
2026-09-11|IKprBRu7Eaw|99734|352|9
2026-09-11|dGcCIchWO5k|64782|199|25
2026-09-11|yNVEOG72hRo|11266|38|2
2026-09-11|zkmeH-owRXI|11244|24|1
2026-09-11|k9L8cjwN1w4|2052|10|1
2026-09-11|-PfVsNp1DwI|1335|10|1
2026-09-11|RItjBPANRtE|3592|16|1
2026-09-11|tu4KcWLvjiI|147665|309|42
2026-09-11|F10Hrh1Xszc|36589|184|14
2026-09-11|ym24UWFQJNI|3679|24|0
2026-09-11|LFBF2Vgei-E|49616|234|10
2026-09-11|Z5_zzBVBoxA|11106|2|0
2026-09-11|ec9oZ6vSiJA|8762|5|0
2026-09-11|oounUXvoTUo|1981|14|2
2026-09-11|jNc9MqpDcFw|1085|10|1
2026-09-11|ELco7IKLvjU|8619|54|1
2026-09-11|e4rylOzn5Wc|4255|20|1
2026-09-11|dRN8pnDKFyw|3121|20|1
2026-09-11|GW1Nm8aH3Ds|47627|168|5
2026-09-11|bP7X2Lzx0hs|31733|182|11
2026-09-11|zaaqguPBq5s|35756|216|6
2026-09-11|1sxv0BLf1V4|22242|130|6
2026-09-11|yWJRP_JrMBU|2095|28|0
2026-09-11|C4V5Pa9dw2A|2523|14|1
2026-09-11|Tz9L2UU77vs|2583|5|0
2026-09-11|rbC89lUgCdc|2352|12|1
2026-09-11|ZxQ76qJ71N4|3082|15|3
2026-09-11|-Q-ML2DT9aQ|3657|16|2
2026-09-11|0ekyh3yj3Es|9516|67|4
2026-09-11|fGtFUqINouo|1626|19|0
2026-09-11|tkLu4UNQ3zg|5222|50|0
2026-09-11|1fFC6tuoKhc|6991|49|3
2026-09-11|8uwdeohsFD8|5037|81|2
2026-09-11|qRhMZ3JIj-I|1561|20|1
2026-09-11|3qMxR9VuP1A|31569|302|22
2026-09-11|job1Iup__uY|83986|266|17
2026-09-11|hvcDAVMCQCc|103463|342|8
2026-09-11|o7RaYivmO28|38369|184|5
2026-09-11|pBgp4i1GFTk|43247|168|9
2026-09-11|Rw2hj54GUhU|34|0|0
2026-09-11|njc7m-tNtkk|11358|11|0
2026-09-11|Yg8mzbMttoM|7954|190|8
2026-09-11|BgFBCdfydlA|58699|137|34
2026-09-11|Mv7cwR6rSq4|6090|24|0
2026-09-11|RsNSjfLLzpQ|3394|0|0
2026-09-11|XyC8usR0I9E|40494|391|4
2026-09-11|IOkXzslRTzc|1535699|4676|264
2026-09-11|MEStZ8UaoQA|30326|132|16
2026-09-11|WWSYSAO50O8|84358|299|21
2026-09-11|oJR18v3bjE0|1747|24|1
2026-09-11|luTz3QoowrU|700773|34688|4015
2026-09-11|KcpfRdqIAfM|151071|607|114
2026-09-11|xp1AAxBmeZc|1023192|3436|129
2026-09-11|uazx-iAi-2U|506402|929|17
2026-09-11|_6qmcXUn-bs|218|0|0
2026-09-11|a9Lc9Zm8IuE|21|0|0
2026-09-11|k0YhrRG8rCc|75|0|0
2026-09-11|LXry-7mi7zk|1321|3|0
2026-09-11|lfjk1EYC2cw|22264|992|39
2026-09-11|b1rZ-fs4eWQ|2458|16|0
2026-09-11|rDcx-v5PH_M|10907|168|1
2026-09-11|XOPRfzz7p8w|3071|30|3
2026-09-11|DjRbG_htu28|19087|117|25
2026-09-11|I9SCN_9-vQQ|12088|158|2
2026-09-11|vPM7Ts3c9X4|55619|619|16
2026-09-11|1f4xLRUZIhg|2545|34|0
2026-09-11|EFeRkjg5MGk|1967|21|1
2026-09-11|KWtajD41RMA|157416|1239|33
2026-09-11|EeXU9ODZKQY|6|0|0
2026-09-11|hW0Bbxc8oDM|16853|58|1
2026-09-11|FpFwSk5BuG8|8355|122|2
2026-09-11|xqs-j36tnmY|94354|753|44
2026-09-11|3hPHVTa2bsE|7785|217|8
2026-09-11|CDWvZqOQlhk|92|0|0
2026-09-11|DCrh6BA6Ry0|1|0|0
2026-09-11|bruEy43O5Dk|117|0|0
2026-09-11|1qsvJk77tfU|163714|1252|307
2026-09-11|gQ1J7evt4cs|4238|14|1
2026-09-11|EKhvuMucDt4|34351|319|7
2026-09-11|ggyAFwNBLRU|3572|21|0
2026-09-11|7oVdy5bOepM|33570|183|21
2026-09-11|NgrJN1swacc|2837|71|2
2026-09-11|bYmFkqwvs5Y|5290|14|2
2026-09-11|0s0ZfHJbgqs|17633|135|2
2026-09-11|n9nxzyYRpmc|15245|29|1
2026-09-11|tfsigJp3oFQ|2986|15|0
2026-09-11|GIp5YaXSlHs|2527|9|0
2026-09-11|nSebht96FQ4|16385|18|1
2026-09-11|v9OYcQ4xrnI|4098|69|1
2026-09-11|4deDLUdeSkM|5717|88|0
2026-09-11|5Y2VM1MVcb0|1150|2|0
2026-09-11|Rv9mdETBlXw|17099|122|4
2026-09-11|yibtg3QI2UI|27776|147|9
2026-09-11|Q8zYCaDkxnk|1309|9|1
2026-09-11|3GydOQq-kFo|1622|9|1
2026-09-11|lJqKcQ0SvJI|3361|20|1
2026-09-11|SGts5P30Sd4|916|8|1
2026-09-11|fILz8a2biDw|977|10|1
2026-09-11|B1IDa6xxhso|5436|43|2
2026-09-11|BGT4eNOjvd4|20346|134|6
2026-09-11|OceT6naW800|6708|64|1
2026-09-11|Mnrzo2aUKEM|14900|161|1
2026-09-11|NZtB0_fv2Oc|5572|45|1
2026-09-11|Rg7DbDGjMDc|93748|232|21
2026-09-11|_8CRxXLLlJE|19160|218|1
2026-09-11|-lkEISDuslo|52682|117|10
2026-09-11|dvoHBaJWSZ4|90865|318|11
2026-09-11|HTyaK8Zt6P4|30463|131|7
2026-09-11|H87ukYguhTM|18024|127|8
2026-09-11|_NBGosd6rTo|25901|205|6
2026-09-11|7c5iZXDY3W8|85556|585|202
2026-09-11|sfg6En4uzG4|26732|50|2
2026-09-11|T-ZOQntHedQ|104832|358|12
2026-09-11|p2VqjRgWn2k|148764|329|6
2026-09-11|Tfm0hVK-F6A|25711|177|16
2026-09-11|IqrEqD_1gBI|15|1|0
2026-09-11|zvWNHRl1JVo|984574|10944|256
2026-09-11|-caHQzkklXU|51621|166|4
2026-09-11|A-Y3n1OAtxU|4773|44|3
2026-09-11|ES06EkYG8aw|47220|193|16
2026-09-11|iXmuZk6b6Fg|30946|60|4
2026-09-11|GUq-llbB958|36102|223|71
2026-09-11|CXMeyif96vw|6043|33|2
2026-09-11|wXDVhWXB8Cc|2671|27|0
2026-09-11|2T8y50nDf7E|256856|739|283
2026-09-11|2Y-6MckHgVk|247746|746|79
2026-09-11|t1Z4_Vr4U6w|40066|441|6
2026-09-11|EZ-m7a-vmAk|51786|353|5
2026-09-11|L-kefdHspWA|77807|404|1
2026-09-11|QyUsGkfHCZs|17236|17|0
2026-09-11|flBTa1PCBnE|4186|11|1
2026-09-11|dMeQzDFmsMU|36650|180|7
2026-09-11|il06huUc_oY|18835|162|3
2026-09-11|608uf0B6ZqE|47932|215|7
2026-09-11|LcUiCYB1Xxg|35728|196|7
2026-09-11|JSJqTMpLCQs|4258|21|2
2026-09-11|jcFTdlKy1LQ|1497|8|0
2026-09-11|bdUNhWNfp1E|1131|5|0
2026-09-11|LxZda6RCnJ8|1428|5|0
2026-09-11|JAiLSi8Mnjo|11883|82|0
2026-09-11|jbTTB7sR9zM|2385|15|0
2026-09-11|vuuO3r5__9c|2839|13|0
2026-09-11|qHiKveUNos4|1325|3|0
2026-09-11|cua8dCfAn44|2041|8|0
2026-09-11|7d4c-SXk8Qc|577|9|0
2026-09-11|TXNjgkV3b8U|114743|129|2
2026-09-11|bl2hvfrybX0|16673|41|4
2026-09-11|UXVIHlFb3fw|610315|4164|1952
2026-09-11|iNMvUYjaieA|11484661|412857|32050
2026-09-11|YH7MQvEMXck|309233|1532|301
2026-09-11|tN-wr-0RBGU|238605|687|107
2026-09-11|8K2RVMjZZWc|456579|1434|186
2026-09-11|63faN_TCdzI|443793|1509|195
2026-09-11|FMagaMh2fRo|138|3|0
2026-09-11|_uib5bJEmhg|206|12|0
2026-09-11|zwChsMOq-Tk|51783|590|55
2026-09-11|gHo7EVMCIHY|1731|52|0
2026-09-11|Wh5nBUz3_wQ|81050|868|28
2026-09-11|CylZzW7GyXA|98995|565|78
2026-09-11|cXuT5SRwDVA|22701|163|10
2026-09-11|ug1IZ4roTQg|54277|421|3
2026-09-11|l9NphSacQ1Y|6627|19|24
2026-09-11|V1I38fnk0KQ|56792|264|9
2026-09-11|iHhxWDChT-M|29660|165|3
2026-09-11|3jPmgi4hpG0|54044|240|17
2026-09-11|y9GhSkx7ry8|64562|224|25
2026-09-11|6qfFc4x01Hc|12738|37|4
2026-09-11|gamGhIaKwu0|14512|130|4
2026-09-11|_11HL2ltHic|9956|136|1
2026-09-11|UGgxlUjb3oA|33126|202|4
2026-09-11|x3aSvX3jJ4s|941298|2090|43
2026-09-11|-u29CvmZDGI|15368|25|0
2026-09-11|ug9M5tuMzss|15713|16|1
2026-09-11|xdSCRAW6-Sk|24762|64|5
2026-09-11|9g3D4UnF5Yc|31756|53|3
2026-09-11|ot90Ykuty38|106346|1022|78
2026-09-11|my6aOs2mW64|3865|43|0
2026-09-11|UJRgE11njmo|556|5|0
2026-09-11|dZ9yhJLuXX0|26287|162|21
2026-09-11|Vz-wYfgnjT4|16025|128|0
2026-09-11|APHK70cOURg|93767|886|14
2026-09-11|LhlmXNO5Fc0|243572|1788|10
2026-09-11|Avc3nW8508A|18495|104|2
2026-09-11|kZPZmUocUao|12715|40|1
2026-09-11|QgGn-DFBNWI|38075|242|21
2026-09-11|siNk-uYGQ1c|721144|1890|461
2026-09-11|BoEoZbaSjFw|15853|28|3
2026-09-11|q8mYGfuQL04|1695|12|0
2026-09-11|sqvosVRz0wE|1883|8|1
2026-09-11|5vRXuizu4Eo|16871|182|6
2026-09-11|HmhMtIMUdEY|9904|86|1
2026-09-11|IjAQQARlQnw|1452|5|0
2026-09-11|JdMC9Br5RiE|4434|53|1
2026-09-11|pnpDqotafy4|2936|39|0
2026-09-11|1s6xulhQNSc|3186|24|0
2026-09-11|4XZakznmGMo|4798|135|1
2026-09-11|cKWgwKAlKL8|22490|152|4
2026-09-11|EmGZlc03rBs|10834|99|1
2026-09-11|RHLSS1ealfY|142439|840|9
2026-09-11|fZO81NsuY0I|21805|160|3
2026-09-11|dG8iH0D7g9Q|4441|31|3
2026-09-11|v2a8XISkrM0|1394|5|0
2026-09-11|slrcw1giiz4|7954|11|1
2026-09-11|WqgTwbCKrb4|14949|119|5
2026-09-11|-zO2ubCL2zk|29834|70|5
2026-09-11|dieaOblVd9c|31551|491|31
2026-09-11|p0HhnUJ9V-U|380028|1740|38
2026-09-11|HdTAIqvVF-A|89646|466|7
2026-09-11|Td4vWXGxNGk|42344|274|3
2026-09-11|R39xZb2PRT0|14701|56|4
2026-09-11|eq4HLAJyckY|54559|705|4
2026-09-11|c6TiKgs95zU|247410|6320|41
2026-09-11|pR0jEcn11xQ|19168|129|4
2026-09-11|VvPXmeA6kjA|330896|1017|33
2026-09-11|CY-s4OQi5sY|497731|1625|120
2026-09-11|9jNmYK9jFh8|560707|3153|269
2026-09-11|4bJL3Z27DVo|425394|963|198
2026-09-11|XkbmSkG_X4Y|165|0|0
2026-09-11|15u0_6fQ8m0|22593|75|73
2026-09-11|SillAEDfG-w|484|0|1
2026-09-11|5XpMNtm76mw|443009|9275|411
2026-09-11|qx04-MuuEPA|80260|253|2
2026-09-11|Tw1wJ5K0dCc|8399|35|0
2026-09-11|kDdBLsFPWN4|1243|0|1
2026-09-11|bxI17dhip88|41774|339|5
2026-09-11|kTSUU2Ugpcc|4298|35|2
2026-09-11|RIe0FGLhKCA|2792|37|1
2026-09-11|sSuiYiHeEVs|141|4|0
2026-09-11|mHJkPIdaKXU|2009|0|0
2026-09-11|yE1eDMMLbdU|302|0|0
2026-09-11|EOjWprK31ak|278|0|0
2026-09-11|_L9q9F27M1o|102882|1726|151
2026-09-11|cLoocnmkw6A|1075230|3084|392
2026-09-11|nsD5D4BvpZQ|2862|43|1
2026-09-12|NiUP1Pg14RQ|356243|9243|824
2026-09-12|UxvgtLPqUkk|5256|4|2
2026-09-12|NIOQ4Gp8J5c|1391|8|0
2026-09-12|ykCzLFdnv6o|1652|33|1
2026-09-12|RQSsIzE2Gsc|3233|25|0
2026-09-12|UKrTzjb1-qo|1418|10|1
2026-09-12|Dx9Kq7zLdW8|1496|16|0
2026-09-12|ZZAVHEIl0g4|13902|153|3
2026-09-12|9bn3a4CzQqI|6597|81|1
2026-09-12|i31GbXn4fnI|19365|236|3
2026-09-12|y3tPmLm9akw|1484|25|1
2026-09-12|nNIMWnXPQkY|4651|45|1
2026-09-12|C7C7WvO6gyE|263702|621|212
2026-09-12|xIfW_vUbn_M|69242|845|77
2026-09-12|aZcUWMQQuc8|17245|79|5
2026-09-12|b1M1jKBUURw|51289|1701|130
2026-09-12|PeitgWu6Yj8|874231|56537|4541
2026-09-12|k_UHmuXb3I8|3226|72|3
2026-09-12|fj5KUv8_o6I|641|6|16
2026-09-12|xeA67844Snk|808|5|9
2026-09-12|7O-NBeGRvz0|7683|91|0
2026-09-12|dPEoy2JI53I|10484|23|5
2026-09-12|Jx5aN-_K72A|29973|317|4
2026-09-12|IshGYa9xzBY|4417|65|1
2026-09-12|Zkkt4CTdLUM|76079|229|12
2026-09-12|Qh5b6wwCznk|108904|526|56
2026-09-12|Ji6E_lsYyJY|6478|18|0
2026-09-12|FTJa3m2QHa8|18962|157|70
2026-09-12|wj7Os9z4Tw8|1435|11|9
2026-09-12|Tn9rYnoNOO8|24608|143|77
2026-09-12|luEbGWSuusQ|2567|12|0
2026-09-12|EIPWgJiriL8|15363|77|100
2026-09-12|ncr5O5O0GU4|3397|35|2
2026-09-12|TwLspoLZnDs|8084|119|7
2026-09-12|pY-v45fWo_c|1132|8|0
2026-09-12|j2lhfLCUvaA|147234|407|76
2026-09-12|1lhZlQq7iOw|206586|650|257
2026-09-12|vY8kYkRNjc4|254487|583|152
2026-09-12|On-WGpnQv5k|49399|103|0
2026-09-12|gkFGDDmWGFM|81292|423|48
2026-09-12|ZOJlw8XJEfM|43096|321|1
2026-09-12|xq3sAcwcB-U|7366|22|0
2026-09-12|Cs-4XgT4_I8|40591|71|2
2026-09-12|Lp_KAYxDMgA|22766|521|51
2026-09-12|C8o23bh23jA|13133|8|0
2026-09-12|ixLZDxJ8tP8|51268|328|1
2026-09-12|uqV6_jqCkQg|680361|1278|138
2026-09-12|RsBKM1FdXOs|25475|259|0
2026-09-12|BcyVgvdvQJE|8795|32|1
2026-09-12|eni_km6IV8Y|303902|2868|12
2026-09-12|O7ZEKsCQT3g|29186|295|3
2026-09-12|xJPycQxd074|141|1|1
2026-09-12|Vct47kyp7n8|2021|2|2
2026-09-12|I2mwQPvQqBo|110|1|1
2026-09-12|7EVzAoNrIRw|293|17|0
2026-09-12|paXgcTOqNbg|123044|1655|172
2026-09-12|i6Vi0SHcMJc|253167|2105|159
2026-09-12|90ssj9w_P4I|353142|5597|475
2026-09-12|4SN5kp_LH-s|1279631|2521|378
2026-09-12|UuoYKHIYq4Q|3802233|9427|628
2026-09-12|_UIb_NddJHg|148835|717|43
2026-09-12|JJx_WQXOeK0|86966|1473|20
2026-09-12|8iSq04OgdiY|352907|1674|159
2026-09-12|7bmkhG8OPCc|549996|3487|455
2026-09-12|0xflJQFe4Oo|17997|85|9
2026-09-12|4F_yDjq0vm0|31237|112|15
2026-09-12|vpuhpzRzhnw|148305|1259|236
2026-09-12|pic8cVlgkQ0|44763|573|19
2026-09-12|vmaUU6qqtaA|194|15|0
2026-09-12|h9PgaBSbom0|29|1|0
2026-09-12|X8LF3DjWsFs|1092|28|0
2026-09-12|24zgW1bgDDI|17680|42|19
2026-09-12|XEOK9sSWFQo|25393|180|0
2026-09-12|cRhKOKYBu0w|5441|20|11
2026-09-12|GMKd8QrV8iA|8665|12|1
2026-09-12|P7es2ely19I|3942|35|1
2026-09-12|x0K3SE4SZtk|4972|1|0
2026-09-12|hWThErB0F4k|2258|8|0
2026-09-12|3Wz1LeREY8g|7965|55|0
2026-09-12|R_lFh2qVEgc|12159|52|4
2026-09-12|MVR5Go14OgE|3944|41|2
2026-09-12|YSUTg_U3No8|14839|35|2
2026-09-12|ptBkGF8E1yE|2546|11|0
2026-09-12|QzuRKLkvMfc|1349|21|1
2026-09-12|eHEhQLqgBtE|12506|72|6
2026-09-12|kbD7a8Z-DAg|15022|96|14
2026-09-12|yt5PpUB-2pU|50646|241|26
2026-09-12|FtwUSS2eXTM|34915|159|26
2026-09-12|Qgp8k0zybDE|6920|55|3
2026-09-12|Q1n4fJAWs20|21677|142|8
2026-09-12|m90eqaP9EBk|13870|110|5
2026-09-12|aAnWXF9MVec|23431|145|4
2026-09-12|HeKQLQut3mI|18812|118|3
2026-09-12|qKHY0nm2phM|29661|214|7
2026-09-12|MXUwiH4synw|25009|147|4
2026-09-12|pfay4RX6Veg|92684|359|18
2026-09-12|sQKic8h0M3w|2252|23|0
2026-09-12|d-eCmvN_fPo|6968|457|51
2026-09-12|oRKn9xDaRAY|4675|205|23
2026-09-12|RMgKkfIR8vw|40213|190|15
2026-09-12|7M5vdvCP9Mw|6289|13|4
2026-09-12|EEAusWa2IHQ|9429|15|0
2026-09-12|OY6n-YYCO_s|7465|91|14
2026-09-12|ejrEeFJ5UmA|2630|7|0
2026-09-12|zS33PT9UPj0|2|0|0
2026-09-12|yvByPMzMZ9k|16|0|0
2026-09-12|KD7WYPnNqsg|5654|52|2
2026-09-12|Wlv1C4EkZcg|7|0|0
2026-09-12|45grQ1elZ_Y|4|0|0
2026-09-12|ssoh_Rd6SPw|11|0|0
2026-09-12|h82gnUwTiFU|2872|5|0
2026-09-12|HxTvuLlQG9I|9662|9|0
2026-09-12|noG9JJW61ak|8715|20|0
2026-09-12|FwmxJJDYtD0|102085|1000|95
2026-09-12|r5Xp5GxQE_w|3751|21|0
2026-09-12|6c_D06DiSME|2116|18|0
2026-09-12|8cDbzqATR74|5447|58|2
2026-09-12|T49NlqZgyjI|12714|68|1
2026-09-12|IQV7ZatC5lA|645073|4650|93
2026-09-12|TmeNj9sTqnA|22775|186|10
2026-09-12|BByk1j1-Hd8|17894|90|3
2026-09-12|sjoU-3QySzk|5526|65|3
2026-09-12|2sjxU4tZuZA|34702|226|23
2026-09-12|1Dy0aPkmrp8|221823|1242|7
2026-09-12|LcxWubGRyV4|1854|23|3
2026-09-12|sFwxBxSkIMc|1015463|4722|127
2026-09-12|6ZrgdsvDQzw|191243|643|99
2026-09-12|nmxvKiskElw|127828|622|87
2026-09-12|NNMlcSDGbTo|2224|11|0
2026-09-12|CwVLWj-t2tY|178233|460|79
2026-09-12|B3IIswOs2ys|97671|1179|20
2026-09-12|46_dNk9w8FI|660170|842|269
2026-09-12|vwdGInr8zCo|106|7|0
2026-09-12|OUPH64ypcSQ|73228|724|51
2026-09-12|WP42MrkmgFU|49957|214|4
2026-09-12|kexBwotmCmU|255|6|0
2026-09-12|kkAgCflbeIA|21186|126|2
2026-09-12|8YeZjM91_E4|23834|275|9
2026-09-12|LUPF7bRG5Mo|73190|404|9
2026-09-12|mAYX_Ldl3C4|257551|705|21
2026-09-12|TOOg_82wO60|5622|21|0
2026-09-12|fepoTZ43vgQ|8968|29|0
2026-09-12|bBJwP7nWxdA|95|0|0
2026-09-12|bTP0va9i3j4|225|1|0
2026-09-12|qINnY747zZM|194|2|0
2026-09-12|6jfJIqjCbgQ|18489|95|13
2026-09-12|FMh0hd0hCQs|39507|129|5
2026-09-12|HrO0nfuNXl0|21742|116|11
2026-09-12|JRuBZQLjFrY|43245|173|8
2026-09-12|cCVFoMCkDek|60778|222|20
2026-09-12|yPuZrbtwy48|59517|186|29
2026-09-12|DYtUhSpkA9Y|48865|244|7
2026-09-12|E3wl-sUSG_g|50130|218|11
2026-09-12|McjW_HD5zK4|34236|158|5
2026-09-12|Js5gTaRB3cM|21163|131|4
2026-09-12|pMWME3ZBhAc|38861|143|4
2026-09-12|TpTDWP7plx8|35483|160|10
2026-09-12|v5BJc_a9xjI|33374|137|10
2026-09-12|8IxF-TtnNuI|47372|168|11
2026-09-12|8BVG6GxQH_A|60473|184|23
2026-09-12|RUfFn5ZOa74|136492|263|47
2026-09-12|7Qh4A12cqwo|75324|538|2
2026-09-12|YIRVQryGCvE|5387|10|0
2026-09-12|DXtl7jB0vw0|20438|331|7
2026-09-12|8pgBPJO_v-I|8004|86|0
2026-09-12|6wEhJqWIPKo|75838|300|276
2026-09-12|djnXU-YVKgQ|3184|10|0
2026-09-12|0g00nhZgdVo|1841|10|0
2026-09-12|Whq68yvQWs8|7876|47|4
2026-09-12|x_Vlx40hgEw|173555|807|190
2026-09-12|i3UGSZ37LpM|127846|1680|128
2026-09-12|nmMqBDd9EWw|419447|4311|315
2026-09-12|uwIXg7Fj4dA|206287|526|96
2026-09-12|1e5dcDsWHFQ|66430|273|12
2026-09-12|wEo0JEJOGHg|3945|7|0
2026-09-12|CnWBUD0zO70|59804|99|3
2026-09-12|bj0Pdam68N8|2543|3|1
2026-09-12|RdUV9Ms5GM4|6028708|146231|7034
2026-09-12|nIOXG4Rp2bQ|1370|7|0
2026-09-12|n_yjle3cC-0|22279|289|12
2026-09-12|4czdo7b78wU|21468|148|0
2026-09-12|X2DIWfOH-1M|12703|59|7
2026-09-12|3bWMlwBKlgU|46468|169|17
2026-09-12|wsZhRPNVdU8|66931|205|8
2026-09-12|mBTsmNFuziY|31017|296|16
2026-09-12|uyU71K-RBSQ|12268|25|1
2026-09-12|-kvaDi2JTJ4|2134|11|0
2026-09-12|7OoUzvVJ0bk|12850|16|0
2026-09-12|sRjxuwchQsw|5120|6|0
2026-09-12|ItPgQ1aZXDs|8171|21|0
2026-09-12|qhZjj-I81uU|198|2|0
2026-09-12|uBIrqggMoIc|21795|133|10
2026-09-12|0qSAUnLWrqk|21630|154|6
2026-09-12|ct3zcwNsk-A|18299|79|1
2026-09-12|vZ39inSrdIs|4511|81|7
2026-09-12|3VXesHhw0JA|1811|23|1
2026-09-12|2WJ5EvDbqss|2685|30|0
2026-09-12|ppc1YU099XM|307938|1192|135
2026-09-12|MXCT5ry0mKs|110450|1255|110
2026-09-12|yd5K0dpRzKQ|36058|307|16
2026-09-12|8OUV5sYwQ4Y|18875|205|8
2026-09-12|4KhlwScqaKk|43494|329|16
2026-09-12|WF6fGSUlXIg|25943|266|21
2026-09-12|vcVI-GZoYXA|10193|23|0
2026-09-12|kS7OAC3Z5G4|1024|3|0
2026-09-12|m_3HOx-G1wE|2089|11|3
2026-09-12|Ppu0l6CNZZY|66044|390|115
2026-09-12|qa-ZBgAbo4Y|10359|124|0
2026-09-12|gYtBZfmgiA8|130551|415|273
2026-09-12|VMvFRagMXBg|30719|82|13
2026-09-12|EFejLyJvl7A|9582|103|1
2026-09-12|jID7ty4xu_8|343639|539|83
2026-09-12|299u8YvP3zo|446873|1265|75
2026-09-12|SGwfHgg2k6g|29021|78|1
2026-09-12|uk9xseB-M9g|4578|71|1
2026-09-12|Qjuag5ldpHo|806|16|10
2026-09-12|rKHWU6oGAsI|13937|24|3
2026-09-12|5HYvbYyo_0Y|32397|129|19
2026-09-12|a7e5vx_QZbk|669304|8176|532
2026-09-12|CRcX9hS-WPQ|4531|89|1
2026-09-12|ChcLd73KW1U|4406|58|0
2026-09-12|4eft5MTBG_c|1237|0|0
2026-09-12|6liYYJ0x10Q|13286|117|0
2026-09-12|zpJrNo7P8zg|172|0|0
2026-09-12|KGNtdLUBWRE|47|0|0
2026-09-12|rYk14qaytf8|39519|416|2
2026-09-12|5CWFrdVGPbU|4002|21|3
2026-09-12|7Z8DFZzzk_o|26837|64|0
2026-09-12|AV7gFs-4K2k|8351|39|2
2026-09-12|SkJQr78_QWc|26091|292|3
2026-09-12|ipXKr3uMpTY|151|0|0
2026-09-12|jWAEWYzBdQw|60014|113|13
2026-09-12|BoXtVuhWYgI|70|0|0
2026-09-12|UnzrxpdZYZ4|60392|472|17
2026-09-12|75v8cD3SShI|35389|317|6
2026-09-12|7GvaGKHHOn8|70|0|0
2026-09-12|ktQ7BM7BOnI|24128|59|12
2026-09-12|tE_jznE7FhY|448523|2114|508
2026-09-12|og7-9L_9iSY|270916|1780|41
2026-09-12|u7l7tHqIlew|45370|481|7
2026-09-12|UWKlnoL_F_Y|205886|603|91
2026-09-12|r8OtKNA8F9w|276388|978|167
2026-09-12|-b5BepLcNUc|117637|1118|6
2026-09-12|ZTULljQsHfM|58410|559|0
2026-09-12|uUE-luhivmk|57051|525|11
2026-09-12|0VqX73T1H5g|11086|42|0
2026-09-12|ASa36z2KKCg|62676|1877|87
2026-09-12|9N4i7fEM7Sk|2188755|21707|273
2026-09-12|6iPsMGipDsM|121057|860|154
2026-09-12|nY_LrRTMG7I|5049|56|0
2026-09-12|brx5WzfsOVM|65000|551|15
2026-09-12|KRYqJnnKKz8|1029463|4097|55
2026-09-12|aKC4iCIffbY|34240|230|0
2026-09-12|qb1ra-x-7sM|21432|239|1
2026-09-12|g9LHSyGvY8Y|8937|50|1
2026-09-12|3CRJyWwc6KM|2487|28|2
2026-09-12|MNyZ698hf6c|30037|479|8
2026-09-12|vMfbtb9WwxY|1661|23|0
2026-09-12|-q1Vp65e9G8|1455|24|0
2026-09-12|HlcXS5vwo1I|1907661|22792|355
2026-09-12|lK4AIAF5o9E|91504|782|3
2026-09-12|rX47NF6nh4o|105729|617|13
2026-09-12|muOpUQ2i7XA|4030|67|9
2026-09-12|TY8GtGj6a20|63676|273|10
2026-09-12|KwdceWNKovw|607249|3764|219
2026-09-12|5rpqbGqGV8o|24697|296|5
2026-09-12|IZ0616uqq0Y|23439|310|8
2026-09-12|sYpFzP27BBc|2168|8|0
2026-09-12|XXppKfaaruQ|56363|155|23
2026-09-12|1zVPJ5mCNL8|3560|13|0
2026-09-12|TKzs40IFBII|53709|218|8
2026-09-12|GyNiQ9l_LBQ|54781|192|6
2026-09-12|pYAVtuWE9W4|65791|209|9
2026-09-12|zqj3kR0PBJ8|5538|0|0
2026-09-12|d1iMltt1Wa4|22922|132|6
2026-09-12|y3CeSMKuBUk|42343|193|8
2026-09-12|6-3oTImdb5U|35278|190|5
2026-09-12|CtGUoVl8Yok|2978|9|0
2026-09-12|rhDzjQZ7BDw|103887|329|13
2026-09-12|Lyy7LeZkims|68459|175|25
2026-09-12|Jde6_176gS0|1916|43|1
2026-09-12|jiiJwedBJdQ|68836|214|10
2026-09-12|IQGfo1rqWu0|12267|10|0
2026-09-12|vQsP3Dlaf60|8083|22|1
2026-09-12|wgwkz-yUAHY|20003|118|6
2026-09-12|JLga0Cwb3Zs|60223|172|5
2026-09-12|hSIH9co-R3s|88760|209|17
2026-09-12|axjBz3LxhV8|11613|6|0
2026-09-12|-zDilwppecE|10114|7|0
2026-09-12|Mfhs4khBZeE|91114|266|17
2026-09-12|8AHSL0u49ZE|7151|24|0
2026-09-12|d-lQD52xQ_w|1538|7|0
2026-09-12|Mi91S6bzBKA|2759|73|1
2026-09-12|728QhYUn09E|1463|7|0
2026-09-12|BUEB-dtE24o|615|1|0
2026-09-12|eVVK_vHlXl8|3116|9|1
2026-09-12|1UDY6AjawnY|3897|20|0
2026-09-12|qZ2FVFhy_5c|1818|52|3
2026-09-12|197K_CzeS6Q|19291|59|32
2026-09-12|lM4ZOKWlBnE|2525|142|8
2026-09-12|i4Q7sevKaus|947|25|1
2026-09-12|62jv-sSk4vs|2166|65|5
2026-09-12|mb5uFMh-Mhs|9591|52|1
2026-09-12|dIYZkT10jew|1369|82|7
2026-09-12|Wqq3eMzYrAA|1667|91|2
2026-09-12|aQoqcZJgjUs|13475|51|1
2026-09-12|zOmyXlgky4g|13192|21|1
2026-09-12|954rjD54wAU|6425|8|1
2026-09-12|jXRvFN47bMI|19476|56|6
2026-09-12|2muJCahl3tI|6300|41|0
2026-09-12|xNC65iJdFdc|11865|4|1
2026-09-12|CvkGKCYqd2E|180|0|0
2026-09-12|2FIc7esN2Q4|37485|172|7
2026-09-12|tb18ZxJrWkE|1604|8|0
2026-09-12|54IFc8K7J7w|439115|1124|38
2026-09-12|r5K12ZSqbhc|173917|1170|95
2026-09-12|ARw0J3F8fSE|564141|1143|58
2026-09-12|3oZ2k36I7kM|46085|164|7
2026-09-12|AGsV4u72Xew|9363|69|7
2026-09-12|A6ZamebNcHc|61835|202|110
2026-09-12|ei8gk-KcvuY|314885|4609|125
2026-09-12|7gvbfH2CbHU|30752|306|7
2026-09-12|jdyC__ccGbw|118288|672|61
2026-09-12|HhI2aJKm590|3340|19|5
2026-09-12|9FFjmos9efk|75|0|0
2026-09-12|ngz_JVZIGgs|32|0|0
2026-09-12|RvqaUwbnQoI|196|0|0
2026-09-12|KHG-dDyoJl0|1887|35|2
2026-09-12|y_t91lku_9I|6660|160|4
2026-09-12|AMcj7A5OHI4|2506|29|1
2026-09-12|MG2xUiu_s8k|8189|83|0
2026-09-12|S9DkUpsK1D8|11314|26|3
2026-09-12|mg-bBDIovP8|10379|12|3
2026-09-12|SZkH-ffoIOw|8723|15|3
2026-09-12|7c0nrWXpu2c|43657|462|13
2026-09-12|wmfopDi2FJo|696550|2367|277
2026-09-12|fksdxa-ylzE|489493|2183|225
2026-09-12|UjfaV2iM81Y|71599|548|67
2026-09-12|5PXjdr_Aeyw|136506|492|68
2026-09-12|NijY1Wcalp0|172138|1049|118
2026-09-12|j9ZURX6TVlE|72048|516|38
2026-09-12|l8pFMAZfeR0|91580|431|25
2026-09-12|5DKM2DQZGM4|109125|221|4
2026-09-12|1iQOhaEOc1I|41891|269|11
2026-09-12|alOqdstv4A4|5383|35|0
2026-09-12|G7dJlbn43Yc|18255|207|8
2026-09-12|RcnqxTq37rU|17769|59|1
2026-09-12|1Rj5KRT4BvA|1812|3|0
2026-09-12|sov_4vep8EY|1625|8|0
2026-09-12|zwNWvEeTtFY|174723|825|158
2026-09-12|Cv-8Z01BwOU|166930|1075|12
2026-09-12|XOPRfzz7p8w|3567|30|3
2026-09-12|UDA06RQWRHY|65736|200|1
2026-09-12|CNEpPFClVes|383990|1021|98
2026-09-12|I9SCN_9-vQQ|12421|163|2
2026-09-12|1f4xLRUZIhg|2730|37|0
2026-09-12|EFeRkjg5MGk|2050|22|1
2026-09-12|rDcx-v5PH_M|11556|172|1
2026-09-12|zkmeH-owRXI|11383|26|1
2026-09-12|OlMgnjVHTkk|35158|445|2
2026-09-12|4H08M8wXCkY|26185|174|1
2026-09-12|yNVEOG72hRo|11553|38|2
2026-09-12|8dSSenbgU8o|428013|3177|272
2026-09-12|k9L8cjwN1w4|2082|11|1
2026-09-12|-PfVsNp1DwI|1360|11|1
2026-09-12|RItjBPANRtE|3640|17|1
2026-09-12|oounUXvoTUo|2020|14|2
2026-09-12|uAzyFYN8vN4|984465|8358|679
2026-09-12|b20w9F17mQY|4216|41|1
2026-09-12|C0rZDPyOlpY|118190|381|10
2026-09-12|vMZSfmH_krk|310640|2173|196
2026-09-12|tmQMdCLGs-A|33381|323|11
2026-09-12|bwsRtwNhJuI|19122|21|2
2026-09-12|CGv7QNmqNxg|406448|7892|1005
2026-09-12|KWtajD41RMA|181701|1394|36
2026-09-12|vPM7Ts3c9X4|59460|651|17
2026-09-12|DjRbG_htu28|21332|118|26
2026-09-12|F-StjeV5lMo|329379|1061|36
2026-09-12|Gd7hCqc22Wc|90322|801|26
2026-09-12|6IOkM6A97KI|2874|98|2
2026-09-12|_HA6xLMwZ4o|9033|37|4
2026-09-12|ggyAFwNBLRU|3797|21|0
2026-09-12|nSebht96FQ4|18320|17|1
2026-09-12|ckpz4Ue4AIc|226340|587|34
2026-09-12|jNc9MqpDcFw|1121|10|1
2026-09-12|ELco7IKLvjU|8746|53|1
2026-09-12|ym24UWFQJNI|3813|24|0
2026-09-12|tkLu4UNQ3zg|5783|55|1
2026-09-12|nIwC-wyt388|133614|648|163
2026-09-12|MIxz0jLSAdg|204578|532|75
2026-09-12|hvcDAVMCQCc|106080|342|8
2026-09-12|job1Iup__uY|85929|268|17
2026-09-12|T8yHZ7VyXtE|354224|3541|136
2026-09-12|3qMxR9VuP1A|32675|310|22
2026-09-12|qRhMZ3JIj-I|1580|21|1
2026-09-12|8uwdeohsFD8|6086|91|2
2026-09-12|fGtFUqINouo|1664|19|0
2026-09-12|p8Ke941xMcY|22108|516|4
2026-09-12|0ekyh3yj3Es|20090|186|24
2026-09-12|-Q-ML2DT9aQ|3695|16|2
2026-09-12|8jg0fTMxrHo|20001|65|33
2026-09-12|ZxQ76qJ71N4|3115|15|3
2026-09-12|rbC89lUgCdc|2364|12|1
2026-09-12|Tz9L2UU77vs|2682|5|0
2026-09-12|yWJRP_JrMBU|2226|29|1
2026-09-12|MSs6CLqWLgc|90146|755|96
2026-09-12|o7RaYivmO28|41944|186|5
2026-09-12|pBgp4i1GFTk|44346|171|9
2026-09-12|1sxv0BLf1V4|23090|130|6
2026-09-12|zaaqguPBq5s|36232|218|6
2026-09-12|e4rylOzn5Wc|4288|20|1
2026-09-12|Z9n98CBLco4|10413|115|2
2026-09-12|wxWhANEsJSA|202834|786|25
2026-09-12|lYKdFLSsLB8|15|0|0
2026-09-12|C4V5Pa9dw2A|2569|15|1
2026-09-12|dRN8pnDKFyw|3172|21|2
2026-09-12|ec9oZ6vSiJA|9949|7|0
2026-09-12|Z5_zzBVBoxA|12628|5|0
2026-09-12|njc7m-tNtkk|12181|11|0
2026-09-12|LFBF2Vgei-E|52904|240|10
2026-09-12|F10Hrh1Xszc|38737|191|14
2026-09-12|YLzckuuWsjY|31820|168|14
2026-09-12|tu4KcWLvjiI|181283|338|44
2026-09-12|0XMWPca8sUs|4704|27|1
2026-09-12|IKprBRu7Eaw|109921|365|9
2026-09-12|GW1Nm8aH3Ds|48792|169|5
2026-09-12|bP7X2Lzx0hs|33182|183|11
2026-09-12|dGcCIchWO5k|65438|204|25
2026-09-12|1fFC6tuoKhc|7811|51|4
2026-09-12|3hPHVTa2bsE|8191|224|8
2026-09-12|bruEy43O5Dk|141|0|0
2026-09-12|gQ1J7evt4cs|4514|14|1
2026-09-12|NgrJN1swacc|2986|72|2
2026-09-12|xp1AAxBmeZc|1047154|3500|132
2026-09-12|1qsvJk77tfU|168612|1270|310
2026-09-12|WWSYSAO50O8|91250|317|26
2026-09-12|DCrh6BA6Ry0|1|0|0
2026-09-12|IOkXzslRTzc|1620865|4843|274
2026-09-12|bYmFkqwvs5Y|5699|14|2
2026-09-12|XyC8usR0I9E|42629|404|4
2026-09-12|0s0ZfHJbgqs|23436|177|4
2026-09-12|MEStZ8UaoQA|32025|139|16
2026-09-12|n9nxzyYRpmc|16113|30|1
2026-09-12|tfsigJp3oFQ|3165|17|0
2026-09-12|CDWvZqOQlhk|150|0|0
2026-09-12|EKhvuMucDt4|35309|326|7
2026-09-12|b1rZ-fs4eWQ|2574|17|0
2026-09-12|RsNSjfLLzpQ|3437|0|0
2026-09-12|Mv7cwR6rSq4|6905|29|0
2026-09-12|LXry-7mi7zk|1335|3|0
2026-09-12|hW0Bbxc8oDM|18694|66|1
2026-09-12|FpFwSk5BuG8|8669|130|3
2026-09-12|GIp5YaXSlHs|2587|9|0
2026-09-12|7oVdy5bOepM|34319|183|21
2026-09-12|EeXU9ODZKQY|6|0|0
2026-09-12|_6qmcXUn-bs|268|0|0
2026-09-12|k0YhrRG8rCc|172|0|0
2026-09-12|lfjk1EYC2cw|23895|1036|39
2026-09-12|luTz3QoowrU|883293|37785|4386
2026-09-12|Yg8mzbMttoM|8303|193|8
2026-09-12|a9Lc9Zm8IuE|28|0|0
2026-09-12|oJR18v3bjE0|1926|24|1
2026-09-12|v9OYcQ4xrnI|5510|102|2
2026-09-12|4deDLUdeSkM|7349|110|0
2026-09-12|BgFBCdfydlA|60729|137|37
2026-09-12|5Y2VM1MVcb0|1195|2|0
2026-09-12|xqs-j36tnmY|110673|857|47
2026-09-12|uazx-iAi-2U|552087|970|17
2026-09-12|Rw2hj54GUhU|50|0|0
2026-09-12|KcpfRdqIAfM|157093|634|118
2026-09-12|4XZakznmGMo|4904|137|1
2026-09-12|-caHQzkklXU|53413|172|4
2026-09-12|cKWgwKAlKL8|22556|154|4
2026-09-12|jcFTdlKy1LQ|1536|8|0
2026-09-12|JSJqTMpLCQs|4293|23|2
2026-09-12|iXmuZk6b6Fg|31677|61|1
2026-09-12|UJRgE11njmo|558|5|0
2026-09-12|GUq-llbB958|39767|243|71
2026-09-12|CY-s4OQi5sY|529143|1722|125
2026-09-12|bdUNhWNfp1E|1147|6|0
2026-09-12|wXDVhWXB8Cc|2749|27|0
2026-09-12|gHo7EVMCIHY|1736|52|0
2026-09-12|9jNmYK9jFh8|582481|3202|271
2026-09-12|Wh5nBUz3_wQ|82487|880|28
2026-09-12|VvPXmeA6kjA|363278|1108|33
2026-09-12|Vz-wYfgnjT4|16767|132|0
2026-09-12|4bJL3Z27DVo|430794|967|197
2026-09-12|SillAEDfG-w|547|0|1
2026-09-12|XkbmSkG_X4Y|168|0|0
2026-09-12|LxZda6RCnJ8|1433|5|0
2026-09-12|T-ZOQntHedQ|106896|364|12
2026-09-12|ot90Ykuty38|112753|1077|91
2026-09-12|_8CRxXLLlJE|19509|224|1
2026-09-12|3GydOQq-kFo|1612|9|1
2026-09-12|lJqKcQ0SvJI|3355|20|1
2026-09-12|SGts5P30Sd4|912|8|1
2026-09-12|fILz8a2biDw|997|10|1
2026-09-13|3nLpMbYjMGc|32384|82|11
2026-09-13|g1AxzI3QdUo|2972|20|0
2026-09-13|aeElqe5eyM0|9702|117|0
2026-09-13|xbeHaEAebzo|2790|53|1
2026-09-13|GjEUzzPBzhQ|8434|176|6
2026-09-13|9lf8ii-wk2w|18040|477|18
2026-09-13|gLyNl5HXEWI|11719|135|24
2026-09-13|lPGN8f0bpZA|14603|74|12
2026-09-13|qsqpFx4DzRI|3212|100|8
2026-09-13|BRZvq7sWq6U|3078|15|0
2026-09-13|zPkdcCgafgo|9143|53|0
2026-09-13|7ZNxjofEzTw|2897|29|0
2026-09-13|HPdrOjvSi5A|60107|117|4
2026-09-13|PjjtiaTGpNI|176960|1493|5
2026-09-13|e-DNAS8DDms|59|2|0
2026-09-13|OZDq1zI-MbQ|114338|369|8
2026-09-13|a9ITe-s4eOM|5175|29|0
2026-09-13|7h7_UkCxuDs|48299|398|56
2026-09-13|PHwPDIrSqFA|7720|92|3
2026-09-13|TBNaIPBPBuw|9230|10|0
2026-09-13|-12ZSDVTXEA|18821|67|15
2026-09-13|9yD_ODBe0CY|95642|882|60
2026-09-13|VaI5OWZculU|837172|1491|282
2026-09-13|o8XQC6YRP7E|43347|194|2
2026-09-13|KRXARKYxMCQ|2144|35|0
2026-09-13|IRyvnavUzI8|15918|223|5
2026-09-13|jdwEFD1snPM|3413|12|0
2026-09-13|tr3s6NqUR_Q|267|15|1
2026-09-13|OcPtERdVw64|183585|680|11
2026-09-13|IB4PTZFkWg8|21812|69|28
2026-09-13|t0dRqybYlRI|31280|116|90
2026-09-13|o3ZMmHcOGQQ|3520|42|3
2026-09-13|ctShn4-ZtfE|519|2|7
2026-09-13|SM0E_NHAXjg|551|11|2
2026-09-13|TQpWgSVTR7c|1005|9|4
2026-09-13|-kiza_ZxBtM|5641|59|1
2026-09-13|jxVSawFO1wU|4618|92|5
2026-09-13|7e6wwBnN4M4|371520|932|137
2026-09-13|rSz_tyh9D_E|27682|157|9
2026-09-13|m8Xwa8ZQtRI|122233|1083|15
2026-09-13|NSTHpRNf8xA|16431|134|4
2026-09-13|wSuMlS0fdGI|15506|116|0
2026-09-13|i1GdnWVnpD0|60042|203|21
2026-09-13|q6kpr65u-8k|6157|27|0
2026-09-13|jEksTI11dlQ|44868|391|5
2026-09-13|IYr4MXGXMHA|13787|69|1
2026-09-13|aolaBbiYQH8|53399|627|6
2026-09-13|cfDNhgH8vx8|1280|4|0
2026-09-13|hpD2cDgH72A|208951|479|14
2026-09-13|Rju1CF5qArs|6157|136|3
2026-09-13|FZDQneEa-rs|167954|1081|44
2026-09-13|nsLNxK6UTYA|409843|1402|37
2026-09-13|CyU1bPLbT_I|184711|568|106
2026-09-13|lR-gz4q6VoQ|770168|1257|219
2026-09-13|x-2jN1yitPM|3674246|7892|6852
2026-09-13|EzEeOadJzgs|43896|368|12
2026-09-13|Y3VzC58GiGU|19260|132|2
2026-09-13|gDp8ftLurFI|9048|17|6
2026-09-13|_GCSpSoUSvg|323962|4177|156
2026-09-13|Q2WSm-RvVVI|207746|958|72
2026-09-13|ZwzsKiA1hyc|92228|350|15
2026-09-13|O17OPlMQ278|256318|680|209
2026-09-13|woqqdemMAgQ|212889|3653|471
2026-09-13|HJE0TTFs9j4|252833|894|69
2026-09-13|nPkspIMyTbw|13|0|0
2026-09-13|D5jNzk0QJrU|19|1|1
2026-09-13|1HyIW1iAajc|57119|116|12
2026-09-13|mZU1Y1U14RA|88306|999|36
2026-09-13|Tij7cQqaikA|170016|1660|122
2026-09-13|1jj4FfXXmJw|13072|77|8
2026-09-13|KpEcBfNG7b4|54324|684|14
2026-09-13|1a5FZ2Cw9C8|125405|2324|242
2026-09-13|nY9MdaDKJzc|1452|84|12
2026-09-13|dhHnVKlbrZU|41863|277|27
2026-09-13|9uHoEquu76A|330309|630|15
2026-09-13|36yJRt8nZRc|1849|38|1
2026-09-13|grMEkIAcCwY|15080|76|1
2026-09-13|6DIyw7wW6uM|10852|31|0
2026-09-13|ua5DTGLzIFE|1079|11|0
2026-09-13|3Gup98TWD8s|12985|19|1
2026-09-13|YtKfe7Nxe1E|426|2|0
2026-09-13|Tk_JwTHt9I4|338|3|0
2026-09-13|bB78VP0GVaY|526|5|0
2026-09-13|OsBPMwFAhOs|446|5|0
2026-09-13|NURwSO4U88w|584|5|0
2026-09-13|3mDd4PU_dH4|2402|21|1
2026-09-13|C3mzKlfuV5Y|865|23|3
2026-09-13|3lD776rbg_w|828|5|1
2026-09-13|wWt1RFYViWc|2017|17|0
2026-09-13|Eiwr9TPYw2A|26802|136|10
2026-09-13|kkxQsHUidr8|27981|207|0
2026-09-13|JuI-xyjo8xo|18603|100|3
2026-09-13|m0ikhi5SytM|11619|45|0
2026-09-13|8KrF-yjWGQc|17818|77|4
2026-09-13|EmDGSC977o8|24851|137|6
2026-09-13|l-1EHOtgSR0|20267|92|12
2026-09-13|PeYNuuPisO0|55480|488|78
2026-09-13|H1V_-LKcYg8|39353|298|17
2026-09-13|KaVjkw_F7GM|17359|126|8
2026-09-13|fZo_H4P9j-8|47605|284|19
2026-09-13|rSYx5adjF3M|5332|262|30
2026-09-13|05yXrvrtqQ0|7239|164|11
2026-09-13|xT1Zezgl_1s|81572|685|90
2026-09-13|z3hZMwrzIbE|39071|209|23
2026-09-13|kG99sGvVfVU|356|4|0
2026-09-13|Oui55dIipUc|11767|24|1
2026-09-13|4hGD_P-TzmE|4872|28|0
2026-09-13|rQrydT1yVIU|14654|33|3
2026-09-13|T8LhocR0CgI|6738|20|0
2026-09-13|ULDUeCybk_g|21990|196|39
2026-09-13|AMkBRNZ5x14|3897|14|2
2026-09-13|esXqAnFjg1g|7366|42|1
2026-09-13|nk7fJ2WjTTw|6192|16|2
2026-09-13|TFmdm8HLjdI|2367|21|0
2026-09-13|JLexyiuVKf8|27185|345|5
2026-09-13|nNIMWnXPQkY|14635|130|5
2026-09-13|y3tPmLm9akw|2433|53|1
2026-09-13|i31GbXn4fnI|36028|382|10
2026-09-13|C7C7WvO6gyE|324531|744|267
2026-09-13|9bn3a4CzQqI|10622|111|3
2026-09-13|vY8kYkRNjc4|322535|656|164
2026-09-13|ZZAVHEIl0g4|24616|215|4
2026-09-13|Dx9Kq7zLdW8|1901|17|0
2026-09-13|UKrTzjb1-qo|1658|10|1
2026-09-13|PeitgWu6Yj8|1014149|59609|4882
2026-09-13|7EVzAoNrIRw|574|18|0
2026-09-13|ykCzLFdnv6o|1983|36|1
2026-09-13|RQSsIzE2Gsc|3608|26|0
2026-09-13|7bmkhG8OPCc|883027|4651|572
2026-09-13|NIOQ4Gp8J5c|1606|9|0
2026-09-13|k_UHmuXb3I8|4672|94|3
2026-09-13|paXgcTOqNbg|158156|1983|189
2026-09-13|_UIb_NddJHg|176655|811|47
2026-09-13|h9PgaBSbom0|74|1|0
2026-09-13|i6Vi0SHcMJc|318236|2557|186
2026-09-13|vpuhpzRzhnw|166008|1376|244
2026-09-13|pic8cVlgkQ0|164568|938|41
2026-09-13|4F_yDjq0vm0|50154|159|33
2026-09-13|gkFGDDmWGFM|88216|444|50
2026-09-13|vmaUU6qqtaA|7153|159|2
2026-09-13|yt5PpUB-2pU|72139|274|28
2026-09-13|P7es2ely19I|8358|59|2
2026-09-13|x0K3SE4SZtk|9295|1|1
2026-09-13|EEAusWa2IHQ|11255|17|0
2026-09-13|hWThErB0F4k|3596|10|0
2026-09-13|3Wz1LeREY8g|15860|70|0
2026-09-13|R_lFh2qVEgc|39176|152|12
2026-09-13|MVR5Go14OgE|7623|54|1
2026-09-13|ptBkGF8E1yE|5564|17|0
2026-09-13|eHEhQLqgBtE|14381|81|6
2026-09-13|kbD7a8Z-DAg|19421|115|18
2026-09-13|FtwUSS2eXTM|66479|206|29
2026-09-13|r5Xp5GxQE_w|6028|25|0
2026-09-13|Qgp8k0zybDE|8813|62|3
2026-09-13|Q1n4fJAWs20|33251|173|8
2026-09-13|m90eqaP9EBk|21243|132|6
2026-09-13|aAnWXF9MVec|37139|184|4
2026-09-13|HeKQLQut3mI|35369|142|4
2026-09-13|qKHY0nm2phM|48290|272|9
2026-09-13|MXUwiH4synw|38473|186|7
2026-09-13|pfay4RX6Veg|255261|517|23
2026-09-13|RMgKkfIR8vw|98215|251|17
2026-09-13|oRKn9xDaRAY|127088|987|84
2026-09-13|KD7WYPnNqsg|11878|80|2
2026-09-13|ejrEeFJ5UmA|4164|11|0
2026-09-13|4SN5kp_LH-s|1406568|2743|408
2026-09-13|OY6n-YYCO_s|15331|162|23
2026-09-13|8iSq04OgdiY|619290|2278|188
2026-09-13|d-eCmvN_fPo|482732|1340|195
2026-09-13|ixLZDxJ8tP8|51498|329|1
2026-09-13|RsBKM1FdXOs|31098|269|0
2026-09-13|Vct47kyp7n8|3582|5|2
2026-09-13|xJPycQxd074|163|2|1
2026-09-13|BcyVgvdvQJE|9167|33|1
2026-09-13|C8o23bh23jA|19987|17|0
2026-09-13|6c_D06DiSME|2815|27|0
2026-09-13|FwmxJJDYtD0|207584|1724|135
2026-09-13|GMKd8QrV8iA|10025|12|1
2026-09-13|noG9JJW61ak|15672|36|0
2026-09-13|7M5vdvCP9Mw|10852|18|4
2026-09-13|Lp_KAYxDMgA|24676|551|52
2026-09-13|Cs-4XgT4_I8|41886|73|2
2026-09-13|xq3sAcwcB-U|8543|24|0
2026-09-13|I2mwQPvQqBo|111|1|1
2026-09-13|uqV6_jqCkQg|694790|1340|137
2026-09-13|X8LF3DjWsFs|73809|545|1
2026-09-13|0xflJQFe4Oo|43813|215|19
2026-09-13|h82gnUwTiFU|5052|9|0
2026-09-13|HxTvuLlQG9I|10882|10|0
2026-09-13|YSUTg_U3No8|22947|60|3
2026-09-13|NiUP1Pg14RQ|655092|13813|965
2026-09-13|j2lhfLCUvaA|188025|484|82
2026-09-13|luEbGWSuusQ|6748|29|7
2026-09-13|90ssj9w_P4I|474400|6525|510
2026-09-13|b1M1jKBUURw|87985|2349|169
2026-09-13|aZcUWMQQuc8|26997|94|8
2026-09-13|xIfW_vUbn_M|138215|1274|110
2026-09-13|fj5KUv8_o6I|18386|64|176
2026-09-13|xeA67844Snk|29659|73|204
2026-09-13|wj7Os9z4Tw8|35085|138|107
2026-09-13|pY-v45fWo_c|3237|9|0
2026-09-13|TwLspoLZnDs|21704|269|11
2026-09-13|ncr5O5O0GU4|12919|188|4
2026-09-13|EIPWgJiriL8|31043|121|186
2026-09-13|Tn9rYnoNOO8|44497|250|125
2026-09-13|1lhZlQq7iOw|271348|723|295
2026-09-13|FTJa3m2QHa8|36939|246|159
2026-09-13|7O-NBeGRvz0|9431|109|0
2026-09-13|Ji6E_lsYyJY|9788|19|0
2026-09-13|Qh5b6wwCznk|252784|814|90
2026-09-13|Zkkt4CTdLUM|202758|350|22
2026-09-13|IshGYa9xzBY|5043|77|1
2026-09-13|QzuRKLkvMfc|3231|33|1
2026-09-13|sQKic8h0M3w|2796|32|0
2026-09-13|cRhKOKYBu0w|7147|22|12
2026-09-13|UxvgtLPqUkk|7010|6|2
2026-09-13|24zgW1bgDDI|27361|47|20
2026-09-13|UuoYKHIYq4Q|5542643|11521|711
2026-09-13|dPEoy2JI53I|16644|29|6
2026-09-13|JJx_WQXOeK0|255058|3483|32
2026-09-13|45grQ1elZ_Y|8|0|0
2026-09-13|XEOK9sSWFQo|42211|236|0
2026-09-13|Jx5aN-_K72A|41320|430|5
2026-09-13|O7ZEKsCQT3g|32059|305|3
2026-09-13|eni_km6IV8Y|472559|4577|19
2026-09-13|On-WGpnQv5k|52274|107|0
2026-09-13|zS33PT9UPj0|5|0|0
2026-09-13|yvByPMzMZ9k|17|0|0
2026-09-13|Wlv1C4EkZcg|27|0|0
2026-09-13|ZOJlw8XJEfM|67614|349|2
2026-09-13|ssoh_Rd6SPw|57|0|0
2026-09-13|6liYYJ0x10Q|15764|127|0
2026-09-13|75v8cD3SShI|36408|321|6
2026-09-13|sjoU-3QySzk|9899|98|5
2026-09-13|NNMlcSDGbTo|2667|12|0
2026-09-13|ppc1YU099XM|330564|1250|138
2026-09-13|8YeZjM91_E4|26728|287|11
2026-09-13|8pgBPJO_v-I|8143|87|0
2026-09-13|mBTsmNFuziY|32160|303|16
2026-09-13|wsZhRPNVdU8|71679|228|8
2026-09-13|3bWMlwBKlgU|47181|170|17
2026-09-13|X2DIWfOH-1M|13997|63|8
2026-09-13|4czdo7b78wU|35124|201|1
2026-09-13|n_yjle3cC-0|25908|312|12
2026-09-13|i3UGSZ37LpM|145146|1818|139
2026-09-13|x_Vlx40hgEw|191330|853|194
2026-09-13|SkJQr78_QWc|29462|311|3
2026-09-13|Whq68yvQWs8|12636|74|5
2026-09-13|uBIrqggMoIc|40615|237|19
2026-09-13|MXCT5ry0mKs|212474|1860|157
2026-09-13|6wEhJqWIPKo|80004|311|280
2026-09-13|0g00nhZgdVo|2147|10|0
2026-09-13|ct3zcwNsk-A|22520|92|3
2026-09-13|8cDbzqATR74|28896|155|10
2026-09-13|LcxWubGRyV4|7510|66|3
2026-09-13|T49NlqZgyjI|20545|101|5
2026-09-13|TmeNj9sTqnA|52925|329|18
2026-09-13|BByk1j1-Hd8|29151|142|5
2026-09-13|7Z8DFZzzk_o|26889|64|0
2026-09-13|nmMqBDd9EWw|481040|4668|331
2026-09-13|UnzrxpdZYZ4|61845|481|19
2026-09-13|vZ39inSrdIs|6033|96|13
2026-09-13|AV7gFs-4K2k|12095|43|2
2026-09-13|DXtl7jB0vw0|23448|352|7
2026-09-13|uwIXg7Fj4dA|218330|553|97
2026-09-13|IQV7ZatC5lA|936885|6831|112
2026-09-13|djnXU-YVKgQ|3395|10|0
2026-09-13|ItPgQ1aZXDs|8791|22|0
2026-09-13|sRjxuwchQsw|8605|7|0
2026-09-13|7OoUzvVJ0bk|15534|17|0
2026-09-13|-kvaDi2JTJ4|2279|11|0
2026-09-13|2sjxU4tZuZA|38657|243|22
2026-09-13|uyU71K-RBSQ|14853|28|1
2026-09-13|bj0Pdam68N8|2668|3|1
2026-09-13|kkAgCflbeIA|21284|127|2
2026-09-13|fepoTZ43vgQ|9725|31|0
2026-09-13|CnWBUD0zO70|76149|128|6
2026-09-13|sFwxBxSkIMc|1377396|6620|163
2026-09-13|wEo0JEJOGHg|4176|7|0
2026-09-13|nIOXG4Rp2bQ|1486|7|0
2026-09-13|WP42MrkmgFU|51993|217|4
2026-09-13|1e5dcDsWHFQ|69936|295|12
2026-09-13|7Qh4A12cqwo|77546|550|2
2026-09-13|mAYX_Ldl3C4|277906|743|22
2026-09-13|TOOg_82wO60|5918|21|0
2026-09-13|bBJwP7nWxdA|106|0|0
2026-09-13|RdUV9Ms5GM4|9839022|174964|7845
2026-09-13|yPuZrbtwy48|65561|188|29
2026-09-13|8BVG6GxQH_A|64438|190|23
2026-09-13|8IxF-TtnNuI|49503|171|11
2026-09-13|v5BJc_a9xjI|36018|142|10
2026-09-13|TpTDWP7plx8|39271|167|11
2026-09-13|pMWME3ZBhAc|41840|149|4
2026-09-13|McjW_HD5zK4|35930|161|5
2026-09-13|E3wl-sUSG_g|55132|225|11
2026-09-13|DYtUhSpkA9Y|56918|257|7
2026-09-13|cCVFoMCkDek|64682|226|20
2026-09-13|bTP0va9i3j4|230|1|0
2026-09-13|JRuBZQLjFrY|46625|176|8
2026-09-13|YIRVQryGCvE|9076|16|1
2026-09-13|FMh0hd0hCQs|41070|132|5
2026-09-13|6jfJIqjCbgQ|19460|95|13
2026-09-13|B3IIswOs2ys|117532|1246|20
2026-09-13|qINnY747zZM|212|2|0
2026-09-13|qhZjj-I81uU|213|2|0
2026-09-13|OUPH64ypcSQ|94057|801|52
2026-09-13|HrO0nfuNXl0|22434|116|11
2026-09-13|Js5gTaRB3cM|22388|132|5
2026-09-13|nmxvKiskElw|421669|1231|244
2026-09-13|CRcX9hS-WPQ|6368|121|1
2026-09-13|ChcLd73KW1U|6400|100|0
2026-09-13|CwVLWj-t2tY|256902|544|97
2026-09-13|1Dy0aPkmrp8|249384|1416|8
2026-09-13|6ZrgdsvDQzw|309837|1046|159
2026-09-13|46_dNk9w8FI|710014|898|280
2026-09-13|kexBwotmCmU|299|6|0
2026-09-13|vwdGInr8zCo|113|8|0
2026-09-13|LUPF7bRG5Mo|94947|525|13
2026-09-13|a7e5vx_QZbk|707872|8706|563
2026-09-13|RUfFn5ZOa74|186163|378|54
2026-09-13|5HYvbYyo_0Y|37478|145|22
2026-09-13|rYk14qaytf8|46909|446|2
2026-09-13|rKHWU6oGAsI|15703|25|3
2026-09-13|Qjuag5ldpHo|1113|20|11
2026-09-13|299u8YvP3zo|615364|1606|88
2026-09-13|5CWFrdVGPbU|5834|34|4
2026-09-13|jID7ty4xu_8|474215|661|93
2026-09-13|EFejLyJvl7A|10332|106|1
2026-09-13|VMvFRagMXBg|40756|125|21
2026-09-13|jWAEWYzBdQw|60567|114|13
2026-09-13|gYtBZfmgiA8|178736|486|340
2026-09-13|3VXesHhw0JA|2007|24|2
2026-09-13|2WJ5EvDbqss|2997|33|0
2026-09-13|0qSAUnLWrqk|25767|166|6
2026-09-13|BoXtVuhWYgI|268|0|0
2026-09-13|m_3HOx-G1wE|2749|12|3
2026-09-13|qa-ZBgAbo4Y|11243|127|0
2026-09-13|4eft5MTBG_c|1396|0|0
2026-09-13|SGwfHgg2k6g|31795|81|1
2026-09-13|kS7OAC3Z5G4|1202|4|0
2026-09-13|ipXKr3uMpTY|234|0|0
2026-09-13|zpJrNo7P8zg|216|0|0
2026-09-13|vcVI-GZoYXA|14847|39|0
2026-09-13|uk9xseB-M9g|5328|78|2
2026-09-13|KGNtdLUBWRE|176|0|0
2026-09-13|7GvaGKHHOn8|101|0|0
2026-09-13|WF6fGSUlXIg|40134|400|25
2026-09-13|4KhlwScqaKk|106558|708|34
2026-09-13|8OUV5sYwQ4Y|50062|462|15
2026-09-13|yd5K0dpRzKQ|109841|842|35
2026-09-13|Ppu0l6CNZZY|84059|477|138
2026-09-13|TY8GtGj6a20|72962|308|10
2026-09-13|og7-9L_9iSY|300492|1947|48
2026-09-13|-b5BepLcNUc|348834|4408|27
2026-09-13|brx5WzfsOVM|69818|560|16
2026-09-13|ZTULljQsHfM|71794|675|1
2026-09-13|IZ0616uqq0Y|23633|310|8
2026-09-13|KwdceWNKovw|630409|3869|226
2026-09-13|0VqX73T1H5g|12218|45|0
2026-09-13|muOpUQ2i7XA|4646|70|9
2026-09-13|u7l7tHqIlew|45436|482|7
2026-09-13|vMfbtb9WwxY|1724|24|0
2026-09-13|3CRJyWwc6KM|3381|30|2
2026-09-13|qb1ra-x-7sM|21912|241|1
2026-09-13|aKC4iCIffbY|34545|230|0
2026-09-13|nY_LrRTMG7I|5557|59|0
2026-09-13|uUE-luhivmk|59851|532|11
2026-09-13|ktQ7BM7BOnI|27576|69|13
2026-09-13|KRYqJnnKKz8|1068560|4219|59
2026-09-13|rX47NF6nh4o|115571|654|13
2026-09-13|MNyZ698hf6c|30342|481|8
2026-09-13|tE_jznE7FhY|485869|2220|536
2026-09-13|ASa36z2KKCg|81467|2372|113
2026-09-13|6iPsMGipDsM|141464|945|171
2026-09-13|HlcXS5vwo1I|2281992|24991|399
2026-09-13|lK4AIAF5o9E|95454|807|3
2026-09-13|-q1Vp65e9G8|1797|30|0
2026-09-13|9N4i7fEM7Sk|2447247|24359|301
2026-09-13|-zDilwppecE|10214|7|0
2026-09-13|UWKlnoL_F_Y|214223|617|92
2026-09-13|2muJCahl3tI|6374|41|0
2026-09-13|d1iMltt1Wa4|23599|133|6
2026-09-13|y3CeSMKuBUk|43373|195|8
2026-09-13|6-3oTImdb5U|36815|193|5
2026-09-13|rhDzjQZ7BDw|114658|345|13
2026-09-13|TKzs40IFBII|57361|224|8
2026-09-13|Lyy7LeZkims|69140|176|25
2026-09-13|jiiJwedBJdQ|72058|230|10
2026-09-13|wgwkz-yUAHY|20403|118|6
2026-09-13|JLga0Cwb3Zs|62635|177|5
2026-09-13|xNC65iJdFdc|14592|8|0
2026-09-13|2FIc7esN2Q4|38323|173|7
2026-09-13|mb5uFMh-Mhs|9837|56|1
2026-09-13|hSIH9co-R3s|113166|231|21
2026-09-13|8AHSL0u49ZE|7212|24|0
2026-09-13|zqj3kR0PBJ8|5565|0|0
2026-09-13|CtGUoVl8Yok|3042|9|0
2026-09-13|IQGfo1rqWu0|12383|10|0
2026-09-13|vQsP3Dlaf60|8148|22|0
2026-09-13|axjBz3LxhV8|12295|6|0
2026-09-13|XXppKfaaruQ|59149|164|24
2026-09-13|jXRvFN47bMI|20104|59|7
2026-09-13|pYAVtuWE9W4|67191|210|9
2026-09-13|r8OtKNA8F9w|284670|991|159
2026-09-13|i4Q7sevKaus|987|25|1
2026-09-13|sYpFzP27BBc|2304|8|0
2026-09-13|g9LHSyGvY8Y|9556|53|1
2026-09-13|1zVPJ5mCNL8|3628|13|0
2026-09-13|d-lQD52xQ_w|1625|6|0
2026-09-13|728QhYUn09E|1515|7|0
2026-09-13|BUEB-dtE24o|672|1|0
2026-09-13|1UDY6AjawnY|4083|21|0
2026-09-13|eVVK_vHlXl8|3303|10|1
2026-09-13|lM4ZOKWlBnE|2554|142|8
2026-09-13|Mi91S6bzBKA|2866|73|1
2026-09-13|954rjD54wAU|6518|8|1
2026-09-13|5rpqbGqGV8o|25283|297|5
2026-09-13|62jv-sSk4vs|2224|66|5
2026-09-13|dIYZkT10jew|1412|82|7
2026-09-13|Wqq3eMzYrAA|1704|92|3
2026-09-13|aQoqcZJgjUs|13744|51|1
2026-09-13|zOmyXlgky4g|13352|21|1
2026-09-13|Jde6_176gS0|2022|44|1
2026-09-13|Mfhs4khBZeE|92117|268|17
2026-09-13|GyNiQ9l_LBQ|55615|195|6
2026-09-13|qZ2FVFhy_5c|2788|82|6
2026-09-13|CvkGKCYqd2E|181|0|0
2026-09-13|tb18ZxJrWkE|1849|8|0
2026-09-13|MG2xUiu_s8k|10423|100|0
2026-09-13|1iQOhaEOc1I|49088|298|12
2026-09-13|SZkH-ffoIOw|9131|16|3
2026-09-13|mg-bBDIovP8|14895|14|3
2026-09-13|S9DkUpsK1D8|12510|26|3
2026-09-13|54IFc8K7J7w|536539|1300|48
2026-09-13|r5K12ZSqbhc|202412|1307|104
2026-09-13|alOqdstv4A4|5719|39|0
2026-09-13|9FFjmos9efk|109|0|0
2026-09-13|ngz_JVZIGgs|44|0|0
2026-09-13|RvqaUwbnQoI|263|0|0
2026-09-13|KHG-dDyoJl0|2007|37|2
2026-09-13|y_t91lku_9I|7091|163|4
2026-09-13|AMcj7A5OHI4|2684|29|1
2026-09-13|7c0nrWXpu2c|53013|549|13
2026-09-13|3oZ2k36I7kM|47294|166|7
2026-09-13|wmfopDi2FJo|760718|2478|281
2026-09-13|UjfaV2iM81Y|82863|590|72
2026-09-13|j9ZURX6TVlE|84664|584|45
2026-09-13|l8pFMAZfeR0|122624|549|29
2026-09-13|NijY1Wcalp0|191959|1110|122
2026-09-13|5PXjdr_Aeyw|150584|527|70
2026-09-13|fksdxa-ylzE|540881|2330|238
2026-09-13|7gvbfH2CbHU|32177|308|7
2026-09-13|HhI2aJKm590|5022|35|6
2026-09-13|AGsV4u72Xew|11746|91|8
2026-09-13|jdyC__ccGbw|122235|685|61
2026-09-13|ARw0J3F8fSE|613705|1224|63
2026-09-13|ei8gk-KcvuY|325710|4747|129
2026-09-13|A6ZamebNcHc|68456|212|112
2026-09-13|197K_CzeS6Q|26763|73|42
2026-09-13|G7dJlbn43Yc|18813|209|8
2026-09-13|RcnqxTq37rU|19359|61|1
2026-09-13|1Rj5KRT4BvA|1880|3|0
2026-09-13|5DKM2DQZGM4|117516|240|5
2026-09-13|sov_4vep8EY|1688|8|0
2026-09-13|zwNWvEeTtFY|175223|825|158
2026-09-13|ym24UWFQJNI|3833|24|0
2026-09-13|EFeRkjg5MGk|2108|23|1
2026-09-13|4H08M8wXCkY|26238|174|1
2026-09-13|ckpz4Ue4AIc|267918|706|34
2026-09-13|UDA06RQWRHY|66312|201|1
2026-09-13|XOPRfzz7p8w|4036|32|3
2026-09-13|I9SCN_9-vQQ|12741|164|2
2026-09-13|1f4xLRUZIhg|2846|37|0
2026-09-13|wxWhANEsJSA|204886|796|25
2026-09-13|rDcx-v5PH_M|12212|174|1
2026-09-13|p8Ke941xMcY|23279|532|4
2026-09-13|Cv-8Z01BwOU|239637|1622|14
2026-09-13|yNVEOG72hRo|11668|38|2
2026-09-13|lYKdFLSsLB8|16|0|0
2026-09-13|k9L8cjwN1w4|2097|11|1
2026-09-13|-PfVsNp1DwI|1382|11|1
2026-09-13|OlMgnjVHTkk|37663|474|2
2026-09-13|uAzyFYN8vN4|1276256|10692|763
2026-09-13|DjRbG_htu28|23324|126|26
2026-09-13|vPM7Ts3c9X4|63937|683|17
2026-09-13|tmQMdCLGs-A|39167|364|11
2026-09-13|bwsRtwNhJuI|19258|21|2
2026-09-13|Gd7hCqc22Wc|91739|812|26
2026-09-13|CGv7QNmqNxg|438254|8115|1015
2026-09-13|6IOkM6A97KI|2941|98|2
2026-09-13|lfjk1EYC2cw|25014|1083|41
2026-09-13|F-StjeV5lMo|338422|1098|37
2026-09-13|_HA6xLMwZ4o|9077|38|4
2026-09-13|vMZSfmH_krk|407274|2533|221
2026-09-13|C0rZDPyOlpY|118242|381|10
2026-09-13|8dSSenbgU8o|465037|3381|287
2026-09-13|RItjBPANRtE|3672|17|1
2026-09-14|IBIjzT7OYmg|1496|22|0
2026-09-14|cOIwf0xq_JM|58958|166|19
2026-09-14|AIsUKi4qPPc|3396|8|2
2026-09-14|chVb9ZSGvB4|8487|125|11
2026-09-14|XhyCJw5sRmE|952171|9123|419
2026-09-14|xIpluhz_dFA|54860|482|1
2026-09-14|cHiVgEbYrak|1516857|4640|737
2026-09-14|2cAQAMbcbbU|233494|745|130
2026-09-14|4MMmLQxf18g|96926|289|18
2026-09-14|luzD_eTzx0A|31698|149|21
2026-09-14|v1pGfm7bMqY|88085|281|23
2026-09-14|In2lb6sQsP4|61163|152|11
2026-09-14|81iPNN1jWXE|65695|254|18
2026-09-14|Gu7_LaU3fgk|501958|5899|2882
2026-09-14|ao6SBdNk1WI|42863|203|2
2026-09-14|24GJi3PjJpA|83513|293|3
2026-09-14|xuwyIDVoCYo|157459|483|64
2026-09-14|v7VG1ZWji_g|1043|16|0
2026-09-14|NArgCMUP1FU|1520|26|1
2026-09-14|mp7-HPY6qNo|1676|25|0
2026-09-14|91ms7OquwKA|3854|90|1
2026-09-14|pd-H5Fl5zEU|163780|1884|113
2026-09-14|3PLhM0-UFzI|191047|1105|186
2026-09-14|RrY4k7kipK0|145593|472|120
2026-09-14|YCYUr6fG2Mo|36969|590|10
2026-09-14|bSeWGPvPx-c|18769|195|3
2026-09-14|n9am3ArDXWM|3881|17|2
2026-09-14|LLucXD4ri-8|36518|282|33
2026-09-14|hFThD_g0aEE|359319|695|47
2026-09-14|AaM9yvefJ28|79852|356|47
2026-09-14|yxV6Kpv8u94|4892|79|1
2026-09-14|ZI5CP217P6k|2192|13|0
2026-09-14|xP-E5CC8SkI|1750|15|4
2026-09-14|cGEGy_AzMkI|3680|70|5
2026-09-14|4pS7IkS0Tm4|11055|93|0
2026-09-14|zJs8twn0pwY|1772|14|0
2026-09-14|2TIWgvtnmk8|32745|200|53
2026-09-14|VbKP7qS-Gh0|54632|209|94
2026-09-14|v-nFIO0roFE|425|17|6
2026-09-14|NisMgDB0c70|2009883|4463|0
2026-09-14|2WcuWwT3L-s|208728|330|33
2026-09-14|cX8B0BQKZVw|33097|163|2
2026-09-14|0f0si_13wEU|1332|4|0
2026-09-14|TF7wJcSeAtg|65|0|0
2026-09-14|hpUAqHocS6Q|2882|11|1
2026-09-14|NY0j05ZDvKM|1859|43|0
2026-09-14|Akw8q8N6lgw|31069|566|30
2026-09-14|Hf0Xv90KGZY|3040|53|0
2026-09-14|-6OSZHar27w|1812|15|0
2026-09-14|RgtL8fTR2HQ|20319|273|3
2026-09-14|aljYQWxZATg|281463|1294|800
2026-09-14|LRAxVSfwK4g|49259|106|106
2026-09-14|2ChDbKMXzio|2770|18|2
2026-09-14|ttnMhONWgmI|4652|28|0
2026-09-14|jiypKNKdgm0|1454347|2862|706
2026-09-14|1AZBvbakYmE|439|1|0
2026-09-14|9jPagzXvpHQ|1590|17|0
2026-09-14|v92n5nIx9ww|11457|39|3
2026-09-14|I88PY0jaeVM|765|8|0
2026-09-14|dXtLfvFjuqc|11677|32|1
2026-09-14|zze-tqsUiys|666|8|0
2026-09-14|hi4Jua0TtnA|10024|22|0
2026-09-14|NXWlZoFK--k|6435|37|0
2026-09-14|xttcz1ke_eg|6160|4|0
2026-09-14|-_Pk3Wm4mHQ|4485|67|6
2026-09-14|ifhWym16bRw|8|0|0
2026-09-14|JawYP5QS8sU|233405|2704|67
2026-09-14|edrqUK-prhc|39463|451|23
2026-09-14|OZGCL4pgAg8|136118|530|63
2026-09-14|ZZ2GzHNE1WM|666482|3709|98
2026-09-14|ag05XK5OyXQ|1750|72|19
2026-09-14|nyhsEtAst1I|71|1|0
2026-09-14|NwiKA5t7T_Q|5534|33|1
2026-09-14|XUWUmDPe2Us|17039|353|5
2026-09-14|ivw7hv2IuXc|364575|526|18
2026-09-14|nBvIABrigQk|230776|829|50
2026-09-14|O9-pZm7_WUI|1560|11|0
2026-09-14|TSyel_50nLI|3004|18|0
2026-09-14|iWUBVe43j_M|43138|289|14
2026-09-14|KKB0i2YDO1s|48268|232|11
2026-09-14|CaofErGRoBI|41854|237|21
2026-09-14|GXX4-m8UsBg|78229|550|40
2026-09-14|z98BCj7LBSw|102711|632|55
2026-09-14|yg17-84456s|6018|143|10
2026-09-14|kT2g03IF3LU|105070|762|114
2026-09-14|mzpHcH3jdwM|3121234|19667|804
2026-09-14|mj1esu8mHK0|920|32|1
2026-09-14|bz42ooHXurI|3137|254|28
2026-09-14|9HbXf6zl-W0|11876|58|3
2026-09-14|YXGXTF3-S1k|20484|86|7
2026-09-14|i1KXm1j_m4o|1847702|11085|392
2026-09-14|iclN4Zkvtco|23337|121|7
2026-09-14|HnnoDYZiWMM|19282|66|5
2026-09-14|CEAuegelN_4|55691|343|30
2026-09-14|pyuLdglj4F0|21881|105|9
2026-09-14|mE3gNreQBxE|17043|59|1
2026-09-14|cfDNhgH8vx8|9111|31|1
2026-09-14|Tij7cQqaikA|215811|1857|130
2026-09-14|D5jNzk0QJrU|615|7|1
2026-09-14|x-2jN1yitPM|4268715|8748|7373
2026-09-14|i1GdnWVnpD0|84326|297|37
2026-09-14|lR-gz4q6VoQ|801722|1309|229
2026-09-14|q6kpr65u-8k|11434|45|0
2026-09-14|o8XQC6YRP7E|57140|277|4
2026-09-14|9uHoEquu76A|368563|683|17
2026-09-14|CyU1bPLbT_I|217210|636|118
2026-09-14|FZDQneEa-rs|359733|2287|74
2026-09-14|PjjtiaTGpNI|198155|1622|5
2026-09-14|gDp8ftLurFI|11662|26|9
2026-09-14|3nLpMbYjMGc|33559|84|11
2026-09-14|Tk_JwTHt9I4|1358|4|0
2026-09-14|aolaBbiYQH8|69805|762|8
2026-09-14|Oui55dIipUc|14211|27|1
2026-09-14|KaVjkw_F7GM|29481|176|11
2026-09-14|fZo_H4P9j-8|132561|567|47
2026-09-14|xT1Zezgl_1s|411696|1647|265
2026-09-14|z3hZMwrzIbE|76135|316|29
2026-09-14|05yXrvrtqQ0|162865|719|66
2026-09-14|rSYx5adjF3M|230865|871|86
2026-09-14|mZU1Y1U14RA|94241|1075|37
2026-09-14|_GCSpSoUSvg|330461|4230|158
2026-09-14|woqqdemMAgQ|236422|3758|528
2026-09-14|O17OPlMQ278|356191|813|268
2026-09-14|Q2WSm-RvVVI|287891|1207|74
2026-09-14|kkxQsHUidr8|42230|309|0
2026-09-14|ULDUeCybk_g|45947|323|58
2026-09-14|IYr4MXGXMHA|13873|70|1
2026-09-14|TFmdm8HLjdI|4399|29|0
2026-09-14|AMkBRNZ5x14|6361|19|3
2026-09-14|T8LhocR0CgI|11613|25|0
2026-09-14|rQrydT1yVIU|19499|37|4
2026-09-14|JLexyiuVKf8|49641|448|7
2026-09-14|36yJRt8nZRc|3270|80|1
2026-09-14|TBNaIPBPBuw|11878|14|0
2026-09-14|7e6wwBnN4M4|414892|1047|152
2026-09-14|7h7_UkCxuDs|65426|487|68
2026-09-14|g1AxzI3QdUo|6339|27|0
2026-09-14|PHwPDIrSqFA|16443|146|5
2026-09-14|-12ZSDVTXEA|25075|81|18
2026-09-14|H1V_-LKcYg8|125961|562|35
2026-09-14|PeYNuuPisO0|141253|801|116
2026-09-14|l-1EHOtgSR0|61294|181|15
2026-09-14|EmDGSC977o8|53888|202|8
2026-09-14|hpD2cDgH72A|223171|499|14
2026-09-14|jEksTI11dlQ|46332|398|5
2026-09-14|wSuMlS0fdGI|20338|128|0
2026-09-14|HPdrOjvSi5A|65480|130|4
2026-09-14|EzEeOadJzgs|59039|429|15
2026-09-14|Y3VzC58GiGU|28490|164|2
2026-09-14|esXqAnFjg1g|18903|58|1
2026-09-14|4hGD_P-TzmE|9528|31|0
2026-09-14|nk7fJ2WjTTw|20939|30|2
2026-09-14|kG99sGvVfVU|1405|4|0
2026-09-14|6DIyw7wW6uM|27587|49|1
2026-09-14|ua5DTGLzIFE|4045|22|0
2026-09-14|3Gup98TWD8s|40450|46|4
2026-09-14|YtKfe7Nxe1E|1234|3|0
2026-09-14|bB78VP0GVaY|2556|9|0
2026-09-14|OsBPMwFAhOs|1420|8|0
2026-09-14|NURwSO4U88w|3061|16|0
2026-09-14|3mDd4PU_dH4|8239|52|1
2026-09-14|3lD776rbg_w|2939|10|1
2026-09-14|wWt1RFYViWc|5163|28|0
2026-09-14|grMEkIAcCwY|29564|113|1
2026-09-14|Eiwr9TPYw2A|52807|186|11
2026-09-14|JuI-xyjo8xo|34565|144|4
2026-09-14|m0ikhi5SytM|32288|71|5
2026-09-14|8KrF-yjWGQc|53023|175|5
2026-09-14|nsLNxK6UTYA|476130|1644|39
2026-09-14|ZwzsKiA1hyc|111436|436|17
2026-09-14|Rju1CF5qArs|14954|184|8
2026-09-14|ctShn4-ZtfE|23260|57|112
2026-09-14|BRZvq7sWq6U|5893|20|0
2026-09-14|qsqpFx4DzRI|5620|165|10
2026-09-14|lPGN8f0bpZA|24524|109|21
2026-09-14|gLyNl5HXEWI|25984|234|39
2026-09-14|9lf8ii-wk2w|37382|834|27
2026-09-14|GjEUzzPBzhQ|16874|272|8
2026-09-14|xbeHaEAebzo|4306|90|1
2026-09-14|aeElqe5eyM0|15409|159|0
2026-09-14|TQpWgSVTR7c|20810|69|76
2026-09-14|SM0E_NHAXjg|29062|113|85
2026-09-14|o3ZMmHcOGQQ|6123|51|3
2026-09-14|7ZNxjofEzTw|8407|75|0
2026-09-14|t0dRqybYlRI|47176|164|111
2026-09-14|IB4PTZFkWg8|32640|125|44
2026-09-14|tr3s6NqUR_Q|20636|125|24
2026-09-14|jdwEFD1snPM|5724|17|1
2026-09-14|IRyvnavUzI8|30048|367|11
2026-09-14|KRXARKYxMCQ|3128|54|0
2026-09-14|VaI5OWZculU|1246874|2011|357
2026-09-14|9yD_ODBe0CY|167161|1482|78
2026-09-14|dhHnVKlbrZU|69671|438|37
2026-09-14|C3mzKlfuV5Y|2422|28|3
2026-09-14|zPkdcCgafgo|19933|71|0
2026-09-14|-kiza_ZxBtM|7491|65|2
2026-09-14|jxVSawFO1wU|7716|129|5
2026-09-14|nY9MdaDKJzc|2364|113|14
2026-09-14|1HyIW1iAajc|81203|147|15
2026-09-14|NSTHpRNf8xA|52683|203|6
2026-09-14|KpEcBfNG7b4|64135|793|14
2026-09-14|1jj4FfXXmJw|39256|220|29
2026-09-14|HJE0TTFs9j4|351992|1106|86
2026-09-14|nPkspIMyTbw|14|0|0
2026-09-14|1a5FZ2Cw9C8|254980|3323|312
2026-09-14|e-DNAS8DDms|68|2|0
2026-09-14|m8Xwa8ZQtRI|147778|1317|19
2026-09-14|rSz_tyh9D_E|32899|171|9
2026-09-14|a9ITe-s4eOM|5221|29|0
2026-09-14|OZDq1zI-MbQ|116794|376|8
2026-09-14|RMgKkfIR8vw|136008|281|16
2026-09-14|FwmxJJDYtD0|253654|2027|143
2026-09-14|OY6n-YYCO_s|21945|251|32
2026-09-14|NiUP1Pg14RQ|859680|16006|1010
2026-09-14|MXUwiH4synw|41968|196|7
2026-09-14|pfay4RX6Veg|331046|570|30
2026-09-14|GMKd8QrV8iA|11742|12|1
2026-09-14|8iSq04OgdiY|678981|2431|181
2026-09-14|Cs-4XgT4_I8|43194|75|2
2026-09-14|7M5vdvCP9Mw|14029|18|4
2026-09-14|oRKn9xDaRAY|137161|1011|86
2026-09-14|gkFGDDmWGFM|94961|481|52
2026-09-14|d-eCmvN_fPo|507882|1363|197
2026-09-14|Vct47kyp7n8|9978|4|2
2026-09-14|6c_D06DiSME|5082|70|0
2026-09-14|UuoYKHIYq4Q|6221929|12806|743
2026-09-14|j2lhfLCUvaA|204438|517|83
2026-09-14|90ssj9w_P4I|541897|6950|528
2026-09-14|paXgcTOqNbg|174038|2102|194
2026-09-14|NIOQ4Gp8J5c|1759|9|0
2026-09-14|ykCzLFdnv6o|2142|36|1
2026-09-14|RQSsIzE2Gsc|3827|26|0
2026-09-14|UKrTzjb1-qo|1828|10|1
2026-09-14|xq3sAcwcB-U|10619|27|0
2026-09-14|Dx9Kq7zLdW8|2142|17|0
2026-09-14|ZZAVHEIl0g4|26600|226|5
2026-09-14|9bn3a4CzQqI|15193|155|3
2026-09-14|i31GbXn4fnI|45041|447|11
2026-09-14|y3tPmLm9akw|3082|77|3
2026-09-14|nNIMWnXPQkY|18842|162|5
2026-09-14|PeitgWu6Yj8|1135257|62106|5106
2026-09-14|HeKQLQut3mI|39337|145|5
2026-09-14|1lhZlQq7iOw|293909|749|298
2026-09-14|vY8kYkRNjc4|340166|690|169
2026-09-14|qKHY0nm2phM|56941|292|9
2026-09-14|kbD7a8Z-DAg|20719|119|18
2026-09-14|aAnWXF9MVec|40627|191|4
2026-09-14|noG9JJW61ak|17492|38|0
2026-09-14|C8o23bh23jA|24831|19|0
2026-09-14|RsBKM1FdXOs|31333|271|0
2026-09-14|pic8cVlgkQ0|176852|957|37
2026-09-14|vpuhpzRzhnw|187141|1487|251
2026-09-14|r5Xp5GxQE_w|6530|25|0
2026-09-14|ejrEeFJ5UmA|4458|11|0
2026-09-14|HxTvuLlQG9I|17402|14|0
2026-09-14|Lp_KAYxDMgA|26168|592|53
2026-09-14|h82gnUwTiFU|5588|9|0
2026-09-14|ixLZDxJ8tP8|51948|328|1
2026-09-14|ncr5O5O0GU4|18846|259|5
2026-09-14|Jx5aN-_K72A|50614|478|10
2026-09-14|XEOK9sSWFQo|74100|332|1
2026-09-14|BcyVgvdvQJE|9309|33|1
2026-09-14|KD7WYPnNqsg|13297|84|2
2026-09-14|7EVzAoNrIRw|1030|19|0
2026-09-14|m90eqaP9EBk|23233|140|7
2026-09-14|ptBkGF8E1yE|6485|17|0
2026-09-14|Q1n4fJAWs20|35965|181|8
2026-09-14|Qgp8k0zybDE|9138|63|3
2026-09-14|FtwUSS2eXTM|80197|221|38
2026-09-14|yt5PpUB-2pU|83157|286|29
2026-09-14|4SN5kp_LH-s|1519912|2892|425
2026-09-14|eHEhQLqgBtE|15214|84|6
2026-09-14|YSUTg_U3No8|30368|72|4
2026-09-14|x0K3SE4SZtk|14495|2|1
2026-09-14|MVR5Go14OgE|8199|56|1
2026-09-14|xJPycQxd074|197|2|1
2026-09-14|R_lFh2qVEgc|76220|274|25
2026-09-14|3Wz1LeREY8g|17488|71|0
2026-09-14|hWThErB0F4k|3832|9|0
2026-09-14|EEAusWa2IHQ|17782|22|1
2026-09-14|P7es2ely19I|9138|64|2
2026-09-14|cRhKOKYBu0w|8259|23|14
2026-09-14|EIPWgJiriL8|41381|152|206
2026-09-14|TwLspoLZnDs|25808|303|11
2026-09-14|On-WGpnQv5k|55124|111|0
2026-09-14|O7ZEKsCQT3g|35851|318|3
2026-09-14|ZOJlw8XJEfM|79174|362|3
2026-09-14|JJx_WQXOeK0|415732|5803|41
2026-09-14|b1M1jKBUURw|129283|2831|189
2026-09-14|aZcUWMQQuc8|36842|119|9
2026-09-14|xIfW_vUbn_M|250660|1968|218
2026-09-14|luEbGWSuusQ|13901|42|14
2026-09-14|xeA67844Snk|36608|87|238
2026-09-14|wj7Os9z4Tw8|41082|157|113
2026-09-14|pY-v45fWo_c|3892|9|0
2026-09-14|FTJa3m2QHa8|52648|327|211
2026-09-14|C7C7WvO6gyE|378315|900|302
2026-09-14|7O-NBeGRvz0|9829|111|0
2026-09-14|Ji6E_lsYyJY|10771|20|0
2026-09-14|Qh5b6wwCznk|375284|1084|113
2026-09-14|Zkkt4CTdLUM|319963|469|29
2026-09-14|IshGYa9xzBY|6595|82|1
2026-09-14|QzuRKLkvMfc|3819|36|1
2026-09-14|ssoh_Rd6SPw|100|0|0
2026-09-14|45grQ1elZ_Y|11|0|0
2026-09-14|Wlv1C4EkZcg|49|0|0
2026-09-14|yvByPMzMZ9k|41|0|0
2026-09-14|zS33PT9UPj0|19|0|0
2026-09-14|eni_km6IV8Y|747518|7227|36
2026-09-14|fj5KUv8_o6I|25100|82|226
2026-09-14|k_UHmuXb3I8|4956|96|3
2026-09-14|Tn9rYnoNOO8|55832|330|143
2026-09-14|X8LF3DjWsFs|98309|706|1
2026-09-14|i6Vi0SHcMJc|376070|2913|207
2026-09-14|7bmkhG8OPCc|1110043|5395|636
2026-09-14|4F_yDjq0vm0|59338|184|40
2026-09-14|sQKic8h0M3w|3817|66|0
2026-09-14|vmaUU6qqtaA|9166|186|2
2026-09-14|UxvgtLPqUkk|10285|8|2
2026-09-14|24zgW1bgDDI|33963|56|20
2026-09-14|0xflJQFe4Oo|106057|441|30
2026-09-14|uqV6_jqCkQg|704766|1382|141
2026-09-14|I2mwQPvQqBo|133|1|1
2026-09-14|dPEoy2JI53I|25570|31|6
2026-09-14|_UIb_NddJHg|195353|880|47
2026-09-14|h9PgaBSbom0|121|1|0
2026-09-14|SkJQr78_QWc|32110|321|3
2026-09-14|8BVG6GxQH_A|66102|190|23
2026-09-14|8IxF-TtnNuI|50099|171|11
2026-09-14|v5BJc_a9xjI|37366|145|10
2026-09-14|TpTDWP7plx8|40706|174|13
2026-09-14|uwIXg7Fj4dA|224367|571|98
2026-09-14|pMWME3ZBhAc|44400|151|4
2026-09-14|Js5gTaRB3cM|22886|131|5
2026-09-14|McjW_HD5zK4|36746|164|5
2026-09-14|7Z8DFZzzk_o|26915|64|0
2026-09-14|nmMqBDd9EWw|507481|4811|333
2026-09-14|ppc1YU099XM|339101|1273|139
2026-09-14|ct3zcwNsk-A|29895|121|4
2026-09-14|i3UGSZ37LpM|154451|1889|141
2026-09-14|6wEhJqWIPKo|82712|315|282
2026-09-14|0g00nhZgdVo|2408|10|0
2026-09-14|nmxvKiskElw|739252|1748|426
2026-09-14|6ZrgdsvDQzw|425944|1450|241
2026-09-14|8cDbzqATR74|57101|303|29
2026-09-14|LcxWubGRyV4|15224|117|7
2026-09-14|T49NlqZgyjI|36580|176|11
2026-09-14|TmeNj9sTqnA|96829|615|31
2026-09-14|B3IIswOs2ys|120780|1249|20
2026-09-14|BByk1j1-Hd8|47456|233|10
2026-09-14|sjoU-3QySzk|22404|188|16
2026-09-14|uBIrqggMoIc|79292|481|35
2026-09-14|vZ39inSrdIs|9356|145|19
2026-09-14|Whq68yvQWs8|25596|132|8
2026-09-14|8pgBPJO_v-I|8258|88|0
2026-09-14|x_Vlx40hgEw|201038|892|197
2026-09-14|DYtUhSpkA9Y|62068|265|7
2026-09-14|E3wl-sUSG_g|58605|233|13
2026-09-14|yd5K0dpRzKQ|240211|1845|75
2026-09-14|yPuZrbtwy48|71443|190|29
2026-09-14|ItPgQ1aZXDs|9063|22|0
2026-09-14|7Qh4A12cqwo|79029|556|2
2026-09-14|sRjxuwchQsw|11718|7|0
2026-09-14|7OoUzvVJ0bk|18920|18|0
2026-09-14|-kvaDi2JTJ4|2324|11|0
2026-09-14|uyU71K-RBSQ|16292|30|1
2026-09-14|bj0Pdam68N8|2828|4|1
2026-09-14|6liYYJ0x10Q|17235|133|0
2026-09-14|CnWBUD0zO70|85752|143|11
2026-09-14|UnzrxpdZYZ4|62199|481|17
2026-09-14|75v8cD3SShI|36715|322|6
2026-09-14|wEo0JEJOGHg|4291|7|0
2026-09-14|YIRVQryGCvE|10548|17|1
2026-09-14|DXtl7jB0vw0|26359|377|7
2026-09-14|RdUV9Ms5GM4|13495156|192107|8389
2026-09-14|nIOXG4Rp2bQ|1608|7|0
2026-09-14|sFwxBxSkIMc|1626375|7548|177
2026-09-14|1e5dcDsWHFQ|75783|309|12
2026-09-14|cCVFoMCkDek|66796|229|20
2026-09-14|WP42MrkmgFU|54585|225|4
2026-09-14|JRuBZQLjFrY|48555|177|8
2026-09-14|HrO0nfuNXl0|22697|116|11
2026-09-14|mAYX_Ldl3C4|287669|765|24
2026-09-14|6jfJIqjCbgQ|19842|95|13
2026-09-14|qINnY747zZM|223|2|0
2026-09-14|qhZjj-I81uU|222|2|0
2026-09-14|OUPH64ypcSQ|99343|834|52
2026-09-14|2sjxU4tZuZA|39924|248|23
2026-09-14|kkAgCflbeIA|21618|130|2
2026-09-14|bTP0va9i3j4|241|1|0
2026-09-14|bBJwP7nWxdA|109|0|0
2026-09-14|AV7gFs-4K2k|15969|54|2
2026-09-14|fepoTZ43vgQ|9960|32|0
2026-09-14|TOOg_82wO60|6115|22|0
2026-09-14|djnXU-YVKgQ|3492|10|0
2026-09-14|FMh0hd0hCQs|42051|136|5
2026-09-14|uk9xseB-M9g|5910|81|2
2026-09-14|8OUV5sYwQ4Y|102651|879|31
2026-09-14|LUPF7bRG5Mo|119907|674|23
2026-09-14|rKHWU6oGAsI|16615|25|3
2026-09-14|Qjuag5ldpHo|1302|22|13
2026-09-14|gYtBZfmgiA8|235852|552|385
2026-09-14|MXCT5ry0mKs|283104|2233|182
2026-09-14|jWAEWYzBdQw|61441|115|13
2026-09-14|5CWFrdVGPbU|7087|39|4
2026-09-14|rYk14qaytf8|62609|485|2
2026-09-14|RUfFn5ZOa74|203515|411|63
2026-09-14|IQV7ZatC5lA|1193110|8694|181
2026-09-14|4KhlwScqaKk|242322|1693|65
2026-09-14|CwVLWj-t2tY|302976|591|103
2026-09-14|NNMlcSDGbTo|2923|13|0
2026-09-14|299u8YvP3zo|767542|1833|99
2026-09-14|jID7ty4xu_8|594274|775|97
2026-09-14|EFejLyJvl7A|11072|108|1
2026-09-14|5HYvbYyo_0Y|38844|150|22
2026-09-14|a7e5vx_QZbk|754430|9280|589
2026-09-14|n_yjle3cC-0|28447|335|13
2026-09-14|CRcX9hS-WPQ|8361|154|2
2026-09-14|KGNtdLUBWRE|307|0|0
2026-09-14|zpJrNo7P8zg|242|0|0
2026-09-14|ipXKr3uMpTY|241|0|0
2026-09-14|4eft5MTBG_c|1650|0|0
2026-09-14|BoXtVuhWYgI|288|0|0
2026-09-14|7GvaGKHHOn8|112|0|0
2026-09-14|3VXesHhw0JA|2216|24|2
2026-09-14|4czdo7b78wU|51902|247|1
2026-09-14|ChcLd73KW1U|8686|142|2
2026-09-14|2WJ5EvDbqss|3584|34|0
2026-09-14|mBTsmNFuziY|33550|319|16
2026-09-14|wsZhRPNVdU8|76795|254|9
2026-09-14|3bWMlwBKlgU|47539|170|17
2026-09-14|X2DIWfOH-1M|14233|66|8
2026-09-14|VMvFRagMXBg|49566|163|28
2026-09-14|8YeZjM91_E4|28113|300|9
2026-09-14|vwdGInr8zCo|125|8|0
2026-09-14|Ppu0l6CNZZY|98085|540|152
2026-09-14|1Dy0aPkmrp8|309372|1812|12
2026-09-14|46_dNk9w8FI|759595|951|289
2026-09-14|kexBwotmCmU|313|6|0
2026-09-14|0qSAUnLWrqk|28781|173|6
2026-09-14|qa-ZBgAbo4Y|11673|128|0
2026-09-14|SGwfHgg2k6g|32019|82|1
2026-09-14|m_3HOx-G1wE|3153|12|3
2026-09-14|kS7OAC3Z5G4|1304|6|0
2026-09-14|vcVI-GZoYXA|20760|46|0
2026-09-14|WF6fGSUlXIg|52705|524|30
2026-09-14|qb1ra-x-7sM|22170|242|1
2026-09-14|3CRJyWwc6KM|3759|32|2
2026-09-14|aKC4iCIffbY|34626|230|0
2026-09-14|vMfbtb9WwxY|1745|25|0
2026-09-14|nY_LrRTMG7I|5931|62|0
2026-09-14|KRYqJnnKKz8|1077266|4238|59
2026-09-14|jXRvFN47bMI|20652|59|7
2026-09-14|Lyy7LeZkims|69586|176|25
2026-09-14|MNyZ698hf6c|31100|485|9
2026-09-14|wgwkz-yUAHY|20834|119|6
2026-09-14|jiiJwedBJdQ|75143|235|10
2026-09-14|IQGfo1rqWu0|12402|10|0
2026-09-14|TKzs40IFBII|60516|232|8
2026-09-14|CtGUoVl8Yok|3055|9|0
2026-09-14|HlcXS5vwo1I|2700356|27467|455
2026-09-14|JLga0Cwb3Zs|64269|179|5
2026-09-14|axjBz3LxhV8|12425|6|0
2026-09-14|hSIH9co-R3s|142148|246|21
2026-09-14|XXppKfaaruQ|61859|164|24
2026-09-14|eVVK_vHlXl8|3324|10|1
2026-09-14|ASa36z2KKCg|100722|2720|127
2026-09-14|tE_jznE7FhY|512369|2277|546
2026-09-14|vQsP3Dlaf60|8184|22|0
2026-09-14|rX47NF6nh4o|120306|689|13
2026-09-14|-zDilwppecE|10257|7|0
2026-09-14|-q1Vp65e9G8|2087|33|0
2026-09-14|0VqX73T1H5g|13618|46|0
2026-09-14|uUE-luhivmk|62058|542|11
2026-09-14|ktQ7BM7BOnI|30611|72|14
2026-09-14|og7-9L_9iSY|321203|2064|49
2026-09-14|-b5BepLcNUc|725930|8489|56
2026-09-14|ZTULljQsHfM|81855|766|1
2026-09-14|lK4AIAF5o9E|97854|828|3
2026-09-14|zqj3kR0PBJ8|5578|0|0
2026-09-14|muOpUQ2i7XA|5466|92|9
2026-09-14|728QhYUn09E|1534|7|0
2026-09-14|y3CeSMKuBUk|44086|199|8
2026-09-14|1UDY6AjawnY|4158|22|0
2026-09-14|qZ2FVFhy_5c|3241|92|8
2026-09-14|lM4ZOKWlBnE|2566|142|8
2026-09-14|i4Q7sevKaus|1008|25|1
2026-09-14|Mi91S6bzBKA|3097|103|1
2026-09-14|aQoqcZJgjUs|13862|53|1
2026-09-14|62jv-sSk4vs|2666|78|5
2026-09-14|zOmyXlgky4g|13503|21|1
2026-09-14|d1iMltt1Wa4|23888|134|6
2026-09-14|dIYZkT10jew|1441|83|7
2026-09-14|Wqq3eMzYrAA|1720|92|3
2026-09-14|Jde6_176gS0|2079|44|1
2026-09-14|Mfhs4khBZeE|93237|268|17
2026-09-14|GyNiQ9l_LBQ|56368|195|6
2026-09-14|pYAVtuWE9W4|68609|214|9
2026-09-14|2FIc7esN2Q4|39003|175|8
2026-09-15|Q1-IKsv3z1Q|431868|1897|226
2026-09-15|WLQeF_H1oLI|17432|200|2
2026-09-15|fKIJttin7vw|4561|21|0
2026-09-15|WcJ4mRDtsVw|13598|21|1
2026-09-15|vKjfW4rGXqM|12059|163|8
2026-09-15|sHyfkQ8uGSg|501|6|0
2026-09-15|hSdnahAWv4I|544839|1256|80
2026-09-15|8kSd-B4c5Pw|13255|115|1
2026-09-15|vUBm7ducxCY|17051|103|5
2026-09-15|HplyZWDmjgE|90071|907|33
2026-09-15|ZBQOgL1Z96Y|360260|617|28
2026-09-15|SuoMLoBZUb4|1|0|0
2026-09-15|xdhlE54lk-E|48791|551|103
2026-09-15|B7-XO1FLJTU|161670|566|19
2026-09-15|reCjQnvawug|27958|213|8
2026-09-15|7VcFpBSLtuw|51925|718|12
2026-09-15|y1pz4us-kQ8|68329|346|71
2026-09-15|KUClJSp105c|461148|1958|48
2026-09-15|sDNxGQrkuS0|105062|697|2
2026-09-15|kyZCNx6qsYc|173240|170|6
2026-09-15|nyn3Te4x54I|7256|20|1
2026-09-15|1i8doYY7zMI|2159|39|1
2026-09-15|D_YeftFl360|7710|64|0
2026-09-15|YL0YwSodnT0|6712|60|0
2026-09-15|tmDiJ8K7wGc|20802|52|7
2026-09-15|wmjLyH0kXXU|9472|39|0
2026-09-15|dg7DT6w-C20|17047|32|2
2026-09-15|ONfSkT2U4Rw|143715|1327|92
2026-09-15|WxfMl78sqAc|2042|20|0
2026-09-15|2xApv2G6BXQ|38225|373|18
2026-09-15|C25ZB43mUsQ|3115977|24332|1261
2026-09-15|zNQi32otPdY|25930|62|6
2026-09-15|BcwwMTW1xBU|25934|134|0
2026-09-15|Nb05bYUwcy0|4203|7|1
2026-09-15|f0Nl0Rovz8c|4|0|0
2026-09-15|suboh1ogCW8|144|2|0
2026-09-15|sU7XyFpKDU0|117|1|0
2026-09-15|lVCy7J336R8|370|25|0
2026-09-15|bwE3rmtJGf8|3223|177|21
2026-09-15|i-XPrDNewX8|3189|21|0
2026-09-15|MmHVZJIU-v4|17320|159|0
2026-09-15|p0oQiNk0OUg|1727|18|0
2026-09-15|3TVvpVrVPnY|3758|33|0
2026-09-15|GZVBuExE5ps|4426|64|2
2026-09-15|4dCS7up-Jhc|10872|82|0
2026-09-15|a0Q2y1fWOUk|5713|34|1
2026-09-15|FsJmzguHDbo|8848|57|1
2026-09-15|3FH2s2HdZdw|2865|5|1
2026-09-15|7_zY0tFCSWE|1383|20|0
2026-09-15|fQQWzsSC-es|62|6|1
2026-09-15|8QtXm-UVR4Q|5416|120|6
2026-09-15|Cl-onBYOjuA|6856|341|8
2026-09-15|c_MOqctHAIY|671|9|0
2026-09-15|6HfnJ1NFRyE|6726|119|2
2026-09-15|2AlFO0XPz7k|4325|95|6
2026-09-15|KYbt-0gixeQ|32444|511|48
2026-09-15|x3adMbP5Wt8|12301|78|10
2026-09-15|Si8FIL2LWrc|180645|426|70
2026-09-15|CkNRJzKs9Cs|254570|1094|98
2026-09-15|Ak1cg1ex0NY|61353|6696|1086
2026-09-15|dMpAOPC_3ZU|803013|8163|219
2026-09-15|7VOBigSUcJQ|71|14|1
2026-09-15|xR4nVH6Ywzo|10362|89|0
2026-09-15|wut4FDtvtpo|8070|19|3
2026-09-15|A_3wSqtULvM|26227|185|5
2026-09-15|CQy-mjqek0o|1040|9|2
2026-09-15|4gaYjmjEhgI|15060|93|7
2026-09-15|tYvJ8_E_XR0|74280|546|59
2026-09-15|CPHxVJAeOxo|22101|162|4
2026-09-15|xd1nzfPacDA|95348|1123|50
2026-09-15|XpSU1dMX0ik|12083|94|6
2026-09-15|yVZ8ZjRgJ5A|18574|114|6
2026-09-15|kwFmoFZPu6o|3437|30|0
2026-09-15|ToHoEqCx9G0|4830|74|2
2026-09-15|grfVuXDFDlM|2001|17|1
2026-09-15|BmOGtdh5y34|16604|73|6
2026-09-15|fWSLYUhWzwg|947|5|0
2026-09-15|AwqAqy0yOSg|378|0|0
2026-09-15|OO9RRm9m_yI|2347|16|0
2026-09-15|bHl8bmUJ0rY|33|0|0
2026-09-15|_uybqsFelTM|9|0|0
2026-09-15|ZGYMKN1ByuA|1169|8|1
2026-09-15|6O9qvXDUDo4|1686|15|1
2026-09-15|lG-0jy8BOtU|747|0|0
2026-09-15|uEU2Pvr3i0s|1395|14|0
2026-09-15|SFR6lHFk7hg|6807|4|0
2026-09-15|L76LZWne82w|16360|32|1
2026-09-15|876ID_fXavI|2968|39|1
2026-09-15|wG6mkHirEYk|4419|40|2
2026-09-15|WR7e4y6LyW4|48934|63|3
2026-09-15|PJi046pTaQk|4|0|0
2026-09-15|t60-thUAZz4|8|0|0
2026-09-15|z1fJxv1pgB8|1466|0|4
2026-09-15|XXdbapm1FQE|1818|0|0
2026-09-15|zRBKcuFLzS8|65456|256|8
2026-09-15|8DFiddCzpSA|772|37|1
2026-09-15|z0CeLrgfEyA|9098|84|6
2026-09-15|hlX_QDtRl80|54901|218|7
2026-09-15|0R9B8572-gI|2164|37|0
2026-09-15|zSq8a7l2d98|1107|19|0
2026-09-15|wM-3DAzNY-Q|4528|74|1
2026-09-15|nNhjxMYYyhw|1902|26|1
2026-09-15|Xz0R75IJ4vY|1392|20|0
2026-09-15|8-WaWVo9dHo|2433|29|0
2026-09-15|GXq8Pj0Mo_E|303666|2978|1103
2026-09-15|i2-TA1EO8h8|198241|2006|23
2026-09-15|qe6gFXsm9Bk|30006|323|3
2026-09-15|GVYObkvs_7A|56662|517|1
2026-09-15|LZxll2U1JxQ|26596|261|3
2026-09-15|8GkVTVHAdOw|17118|128|6
2026-09-15|09XedJ3rL4o|13406|181|1
2026-09-15|u0KIGuknsG4|820|7|0
2026-09-15|pbDwqdmKoj4|2221781|5812|1070
2026-09-15|TF9scFyx47I|3305|17|3
2026-09-15|QZVrRINF5iY|44482|232|16
2026-09-15|HUR_87N1UP4|143|0|0
2026-09-15|W3_Cfe4DQqM|28371|178|4
2026-09-15|FQjHsAe6Xb8|23383|152|9
2026-09-15|tTOAEjj0epE|21424|140|4
2026-09-15|vfe0wySRzB4|799026|2307|28
2026-09-15|w_5fKsGPDAA|24949|160|4
2026-09-15|bMreesU5dcI|23149|194|10
2026-09-15|EEoIV4qeoyE|41831|161|15
2026-09-15|6-dSyZt9GXg|18739|139|4
2026-09-15|0rzWRWTJwvE|255|0|0
2026-09-15|dXtLfvFjuqc|44011|69|4
2026-09-15|xttcz1ke_eg|7858|7|0
2026-09-15|zze-tqsUiys|1389|8|1
2026-09-15|hi4Jua0TtnA|20649|33|2
2026-09-15|NXWlZoFK--k|9794|40|1
2026-09-15|-_Pk3Wm4mHQ|14107|78|6
2026-09-15|2WcuWwT3L-s|306750|477|39
2026-09-15|hFThD_g0aEE|456261|861|55
2026-09-15|AaM9yvefJ28|110394|502|76
2026-09-15|NisMgDB0c70|2226539|5095|0
2026-09-15|v92n5nIx9ww|21255|60|5
2026-09-15|I88PY0jaeVM|1704|10|1
2026-09-15|z98BCj7LBSw|204197|990|94
2026-09-15|9jPagzXvpHQ|3732|18|1
2026-09-15|AIsUKi4qPPc|4444|8|2
2026-09-15|xuwyIDVoCYo|202145|568|72
2026-09-15|pd-H5Fl5zEU|219943|2219|120
2026-09-15|aljYQWxZATg|304437|1340|822
2026-09-15|3PLhM0-UFzI|269331|1316|220
2026-09-15|RrY4k7kipK0|242144|666|150
2026-09-15|JawYP5QS8sU|246618|2803|68
2026-09-15|XUWUmDPe2Us|18788|376|5
2026-09-15|nBvIABrigQk|240411|859|54
2026-09-15|-6OSZHar27w|24737|250|1
2026-09-15|NwiKA5t7T_Q|18969|42|1
2026-09-15|ZZ2GzHNE1WM|686313|3784|98
2026-09-15|mzpHcH3jdwM|3267169|20319|818
2026-09-15|i1KXm1j_m4o|1890650|11281|396
2026-09-15|jiypKNKdgm0|1777966|3120|732
2026-09-15|RgtL8fTR2HQ|22949|291|3
2026-09-15|24GJi3PjJpA|86243|303|3
2026-09-15|ao6SBdNk1WI|44239|205|2
2026-09-15|XhyCJw5sRmE|1179438|11056|489
2026-09-15|IBIjzT7OYmg|1499|22|0
2026-09-15|Hf0Xv90KGZY|3137|54|0
2026-09-15|NY0j05ZDvKM|1859|43|0
2026-09-15|hpUAqHocS6Q|2902|11|1
2026-09-15|TF7wJcSeAtg|92|0|0
2026-09-15|cX8B0BQKZVw|33922|165|2
2026-09-15|ZI5CP217P6k|3428|33|0
2026-09-15|chVb9ZSGvB4|11273|140|13
2026-09-15|YCYUr6fG2Mo|62737|935|15
2026-09-15|1AZBvbakYmE|1151|2|1
2026-09-15|bSeWGPvPx-c|23745|234|5
2026-09-15|TSyel_50nLI|5437|21|1
2026-09-15|ttnMhONWgmI|13822|57|1
2026-09-15|O9-pZm7_WUI|3377|14|1
2026-09-15|2ChDbKMXzio|6379|28|6
2026-09-15|yg17-84456s|33758|386|20
2026-09-15|mE3gNreQBxE|28986|88|3
2026-09-15|pyuLdglj4F0|32808|141|9
2026-09-15|CEAuegelN_4|89382|453|34
2026-09-15|HnnoDYZiWMM|32764|84|10
2026-09-15|iclN4Zkvtco|54190|191|16
2026-09-15|YXGXTF3-S1k|40212|126|9
2026-09-15|9HbXf6zl-W0|19457|80|3
2026-09-15|KKB0i2YDO1s|83078|325|16
2026-09-15|iWUBVe43j_M|51849|342|18
2026-09-15|GXX4-m8UsBg|191928|896|64
2026-09-15|CaofErGRoBI|79289|344|30
2026-09-15|mj1esu8mHK0|13615|74|8
2026-09-15|bz42ooHXurI|111916|1273|124
2026-09-15|81iPNN1jWXE|65757|255|18
2026-09-15|cOIwf0xq_JM|62765|169|19
2026-09-15|In2lb6sQsP4|64061|158|12
2026-09-15|v1pGfm7bMqY|92326|286|23
2026-09-15|luzD_eTzx0A|34269|157|22
2026-09-15|4MMmLQxf18g|115258|331|19
2026-09-15|n9am3ArDXWM|12161|31|3
2026-09-15|kT2g03IF3LU|257928|1384|197
2026-09-15|0f0si_13wEU|1358|4|0
2026-09-15|ag05XK5OyXQ|4940|108|29
2026-09-15|4pS7IkS0Tm4|15856|126|0
2026-09-15|OZGCL4pgAg8|138679|538|66
2026-09-15|v7VG1ZWji_g|2932|25|1
2026-09-15|mp7-HPY6qNo|2466|32|0
2026-09-15|91ms7OquwKA|6823|141|3
2026-09-15|ifhWym16bRw|56|0|0
2026-09-15|nyhsEtAst1I|3688|9|0
2026-09-15|edrqUK-prhc|43773|477|26
2026-09-15|LRAxVSfwK4g|55561|113|109
2026-09-15|Akw8q8N6lgw|85607|1146|46
2026-09-15|Gu7_LaU3fgk|683317|7111|3471
2026-09-15|ivw7hv2IuXc|390082|604|20
2026-09-15|zJs8twn0pwY|2073|14|0
2026-09-15|cGEGy_AzMkI|5567|101|6
2026-09-15|xP-E5CC8SkI|791641|371|140
2026-09-15|yxV6Kpv8u94|6223|91|1
2026-09-15|xIpluhz_dFA|56340|485|1
2026-09-15|2TIWgvtnmk8|39745|227|61
2026-09-15|cHiVgEbYrak|1766110|5254|842
2026-09-15|2cAQAMbcbbU|365836|943|158
2026-09-15|VbKP7qS-Gh0|67355|251|113
2026-09-15|NArgCMUP1FU|2640|32|1
2026-09-15|LLucXD4ri-8|41125|314|35
2026-09-15|v-nFIO0roFE|30902|213|56
2026-09-15|mZU1Y1U14RA|99449|1128|37
2026-09-15|C3mzKlfuV5Y|2660|31|3
2026-09-15|esXqAnFjg1g|20689|60|1
2026-09-15|3nLpMbYjMGc|34091|85|11
2026-09-15|_GCSpSoUSvg|333480|4244|158
2026-09-15|EzEeOadJzgs|65266|455|15
2026-09-15|Y3VzC58GiGU|31782|193|3
2026-09-15|PjjtiaTGpNI|204310|1661|5
2026-09-15|i1GdnWVnpD0|100966|357|54
2026-09-15|wSuMlS0fdGI|20704|130|0
2026-09-15|KpEcBfNG7b4|72708|892|15
2026-09-15|gLyNl5HXEWI|40445|307|55
2026-09-15|lPGN8f0bpZA|30379|126|24
2026-09-15|qsqpFx4DzRI|6348|179|10
2026-09-15|zPkdcCgafgo|23061|77|0
2026-09-15|7ZNxjofEzTw|12015|89|0
2026-09-15|dhHnVKlbrZU|79140|506|39
2026-09-15|o8XQC6YRP7E|66625|336|4
2026-09-15|x-2jN1yitPM|4844299|9265|7793
2026-09-15|HJE0TTFs9j4|379470|1180|89
2026-09-15|TBNaIPBPBuw|15257|16|1
2026-09-15|q6kpr65u-8k|13395|49|0
2026-09-15|cfDNhgH8vx8|9122|34|1
2026-09-15|aolaBbiYQH8|91725|1063|9
2026-09-15|36yJRt8nZRc|4178|94|3
2026-09-15|NSTHpRNf8xA|56762|212|6
2026-09-15|JLexyiuVKf8|52994|478|7
2026-09-15|IYr4MXGXMHA|13952|70|1
2026-09-15|rQrydT1yVIU|24255|38|4
2026-09-15|jEksTI11dlQ|46658|400|5
2026-09-15|nk7fJ2WjTTw|24510|32|3
2026-09-15|4hGD_P-TzmE|10357|32|0
2026-09-15|3Gup98TWD8s|45338|51|7
2026-09-15|kG99sGvVfVU|1563|4|1
2026-09-15|g1AxzI3QdUo|9856|37|0
2026-09-15|z3hZMwrzIbE|79925|322|29
2026-09-15|05yXrvrtqQ0|176402|758|72
2026-09-15|rSYx5adjF3M|237848|888|86
2026-09-15|woqqdemMAgQ|242015|3782|538
2026-09-15|O17OPlMQ278|384050|847|282
2026-09-15|Q2WSm-RvVVI|305117|1249|81
2026-09-15|7e6wwBnN4M4|447504|1101|156
2026-09-15|7h7_UkCxuDs|80596|553|75
2026-09-15|kkxQsHUidr8|48671|348|1
2026-09-15|fZo_H4P9j-8|156146|648|54
2026-09-15|Oui55dIipUc|25538|33|1
2026-09-15|ULDUeCybk_g|68075|505|67
2026-09-15|TFmdm8HLjdI|4571|29|0
2026-09-15|AMkBRNZ5x14|7653|21|5
2026-09-15|T8LhocR0CgI|13294|27|2
2026-09-15|PHwPDIrSqFA|20793|178|6
2026-09-15|-12ZSDVTXEA|35347|92|24
2026-09-15|-kiza_ZxBtM|8424|68|2
2026-09-15|xT1Zezgl_1s|611782|2046|346
2026-09-15|KaVjkw_F7GM|33782|198|13
2026-09-15|6DIyw7wW6uM|29300|54|2
2026-09-15|3lD776rbg_w|3221|9|2
2026-09-15|ua5DTGLzIFE|4469|22|1
2026-09-15|GjEUzzPBzhQ|19948|318|9
2026-09-15|YtKfe7Nxe1E|1326|4|1
2026-09-15|Tk_JwTHt9I4|1450|5|1
2026-09-15|bB78VP0GVaY|2776|9|1
2026-09-15|OsBPMwFAhOs|1505|8|1
2026-09-15|NURwSO4U88w|3182|16|1
2026-09-15|3mDd4PU_dH4|8772|53|2
2026-09-15|wWt1RFYViWc|5349|28|1
2026-09-15|H1V_-LKcYg8|146891|619|39
2026-09-15|grMEkIAcCwY|33489|121|1
2026-09-15|Eiwr9TPYw2A|62631|200|12
2026-09-15|JuI-xyjo8xo|39332|156|4
2026-09-15|m0ikhi5SytM|38777|85|8
2026-09-15|8KrF-yjWGQc|71497|200|6
2026-09-15|EmDGSC977o8|67582|238|9
2026-09-15|l-1EHOtgSR0|76987|208|19
2026-09-15|PeYNuuPisO0|187202|898|138
2026-09-15|9lf8ii-wk2w|61569|1145|38
2026-09-15|BRZvq7sWq6U|7359|25|0
2026-09-15|xbeHaEAebzo|4876|98|1
2026-09-15|KRXARKYxMCQ|3445|58|0
2026-09-15|VaI5OWZculU|1435676|2477|398
2026-09-15|hpD2cDgH72A|238752|529|14
2026-09-15|m8Xwa8ZQtRI|157602|1417|19
2026-09-15|rSz_tyh9D_E|35144|182|9
2026-09-15|a9ITe-s4eOM|5280|29|0
2026-09-15|e-DNAS8DDms|77|2|0
2026-09-15|HPdrOjvSi5A|71920|141|4
2026-09-15|nY9MdaDKJzc|2756|124|14
2026-09-15|IRyvnavUzI8|35839|424|13
2026-09-15|nPkspIMyTbw|17|0|0
2026-09-15|jdwEFD1snPM|6911|19|1
2026-09-15|tr3s6NqUR_Q|26941|150|26
2026-09-15|aeElqe5eyM0|17941|189|1
2026-09-15|jxVSawFO1wU|9210|154|5
2026-09-15|IB4PTZFkWg8|45380|145|62
2026-09-15|t0dRqybYlRI|60871|207|120
2026-09-15|o3ZMmHcOGQQ|6554|53|3
2026-09-15|ctShn4-ZtfE|27225|64|139
2026-09-15|SM0E_NHAXjg|40073|141|104
2026-09-15|9yD_ODBe0CY|192268|1729|83
2026-09-15|OZDq1zI-MbQ|118917|380|8
2026-09-15|9uHoEquu76A|379978|708|19
2026-09-15|1a5FZ2Cw9C8|590237|3799|330
2026-09-15|nsLNxK6UTYA|541434|1810|41
2026-09-15|ZwzsKiA1hyc|121242|469|18
2026-09-15|gDp8ftLurFI|13109|29|12
2026-09-15|FZDQneEa-rs|485875|2959|97
2026-09-15|1HyIW1iAajc|82248|151|15
2026-09-15|lR-gz4q6VoQ|816014|1327|233
2026-09-15|Tij7cQqaikA|234143|1944|133
2026-09-15|1jj4FfXXmJw|55240|287|34
2026-09-15|CyU1bPLbT_I|242740|674|123
2026-09-15|Rju1CF5qArs|16707|193|8
2026-09-15|TQpWgSVTR7c|29198|90|90
2026-09-15|D5jNzk0QJrU|3856|16|4
2026-09-15|yt5PpUB-2pU|88071|297|34
2026-09-15|90ssj9w_P4I|616959|7351|548
2026-09-15|ncr5O5O0GU4|20781|274|5
2026-09-15|kbD7a8Z-DAg|21319|121|18
2026-09-15|UuoYKHIYq4Q|14988662|13558|776
2026-09-15|Q1n4fJAWs20|36939|186|8
2026-09-15|RMgKkfIR8vw|171857|291|17
2026-09-15|eHEhQLqgBtE|15601|85|6
2026-09-15|pfay4RX6Veg|396640|609|29
2026-09-15|MXUwiH4synw|44917|205|7
2026-09-15|Qgp8k0zybDE|9235|63|3
2026-09-15|luEbGWSuusQ|26046|85|34
2026-09-15|FtwUSS2eXTM|90861|228|41
2026-09-15|qKHY0nm2phM|61374|303|9
2026-09-15|HeKQLQut3mI|41141|149|5
2026-09-15|ptBkGF8E1yE|6768|17|0
2026-09-15|KD7WYPnNqsg|13606|84|2
2026-09-15|P7es2ely19I|9455|68|2
2026-09-15|x0K3SE4SZtk|18562|3|1
2026-09-15|EEAusWa2IHQ|20117|25|1
2026-09-15|hWThErB0F4k|3901|9|0
2026-09-15|oRKn9xDaRAY|139848|1015|86
2026-09-15|R_lFh2qVEgc|93960|323|30
2026-09-15|MVR5Go14OgE|8285|56|1
2026-09-15|uqV6_jqCkQg|712531|1420|143
2026-09-15|aAnWXF9MVec|42234|200|4
2026-09-15|YSUTg_U3No8|36286|85|4
2026-09-15|m90eqaP9EBk|24169|147|7
2026-09-15|3Wz1LeREY8g|18154|72|0
2026-09-15|RQSsIzE2Gsc|3952|27|0
2026-09-15|d-eCmvN_fPo|515075|1366|197
2026-09-15|NiUP1Pg14RQ|955456|16962|1031
2026-09-15|Jx5aN-_K72A|54173|498|16
2026-09-15|j2lhfLCUvaA|210418|530|83
2026-09-15|1lhZlQq7iOw|307521|758|307
2026-09-15|vY8kYkRNjc4|349266|700|170
2026-09-15|paXgcTOqNbg|182924|2179|196
2026-09-15|8iSq04OgdiY|718378|2537|183
2026-09-15|Lp_KAYxDMgA|27100|612|53
2026-09-15|XEOK9sSWFQo|103928|422|2
2026-09-15|vpuhpzRzhnw|197187|1544|254
2026-09-15|6c_D06DiSME|6745|99|0
2026-09-15|FwmxJJDYtD0|288832|2267|153
2026-09-15|OY6n-YYCO_s|28453|321|47
2026-09-15|GMKd8QrV8iA|12242|12|1
2026-09-15|pic8cVlgkQ0|181761|963|37
2026-09-15|Vct47kyp7n8|13955|4|2
2026-09-15|xJPycQxd074|236|2|1
2026-09-15|BcyVgvdvQJE|9558|33|1
2026-09-15|7EVzAoNrIRw|1257|21|1
2026-09-15|C8o23bh23jA|27821|24|0
2026-09-15|7M5vdvCP9Mw|14360|18|4
2026-09-15|gkFGDDmWGFM|99004|492|54
2026-09-15|ixLZDxJ8tP8|52016|329|1
2026-09-15|xq3sAcwcB-U|12023|29|2
2026-09-15|ykCzLFdnv6o|2263|37|1
2026-09-15|r5Xp5GxQE_w|6693|25|0
2026-09-15|I2mwQPvQqBo|139|1|1
2026-09-15|UKrTzjb1-qo|1981|10|1
2026-09-15|Dx9Kq7zLdW8|2320|19|0
2026-09-15|ZZAVHEIl0g4|29782|241|5
2026-09-15|9bn3a4CzQqI|17126|166|4
2026-09-15|i31GbXn4fnI|55763|557|14
2026-09-15|y3tPmLm9akw|4072|92|3
2026-09-15|RsBKM1FdXOs|31428|274|0
2026-09-15|Cs-4XgT4_I8|44380|77|2
2026-09-15|nNIMWnXPQkY|21423|179|6
2026-09-15|PeitgWu6Yj8|1204911|63627|5214
2026-09-15|ejrEeFJ5UmA|4531|11|0
2026-09-15|noG9JJW61ak|18036|38|0
2026-09-15|HxTvuLlQG9I|17407|14|0
2026-09-15|h82gnUwTiFU|5684|9|0
2026-09-15|4SN5kp_LH-s|1566280|2970|427
2026-09-15|EIPWgJiriL8|49699|172|243
2026-09-15|NIOQ4Gp8J5c|1914|9|0
2026-09-15|Tn9rYnoNOO8|66390|371|149
2026-09-15|eni_km6IV8Y|901030|8846|56
2026-09-15|ZOJlw8XJEfM|84177|369|3
2026-09-15|b1M1jKBUURw|186194|3436|213
2026-09-15|fj5KUv8_o6I|30154|95|246
2026-09-15|wj7Os9z4Tw8|44810|165|115
2026-09-15|pY-v45fWo_c|4192|10|0
2026-09-15|TwLspoLZnDs|29322|332|13
2026-09-15|Qh5b6wwCznk|487857|1357|143
2026-09-15|Zkkt4CTdLUM|427191|580|40
2026-09-15|IshGYa9xzBY|7078|85|1
2026-09-15|Ji6E_lsYyJY|10861|20|0
2026-09-15|7O-NBeGRvz0|9846|113|0
2026-09-15|FTJa3m2QHa8|67682|427|253
2026-09-15|xIfW_vUbn_M|302248|2307|252
2026-09-15|0xflJQFe4Oo|174134|689|39
2026-09-15|aZcUWMQQuc8|39546|123|9
2026-09-15|JJx_WQXOeK0|693805|8899|62
2026-09-15|k_UHmuXb3I8|5229|96|3
2026-09-15|O7ZEKsCQT3g|38652|322|3
2026-09-15|C7C7WvO6gyE|440223|1022|325
2026-09-15|On-WGpnQv5k|56388|111|0
2026-09-15|xeA67844Snk|40939|93|252
2026-09-15|QzuRKLkvMfc|4136|40|1
2026-09-15|Wlv1C4EkZcg|95|0|0
2026-09-15|X8LF3DjWsFs|117477|809|1
2026-09-15|vmaUU6qqtaA|10762|197|2
2026-09-15|zS33PT9UPj0|34|0|0
2026-09-15|dPEoy2JI53I|29055|33|7
2026-09-15|24zgW1bgDDI|37651|62|20
2026-09-15|UxvgtLPqUkk|10786|7|2
2026-09-15|cRhKOKYBu0w|8567|24|14
2026-09-15|sQKic8h0M3w|4630|95|0
2026-09-15|4F_yDjq0vm0|66918|209|41
2026-09-15|7bmkhG8OPCc|1209780|5856|676
2026-09-15|i6Vi0SHcMJc|415236|3125|219
2026-09-15|yvByPMzMZ9k|41|0|0
2026-09-15|_UIb_NddJHg|217564|939|49
2026-09-15|45grQ1elZ_Y|11|0|0
2026-09-15|ssoh_Rd6SPw|122|0|0
2026-09-15|h9PgaBSbom0|649|1|0
2026-09-15|mAYX_Ldl3C4|290017|771|24
2026-09-15|2sjxU4tZuZA|40245|250|23
2026-09-15|LcxWubGRyV4|28607|216|10
2026-09-15|T49NlqZgyjI|71525|392|41
2026-09-15|WP42MrkmgFU|58773|235|7
2026-09-15|TmeNj9sTqnA|186449|1160|63
2026-09-15|BByk1j1-Hd8|91710|456|38
2026-09-15|sjoU-3QySzk|37213|303|21
2026-09-15|uBIrqggMoIc|163040|934|61
2026-09-15|7Qh4A12cqwo|79965|562|2
2026-09-15|YIRVQryGCvE|11442|19|1
2026-09-15|DXtl7jB0vw0|27157|377|7
2026-09-15|kkAgCflbeIA|21780|131|2
2026-09-15|Whq68yvQWs8|45629|230|9
2026-09-15|vZ39inSrdIs|21935|273|32
2026-09-15|RdUV9Ms5GM4|15264654|202892|8738
2026-09-15|x_Vlx40hgEw|208270|911|200
2026-09-15|ppc1YU099XM|344053|1284|139
2026-09-15|AV7gFs-4K2k|16615|56|2
2026-09-15|7Z8DFZzzk_o|26920|64|0
2026-09-15|nIOXG4Rp2bQ|1680|7|0
2026-09-15|SkJQr78_QWc|32703|327|3
2026-09-15|1e5dcDsWHFQ|79572|318|12
2026-09-15|i3UGSZ37LpM|159098|1933|144
2026-09-15|nmMqBDd9EWw|522471|4898|336
2026-09-15|8cDbzqATR74|121774|589|54
2026-09-15|uwIXg7Fj4dA|227296|577|98
2026-09-15|ct3zcwNsk-A|37207|140|4
2026-09-15|pMWME3ZBhAc|45951|151|4
2026-09-15|6ZrgdsvDQzw|558382|1843|311
2026-09-15|sRjxuwchQsw|22374|8|0
2026-09-15|UnzrxpdZYZ4|62293|483|17
2026-09-15|75v8cD3SShI|37004|324|6
2026-09-15|bTP0va9i3j4|242|1|0
2026-09-15|bBJwP7nWxdA|109|0|0
2026-09-15|fepoTZ43vgQ|10025|32|0
2026-09-15|TOOg_82wO60|6199|22|0
2026-09-15|djnXU-YVKgQ|3505|10|0
2026-09-15|ItPgQ1aZXDs|9189|21|0
2026-09-15|7OoUzvVJ0bk|18894|18|0
2026-09-15|qhZjj-I81uU|222|2|0
2026-09-15|-kvaDi2JTJ4|2329|11|0
2026-09-15|uyU71K-RBSQ|17147|30|2
2026-09-15|bj0Pdam68N8|2834|4|1
2026-09-15|CnWBUD0zO70|93999|165|14
2026-09-15|wEo0JEJOGHg|4339|7|0
2026-09-15|sFwxBxSkIMc|1894892|8562|210
2026-09-15|OUPH64ypcSQ|101462|856|54
2026-09-16|RrVBXZoTfLE|3|0|0
2026-09-16|PpMNSx5gUmw|213736|662|177
2026-09-16|nGJNwlQtiHE|5403|50|2
2026-09-16|lQswz-3UMHk|1095|14|0
2026-09-16|VFPbvueSU8g|864|7|1
2026-09-16|7E60E63bX_Q|4993|19|1
2026-09-16|JmkHzG1_8aQ|7276|8|1
2026-09-16|QlQS8hsp-FU|68019|199|29
2026-09-16|m5HbrB6Z0Jg|1886|24|0
2026-09-16|aIygEf0pX7E|1366|24|0
2026-09-16|M4ycGgur-d4|3989|29|1
2026-09-16|ip22vIidbU0|8193|36|3
2026-09-16|PmCb9CvLHoQ|7500|43|0
2026-09-16|EkChcxW6cjc|1338|28|2
2026-09-16|WJRJ7JpknGo|144|3|0
2026-09-16|zILkmmLUv_A|6463|165|9
2026-09-16|gPEgidr7Yus|14401|115|21
2026-09-16|S28UmHLe-Ek|1910|17|0
2026-09-16|nYDNkb5nYiQ|2220|20|1
2026-09-16|dJeLvH7p-Rs|2696|83|3
2026-09-16|AS6eCeBIzAQ|27473|311|31
2026-09-16|MRgPf4v39Aw|137|4|1
2026-09-16|jcq_iDpD-zQ|5049|33|0
2026-09-16|849pJt_Rn1g|776783|10401|489
2026-09-16|WwcTgrY58j0|84681|684|23
2026-09-16|2MNzxwGOpRA|31275|578|12
2026-09-16|8JHawr3bsmw|1845|56|0
2026-09-16|HkRucTW1M1A|1481|6|0
2026-09-16|R-XE8IdSdsE|3791|23|3
2026-09-16|PY1p37c5g6I|237|4|0
2026-09-16|ePBZ8oF-0WI|4558|209|48
2026-09-16|P86dzTtph_I|602|23|0
2026-09-16|mg1rNqP4dHE|66|5|0
2026-09-16|ZJcrb8m03sI|8050|194|2
2026-09-16|Q56eMrpsJqQ|5092|61|0
2026-09-16|JnVIOepdweg|169213|1508|109
2026-09-16|bKQ-3FzfEAg|76368|5843|815
2026-09-16|2AZa7K7Zy0k|60059|220|4
2026-09-16|aTJ_X4Emjt0|230522|480|107
2026-09-16|eAaPBW62xco|1111|45|2
2026-09-16|pAJr0lsXaow|37|0|0
2026-09-16|kwTGm_kO144|45|0|0
2026-09-16|GK-m0dNYzAM|1265|3|0
2026-09-16|c5QJoXyI7EE|1149|46|1
2026-09-16|2kIv5kYvG2Y|50625|162|5
2026-09-16|RixkbNauCz8|275|8|5
2026-09-16|Keph-aRFJAo|13126|61|8
2026-09-16|wL4aFd1cqPQ|70367|108|12
2026-09-16|0CwgNqKdFWs|60677|174|16
2026-09-16|55-vM6kAV_M|12617|33|0
2026-09-16|QtFEicaNqlM|324817|954|58
2026-09-16|hIMcDC4YiyI|30994|113|1
2026-09-16|0mvqXWKzCkk|468231|664|243
2026-09-16|Yn-JSdKwKLY|401728|829|16
2026-09-16|JsL1L2PMjZ0|14984|151|1
2026-09-16|ch0cMduQwz4|539024|6115|80
2026-09-16|PXul4IIjG78|114254|912|3
2026-09-16|ff87YuGWnIQ|1288|6|0
2026-09-16|nP1xjFX86Po|1237793|36165|2734
2026-09-16|Ma0PsMLioFo|3|0|0
2026-09-16|Fp7MEtfzlJI|363|0|0
2026-09-16|0H5qM79G354|2925|3|0
2026-09-16|wxtQIy0339k|19128|36|3
2026-09-16|hBFfJxcHdz4|16|0|0
2026-09-16|AQTe4f2WxFI|6864|42|0
2026-09-16|vUdXm13k3Sc|22604|219|2
2026-09-16|97Ysz6DPGQQ|697056|4125|111
2026-09-16|WE0Ddp40z5w|16701|115|1
2026-09-16|kObkc3tqJOY|26580|305|13
2026-09-16|q-DUnQZY2i0|10542|73|1
2026-09-16|uTaSQUL68Es|25262|159|3
2026-09-16|HKQ0XmGrRkA|25325|142|0
2026-09-16|aQKm7ki5NNM|588|44|6
2026-09-16|wmluyZkfFVU|66520|2814|207
2026-09-16|my6YT1qZ7b0|74175|264|19
2026-09-16|6WFG79TPvxE|1071|22|2
2026-09-16|HrLvaeE0Ro8|1781|8|1
2026-09-16|RriPPYiarPM|589|9|0
2026-09-16|4PmGlgb9CO8|610|12|1
2026-09-16|6sLGm61NzYI|623|3|0
2026-09-16|XM6fafSacSE|15775|208|2
2026-09-16|sG4o_Zce6cQ|631|9|0
2026-09-16|9iOYtpCWcbc|864|12|0
2026-09-16|WHucBRcdpaE|1266|9|0
2026-09-16|vgitibMdYo4|1362|14|0
2026-09-16|W7R-Udg2E2k|1236|17|0
2026-09-16|_6K48XjiKHo|1436|18|0
2026-09-16|SvDqlE3txXY|2654|72|2
2026-09-16|Pei0YEaldO8|5854|6|1
2026-09-16|dP-SYT6qnAY|34252|177|26
2026-09-16|gfEVuYJxsLY|28257|149|5
2026-09-16|4pkaTep1neI|27105|163|9
2026-09-16|xebIKQLqjE8|25646|161|12
2026-09-16|EqzzVZmcyGo|26749|128|1
2026-09-16|hR9NbWkbNfE|3386|42|0
2026-09-16|yzxFEfRnCLI|11455|9|0
2026-09-16|F18ZLr-blsw|19759|126|9
2026-09-16|nAe_pB0zK-Q|22938|167|5
2026-09-16|9lP6O3KudB0|17217|161|4
2026-09-16|T2ydBkwc5XA|34651|241|9
2026-09-16|z43-lEK0U6Q|24320|314|13
2026-09-16|Hv6RgpEMTCA|368|4|0
2026-09-16|sXaIx-x4Z24|60156|1058|41
2026-09-16|KRiepLwAKrc|21872|84|9
2026-09-16|IrNThTearYQ|10183|44|5
2026-09-16|RApBZ6iXH50|54509|678|11
2026-09-16|7eq4LRfaTRA|26659|169|9
2026-09-16|dwSqyAUNUu0|10|0|0
2026-09-16|w52gmej7BOk|9|0|0
2026-09-16|v1tDQFeaL3U|47712|112|4
2026-09-16|dbl1aXd6uXE|286922|737|68
2026-09-16|fBPSYS1julE|3|0|0
2026-09-16|8UWMuGMa3DM|5|0|0
2026-09-16|0tSlsOPZG2M|33530|165|16
2026-09-16|Is54QLSUv4Q|22590|146|1
2026-09-16|sGYNoeMhuHk|91518|281|48
2026-09-16|0GvJvLs91O8|673|7|0
2026-09-16|HN-pG0qnl1Y|58294|181|13
2026-09-16|JCNVpgwffyM|36229|124|17
2026-09-16|m4oh5ubNwpw|58763|183|39
2026-09-16|RK85lhWp3rQ|79274|673|9
2026-09-16|PIECs0BCv1w|1021|0|1
2026-09-16|KUClJSp105c|655814|3088|79
2026-09-16|bwE3rmtJGf8|233687|1150|142
2026-09-16|hSdnahAWv4I|647292|1434|96
2026-09-16|f0Nl0Rovz8c|2808|11|0
2026-09-16|suboh1ogCW8|9656|67|2
2026-09-16|sU7XyFpKDU0|6232|55|1
2026-09-16|lVCy7J336R8|2736|82|3
2026-09-16|reCjQnvawug|33537|258|9
2026-09-16|vfe0wySRzB4|875462|2465|30
2026-09-16|7VcFpBSLtuw|165590|1319|15
2026-09-16|CkNRJzKs9Cs|337577|1335|109
2026-09-16|BmOGtdh5y34|17118|77|6
2026-09-16|Si8FIL2LWrc|212252|480|81
2026-09-16|bHl8bmUJ0rY|61|0|0
2026-09-16|WcJ4mRDtsVw|13958|22|1
2026-09-16|ZBQOgL1Z96Y|405230|724|30
2026-09-16|_uybqsFelTM|32|0|0
2026-09-16|0rzWRWTJwvE|1055|0|0
2026-09-16|XXdbapm1FQE|2191|0|0
2026-09-16|z1fJxv1pgB8|2413|0|5
2026-09-16|PJi046pTaQk|24|0|0
2026-09-16|AwqAqy0yOSg|407|0|0
2026-09-16|GXq8Pj0Mo_E|319996|3094|1174
2026-09-16|WLQeF_H1oLI|17604|202|2
2026-09-16|t60-thUAZz4|80|0|0
2026-09-16|C25ZB43mUsQ|3256825|25895|1335
2026-09-16|uEU2Pvr3i0s|3053|16|1
2026-09-16|i-XPrDNewX8|6052|29|0
2026-09-16|bMreesU5dcI|39045|231|11
2026-09-16|tTOAEjj0epE|28272|154|5
2026-09-16|MmHVZJIU-v4|152181|1090|10
2026-09-16|p0oQiNk0OUg|8370|48|1
2026-09-16|3TVvpVrVPnY|17206|246|7
2026-09-16|GZVBuExE5ps|38955|516|22
2026-09-16|4dCS7up-Jhc|14712|92|0
2026-09-16|a0Q2y1fWOUk|8383|40|1
2026-09-16|FsJmzguHDbo|10993|67|1
2026-09-16|Nb05bYUwcy0|6523|10|1
2026-09-16|2xApv2G6BXQ|55627|497|34
2026-09-16|WxfMl78sqAc|2139|20|0
2026-09-16|ONfSkT2U4Rw|183873|1642|110
2026-09-16|wut4FDtvtpo|8990|21|3
2026-09-16|dg7DT6w-C20|28992|45|3
2026-09-16|wmjLyH0kXXU|9617|40|0
2026-09-16|tmDiJ8K7wGc|23102|57|8
2026-09-16|YL0YwSodnT0|6993|63|0
2026-09-16|D_YeftFl360|11961|99|0
2026-09-16|1i8doYY7zMI|3101|43|1
2026-09-16|nyn3Te4x54I|11078|23|1
2026-09-16|3FH2s2HdZdw|7103|7|2
2026-09-16|w_5fKsGPDAA|41469|183|4
2026-09-16|EEoIV4qeoyE|74210|228|25
2026-09-16|WR7e4y6LyW4|53652|65|3
2026-09-16|6-dSyZt9GXg|24087|155|5
2026-09-16|wG6mkHirEYk|6636|89|2
2026-09-16|876ID_fXavI|5394|56|3
2026-09-16|L76LZWne82w|41559|85|2
2026-09-16|SFR6lHFk7hg|8937|7|1
2026-09-16|fKIJttin7vw|4786|21|0
2026-09-16|lG-0jy8BOtU|1777|0|1
2026-09-16|6O9qvXDUDo4|2924|19|2
2026-09-16|ZGYMKN1ByuA|2475|14|2
2026-09-16|CQy-mjqek0o|2595|13|3
2026-09-16|OO9RRm9m_yI|5236|24|1
2026-09-16|fWSLYUhWzwg|1996|10|1
2026-09-16|grfVuXDFDlM|4529|30|5
2026-09-16|ToHoEqCx9G0|10195|96|3
2026-09-16|kwFmoFZPu6o|9050|50|2
2026-09-16|yVZ8ZjRgJ5A|25236|133|8
2026-09-16|XpSU1dMX0ik|15825|108|7
2026-09-16|CPHxVJAeOxo|34209|183|5
2026-09-16|4gaYjmjEhgI|19794|106|10
2026-09-16|zRBKcuFLzS8|114274|310|9
2026-09-16|z0CeLrgfEyA|14572|110|7
2026-09-16|hlX_QDtRl80|81287|287|13
2026-09-16|sDNxGQrkuS0|122186|791|2
2026-09-16|i2-TA1EO8h8|520618|3996|37
2026-09-16|BcwwMTW1xBU|26148|135|0
2026-09-16|zSq8a7l2d98|2569|31|0
2026-09-16|W3_Cfe4DQqM|40489|201|7
2026-09-16|QZVrRINF5iY|105797|312|24
2026-09-16|Ak1cg1ex0NY|126899|8388|1439
2026-09-16|x3adMbP5Wt8|20666|110|16
2026-09-16|KYbt-0gixeQ|50209|609|59
2026-09-16|2AlFO0XPz7k|5129|103|6
2026-09-16|8GkVTVHAdOw|21524|150|6
2026-09-16|A_3wSqtULvM|94770|616|29
2026-09-16|8DFiddCzpSA|49981|548|8
2026-09-16|8-WaWVo9dHo|3445|35|0
2026-09-16|Xz0R75IJ4vY|1700|25|0
2026-09-16|nNhjxMYYyhw|2443|33|1
2026-09-16|wM-3DAzNY-Q|9811|130|1
2026-09-16|0R9B8572-gI|4966|69|0
2026-09-16|dMpAOPC_3ZU|829246|8316|222
2026-09-16|fQQWzsSC-es|50492|299|42
2026-09-16|8QtXm-UVR4Q|7839|164|7
2026-09-16|Cl-onBYOjuA|11424|671|12
2026-09-16|c_MOqctHAIY|1048|14|0
2026-09-16|6HfnJ1NFRyE|7849|130|2
2026-09-16|tYvJ8_E_XR0|79598|594|62
2026-09-16|TF9scFyx47I|7260|37|4
2026-09-16|7VOBigSUcJQ|19665|245|6
2026-09-16|7_zY0tFCSWE|1541|22|0
2026-09-16|zNQi32otPdY|28341|69|6
2026-09-16|y1pz4us-kQ8|84377|392|80
2026-09-16|8kSd-B4c5Pw|14515|117|1
2026-09-16|HplyZWDmjgE|168376|1650|62
2026-09-16|FQjHsAe6Xb8|36652|182|9
2026-09-16|HUR_87N1UP4|730|0|1
2026-09-16|GVYObkvs_7A|68605|640|2
2026-09-16|vUBm7ducxCY|18237|111|5
2026-09-16|kyZCNx6qsYc|180506|175|6
2026-09-16|xR4nVH6Ywzo|20708|176|0
2026-09-16|Q1-IKsv3z1Q|628242|2824|319
2026-09-16|xdhlE54lk-E|49132|553|102
2026-09-16|B7-XO1FLJTU|167535|599|19
2026-09-16|u0KIGuknsG4|1689|14|0
2026-09-16|SuoMLoBZUb4|3|0|0
2026-09-16|pbDwqdmKoj4|2457773|6177|1129
2026-09-16|xd1nzfPacDA|335120|3137|111
2026-09-16|09XedJ3rL4o|17390|207|1
2026-09-16|LZxll2U1JxQ|276543|2361|28
2026-09-16|sHyfkQ8uGSg|1229|10|1
2026-09-16|qe6gFXsm9Bk|30280|326|3
2026-09-16|vKjfW4rGXqM|17702|188|9
2026-09-16|2WcuWwT3L-s|391385|555|45
2026-09-16|pyuLdglj4F0|37596|153|12
2026-09-16|z98BCj7LBSw|249116|1167|99
2026-09-16|CEAuegelN_4|115624|534|35
2026-09-16|Gu7_LaU3fgk|788031|7917|3781
2026-09-16|ivw7hv2IuXc|396411|613|22
2026-09-16|mE3gNreQBxE|64876|162|10
2026-09-16|HnnoDYZiWMM|43500|99|13
2026-09-16|2ChDbKMXzio|6552|29|6
2026-09-16|O9-pZm7_WUI|3461|15|1
2026-09-16|ttnMhONWgmI|14329|58|1
2026-09-16|TSyel_50nLI|5890|22|1
2026-09-16|ZI5CP217P6k|4211|45|0
2026-09-16|-_Pk3Wm4mHQ|14757|79|6
2026-09-16|cX8B0BQKZVw|34501|165|2
2026-09-16|TF7wJcSeAtg|101|0|0
2026-09-16|hpUAqHocS6Q|2911|11|1
2026-09-16|NY0j05ZDvKM|1861|43|0
2026-09-16|yg17-84456s|35616|422|20
2026-09-16|CaofErGRoBI|102328|407|39
2026-09-16|iclN4Zkvtco|72353|226|17
2026-09-16|zze-tqsUiys|1445|8|1
2026-09-16|I88PY0jaeVM|1773|11|1
2026-09-16|2cAQAMbcbbU|429153|1004|175
2026-09-16|xIpluhz_dFA|56949|485|1
2026-09-16|IBIjzT7OYmg|1500|22|0
2026-09-16|KKB0i2YDO1s|93473|366|16
2026-09-16|iWUBVe43j_M|54740|365|19
2026-09-16|9HbXf6zl-W0|30718|120|9
2026-09-16|bz42ooHXurI|135204|1504|135
2026-09-16|dXtLfvFjuqc|48105|78|5
2026-09-16|hi4Jua0TtnA|24064|40|2
2026-09-16|NisMgDB0c70|2396770|5614|0
2026-09-16|NXWlZoFK--k|10335|44|1
2026-09-16|xttcz1ke_eg|8105|8|0
2026-09-16|kT2g03IF3LU|430657|1973|283
2026-09-16|edrqUK-prhc|47571|512|28
2026-09-16|mj1esu8mHK0|14621|79|9
2026-09-16|OZGCL4pgAg8|140297|540|69
2026-09-16|v92n5nIx9ww|23812|64|5
2026-09-16|YXGXTF3-S1k|61115|195|18
2026-09-16|GXX4-m8UsBg|228042|1019|73
2026-09-16|Hf0Xv90KGZY|3146|54|0
2026-09-16|AIsUKi4qPPc|4791|8|2
2026-09-16|cHiVgEbYrak|2023092|5949|951
2026-09-16|VbKP7qS-Gh0|76074|303|124
2026-09-16|RrY4k7kipK0|260067|708|163
2026-09-16|3PLhM0-UFzI|309931|1465|230
2026-09-16|aljYQWxZATg|319198|1364|816
2026-09-16|pd-H5Fl5zEU|240547|2324|122
2026-09-16|xuwyIDVoCYo|213724|597|75
2026-09-16|LRAxVSfwK4g|60945|124|118
2026-09-16|ag05XK5OyXQ|6301|118|29
2026-09-16|nyhsEtAst1I|7172|17|2
2026-09-16|i1KXm1j_m4o|1922314|11424|406
2026-09-16|24GJi3PjJpA|88103|305|3
2026-09-16|1AZBvbakYmE|1233|3|1
2026-09-16|chVb9ZSGvB4|11667|146|14
2026-09-16|ao6SBdNk1WI|44827|208|2
2026-09-16|XhyCJw5sRmE|1370893|12210|549
2026-09-16|LLucXD4ri-8|45317|333|35
2026-09-16|v-nFIO0roFE|35221|252|72
2026-09-16|2TIWgvtnmk8|44568|252|67
2026-09-16|bSeWGPvPx-c|27934|304|6
2026-09-16|yxV6Kpv8u94|6453|91|1
2026-09-16|-6OSZHar27w|27051|257|2
2026-09-16|ifhWym16bRw|99|0|0
2026-09-16|91ms7OquwKA|8263|182|3
2026-09-16|mp7-HPY6qNo|2569|33|0
2026-09-16|NArgCMUP1FU|2923|34|1
2026-09-16|v7VG1ZWji_g|3228|30|1
2026-09-16|nBvIABrigQk|246243|882|58
2026-09-16|XUWUmDPe2Us|19546|384|5
2026-09-16|ZZ2GzHNE1WM|700463|3845|97
2026-09-16|JawYP5QS8sU|252802|2845|68
2026-09-16|Akw8q8N6lgw|114847|1548|52
2026-09-16|zJs8twn0pwY|2401|14|0
2026-09-16|4pS7IkS0Tm4|18147|139|0
2026-09-16|cGEGy_AzMkI|6135|113|6
2026-09-16|xP-E5CC8SkI|1116008|545|194
2026-09-16|YCYUr6fG2Mo|89944|1390|17
2026-09-16|9jPagzXvpHQ|3915|18|1
2026-09-16|n9am3ArDXWM|14972|41|3
2026-09-16|luzD_eTzx0A|35487|161|23
2026-09-16|mzpHcH3jdwM|3408596|20830|833
2026-09-16|jiypKNKdgm0|1916937|3204|737
2026-09-16|NwiKA5t7T_Q|19644|45|1
2026-09-16|RgtL8fTR2HQ|24929|299|4
2026-09-16|hFThD_g0aEE|522283|957|63
2026-09-16|AaM9yvefJ28|132287|612|96
2026-09-16|4MMmLQxf18g|121493|344|20
2026-09-16|0f0si_13wEU|1375|4|0
2026-09-16|In2lb6sQsP4|65427|162|12
2026-09-16|cOIwf0xq_JM|64144|170|19
2026-09-16|v1pGfm7bMqY|92864|287|23
2026-09-16|81iPNN1jWXE|65958|255|18
2026-09-16|Y3VzC58GiGU|35515|217|3
2026-09-16|e-DNAS8DDms|78|2|0
2026-09-16|jEksTI11dlQ|46942|401|5
2026-09-16|wSuMlS0fdGI|20919|130|0
2026-09-16|x-2jN1yitPM|5234752|9677|8093
2026-09-16|KpEcBfNG7b4|77685|938|15
2026-09-16|q6kpr65u-8k|14201|49|0
2026-09-16|HJE0TTFs9j4|391300|1209|92
2026-09-16|NSTHpRNf8xA|59973|216|7
2026-09-16|PjjtiaTGpNI|206474|1673|5
2026-09-16|o8XQC6YRP7E|73990|381|4
2026-09-16|a9ITe-s4eOM|5334|29|0
2026-09-16|OZDq1zI-MbQ|121800|384|8
2026-09-16|IYr4MXGXMHA|14009|70|1
2026-09-16|zPkdcCgafgo|24943|77|0
2026-09-16|nPkspIMyTbw|23|1|0
2026-09-16|BRZvq7sWq6U|9711|27|0
2026-09-16|qsqpFx4DzRI|6744|181|10
2026-09-16|1jj4FfXXmJw|61218|318|36
2026-09-16|lPGN8f0bpZA|34391|139|24
2026-09-16|gLyNl5HXEWI|49566|351|62
2026-09-16|1a5FZ2Cw9C8|806078|4143|347
2026-09-16|nsLNxK6UTYA|598281|1946|58
2026-09-16|7ZNxjofEzTw|13605|92|0
2026-09-16|9lf8ii-wk2w|73472|1275|41
2026-09-16|3nLpMbYjMGc|34457|85|11
2026-09-16|mZU1Y1U14RA|102944|1157|38
2026-09-16|GjEUzzPBzhQ|20873|331|10
2026-09-16|xbeHaEAebzo|5100|102|1
2026-09-16|aeElqe5eyM0|18897|197|1
2026-09-16|m8Xwa8ZQtRI|167160|1484|21
2026-09-16|rSz_tyh9D_E|38449|201|9
2026-09-16|EzEeOadJzgs|67582|460|17
2026-09-16|rSYx5adjF3M|242448|893|87
2026-09-16|_GCSpSoUSvg|335456|4253|158
2026-09-16|JLexyiuVKf8|57171|515|8
2026-09-16|ZwzsKiA1hyc|129144|516|19
2026-09-16|7h7_UkCxuDs|92234|615|81
2026-09-16|7e6wwBnN4M4|467779|1143|157
2026-09-16|Q2WSm-RvVVI|309472|1258|81
2026-09-16|Tij7cQqaikA|246638|1983|134
2026-09-16|D5jNzk0QJrU|5163|21|6
2026-09-16|O17OPlMQ278|395326|852|280
2026-09-16|woqqdemMAgQ|244729|3789|528
2026-09-16|05yXrvrtqQ0|187798|773|71
2026-09-16|z3hZMwrzIbE|80788|325|28
2026-09-16|xT1Zezgl_1s|748163|2262|384
2026-09-16|fZo_H4P9j-8|166990|688|57
2026-09-16|KaVjkw_F7GM|35946|209|13
2026-09-16|H1V_-LKcYg8|161085|654|41
2026-09-16|PeYNuuPisO0|211226|979|143
2026-09-16|l-1EHOtgSR0|85469|229|19
2026-09-16|EmDGSC977o8|76273|248|10
2026-09-16|gDp8ftLurFI|14102|29|17
2026-09-16|FZDQneEa-rs|620628|3574|118
2026-09-16|g1AxzI3QdUo|11948|38|0
2026-09-16|SM0E_NHAXjg|44385|154|107
2026-09-16|C3mzKlfuV5Y|2923|33|3
2026-09-16|-kiza_ZxBtM|10445|81|2
2026-09-16|-12ZSDVTXEA|51470|113|35
2026-09-16|T8LhocR0CgI|14142|27|2
2026-09-16|dhHnVKlbrZU|85618|553|43
2026-09-16|9yD_ODBe0CY|218368|2008|85
2026-09-16|VaI5OWZculU|1579528|2853|430
2026-09-16|TQpWgSVTR7c|32802|98|102
2026-09-16|aolaBbiYQH8|116004|1348|9
2026-09-16|AMkBRNZ5x14|8270|22|5
2026-09-16|TFmdm8HLjdI|4927|29|0
2026-09-16|ULDUeCybk_g|97167|706|96
2026-09-16|jxVSawFO1wU|9695|161|5
2026-09-16|Oui55dIipUc|30590|36|1
2026-09-16|kkxQsHUidr8|53042|379|1
2026-09-16|PHwPDIrSqFA|23304|197|7
2026-09-16|rQrydT1yVIU|28869|41|4
2026-09-16|8KrF-yjWGQc|88138|220|7
2026-09-16|36yJRt8nZRc|4827|109|4
2026-09-16|OsBPMwFAhOs|1530|8|1
2026-09-16|YtKfe7Nxe1E|1345|4|1
2026-09-16|nY9MdaDKJzc|2857|125|14
2026-09-16|3Gup98TWD8s|45909|50|7
2026-09-16|Rju1CF5qArs|17551|197|8
2026-09-16|CyU1bPLbT_I|267225|726|132
2026-09-16|lR-gz4q6VoQ|826280|1341|238
2026-09-16|ua5DTGLzIFE|4592|22|1
2026-09-16|i1GdnWVnpD0|111341|401|59
2026-09-16|1HyIW1iAajc|83864|154|16
2026-09-16|9uHoEquu76A|387363|721|19
2026-09-16|hpD2cDgH72A|246345|546|14
2026-09-16|6DIyw7wW6uM|29849|59|3
2026-09-16|HPdrOjvSi5A|77218|147|4
2026-09-16|kG99sGvVfVU|1587|4|1
2026-09-16|nk7fJ2WjTTw|24910|33|3
2026-09-16|4hGD_P-TzmE|10527|32|0
2026-09-16|esXqAnFjg1g|21060|63|1
2026-09-16|Tk_JwTHt9I4|1466|5|1
2026-09-16|bB78VP0GVaY|2839|9|1
2026-09-16|ctShn4-ZtfE|29833|73|173
2026-09-16|KRXARKYxMCQ|3532|60|0
2026-09-16|TBNaIPBPBuw|15602|16|1
2026-09-16|m0ikhi5SytM|43549|89|8
2026-09-16|JuI-xyjo8xo|41861|158|4
2026-09-16|Eiwr9TPYw2A|67199|208|14
2026-09-16|grMEkIAcCwY|35872|125|1
2026-09-16|wWt1RFYViWc|5396|28|1
2026-09-16|3lD776rbg_w|3279|11|2
2026-09-16|3mDd4PU_dH4|8926|54|2
2026-09-16|NURwSO4U88w|3393|28|1
2026-09-16|IRyvnavUzI8|39980|453|14
2026-09-16|jdwEFD1snPM|7449|19|1
2026-09-16|tr3s6NqUR_Q|28801|157|26
2026-09-16|IB4PTZFkWg8|49676|164|63
2026-09-16|t0dRqybYlRI|66571|231|149
2026-09-16|o3ZMmHcOGQQ|6863|58|3
2026-09-16|cfDNhgH8vx8|9292|34|1
2026-09-16|NiUP1Pg14RQ|1048220|17617|1045
2026-09-16|UuoYKHIYq4Q|16624685|14106|794
2026-09-16|90ssj9w_P4I|665542|7654|562
2026-09-16|ncr5O5O0GU4|22730|301|5
2026-09-16|EIPWgJiriL8|52173|179|245
2026-09-16|UKrTzjb1-qo|2078|10|1
2026-09-16|Jx5aN-_K72A|57583|509|17
2026-09-16|6c_D06DiSME|7276|104|0
2026-09-16|paXgcTOqNbg|189576|2224|196
2026-09-16|vY8kYkRNjc4|355421|703|171
2026-09-16|1lhZlQq7iOw|317045|766|314
2026-09-16|j2lhfLCUvaA|214065|538|84
2026-09-16|PeitgWu6Yj8|1265023|64809|5280
2026-09-16|nNIMWnXPQkY|23854|200|7
2026-09-16|y3tPmLm9akw|5592|116|4
2026-09-16|i31GbXn4fnI|62671|625|15
2026-09-16|9bn3a4CzQqI|17509|169|4
2026-09-16|ZZAVHEIl0g4|31031|248|5
2026-09-16|Dx9Kq7zLdW8|2441|19|0
2026-09-16|Tn9rYnoNOO8|71732|400|162
2026-09-16|RQSsIzE2Gsc|4092|27|0
2026-09-16|ykCzLFdnv6o|2384|38|1
2026-09-16|NIOQ4Gp8J5c|2069|10|0
2026-09-16|8iSq04OgdiY|740723|2588|183
2026-09-16|gkFGDDmWGFM|101068|498|54
2026-09-16|ixLZDxJ8tP8|52085|329|1
2026-09-16|I2mwQPvQqBo|156|2|2
2026-09-16|i6Vi0SHcMJc|446591|3276|226
2026-09-16|7bmkhG8OPCc|1317796|6176|700
2026-09-16|4F_yDjq0vm0|70056|221|41
2026-09-16|X8LF3DjWsFs|130902|906|2
2026-09-16|0xflJQFe4Oo|218980|845|58
2026-09-16|uqV6_jqCkQg|719185|1434|142
2026-09-16|xq3sAcwcB-U|12240|31|2
2026-09-16|RsBKM1FdXOs|31556|275|0
2026-09-16|Cs-4XgT4_I8|45215|80|2
2026-09-16|Lp_KAYxDMgA|27976|632|53
2026-09-16|C8o23bh23jA|28263|24|0
2026-09-16|BcyVgvdvQJE|9675|33|1
2026-09-16|xJPycQxd074|241|2|1
2026-09-16|Vct47kyp7n8|13973|4|2
2026-09-16|k_UHmuXb3I8|5530|98|3
2026-09-17|vj1XfGAbdlc|30488|235|1
2026-09-17|xa3_unH_iFY|30690|210|13
2026-09-17|Fv1GB6Z_tvY|16363|222|10
2026-09-17|QaULZYVv7gY|211153|937|90
2026-09-17|Lfi6uqHglkQ|47588|833|47
2026-09-17|n2X-QeGZyog|253470|1088|101
2026-09-17|0G_VEuCxnds|193644|1695|71
2026-09-17|zqrBKgC5Vz0|108627|1634|118
2026-09-17|YhAXTPrsPMM|169657|570|83
2026-09-17|Mc8iXx5M1Sc|206302|920|24
2026-09-17|FpVzQFPf4qA|308241|1071|613
2026-09-17|UqhxVIGt_h0|140776|570|180
2026-09-17|B4gXLcro4ws|160128|3499|289
2026-09-17|HNrnqSiP1Dg|643197|5079|774
2026-09-17|rbZB5q3Fluk|162608|2058|88
2026-09-17|i0KqOxeD2Jc|1229|17|0
2026-09-17|ZBFx2fzZMYc|135578|361|22
2026-09-17|xH5HKnUGbEk|12414|203|6
2026-09-17|5bIl51ZgVJo|478|21|2
2026-09-17|2uePuJ18I-U|479|0|8
2026-09-17|jIrHr4BVN20|878|0|0
2026-09-17|KOGpmFlbvfg|1414|15|0
2026-09-17|NJEryscSPrI|1712|0|0
2026-09-17|Sc_7-nnZpmI|71419|627|35
2026-09-17|PfBUUzI77u4|52|0|0
2026-09-17|LIdd2yAsnkM|29712|107|1
2026-09-17|qAP1ag09zFk|1824|11|0
2026-09-17|0aduQcMsJjY|90|5|3
2026-09-17|ddhd-S8BY3k|69632|552|76
2026-09-17|YGzLbwPDdwI|16292|867|43
2026-09-17|enuBy6ES2pA|91298|311|18
2026-09-17|GMDwCzB1mBI|3192|61|3
2026-09-17|Hns4HdTJ_0E|100471|430|11
2026-09-17|OISGGLKci9g|3762|24|0
2026-09-17|MNOi1lzt3jc|29730|214|13
2026-09-17|4rwgDk0yakA|5024|39|1
2026-09-17|cy0DMsi40kQ|130311|398|42
2026-09-17|hdxCjyUmvLk|53352|557|39
2026-09-17|ZTbgBpnkgms|37398|238|138
2026-09-17|NEFr_qe_UeI|1844|8|0
2026-09-17|CxQYjBVqfN8|10231|120|25
2026-09-17|Zg_bJPa0mVI|8337|116|0
2026-09-17|9Id1J9d06KM|1786|6|0
2026-09-17|BT7KN5rvrjQ|1013|5|0
2026-09-17|LPONeSjs3NM|973|10|0
2026-09-17|bO7pFEbNJdI|3388|15|0
2026-09-17|peJaC-AgsB0|1642|6|0
2026-09-17|ZCGL6PKOKao|1889|8|0
2026-09-17|s98zu-uqJ7I|10017|152|3
2026-09-17|ush5h815XqI|832349|1994|616
2026-09-17|tKr42NL1iPA|1206|23|0
2026-09-17|chQBMv4Iupw|78371|1497|72
2026-09-17|Zn5ArvCtNQc|609|15|7
2026-09-17|x-K63v4kLJg|374|20|0
2026-09-17|UF11Y0sdPVk|4276|35|0
2026-09-17|CJBIOeafSk4|1397|10|1
2026-09-17|_AD3Qd7wSPI|7352|155|4
2026-09-17|7IiaLJD0eRE|1034|19|0
2026-09-17|W8hMc5R5Rc4|998|5|0
2026-09-17|8EvIlrwEGsU|2625|45|0
2026-09-17|rbmU9A476LA|23411|137|5
2026-09-17|bjQTgQLxgn4|11811|14|0
2026-09-17|PlULloYbjcw|6146|9|0
2026-09-17|KBdPTd2DYws|1694|23|0
2026-09-17|81heqp3_D08|1427|22|0
2026-09-17|bZrsptTg9QU|9432|62|4
2026-09-17|2FwYVNLkrrY|3370|33|1
2026-09-17|L5k8NxFZDeE|10754|19|1
2026-09-17|LQI0cSaILns|2071|7|0
2026-09-17|6mvPAqjKOMQ|1848|10|0
2026-09-17|e-7TOgnMCSk|8187|37|0
2026-09-17|NKUAad32apw|1668|14|0
2026-09-17|741QObpbHO0|16475|52|5
2026-09-17|MACwCENRZOs|20078|51|0
2026-09-17|aFto5hhOw40|16191|54|0
2026-09-17|kXPMb7ajTtM|14|0|0
2026-09-17|sJlySrDJXQs|7|0|0
2026-09-17|S6ta6DqWw0I|1|0|0
2026-09-17|gMgRpoLTnPM|15|0|0
2026-09-17|xKg6DPz92-w|193958|1281|94
2026-09-17|1s3CahucpSA|28168|153|1
2026-09-17|6wFQB2i6NuM|7930|120|5
2026-09-17|edVetDN_zjc|9871|81|0
2026-09-17|WPzuijWIULM|12380|127|1
2026-09-17|2UzodgV4vM0|379868|1153|13
2026-09-17|B7K8V-cNTG4|18612|43|0
2026-09-17|fJuUVPSZhn0|146630|1702|3
2026-09-17|t9I7Tz0W4fI|20809|300|6
2026-09-17|6W-xKuFftIc|2183|51|0
2026-09-17|hRsM1HI-ka8|8|0|0
2026-09-17|9HRcJqzFgSY|14769|58|2
2026-09-17|vyudaxDHJOg|26829|163|6
2026-09-17|j1WV-wHonZA|1374|17|0
2026-09-17|YeDxNqZk1hU|220038|721|519
2026-09-17|g7jikFbRQZk|98983|237|9
2026-09-17|r7als387hGY|5709|166|4
2026-09-17|e03Dgo1B6DI|4161179|6697|1315
2026-09-17|HywONopxd2s|144072|779|44
2026-09-17|K0Gf6eQaOSQ|37959|181|3
2026-09-17|CREvCYFHAUY|33748|201|4
2026-09-17|U6M8XZwGMkA|22872|188|2
2026-09-17|tLbCtCHaY6k|18515|398|5
2026-09-17|ayxXxkI47S4|13362|106|7
2026-09-17|L1pDj9FjCy4|22166|139|2
2026-09-17|7BEA1I9aS3I|31033|164|18
2026-09-17|F_mIIeuKCRg|5445|45|0
2026-09-17|O221h-WX3bA|14976|123|5
2026-09-17|R-hc-j02pjo|31263|195|9
2026-09-17|WuL0Nm75O5E|38526|226|13
2026-09-17|2TvhJiRqYSE|17759|151|7
2026-09-17|5jAfifSOUM4|43309|182|18
2026-09-17|pYrebRs0OcM|26156|183|4
2026-09-17|KDoOag_2yK8|25926|139|3
2026-09-17|akVgLUvf6ko|13509|102|5
2026-09-17|YA-tE0qMtSM|61463|256|16
2026-09-17|0mvqXWKzCkk|613810|803|290
2026-09-17|QtFEicaNqlM|338812|993|58
2026-09-17|2kIv5kYvG2Y|97967|282|15
2026-09-17|0tSlsOPZG2M|196004|342|31
2026-09-17|wL4aFd1cqPQ|85804|135|14
2026-09-17|vUdXm13k3Sc|29972|293|2
2026-09-17|RixkbNauCz8|11428|39|12
2026-09-17|Keph-aRFJAo|52358|119|20
2026-09-17|0CwgNqKdFWs|74235|205|16
2026-09-17|hBFfJxcHdz4|4649|9|0
2026-09-17|IrNThTearYQ|44846|103|11
2026-09-17|0GvJvLs91O8|1842|12|1
2026-09-17|RrVBXZoTfLE|5|0|0
2026-09-17|pAJr0lsXaow|113|0|0
2026-09-17|eAaPBW62xco|1114|45|2
2026-09-17|JsL1L2PMjZ0|25202|164|1
2026-09-17|PXul4IIjG78|119552|951|3
2026-09-17|nYDNkb5nYiQ|2677|25|1
2026-09-17|S28UmHLe-Ek|2435|24|0
2026-09-17|nGJNwlQtiHE|6478|53|2
2026-09-17|lQswz-3UMHk|1631|17|0
2026-09-17|VFPbvueSU8g|1311|9|1
2026-09-17|7E60E63bX_Q|6336|23|2
2026-09-17|JmkHzG1_8aQ|9952|9|1
2026-09-17|QlQS8hsp-FU|79982|220|31
2026-09-17|m5HbrB6Z0Jg|3220|29|0
2026-09-17|aIygEf0pX7E|2088|31|0
2026-09-17|M4ycGgur-d4|5400|30|1
2026-09-17|ip22vIidbU0|10178|42|3
2026-09-17|PmCb9CvLHoQ|9931|48|0
2026-09-17|EkChcxW6cjc|2502|29|2
2026-09-17|WJRJ7JpknGo|14848|198|1
2026-09-17|uTaSQUL68Es|42556|198|4
2026-09-17|JnVIOepdweg|240314|1831|125
2026-09-17|PpMNSx5gUmw|267750|763|184
2026-09-17|aTJ_X4Emjt0|306115|568|122
2026-09-17|kObkc3tqJOY|29978|323|30
2026-09-17|Ma0PsMLioFo|3|0|0
2026-09-17|Fp7MEtfzlJI|390|0|0
2026-09-17|0H5qM79G354|2982|3|0
2026-09-17|WE0Ddp40z5w|22000|155|1
2026-09-17|kwTGm_kO144|46|0|0
2026-09-17|GK-m0dNYzAM|1266|3|0
2026-09-17|c5QJoXyI7EE|1151|46|1
2026-09-17|XM6fafSacSE|30270|388|3
2026-09-17|Hv6RgpEMTCA|1082|5|1
2026-09-17|HrLvaeE0Ro8|3073|10|2
2026-09-17|RriPPYiarPM|1875|14|1
2026-09-17|4PmGlgb9CO8|2449|18|3
2026-09-17|6sLGm61NzYI|1922|6|1
2026-09-17|sG4o_Zce6cQ|2873|12|1
2026-09-17|9iOYtpCWcbc|3937|28|2
2026-09-17|WHucBRcdpaE|4576|16|1
2026-09-17|SvDqlE3txXY|17107|116|6
2026-09-17|Pei0YEaldO8|8464|8|1
2026-09-17|hR9NbWkbNfE|23615|113|3
2026-09-17|ch0cMduQwz4|604484|6619|84
2026-09-17|z43-lEK0U6Q|36322|390|13
2026-09-17|sXaIx-x4Z24|97971|1370|49
2026-09-17|v1tDQFeaL3U|49704|114|4
2026-09-17|T2ydBkwc5XA|73534|275|12
2026-09-17|9lP6O3KudB0|26495|186|5
2026-09-17|nAe_pB0zK-Q|35562|198|6
2026-09-17|F18ZLr-blsw|32741|157|12
2026-09-17|EqzzVZmcyGo|37997|155|1
2026-09-17|xebIKQLqjE8|50695|185|15
2026-09-17|4pkaTep1neI|47509|197|11
2026-09-17|gfEVuYJxsLY|41559|172|7
2026-09-17|dP-SYT6qnAY|63571|227|32
2026-09-17|Yn-JSdKwKLY|430550|892|16
2026-09-17|hIMcDC4YiyI|91672|291|2
2026-09-17|55-vM6kAV_M|18494|43|0
2026-09-17|KRiepLwAKrc|22555|86|9
2026-09-17|yzxFEfRnCLI|16294|10|0
2026-09-17|97Ysz6DPGQQ|745844|4351|119
2026-09-17|8JHawr3bsmw|2570|70|0
2026-09-17|AQTe4f2WxFI|9376|54|0
2026-09-17|nP1xjFX86Po|3855359|53788|3637
2026-09-17|bKQ-3FzfEAg|167173|7354|1111
2026-09-17|JCNVpgwffyM|37002|125|17
2026-09-17|m4oh5ubNwpw|60406|184|39
2026-09-17|sGYNoeMhuHk|101276|296|48
2026-09-17|wmluyZkfFVU|188329|3849|241
2026-09-17|jcq_iDpD-zQ|9103|41|1
2026-09-17|dbl1aXd6uXE|304218|772|69
2026-09-17|gPEgidr7Yus|46259|206|42
2026-09-17|7eq4LRfaTRA|27209|172|9
2026-09-17|zILkmmLUv_A|10692|201|12
2026-09-17|RApBZ6iXH50|59261|731|12
2026-09-17|Is54QLSUv4Q|22781|148|1
2026-09-17|RK85lhWp3rQ|80020|682|9
2026-09-17|my6YT1qZ7b0|82400|276|19
2026-09-17|2AZa7K7Zy0k|74318|254|5
2026-09-17|aQKm7ki5NNM|28848|270|24
2026-09-17|MRgPf4v39Aw|66856|290|24
2026-09-17|ZJcrb8m03sI|10344|198|4
2026-09-17|Q56eMrpsJqQ|8146|126|0
2026-09-17|R-XE8IdSdsE|4773|29|3
2026-09-17|ePBZ8oF-0WI|878553|3722|859
2026-09-17|HN-pG0qnl1Y|61128|184|13
2026-09-17|6WFG79TPvxE|3472|32|2
2026-09-17|PY1p37c5g6I|511|6|0
2026-09-17|q-DUnQZY2i0|10811|75|1
2026-09-17|AS6eCeBIzAQ|55956|443|52
2026-09-17|HkRucTW1M1A|1783|6|0
2026-09-17|2MNzxwGOpRA|58335|740|20
2026-09-17|PIECs0BCv1w|1174|0|1
2026-09-17|w52gmej7BOk|98|0|0
2026-09-17|dwSqyAUNUu0|47|0|1
2026-09-17|ff87YuGWnIQ|1320|6|0
2026-09-17|fBPSYS1julE|10|0|0
2026-09-17|8UWMuGMa3DM|80|0|0
2026-09-17|P86dzTtph_I|392292|523|27
2026-09-17|mg1rNqP4dHE|144831|674|135
2026-09-17|WwcTgrY58j0|124301|879|38
2026-09-17|HKQ0XmGrRkA|30968|160|0
2026-09-17|849pJt_Rn1g|1132088|13651|606
2026-09-17|_6K48XjiKHo|2069|20|0
2026-09-17|W7R-Udg2E2k|1772|23|0
2026-09-17|wxtQIy0339k|19232|37|4
2026-09-17|vgitibMdYo4|2387|18|0
2026-09-17|dJeLvH7p-Rs|4233|102|3
2026-09-17|KUClJSp105c|769523|3556|85
2026-09-17|A_3wSqtULvM|121860|775|52
2026-09-17|7VcFpBSLtuw|198817|1487|18
2026-09-17|sDNxGQrkuS0|135372|842|2
2026-09-17|BcwwMTW1xBU|26283|136|0
2026-09-17|reCjQnvawug|35992|278|9
2026-09-17|2xApv2G6BXQ|67532|568|37
2026-09-17|WcJ4mRDtsVw|14888|25|1
2026-09-17|xd1nzfPacDA|384189|3552|123
2026-09-17|8kSd-B4c5Pw|15498|129|1
2026-09-17|TF9scFyx47I|11211|48|4
2026-09-17|tYvJ8_E_XR0|83299|622|64
2026-09-17|8DFiddCzpSA|65752|649|11
2026-09-17|HUR_87N1UP4|739|0|1
2026-09-17|8GkVTVHAdOw|23350|164|6
2026-09-17|pbDwqdmKoj4|2723460|6481|1129
2026-09-17|u0KIGuknsG4|1863|14|0
2026-09-17|09XedJ3rL4o|18302|221|1
2026-09-17|LZxll2U1JxQ|853154|5767|56
2026-09-17|GVYObkvs_7A|88537|769|2
2026-09-17|B7-XO1FLJTU|169789|605|19
2026-09-17|CkNRJzKs9Cs|374015|1409|111
2026-09-17|fKIJttin7vw|5085|24|0
2026-09-17|BmOGtdh5y34|17403|77|6
2026-09-17|qe6gFXsm9Bk|30511|328|3
2026-09-17|GXq8Pj0Mo_E|334050|3178|1220
2026-09-17|i2-TA1EO8h8|1259548|7461|69
2026-09-17|f0Nl0Rovz8c|3442|11|0
2026-09-17|WR7e4y6LyW4|61433|69|3
2026-09-17|wG6mkHirEYk|6866|97|2
2026-09-17|Nb05bYUwcy0|7830|10|1
2026-09-17|yVZ8ZjRgJ5A|27827|139|8
2026-09-17|XpSU1dMX0ik|18596|112|7
2026-09-17|CPHxVJAeOxo|36750|189|5
2026-09-17|3FH2s2HdZdw|10441|11|2
2026-09-17|nyn3Te4x54I|12636|25|1
2026-09-17|4gaYjmjEhgI|21788|108|10
2026-09-17|zRBKcuFLzS8|131288|322|11
2026-09-17|z0CeLrgfEyA|16905|116|7
2026-09-17|1i8doYY7zMI|3357|48|1
2026-09-17|hlX_QDtRl80|93005|305|17
2026-09-17|6-dSyZt9GXg|25420|159|6
2026-09-17|D_YeftFl360|14642|124|0
2026-09-17|bMreesU5dcI|43701|238|12
2026-09-17|YL0YwSodnT0|7166|63|0
2026-09-17|tmDiJ8K7wGc|24554|59|8
2026-09-17|w_5fKsGPDAA|45009|192|5
2026-09-17|wmjLyH0kXXU|9746|41|0
2026-09-17|tTOAEjj0epE|30281|158|6
2026-09-17|dg7DT6w-C20|40552|55|3
2026-09-17|wut4FDtvtpo|9577|21|3
2026-09-17|ONfSkT2U4Rw|203755|1776|114
2026-09-17|WxfMl78sqAc|2276|20|0
2026-09-17|kwFmoFZPu6o|9628|52|2
2026-09-17|ToHoEqCx9G0|11141|98|3
2026-09-17|FsJmzguHDbo|11717|70|1
2026-09-17|uEU2Pvr3i0s|3312|16|1
2026-09-17|876ID_fXavI|5609|59|3
2026-09-17|Si8FIL2LWrc|221293|497|81
2026-09-17|suboh1ogCW8|12441|75|2
2026-09-17|sU7XyFpKDU0|9426|69|1
2026-09-17|lVCy7J336R8|3571|96|3
2026-09-17|bwE3rmtJGf8|318540|1511|176
2026-09-17|i-XPrDNewX8|7004|34|0
2026-09-17|MmHVZJIU-v4|247922|1677|20
2026-09-17|L76LZWne82w|55612|117|5
2026-09-17|SFR6lHFk7hg|10201|9|1
2026-09-17|lG-0jy8BOtU|1901|0|1
2026-09-17|grfVuXDFDlM|5217|38|5
2026-09-17|6O9qvXDUDo4|3070|19|2
2026-09-17|ZGYMKN1ByuA|2668|15|2
2026-09-17|p0oQiNk0OUg|16233|86|1
2026-09-17|3TVvpVrVPnY|34119|390|10
2026-09-17|CQy-mjqek0o|2802|15|3
2026-09-17|GZVBuExE5ps|69527|721|24
2026-09-17|4dCS7up-Jhc|15798|96|0
2026-09-17|OO9RRm9m_yI|5558|25|1
2026-09-17|a0Q2y1fWOUk|9541|47|2
2026-09-17|fWSLYUhWzwg|2142|11|1
2026-09-17|_uybqsFelTM|80|0|0
2026-09-17|EEoIV4qeoyE|92770|250|28
2026-09-17|x3adMbP5Wt8|23344|120|18
2026-09-17|8-WaWVo9dHo|4172|39|0
2026-09-17|wM-3DAzNY-Q|19685|237|1
2026-09-17|nNhjxMYYyhw|2597|36|1
2026-09-17|Xz0R75IJ4vY|1819|27|0
2026-09-17|Q1-IKsv3z1Q|806063|3412|374
2026-09-17|vfe0wySRzB4|942330|2543|30
2026-09-17|AwqAqy0yOSg|443|0|0
2026-09-17|WLQeF_H1oLI|17951|205|2
2026-09-17|Ak1cg1ex0NY|191918|9147|1670
2026-09-17|0R9B8572-gI|13868|206|1
2026-09-17|ZBQOgL1Z96Y|448209|803|31
2026-09-17|PJi046pTaQk|78|0|0
2026-09-17|t60-thUAZz4|139|0|0
2026-09-17|z1fJxv1pgB8|2769|0|5
2026-09-17|hSdnahAWv4I|712396|1528|107
2026-09-17|XXdbapm1FQE|2427|0|0
2026-09-17|bHl8bmUJ0rY|68|0|0
2026-09-17|zSq8a7l2d98|3348|39|1
2026-09-17|HplyZWDmjgE|200629|1928|70
2026-09-17|W3_Cfe4DQqM|43186|205|7
2026-09-17|7VOBigSUcJQ|23714|280|7
2026-09-17|KYbt-0gixeQ|74072|719|72
2026-09-17|2AlFO0XPz7k|5820|106|6
2026-09-17|fQQWzsSC-es|99488|470|77
2026-09-17|8QtXm-UVR4Q|12664|206|8
2026-09-17|Cl-onBYOjuA|14093|774|14
2026-09-17|c_MOqctHAIY|1234|17|0
2026-09-17|6HfnJ1NFRyE|8845|134|2
2026-09-17|vKjfW4rGXqM|23818|208|10
2026-09-17|zNQi32otPdY|30933|69|6
2026-09-17|sHyfkQ8uGSg|1436|12|1
2026-09-17|vUBm7ducxCY|19487|118|7
2026-09-17|SuoMLoBZUb4|4|0|0
2026-09-17|xdhlE54lk-E|49570|559|102
2026-09-17|7_zY0tFCSWE|1642|22|0
2026-09-17|kyZCNx6qsYc|187683|180|6
2026-09-17|xR4nVH6Ywzo|32308|235|1
2026-09-17|FQjHsAe6Xb8|38771|187|10
2026-09-17|C25ZB43mUsQ|3291263|26264|1348
2026-09-17|QZVrRINF5iY|113066|320|23
2026-09-17|dMpAOPC_3ZU|843598|8366|221
2026-09-17|0rzWRWTJwvE|1192|0|0
2026-09-17|y1pz4us-kQ8|130417|450|97
2026-09-17|YXGXTF3-S1k|81803|217|24
2026-09-17|9HbXf6zl-W0|40176|137|12
2026-09-17|KKB0i2YDO1s|103141|382|16
2026-09-17|RrY4k7kipK0|270893|729|166
2026-09-17|edrqUK-prhc|50584|525|28
2026-09-17|iclN4Zkvtco|87141|250|18
2026-09-17|kT2g03IF3LU|568905|2289|338
2026-09-17|OZGCL4pgAg8|141184|540|68
2026-09-17|z98BCj7LBSw|289370|1270|114
2026-09-17|GXX4-m8UsBg|251957|1098|77
2026-09-17|CaofErGRoBI|116964|431|44
2026-09-17|HnnoDYZiWMM|53792|107|13
2026-09-17|iWUBVe43j_M|56890|379|19
2026-09-17|VbKP7qS-Gh0|85950|329|128
2026-09-17|Gu7_LaU3fgk|891548|8471|3956
2026-09-17|JawYP5QS8sU|255953|2864|68
2026-09-17|v-nFIO0roFE|43574|292|84
2026-09-17|mj1esu8mHK0|15755|81|9
2026-09-17|bz42ooHXurI|159019|1606|144
2026-09-17|4MMmLQxf18g|125352|350|20
2026-09-17|luzD_eTzx0A|36228|162|24
2026-09-17|XUWUmDPe2Us|20010|398|5
2026-09-17|nBvIABrigQk|247985|888|59
2026-09-17|v1pGfm7bMqY|93281|287|23
2026-09-17|In2lb6sQsP4|66293|164|12
2026-09-17|81iPNN1jWXE|66072|255|18
2026-09-17|ivw7hv2IuXc|404770|619|22
2026-09-17|Akw8q8N6lgw|138038|1787|60
2026-09-17|3PLhM0-UFzI|329219|1508|229
2026-09-17|aljYQWxZATg|331326|1387|823
2026-09-17|-_Pk3Wm4mHQ|15028|80|6
2026-09-17|NisMgDB0c70|2513675|5900|0
2026-09-17|xttcz1ke_eg|8169|8|0
2026-09-17|n9am3ArDXWM|17041|44|3
2026-09-17|NXWlZoFK--k|10476|45|1
2026-09-17|hi4Jua0TtnA|24943|40|2
2026-09-17|zze-tqsUiys|1468|9|1
2026-09-17|dXtLfvFjuqc|50336|79|5
2026-09-17|I88PY0jaeVM|1818|12|1
2026-09-17|v92n5nIx9ww|24500|66|5
2026-09-17|9jPagzXvpHQ|3958|20|1
2026-09-17|1AZBvbakYmE|1253|3|1
2026-09-17|xIpluhz_dFA|57577|487|1
2026-09-17|TSyel_50nLI|6119|22|1
2026-09-17|2cAQAMbcbbU|460383|1033|178
2026-09-17|YCYUr6fG2Mo|151974|2352|19
2026-09-17|ttnMhONWgmI|14451|58|1
2026-09-17|AIsUKi4qPPc|5180|10|3
2026-09-17|chVb9ZSGvB4|12817|153|15
2026-09-17|O9-pZm7_WUI|3541|16|1
2026-09-17|2ChDbKMXzio|6655|31|6
2026-09-17|yg17-84456s|38365|459|21
2026-09-17|mE3gNreQBxE|91289|193|16
2026-09-17|pyuLdglj4F0|44913|172|12
2026-09-17|CEAuegelN_4|145556|606|40
2026-09-17|xuwyIDVoCYo|219467|607|75
2026-09-17|pd-H5Fl5zEU|251233|2371|123
2026-09-17|bSeWGPvPx-c|31670|345|6
2026-09-17|ag05XK5OyXQ|7001|123|30
2026-09-17|cOIwf0xq_JM|65227|174|19
2026-09-17|0f0si_13wEU|1394|4|0
2026-09-17|24GJi3PjJpA|91833|315|4
2026-09-17|xP-E5CC8SkI|1362622|701|242
2026-09-17|cGEGy_AzMkI|7015|116|6
2026-09-17|zJs8twn0pwY|2569|14|0
2026-09-17|RgtL8fTR2HQ|28411|306|4
2026-09-17|cHiVgEbYrak|2392947|6569|1036
2026-09-17|XhyCJw5sRmE|1418926|12396|552
2026-09-17|LLucXD4ri-8|48089|338|35
2026-09-17|AaM9yvefJ28|152147|696|104
2026-09-17|nyhsEtAst1I|10858|18|2
2026-09-17|hFThD_g0aEE|573167|1026|66
2026-09-17|2WcuWwT3L-s|439619|599|46
2026-09-17|v7VG1ZWji_g|3795|31|1
2026-09-17|ifhWym16bRw|121|0|0
2026-09-17|-6OSZHar27w|27124|257|2
2026-09-17|NArgCMUP1FU|3173|38|1
2026-09-17|mp7-HPY6qNo|2795|36|0
2026-09-17|91ms7OquwKA|8958|182|3
2026-09-17|ZI5CP217P6k|4521|52|0
2026-09-17|4pS7IkS0Tm4|19420|144|0
2026-09-17|ZZ2GzHNE1WM|717338|3902|98
2026-09-17|LRAxVSfwK4g|65193|130|124
2026-09-17|ao6SBdNk1WI|45839|211|2
2026-09-17|IBIjzT7OYmg|1505|22|0
2026-09-17|yxV6Kpv8u94|6593|91|1
2026-09-17|Hf0Xv90KGZY|3147|54|0
2026-09-17|2TIWgvtnmk8|47425|262|67
2026-09-17|NY0j05ZDvKM|1918|43|0
2026-09-17|hpUAqHocS6Q|2920|11|1
2026-09-17|mzpHcH3jdwM|3468540|21069|839
2026-09-17|jiypKNKdgm0|1983056|3227|740
2026-09-17|NwiKA5t7T_Q|20195|49|1
2026-09-17|TF7wJcSeAtg|108|0|0
2026-09-17|cX8B0BQKZVw|34940|165|2
2026-09-17|i1KXm1j_m4o|1947127|11530|402
2026-09-17|H1V_-LKcYg8|182548|703|45
2026-09-17|AMkBRNZ5x14|8756|23|5
2026-09-17|PeYNuuPisO0|262016|1051|156
2026-09-17|KaVjkw_F7GM|38793|220|13
2026-09-17|l-1EHOtgSR0|95423|244|20
2026-09-17|EmDGSC977o8|91971|272|11
2026-09-17|fZo_H4P9j-8|176407|717|56
2026-09-17|xT1Zezgl_1s|907561|2490|424
2026-09-17|8KrF-yjWGQc|100313|234|7
2026-09-17|jEksTI11dlQ|47144|404|5
2026-09-17|05yXrvrtqQ0|194634|781|74
2026-09-17|z3hZMwrzIbE|81469|327|28
2026-09-17|wSuMlS0fdGI|21039|130|0
2026-09-17|rSYx5adjF3M|245531|896|87
2026-09-17|-12ZSDVTXEA|63454|138|36
2026-09-17|x-2jN1yitPM|5562744|9901|8221
2026-09-17|-kiza_ZxBtM|12311|91|3
2026-09-17|kkxQsHUidr8|56465|396|1
2026-09-17|Oui55dIipUc|34304|40|1
2026-09-17|cfDNhgH8vx8|9608|35|1
2026-09-17|JuI-xyjo8xo|43610|167|4
2026-09-17|IYr4MXGXMHA|14035|71|1
2026-09-17|ULDUeCybk_g|119439|843|102
2026-09-17|TFmdm8HLjdI|4937|29|0
2026-09-17|EzEeOadJzgs|69378|466|18
2026-09-17|m0ikhi5SytM|47057|92|8
2026-09-17|O17OPlMQ278|401786|858|281
2026-09-17|Y3VzC58GiGU|39274|222|3
2026-09-17|7h7_UkCxuDs|106018|706|86
2026-09-17|6DIyw7wW6uM|30022|59|3
2026-09-17|kG99sGvVfVU|1589|4|1
2026-09-17|nk7fJ2WjTTw|25145|35|3
2026-09-17|4hGD_P-TzmE|10639|32|0
2026-09-17|esXqAnFjg1g|21555|63|1
2026-09-17|PHwPDIrSqFA|28121|229|7
2026-09-17|g1AxzI3QdUo|13290|41|0
2026-09-17|3nLpMbYjMGc|35226|87|11
2026-09-17|HJE0TTFs9j4|397442|1227|92
2026-09-17|aeElqe5eyM0|19799|212|1
2026-09-17|_GCSpSoUSvg|336975|4254|157
2026-09-17|KpEcBfNG7b4|80532|963|15
2026-09-17|PjjtiaTGpNI|207795|1679|5
2026-09-18|v7sfQ90al90|138796|3046|338
2026-09-18|4Ze0LaTCOzI|72447|431|9
2026-09-18|P6gdmhAhjNY|60654|652|2
2026-09-18|DxdbhwZMcjU|31100|146|15
2026-09-18|9qQbUQ6xVAw|3601|15|1
2026-09-18|iqCYQv5-nmk|1030|7|0
2026-09-18|i9T7vIvvxMo|2259|16|0
2026-09-18|NrOI23ITdeM|123172|1952|52
2026-09-18|IgyU7Ttv1jQ|156301|2037|63
2026-09-18|_gsZIplf8G0|10655|290|10
2026-09-18|gFp8Vs5_SjE|157158|2629|92
2026-09-18|EO3hyzzuIYo|46938|933|28
2026-09-18|vu8dsj0RrLI|90232|546|26
2026-09-18|UYvoslzq8y4|30576|370|8
2026-09-18|17PP7nKfkm0|115072|1318|82
2026-09-18|lEaEMJSnZL8|170715|1276|134
2026-09-18|BKX4VQT8Mkc|4192|88|1
2026-09-18|uPxiKZou-uk|41088|289|259
2026-09-18|k03TVsMLMic|62503|520|6
2026-09-18|Xv9T60z0UX8|714|5|0
2026-09-18|ry0ZuFRw6Dk|11949|212|5
2026-09-18|7tEA55K-9CM|2017|8|0
2026-09-18|WMdMCW1yl9s|1318|7|1
2026-09-18|gYB5I1xf9S8|763|4|0
2026-09-18|hdvGBhO6oaU|704|4|0
2026-09-18|MEOex1PLfgQ|579|2|0
2026-09-18|DcMaPEFQSJU|733|2|0
2026-09-18|pCroOYGCjII|0|0|0
2026-09-18|kz7vOKHvNoo|72149|381|10
2026-09-18|cYMTSCgTPWo|4267|69|58
2026-09-18|6Yjy7YFFfC4|4|0|0
2026-09-18|x23PkYIlQqE|11|0|0
2026-09-18|W_h_W0n6a-E|2|0|0
2026-09-18|fALG1pQ_pm8|0|0|0
2026-09-18|4RSJa_biF6Y|84171|815|172
2026-09-18|dds8OArPk4M|81353|687|25
2026-09-18|T4_jY2CAqJY|18262|143|2
2026-09-18|Cma-vNqaKhw|29703|548|13
2026-09-18|X9WG3g-sH5A|54330|227|2
2026-09-18|Ded0ugttqNg|500119|2334|154
2026-09-18|_HF4FV4-HaQ|607324|4274|33
2026-09-18|57OiO0pS8iU|28621|142|1
2026-09-18|_vF-5FoYCxo|13168|212|2
2026-09-18|lhSgLEF98KM|5040|306|13
2026-09-18|XsZ_XSfG8_0|37948|311|6
2026-09-18|0usAknw2wFQ|8397|135|2
2026-09-18|j6NZWtqzaWA|25094|135|3
2026-09-18|6y7Y8jEcmrQ|180681|673|33
2026-09-18|1wVOKEAygrE|34211|112|3
2026-09-18|ebiUkUdVRRc|433454|1952|53
2026-09-18|ahl5hbcXTLQ|62805|259|0
2026-09-18|cPwT97Lltr0|2792|34|0
2026-09-18|04_CKUwbAqU|21526|82|12
2026-09-18|xmX6hh4FN6Y|1710|13|2
2026-09-18|gBNxSq4GJi8|129287|2161|74
2026-09-18|ZLM4u_A6BL0|33005|191|0
2026-09-18|EwIMxvJytnw|83562|618|10
2026-09-18|nrKo4m1Kst0|175898|2962|168
2026-09-18|wQC2PEDVPyw|198270|1699|173
2026-09-18|7Cq_3gg2GvQ|3342|81|7
2026-09-18|NaeczpuuruI|4049|112|0
2026-09-18|SRjTyMtBV54|419917|700|174
2026-09-18|XY0FdOoy13A|287119|3978|1110
2026-09-18|g1iIeHaxgcI|10383|108|15
2026-09-18|1L_YY5ZoztM|241394|2726|530
2026-09-18|M5DupoonqGo|32980|346|19
2026-09-18|CNpGIrrmx18|150199|1167|292
2026-09-18|cJUMdxtNoEw|417944|3391|228
2026-09-18|sRLOtuUfmvU|14522|124|1
2026-09-18|MolkLlcw1hU|24503|115|8
2026-09-18|h9z2KxrCJXo|39|4|1
2026-09-18|4ao2nxLsP3c|88|4|0
2026-09-18|Azq1agLnAi0|13344|112|8
2026-09-18|NEv9tdAk06Q|48464|201|10
2026-09-18|mKjKe70jsBs|2613|24|0
2026-09-18|ddPyXVODv5I|2135|13|0
2026-09-18|LDQVOyUsBZs|15825|108|7
2026-09-18|IvcB5C3fCmo|23357|145|9
2026-09-18|nQfiqkgRLZc|13425|95|6
2026-09-18|lFyn4J5dcdw|12456|79|7
2026-09-18|r4PZ-9q6Zgw|26251|146|23
2026-09-18|dZPVmnEYFNI|45724|276|12
2026-09-18|RV8Gl6X2UjE|13654|116|4
2026-09-18|mSTdONshq8U|20591|164|9
2026-09-18|1gwqq3sTq6w|12548|135|4
2026-09-18|fTgG9oo3jJI|31315|177|4
2026-09-18|HxodLQI8DQE|17330|152|8
2026-09-18|jJwTV5HKmlg|33537|224|5
2026-09-18|VTeptHauZvY|1946|17|0
2026-09-18|SGgGaRpt5bw|1779|24|0
2026-09-18|14kUSoO7zec|1955|31|0
2026-09-18|h9sIHBev_Oo|12356|51|3
2026-09-18|jETAmZfPze4|1107|21|0
2026-09-18|V0G5AgwtmB0|1190|29|0
2026-09-18|faSPpACV358|6726|22|0
2026-09-18|Oo6HK7UHOVE|8775|30|2
2026-09-18|lymvGtnlopY|2783|27|0
2026-09-18|Zv7VzmITwH4|6188|2|1
2026-09-18|BENUwXEy37Q|10722|14|0
2026-09-18|fhJpS1DJJNY|3582|24|0
2026-09-18|VcyI9LSpQoQ|2414|22|0
2026-09-18|9464APy6ZFo|2|0|0
2026-09-18|WNqMXaAIyC8|5|0|0
2026-09-18|Hp14WGEtX6w|11|0|0
2026-09-18|kEbdXUZJ_2c|13|0|1
2026-09-18|wonAd6JGops|30208|239|34
2026-09-18|VkI39Lrz5Gw|1438|6|0
2026-09-18|unRqrRGF3Vk|752|22|1
2026-09-18|uaQbE-ufEtQ|2771|59|1
2026-09-18|N53X4PQnptw|1640|34|1
2026-09-18|pGbLJGM4IRg|1259|17|1
2026-09-18|NJEryscSPrI|1822|0|0
2026-09-18|9HRcJqzFgSY|30953|68|2
2026-09-18|tKr42NL1iPA|1349|25|0
2026-09-18|rbZB5q3Fluk|172767|2188|91
2026-09-18|rbmU9A476LA|30364|161|5
2026-09-18|5bIl51ZgVJo|4897|136|11
2026-09-18|KOGpmFlbvfg|1512|17|0
2026-09-18|PfBUUzI77u4|118|0|0
2026-09-18|2TvhJiRqYSE|31778|172|7
2026-09-18|hRsM1HI-ka8|12855|8|1
2026-09-18|bjQTgQLxgn4|20092|17|0
2026-09-18|HNrnqSiP1Dg|687996|5411|846
2026-09-18|PlULloYbjcw|8971|13|0
2026-09-18|r7als387hGY|10145|213|4
2026-09-18|KBdPTd2DYws|3007|23|0
2026-09-18|HywONopxd2s|151809|807|44
2026-09-18|81heqp3_D08|3083|24|0
2026-09-18|bZrsptTg9QU|19034|194|7
2026-09-18|ayxXxkI47S4|26915|130|8
2026-09-18|NKUAad32apw|2426|15|1
2026-09-18|GMDwCzB1mBI|89677|581|61
2026-09-18|UF11Y0sdPVk|6178|34|0
2026-09-18|cy0DMsi40kQ|196194|614|80
2026-09-18|4rwgDk0yakA|7897|56|2
2026-09-18|MNOi1lzt3jc|35825|236|13
2026-09-18|e03Dgo1B6DI|5220362|7447|1464
2026-09-18|LIdd2yAsnkM|49638|174|1
2026-09-18|Zn5ArvCtNQc|63425|132|139
2026-09-18|x-K63v4kLJg|17504|106|2
2026-09-18|CJBIOeafSk4|1754|10|1
2026-09-18|R-hc-j02pjo|45738|230|12
2026-09-18|_AD3Qd7wSPI|11449|264|11
2026-09-18|OISGGLKci9g|4624|29|0
2026-09-18|Hns4HdTJ_0E|268033|1081|19
2026-09-18|5jAfifSOUM4|92244|230|21
2026-09-18|WuL0Nm75O5E|81407|287|17
2026-09-18|ush5h815XqI|1262732|2655|771
2026-09-18|akVgLUvf6ko|18877|113|6
2026-09-18|K0Gf6eQaOSQ|65921|272|3
2026-09-18|vj1XfGAbdlc|30621|235|1
2026-09-18|xKg6DPz92-w|282127|1749|124
2026-09-18|F_mIIeuKCRg|6681|50|0
2026-09-18|Lfi6uqHglkQ|50466|853|47
2026-09-18|QaULZYVv7gY|282836|1133|103
2026-09-18|2FwYVNLkrrY|5295|32|1
2026-09-18|L5k8NxFZDeE|14984|32|1
2026-09-18|LQI0cSaILns|3451|12|0
2026-09-18|6mvPAqjKOMQ|2726|10|0
2026-09-18|e-7TOgnMCSk|12652|38|0
2026-09-18|qAP1ag09zFk|2707|15|0
2026-09-18|Mc8iXx5M1Sc|217367|944|27
2026-09-18|9Id1J9d06KM|3372|13|0
2026-09-18|BT7KN5rvrjQ|2172|6|0
2026-09-18|LPONeSjs3NM|4578|19|0
2026-09-18|bO7pFEbNJdI|8018|29|0
2026-09-18|peJaC-AgsB0|3811|9|0
2026-09-18|ZCGL6PKOKao|3450|10|1
2026-09-18|s98zu-uqJ7I|35360|278|7
2026-09-18|YhAXTPrsPMM|215283|674|93
2026-09-18|YA-tE0qMtSM|130201|323|31
2026-09-18|enuBy6ES2pA|124879|378|18
2026-09-18|7BEA1I9aS3I|54012|208|32
2026-09-18|741QObpbHO0|41140|94|7
2026-09-18|t9I7Tz0W4fI|24377|307|7
2026-09-18|chQBMv4Iupw|87050|1568|81
2026-09-18|O221h-WX3bA|45496|165|6
2026-09-18|KDoOag_2yK8|44321|175|5
2026-09-18|vyudaxDHJOg|72474|205|8
2026-09-18|L1pDj9FjCy4|31694|166|3
2026-09-18|UqhxVIGt_h0|164911|616|189
2026-09-18|edVetDN_zjc|22139|106|0
2026-09-18|6wFQB2i6NuM|12802|169|5
2026-09-18|g7jikFbRQZk|130062|284|12
2026-09-18|tLbCtCHaY6k|22488|456|6
2026-09-18|U6M8XZwGMkA|23960|182|4
2026-09-18|Sc_7-nnZpmI|71757|630|35
2026-09-18|aFto5hhOw40|17933|54|0
2026-09-18|pYrebRs0OcM|41975|218|4
2026-09-18|xa3_unH_iFY|60888|317|27
2026-09-18|CxQYjBVqfN8|12513|122|25
2026-09-18|0G_VEuCxnds|234965|1949|68
2026-09-18|FpVzQFPf4qA|418989|1200|687
2026-09-18|zqrBKgC5Vz0|142845|2004|134
2026-09-18|Fv1GB6Z_tvY|31725|345|10
2026-09-18|ddhd-S8BY3k|162229|786|123
2026-09-18|YGzLbwPDdwI|30437|1159|59
2026-09-18|ZTbgBpnkgms|55419|292|163
2026-09-18|NEFr_qe_UeI|2590|8|0
2026-09-18|2UzodgV4vM0|448648|1411|15
2026-09-18|Zg_bJPa0mVI|11938|152|0
2026-09-18|n2X-QeGZyog|395824|1432|120
2026-09-18|ZBFx2fzZMYc|166047|448|23
2026-09-18|2uePuJ18I-U|502|0|8
2026-09-18|xH5HKnUGbEk|15122|240|6
2026-09-18|7IiaLJD0eRE|3460|32|4
2026-09-18|i0KqOxeD2Jc|2460|26|0
2026-09-18|8EvIlrwEGsU|7059|74|0
2026-09-18|6W-xKuFftIc|3217|50|0
2026-09-18|j1WV-wHonZA|1939|20|0
2026-09-18|kXPMb7ajTtM|65|0|0
2026-09-18|sJlySrDJXQs|36|0|0
2026-09-18|S6ta6DqWw0I|20|0|0
2026-09-18|gMgRpoLTnPM|168|0|0
2026-09-18|B4gXLcro4ws|201285|3990|304
2026-09-18|hdxCjyUmvLk|77988|790|46
2026-09-18|B7K8V-cNTG4|19077|42|0
2026-09-18|1s3CahucpSA|32793|145|1
2026-09-18|W8hMc5R5Rc4|1303|10|0
2026-09-18|0aduQcMsJjY|261|5|4
2026-09-18|jIrHr4BVN20|1154|1|0
2026-09-18|YeDxNqZk1hU|228718|734|523
2026-09-18|WPzuijWIULM|14025|136|1
2026-09-18|fJuUVPSZhn0|325037|4722|4
2026-09-18|CREvCYFHAUY|39805|219|4
2026-09-18|Fp7MEtfzlJI|397|0|0
2026-09-18|AQTe4f2WxFI|10528|55|0
2026-09-18|97Ysz6DPGQQ|781261|4518|123
2026-09-18|WE0Ddp40z5w|25448|206|1
2026-09-18|kObkc3tqJOY|30338|325|30
2026-09-18|nYDNkb5nYiQ|2812|27|1
2026-09-18|S28UmHLe-Ek|2845|28|0
2026-09-18|nGJNwlQtiHE|10753|60|2
2026-09-18|lQswz-3UMHk|1895|20|0
2026-09-18|PXul4IIjG78|121557|961|3
2026-09-18|0GvJvLs91O8|1955|12|1
2026-09-18|Ma0PsMLioFo|4|0|0
2026-09-18|SvDqlE3txXY|23112|122|6
2026-09-18|IrNThTearYQ|55996|122|13
2026-09-18|Yn-JSdKwKLY|455149|930|16
2026-09-18|aTJ_X4Emjt0|326312|585|121
2026-09-18|WJRJ7JpknGo|19927|242|3
2026-09-18|EkChcxW6cjc|2775|29|2
2026-09-18|PmCb9CvLHoQ|10708|49|0
2026-09-18|ip22vIidbU0|10836|43|3
2026-09-18|M4ycGgur-d4|5682|32|1
2026-09-18|0tSlsOPZG2M|227758|423|37
2026-09-18|HrLvaeE0Ro8|3237|11|2
2026-09-18|aIygEf0pX7E|2205|33|0
2026-09-18|m5HbrB6Z0Jg|3583|32|0
2026-09-18|QlQS8hsp-FU|91158|235|34
2026-09-18|JmkHzG1_8aQ|14916|15|1
2026-09-18|7E60E63bX_Q|16838|29|2
2026-09-18|VFPbvueSU8g|1580|10|1
2026-09-18|Hv6RgpEMTCA|1174|6|1
2026-09-18|v1tDQFeaL3U|50335|114|4
2026-09-18|eAaPBW62xco|1115|45|2
2026-09-18|ZJcrb8m03sI|14058|207|4
2026-09-18|q-DUnQZY2i0|10853|74|1
2026-09-18|XM6fafSacSE|35292|391|3
2026-09-18|6sLGm61NzYI|2114|6|1
2026-09-18|sG4o_Zce6cQ|3107|12|1
2026-09-18|0mvqXWKzCkk|750654|928|331
2026-09-18|HKQ0XmGrRkA|35081|181|0
2026-09-18|9iOYtpCWcbc|4280|27|2
2026-09-18|9lP6O3KudB0|27982|196|6
2026-09-18|z43-lEK0U6Q|43507|460|16
2026-09-18|ch0cMduQwz4|684726|7592|96
2026-09-18|WHucBRcdpaE|4915|17|1
2026-09-18|55-vM6kAV_M|26016|55|0
2026-09-18|yzxFEfRnCLI|20771|11|0
2026-09-18|hR9NbWkbNfE|39801|173|5
2026-09-18|T2ydBkwc5XA|79260|286|13
2026-09-18|nAe_pB0zK-Q|37776|202|7
2026-09-18|pAJr0lsXaow|410|0|0
2026-09-18|dP-SYT6qnAY|68297|235|32
2026-09-18|Pei0YEaldO8|8767|9|1
2026-09-18|KRiepLwAKrc|22765|89|9
2026-09-18|RrVBXZoTfLE|7|0|0
2026-09-18|kwTGm_kO144|46|0|0
2026-09-18|GK-m0dNYzAM|1267|3|0
2026-09-18|c5QJoXyI7EE|1151|33|1
2026-09-18|gfEVuYJxsLY|43193|173|7
2026-09-18|F18ZLr-blsw|34767|161|14
2026-09-18|4pkaTep1neI|50275|201|11
2026-09-18|xebIKQLqjE8|53139|192|15
2026-09-18|RriPPYiarPM|2042|14|1
2026-09-18|4PmGlgb9CO8|2669|19|3
2026-09-18|Keph-aRFJAo|58537|126|24
2026-09-18|EqzzVZmcyGo|39181|158|2
2026-09-18|hIMcDC4YiyI|153196|447|4
2026-09-18|sXaIx-x4Z24|105974|1430|50
2026-09-18|vUdXm13k3Sc|31663|284|2
2026-09-18|0CwgNqKdFWs|84005|239|18
2026-09-18|WwcTgrY58j0|144470|1002|41
2026-09-18|2MNzxwGOpRA|66097|804|26
2026-09-18|Q56eMrpsJqQ|10398|170|0
2026-09-18|R-XE8IdSdsE|5156|32|5
2026-09-18|dJeLvH7p-Rs|5990|133|5
2026-09-18|zILkmmLUv_A|13447|237|16
2026-09-18|gPEgidr7Yus|65075|260|46
2026-09-18|wmluyZkfFVU|315519|4278|277
2026-09-18|bKQ-3FzfEAg|272208|8232|1330
2026-09-18|nP1xjFX86Po|6195808|60120|4002
2026-09-18|ePBZ8oF-0WI|1199606|4133|983
2026-09-18|0H5qM79G354|2996|3|0
2026-09-18|wxtQIy0339k|19350|37|4
2026-09-18|hBFfJxcHdz4|9963|21|3
2026-09-18|ff87YuGWnIQ|1329|6|0
2026-09-18|uTaSQUL68Es|53466|216|5
2026-09-18|JsL1L2PMjZ0|28470|175|1
2026-09-18|2kIv5kYvG2Y|128546|353|28
2026-09-18|RixkbNauCz8|24689|80|17
2026-09-18|849pJt_Rn1g|1247205|14968|651
2026-09-18|jcq_iDpD-zQ|11048|48|1
2026-09-18|MRgPf4v39Aw|86240|329|25
2026-09-18|6WFG79TPvxE|3828|34|2
2026-09-18|PIECs0BCv1w|1180|0|1
2026-09-18|w52gmej7BOk|128|0|0
2026-09-18|dwSqyAUNUu0|70|0|1
2026-09-18|8UWMuGMa3DM|143|0|0
2026-09-18|fBPSYS1julE|75|0|0
2026-09-18|_6K48XjiKHo|2520|18|0
2026-09-18|W7R-Udg2E2k|1889|23|0
2026-09-18|vgitibMdYo4|2926|17|0
2026-09-18|m4oh5ubNwpw|61313|187|39
2026-09-18|aQKm7ki5NNM|32730|299|25
2026-09-18|sGYNoeMhuHk|108374|311|49
2026-09-18|dbl1aXd6uXE|313736|795|69
2026-09-18|7eq4LRfaTRA|27592|178|9
2026-09-18|RApBZ6iXH50|63391|776|12
2026-09-18|Is54QLSUv4Q|23043|149|1
2026-09-18|RK85lhWp3rQ|80540|686|9
2026-09-18|my6YT1qZ7b0|88998|296|19
2026-09-18|2AZa7K7Zy0k|87953|291|7
2026-09-18|PpMNSx5gUmw|284590|776|190
2026-09-18|JnVIOepdweg|274724|1957|137
2026-09-18|QtFEicaNqlM|350483|1023|58
2026-09-18|wL4aFd1cqPQ|108341|203|16
2026-09-18|HN-pG0qnl1Y|62745|189|13
2026-09-18|8JHawr3bsmw|3202|82|0
2026-09-18|AS6eCeBIzAQ|94815|569|79
2026-09-18|HkRucTW1M1A|1913|6|0
2026-09-18|PY1p37c5g6I|2264|29|0
2026-09-18|P86dzTtph_I|593894|974|39
2026-09-18|mg1rNqP4dHE|171995|721|139
2026-09-18|JCNVpgwffyM|37567|126|17
2026-09-18|8DFiddCzpSA|69221|662|11
2026-09-18|tmDiJ8K7wGc|25459|62|8
2026-09-18|pbDwqdmKoj4|2838529|6620|1152
2026-09-18|u0KIGuknsG4|1993|14|0
2026-09-18|09XedJ3rL4o|18869|233|1
2026-09-18|LZxll2U1JxQ|1132668|7177|91
2026-09-18|CPHxVJAeOxo|39069|191|5
2026-09-18|wmjLyH0kXXU|9826|41|0
2026-09-18|fKIJttin7vw|5492|24|0
2026-09-18|i2-TA1EO8h8|1525872|8806|79
2026-09-18|YL0YwSodnT0|7309|65|0
2026-09-18|D_YeftFl360|16219|141|0
2026-09-18|XpSU1dMX0ik|19359|112|7
2026-09-18|yVZ8ZjRgJ5A|29112|144|8
2026-09-18|GVYObkvs_7A|100039|837|3
2026-09-18|qe6gFXsm9Bk|30607|267|3
2026-09-18|HUR_87N1UP4|741|0|1
2026-09-18|dg7DT6w-C20|58442|69|3
2026-09-18|TF9scFyx47I|14507|55|5
2026-09-18|WxfMl78sqAc|2319|20|0
2026-09-18|tTOAEjj0epE|31054|160|6
2026-09-18|w_5fKsGPDAA|46798|193|5
2026-09-18|bMreesU5dcI|45188|239|12
2026-09-18|EEoIV4qeoyE|93868|251|28
2026-09-18|6-dSyZt9GXg|25804|159|6
2026-09-18|2xApv2G6BXQ|71082|592|42
2026-09-18|ONfSkT2U4Rw|218495|1895|116
2026-09-18|B7-XO1FLJTU|170610|605|19
2026-09-18|wut4FDtvtpo|10002|25|3
2026-09-18|dMpAOPC_3ZU|850374|8391|221
2026-09-18|A_3wSqtULvM|154731|1004|64
2026-09-18|zRBKcuFLzS8|139259|324|11
2026-09-18|4gaYjmjEhgI|22089|109|10
2026-09-18|8kSd-B4c5Pw|16097|131|1
2026-09-18|xd1nzfPacDA|405398|3810|126
2026-09-18|kwFmoFZPu6o|9806|53|2
2026-09-18|CQy-mjqek0o|2840|15|3
2026-09-18|GZVBuExE5ps|90077|940|25
2026-09-18|WR7e4y6LyW4|61681|68|3
2026-09-18|wG6mkHirEYk|7250|106|2
2026-09-18|876ID_fXavI|5718|63|3
2026-09-18|suboh1ogCW8|23870|91|3
2026-09-18|sU7XyFpKDU0|22507|91|2
2026-09-18|L76LZWne82w|66232|140|6
2026-09-18|lVCy7J336R8|3966|103|4
2026-09-18|bwE3rmtJGf8|388639|1684|189
2026-09-18|SFR6lHFk7hg|10533|9|1
2026-09-18|z0CeLrgfEyA|17189|116|9
2026-09-18|i-XPrDNewX8|7216|34|0
2026-09-18|MmHVZJIU-v4|305734|2037|29
2026-09-18|uEU2Pvr3i0s|3394|16|1
2026-09-18|lG-0jy8BOtU|1949|0|1
2026-09-18|6O9qvXDUDo4|3138|20|2
2026-09-18|ZGYMKN1ByuA|2735|15|2
2026-09-18|3TVvpVrVPnY|56932|681|12
2026-09-18|p0oQiNk0OUg|16873|92|1
2026-09-18|f0Nl0Rovz8c|3640|11|0
2026-09-18|4dCS7up-Jhc|16557|102|0
2026-09-18|BmOGtdh5y34|17602|70|6
2026-09-18|3FH2s2HdZdw|12640|12|2
2026-09-18|ToHoEqCx9G0|11332|99|3
2026-09-18|1i8doYY7zMI|4835|93|1
2026-09-18|GXq8Pj0Mo_E|348486|3295|1258
2026-09-18|BcwwMTW1xBU|26580|131|1
2026-09-18|WcJ4mRDtsVw|15436|28|1
2026-09-18|nyn3Te4x54I|13462|26|1
2026-09-18|grfVuXDFDlM|6214|44|5
2026-09-18|fWSLYUhWzwg|2243|13|1
2026-09-18|sDNxGQrkuS0|152722|905|2
2026-09-18|OO9RRm9m_yI|5772|29|1
2026-09-18|Nb05bYUwcy0|8239|10|1
2026-09-18|FsJmzguHDbo|12294|75|1
2026-09-18|KUClJSp105c|853824|3781|84
2026-09-18|7VcFpBSLtuw|246116|1800|24
2026-09-18|reCjQnvawug|49375|523|13
2026-09-18|CkNRJzKs9Cs|395522|1437|112
2026-09-18|a0Q2y1fWOUk|10141|50|2
2026-09-18|Si8FIL2LWrc|225071|501|82
2026-09-18|hlX_QDtRl80|95348|311|17
2026-09-18|t60-thUAZz4|149|0|0
2026-09-18|sHyfkQ8uGSg|1598|13|1
2026-09-18|c_MOqctHAIY|1340|20|0
2026-09-18|Xz0R75IJ4vY|1921|28|0
2026-09-18|nNhjxMYYyhw|2722|37|2
2026-09-18|wM-3DAzNY-Q|20672|235|1
2026-09-18|zNQi32otPdY|30948|69|6
2026-09-18|7_zY0tFCSWE|1701|23|0
2026-09-18|7VOBigSUcJQ|29075|304|8
2026-09-18|6HfnJ1NFRyE|9815|139|2
2026-09-18|Cl-onBYOjuA|15088|800|16
2026-09-18|z1fJxv1pgB8|2844|0|5
2026-09-18|8QtXm-UVR4Q|13564|218|8
2026-09-18|fQQWzsSC-es|152192|563|95
2026-09-18|vUBm7ducxCY|20148|82|7
2026-09-18|SuoMLoBZUb4|5|0|0
2026-09-18|kyZCNx6qsYc|196134|115|8
2026-09-18|xR4nVH6Ywzo|43826|275|1
2026-09-18|vfe0wySRzB4|1002241|2639|31
2026-09-18|8-WaWVo9dHo|4903|45|0
2026-09-18|XXdbapm1FQE|2443|0|0
2026-09-18|WLQeF_H1oLI|18247|170|2
2026-09-18|C25ZB43mUsQ|3309755|26393|1351
2026-09-18|xdhlE54lk-E|49823|241|102
2026-09-18|tYvJ8_E_XR0|85980|641|65
2026-09-18|ZBQOgL1Z96Y|495416|893|33
2026-09-18|vKjfW4rGXqM|24730|215|10
2026-09-18|Q1-IKsv3z1Q|892428|3694|398
2026-09-18|hSdnahAWv4I|795884|1644|110
2026-09-18|_uybqsFelTM|134|0|0
2026-09-18|Ak1cg1ex0NY|244922|9603|1833
2026-09-18|0rzWRWTJwvE|1192|0|0
2026-09-18|x3adMbP5Wt8|24522|123|18
2026-09-18|KYbt-0gixeQ|80047|754|75
2026-09-18|2AlFO0XPz7k|6112|106|6
2026-09-18|HplyZWDmjgE|212276|2028|72
2026-09-18|0R9B8572-gI|17220|196|1
2026-09-18|zSq8a7l2d98|3816|43|1
2026-09-18|PJi046pTaQk|99|0|0
2026-09-18|AwqAqy0yOSg|467|0|0
2026-09-18|8GkVTVHAdOw|29545|206|7
2026-09-18|W3_Cfe4DQqM|44603|205|8
2026-09-18|y1pz4us-kQ8|155802|503|125
2026-09-18|bHl8bmUJ0rY|71|0|0
2026-09-18|QZVrRINF5iY|114232|322|23
2026-09-18|FQjHsAe6Xb8|40375|191|10
2026-09-18|Akw8q8N6lgw|144454|1849|62
2026-09-18|2cAQAMbcbbU|487096|1057|180
2026-09-18|xIpluhz_dFA|57655|477|1
2026-09-18|YCYUr6fG2Mo|263020|4686|29
2026-09-18|bSeWGPvPx-c|34356|379|6
2026-09-18|NisMgDB0c70|2595161|6137|0
2026-09-18|GXX4-m8UsBg|268585|1152|80
2026-09-18|ZI5CP217P6k|4708|57|0
2026-09-18|LRAxVSfwK4g|66582|131|127
2026-09-18|-_Pk3Wm4mHQ|15095|81|6
2026-09-18|4MMmLQxf18g|128480|353|20
2026-09-18|luzD_eTzx0A|36769|162|24
2026-09-18|v1pGfm7bMqY|93476|95|23
2026-09-18|In2lb6sQsP4|66824|56|12
2026-09-18|cOIwf0xq_JM|66419|37|19
2026-09-18|n9am3ArDXWM|17333|46|3
2026-09-18|chVb9ZSGvB4|13118|153|15
2026-09-18|AIsUKi4qPPc|5416|12|3
2026-09-18|NwiKA5t7T_Q|20740|50|1
2026-09-18|Gu7_LaU3fgk|985784|8907|4113
2026-09-18|nBvIABrigQk|250215|843|61
2026-09-18|nyhsEtAst1I|11165|21|2
2026-09-18|XUWUmDPe2Us|20389|400|5
2026-09-18|edrqUK-prhc|53093|552|28
2026-09-18|OZGCL4pgAg8|141493|520|68
2026-09-18|ag05XK5OyXQ|7584|127|32
2026-09-18|JawYP5QS8sU|257893|2874|69
2026-09-19|XrRYbkAiQ6c|11008|69|1
2026-09-19|bZjwRZ0d69U|76097|838|20
2026-09-19|nOljTFXyPXg|4746|124|8
2026-09-19|FWCVX1URRsU|7119|52|4
2026-09-19|Y7eYBYxI6II|2455|5|1
2026-09-19|NDc1Fl_4lCM|1638|3|0
2026-09-19|z70g_N396fo|49340|376|90
2026-09-19|RnetBTnYzEY|244298|900|603
2026-09-19|sLGRbyuC-j4|23931|343|3
2026-09-19|5MmzkVQT7Ho|11730|114|4
2026-09-19|cA8FuCa2cIM|28701|118|428
2026-09-19|Gzg2Yq_XnH8|1616|5|0
2026-09-19|FCLXhrYtOis|50146|163|49
2026-09-19|waIiNz2Dx5k|49605|241|7
2026-09-19|2rQCTmVEvuk|133134|796|35
2026-09-19|iRUQPuBHdTI|1307|11|0
2026-09-19|CafP7V7Pc9U|43697|134|9
2026-09-19|WfPeKkKetSY|1132|2|0
2026-09-19|XupQXj4OtME|1546|42|1
2026-09-19|TX-12pF48ko|463|8|0
2026-09-19|SZDTpRZZ84o|29834|20|3
2026-09-19|gKuZc70qOTY|21479|44|15
2026-09-19|zL52VmTpmCs|4517|31|0
2026-09-19|XrDS2zt4X00|65560|298|12
2026-09-19|gGztXdfSPmA|700396|1453|101
2026-09-19|hPTAB8LzUac|58|7|4
2026-09-19|lnwBmPbodHQ|0|0|0
2026-09-19|pj7TdVueFSo|32699|16|1
2026-09-19|fx9UNcijMJs|2391|16|4
2026-09-19|EdCgqgrDd_s|7607|23|20
2026-09-19|W2VuOhVL_Eo|88703|265|12
2026-09-19|_CqsF1phi-0|79856|237|10
2026-09-19|ZGKXjUokxBc|1286|6|0
2026-09-19|7Qc2-nuRCrA|1818|12|3
2026-09-19|6OWWQjooIIM|161|4|0
2026-09-19|DDKQM8WSqfU|5365|47|2
2026-09-19|jAX73nwzdO4|7061|74|1
2026-09-19|-SAJbedI58k|14975|20|10
2026-09-19|r7Lgzkc-wjk|749312|2843|34
2026-09-19|_ypY6Cqi9hQ|221522|1101|13
2026-09-19|844376ykg2M|321541|541|17
2026-09-19|NdFa-cpEgAs|20841|40|2
2026-09-19|clgV6m818mc|3324|35|2
2026-09-19|mGc4nfc8mGA|282133|475|0
2026-09-19|HQbQTGFr2kE|20437|158|4
2026-09-19|UezMftS_u5Q|113886|1557|31
2026-09-19|BceUZUpVs6o|11942|213|0
2026-09-19|cYvDbSiaP9w|19884|151|2
2026-09-19|dgZhjs4EuLk|56291|194|1
2026-09-19|43lPZ9oitBc|12470|148|3
2026-09-19|HrquZTXM4PE|1003|16|1
2026-09-19|uKMTFZTZSD4|40629|165|3
2026-09-19|W4KReV8Tv20|154092|2731|379
2026-09-19|WTGdClpskM4|103303|1103|14
2026-09-19|lElhgaOmAxw|171134|1691|226
2026-09-19|xQqK1Ap5n7Y|19727|56|0
2026-09-19|KYG51RX5VYY|136826|579|11
2026-09-19|E1unq_eRQHc|12124|54|0
2026-09-19|AbzdXXkiDTI|8342|34|0
2026-09-19|QSzy5uCKCUo|11530|43|9
2026-09-19|UcokQVSRDWM|191038|797|47
2026-09-19|GnforEH-lng|23060|238|3
2026-09-19|W1g_oR5TNFE|25125|54|1
2026-09-19|AV7RLRZ2WlY|76680|363|4
2026-09-19|3-w8ynPOQRA|9227|84|1
2026-09-19|cgN_rK-mVNk|19029|242|7
2026-09-19|1sWs-YbM5JY|12179|222|5
2026-09-19|EmZ3NtOF2GQ|174362|460|127
2026-09-19|rj6b6Mlu37I|6090|112|3
2026-09-19|mTF0jISpcg0|34052|348|74
2026-09-19|jlKVOh0kPqc|2|1|0
2026-09-19|4fAz_nQt_EM|6085|10|2
2026-09-19|AQD1mj-3fGs|16071|48|2
2026-09-19|MEEE74I8m20|1989|28|1
2026-09-19|BBlQv95dJ9c|25040|126|6
2026-09-19|gER4ZbLZPAk|13758|14|1
2026-09-19|ulKhg4G89Ss|0|0|0
2026-09-19|vrTpO80cXR0|12670|119|1
2026-09-19|20mfaxBfNzA|10680|79|1
2026-09-19|cdPXdyk55HE|13279|233|8
2026-09-19|-W1Z3QiflHg|22870|119|8
2026-09-19|ANYSfcRAgUc|42362|197|4
2026-09-19|rnGiujAcejk|24191|137|5
2026-09-19|2UwGFywmvS0|26626|99|20
2026-09-19|Iaj7MihUDdY|30370|149|12
2026-09-19|zapD6PxET5M|14302|74|5
2026-09-19|V8OzjDP37ds|3192|12|2
2026-09-19|QfOK3EKFiAg|12329|68|6
2026-09-19|8GbiTcQONsQ|35533|121|14
2026-09-19|gwFkLJq8xg0|76372|247|10
2026-09-19|Hb6BfN7Beak|42780|167|21
2026-09-19|wAK1Jt_s11s|8759|5|0
2026-09-19|n8-vhhXY9lk|34949|212|22
2026-09-19|aD83D7fs7nc|10934|445|46
2026-09-19|0Sy2UqnqHAI|6386|14|0
2026-09-19|8TB684QphLo|33|0|0
2026-09-19|obPmp7SQp-M|34|0|1
2026-09-19|2ShNjCecDlQ|523|0|0
2026-09-19|BRb8m7isr_k|4|0|0
2026-09-19|gpPpe3_QB6Q|24|0|0
2026-09-19|SWBsT38wjEs|9|0|0
2026-09-19|Uozv-9RxmG0|14|0|0
2026-09-19|y3SUZvpeBPU|11119|17|1
2026-09-19|9BMtyA7t02Y|4390|30|1
2026-09-19|nxZZ61MfmN4|8310|76|1
2026-09-19|TTJeSSoMDl8|4849|35|1
2026-09-19|-3_VdvIheMY|2540|22|1
2026-09-19|jADHpoC7tqU|6627|4|0
2026-09-19|91-5sseDvss|1095|8|0
2026-09-19|Yt-euLS8n3E|1526|13|0
2026-09-19|MY47A97X5r0|6236|70|2
2026-09-19|DWZnD9DBePQ|8680|208|25
2026-09-19|-B3xWzMh3pQ|27710|396|3
2026-09-19|MUz7PkoYDsk|5476|134|4
2026-09-19|kiGf4lXX6gM|77730|199|17
2026-09-19|MQ1L9z9CO-s|10668|16|4
2026-09-19|2_nQ1VR7stM|11897|15|2
2026-09-19|c8F3wSg_MUM|12260|16|3
2026-09-19|G_XFfy0WxtU|13951|28|1
2026-09-19|fJKahgCDs_E|1069|35|4
2026-09-19|eN9Z-Lb38cQ|1042|18|0
2026-09-19|w2j1ArDD2gU|378706|721|171
2026-09-19|YaolRzI8yg0|17418|148|5
2026-09-19|Px1VSED-1nk|14115|28|3
2026-09-19|0B8wJL84ukY|3805|47|0
2026-09-19|hsg1uwri690|34690|321|6
2026-09-19|0aTeYI4G8Go|4045|24|7
2026-09-19|_4vTTWUpr0M|1133459|2966|693
2026-09-19|GY9JUvnyD8Q|6794|17|3
2026-09-19|sRLOtuUfmvU|17748|127|1
2026-09-19|IvcB5C3fCmo|32368|170|9
2026-09-19|ebiUkUdVRRc|476457|2138|56
2026-09-19|nQfiqkgRLZc|19763|105|7
2026-09-19|lymvGtnlopY|7256|36|0
2026-09-19|MolkLlcw1hU|28229|124|9
2026-09-19|Zv7VzmITwH4|7543|4|1
2026-09-19|BENUwXEy37Q|14980|25|2
2026-09-19|fhJpS1DJJNY|7211|35|1
2026-09-19|ZLM4u_A6BL0|33449|192|0
2026-09-19|0usAknw2wFQ|11506|134|2
2026-09-19|ddPyXVODv5I|5123|18|0
2026-09-19|LDQVOyUsBZs|25314|129|7
2026-09-19|V0G5AgwtmB0|3041|34|0
2026-09-19|6y7Y8jEcmrQ|196806|748|35
2026-09-19|Azq1agLnAi0|21302|129|8
2026-09-19|VcyI9LSpQoQ|3950|25|3
2026-09-19|SRjTyMtBV54|555707|902|194
2026-09-19|lFyn4J5dcdw|16694|93|7
2026-09-19|NEv9tdAk06Q|73400|236|14
2026-09-19|h9sIHBev_Oo|61342|120|8
2026-09-19|14kUSoO7zec|8622|39|0
2026-09-19|SGgGaRpt5bw|5764|27|0
2026-09-19|04_CKUwbAqU|28972|114|18
2026-09-19|1wVOKEAygrE|132014|264|3
2026-09-19|HxodLQI8DQE|35149|201|10
2026-09-19|fTgG9oo3jJI|44453|199|7
2026-09-19|1gwqq3sTq6w|19175|157|4
2026-09-19|jJwTV5HKmlg|78781|279|9
2026-09-19|mSTdONshq8U|29466|178|9
2026-09-19|RV8Gl6X2UjE|21404|118|4
2026-09-19|VTeptHauZvY|5767|27|0
2026-09-19|Ded0ugttqNg|815519|3445|234
2026-09-19|mKjKe70jsBs|7813|29|0
2026-09-19|wonAd6JGops|72562|328|39
2026-09-19|dZPVmnEYFNI|110475|359|15
2026-09-19|jETAmZfPze4|3639|27|0
2026-09-19|r4PZ-9q6Zgw|46357|178|30
2026-09-19|g1iIeHaxgcI|41449|284|29
2026-09-19|X9WG3g-sH5A|57350|237|3
2026-09-19|XY0FdOoy13A|329668|4361|1217
2026-09-19|cPwT97Lltr0|4477|45|0
2026-09-19|unRqrRGF3Vk|3244|37|6
2026-09-19|_HF4FV4-HaQ|804413|5113|53
2026-09-19|57OiO0pS8iU|29220|134|1
2026-09-19|_vF-5FoYCxo|20943|219|3
2026-09-19|6Yjy7YFFfC4|37198|22|0
2026-09-19|4ao2nxLsP3c|38871|22|0
2026-09-19|x23PkYIlQqE|35939|13|2
2026-09-19|W_h_W0n6a-E|35009|27|0
2026-09-19|fALG1pQ_pm8|37587|35|2
2026-09-19|pCroOYGCjII|36813|15|0
2026-09-19|BKX4VQT8Mkc|4881|89|2
2026-09-19|P6gdmhAhjNY|87795|831|8
2026-09-19|DxdbhwZMcjU|47934|251|17
2026-09-19|9qQbUQ6xVAw|5503|21|1
2026-09-19|iqCYQv5-nmk|3211|11|0
2026-09-19|i9T7vIvvxMo|9480|35|1
2026-09-19|xmX6hh4FN6Y|2288|12|2
2026-09-19|uaQbE-ufEtQ|7747|118|2
2026-09-19|4RSJa_biF6Y|220520|1455|341
2026-09-19|N53X4PQnptw|2317|47|1
2026-09-19|UYvoslzq8y4|147462|956|20
2026-09-19|kEbdXUZJ_2c|117|0|1
2026-09-19|Hp14WGEtX6w|39|0|0
2026-09-19|WNqMXaAIyC8|41|0|0
2026-09-19|9464APy6ZFo|6|0|0
2026-09-19|vu8dsj0RrLI|337381|1854|84
2026-09-19|EO3hyzzuIYo|214994|2587|75
2026-09-19|gFp8Vs5_SjE|584896|5128|195
2026-09-19|IgyU7Ttv1jQ|368633|3211|104
2026-09-19|4Ze0LaTCOzI|242274|991|43
2026-09-19|NrOI23ITdeM|559664|4587|142
2026-09-19|_gsZIplf8G0|12515|298|10
2026-09-19|uPxiKZou-uk|51768|297|315
2026-09-19|1L_YY5ZoztM|253052|2805|552
2026-09-19|pGbLJGM4IRg|1668|22|1
2026-09-19|lEaEMJSnZL8|590773|2951|309
2026-09-19|17PP7nKfkm0|503180|3168|190
2026-09-19|k03TVsMLMic|216907|1289|30
2026-09-19|7tEA55K-9CM|3741|13|0
2026-09-19|VkI39Lrz5Gw|1670|7|0
2026-09-19|kz7vOKHvNoo|77087|402|10
2026-09-19|ahl5hbcXTLQ|72150|291|0
2026-09-19|j6NZWtqzaWA|28540|157|3
2026-09-19|T4_jY2CAqJY|23025|165|3
2026-09-19|h9z2KxrCJXo|54414|196|14
2026-09-19|XsZ_XSfG8_0|130150|661|13
2026-09-19|cYMTSCgTPWo|235528|700|617
2026-09-19|cJUMdxtNoEw|476844|3700|239
2026-09-19|CNpGIrrmx18|172000|1348|347
2026-09-19|M5DupoonqGo|58533|781|37
2026-09-19|Cma-vNqaKhw|30078|551|13
2026-09-19|lhSgLEF98KM|103534|1036|52
2026-09-19|v7sfQ90al90|256601|4100|452
2026-09-19|ry0ZuFRw6Dk|25447|323|8
2026-09-19|DcMaPEFQSJU|38238|19|0
2026-09-19|MEOex1PLfgQ|29688|18|0
2026-09-19|dds8OArPk4M|178439|1160|40
2026-09-19|gBNxSq4GJi8|446676|4168|137
2026-09-19|EwIMxvJytnw|303723|1513|28
2026-09-19|nrKo4m1Kst0|385849|4663|278
2026-09-19|faSPpACV358|19169|51|1
2026-09-19|NaeczpuuruI|7640|151|0
2026-09-19|Xv9T60z0UX8|32096|29|6
2026-09-19|Oo6HK7UHOVE|34624|112|9
2026-09-19|hdvGBhO6oaU|32928|21|0
2026-09-19|gYB5I1xf9S8|33742|20|1
2026-09-19|WMdMCW1yl9s|1529|8|1
2026-09-19|wQC2PEDVPyw|331779|2327|228
2026-09-19|7Cq_3gg2GvQ|7089|99|11
2026-09-19|tKr42NL1iPA|1454|24|0
2026-09-19|WPzuijWIULM|15397|141|1
2026-09-19|B7K8V-cNTG4|21458|54|0
2026-09-19|LIdd2yAsnkM|61877|209|2
2026-09-19|e03Dgo1B6DI|5753074|7852|1576
2026-09-19|2uePuJ18I-U|514|0|8
2026-09-19|B4gXLcro4ws|221856|4222|311
2026-09-19|FpVzQFPf4qA|459459|1233|701
2026-09-19|W8hMc5R5Rc4|1306|10|0
2026-09-19|gMgRpoLTnPM|210|0|0
2026-09-19|chQBMv4Iupw|90913|1596|83
2026-09-19|g7jikFbRQZk|164380|337|16
2026-09-19|Lfi6uqHglkQ|52577|869|47
2026-09-19|QaULZYVv7gY|310757|1216|105
2026-09-19|s98zu-uqJ7I|47799|391|10
2026-09-19|ZCGL6PKOKao|3831|13|1
2026-09-19|peJaC-AgsB0|4283|10|0
2026-09-19|bO7pFEbNJdI|9303|32|0
2026-09-19|LPONeSjs3NM|5305|23|0
2026-09-19|BT7KN5rvrjQ|2454|7|0
2026-09-19|9Id1J9d06KM|3715|13|0
2026-09-19|qAP1ag09zFk|3163|18|0
2026-09-19|F_mIIeuKCRg|7698|56|0
2026-09-19|Hns4HdTJ_0E|340983|1335|21
2026-09-19|OISGGLKci9g|4858|30|0
2026-09-19|MNOi1lzt3jc|36903|233|13
2026-09-19|4rwgDk0yakA|8760|58|2
2026-09-19|YhAXTPrsPMM|233020|681|93
2026-09-19|Mc8iXx5M1Sc|221051|946|27
2026-09-19|UqhxVIGt_h0|176407|635|197
2026-09-19|K0Gf6eQaOSQ|93748|398|6
2026-09-19|ush5h815XqI|1349891|2817|796
2026-09-19|GMDwCzB1mBI|114870|709|68
2026-09-19|rbZB5q3Fluk|179106|2265|91
2026-09-19|5bIl51ZgVJo|5821|142|16
2026-09-19|KOGpmFlbvfg|1572|17|0
2026-09-19|r7als387hGY|12432|245|7
2026-09-19|xKg6DPz92-w|373857|2008|138
2026-09-19|Sc_7-nnZpmI|71791|582|35
2026-09-19|vj1XfGAbdlc|30743|234|1
2026-09-19|t9I7Tz0W4fI|25463|313|7
2026-09-19|edVetDN_zjc|26310|113|0
2026-09-19|6wFQB2i6NuM|13796|176|6
2026-09-19|tLbCtCHaY6k|28248|503|7
2026-09-19|U6M8XZwGMkA|24938|186|4
2026-09-19|zqrBKgC5Vz0|161293|2104|139
2026-09-19|hdxCjyUmvLk|88880|904|53
2026-09-19|Zn5ArvCtNQc|65652|136|141
2026-09-19|L5k8NxFZDeE|20444|37|2
2026-09-19|bjQTgQLxgn4|20323|18|0
2026-09-19|PlULloYbjcw|9174|13|0
2026-09-19|KBdPTd2DYws|3120|21|0
2026-09-19|81heqp3_D08|3158|21|0
2026-09-19|bZrsptTg9QU|25099|318|9
2026-09-19|2FwYVNLkrrY|5464|31|1
2026-09-19|LQI0cSaILns|3543|11|0
2026-09-19|rbmU9A476LA|31897|160|5
2026-09-19|6mvPAqjKOMQ|2791|10|0
2026-09-19|e-7TOgnMCSk|13100|36|0
2026-09-19|NKUAad32apw|2553|14|1
2026-09-19|741QObpbHO0|44849|98|7
2026-09-19|aFto5hhOw40|18733|53|0
2026-09-19|hRsM1HI-ka8|19872|8|1
2026-09-19|9HRcJqzFgSY|32369|69|2
2026-09-19|x-K63v4kLJg|26281|125|2
2026-09-19|KDoOag_2yK8|46300|175|5
2026-09-19|UF11Y0sdPVk|7534|43|0
2026-09-19|CJBIOeafSk4|1882|9|1
2026-09-19|_AD3Qd7wSPI|13962|325|14
2026-09-19|7BEA1I9aS3I|56348|210|34
2026-09-19|L1pDj9FjCy4|32715|169|3
2026-09-19|vyudaxDHJOg|78995|218|8
2026-09-19|O221h-WX3bA|49636|171|6
2026-09-19|2TvhJiRqYSE|32666|173|8
2026-09-19|R-hc-j02pjo|47589|234|12
2026-09-19|WuL0Nm75O5E|90564|294|18
2026-09-19|5jAfifSOUM4|96669|234|21
2026-09-19|pYrebRs0OcM|44252|221|5
2026-09-19|YA-tE0qMtSM|140624|332|35
2026-09-19|akVgLUvf6ko|20659|116|6
2026-09-19|cy0DMsi40kQ|251968|738|97
2026-09-19|ayxXxkI47S4|30572|129|8
2026-09-19|Fv1GB6Z_tvY|42353|426|12
2026-09-19|S6ta6DqWw0I|26|0|0
2026-09-19|7IiaLJD0eRE|3906|32|4
2026-09-19|i0KqOxeD2Jc|2574|23|0
2026-09-19|8EvIlrwEGsU|8730|87|0
2026-09-19|6W-xKuFftIc|3323|51|0
2026-09-19|xa3_unH_iFY|65405|332|30
2026-09-19|kXPMb7ajTtM|162|0|0
2026-09-19|sJlySrDJXQs|54|0|0
2026-09-19|CREvCYFHAUY|45437|227|4
2026-09-19|0aduQcMsJjY|868|5|4
2026-09-19|2UzodgV4vM0|533676|1706|16
2026-09-19|1s3CahucpSA|33570|145|1
2026-09-19|fJuUVPSZhn0|720951|10650|10
2026-09-19|HywONopxd2s|167401|841|44
2026-09-19|enuBy6ES2pA|146276|436|20
2026-09-19|NJEryscSPrI|1844|0|0
2026-09-19|PfBUUzI77u4|296|0|0
2026-09-19|YeDxNqZk1hU|233181|739|525
2026-09-19|j1WV-wHonZA|2041|18|0
2026-09-19|HNrnqSiP1Dg|745928|5782|909
2026-09-19|0G_VEuCxnds|254952|2028|70
2026-09-19|CxQYjBVqfN8|14090|134|31
2026-09-19|ddhd-S8BY3k|204438|856|145
2026-09-19|n2X-QeGZyog|486564|1672|144
2026-09-19|NEFr_qe_UeI|3088|9|0
2026-09-19|jIrHr4BVN20|1156|1|0
2026-09-19|ZTbgBpnkgms|63664|296|173
2026-09-19|YGzLbwPDdwI|39139|1447|62
2026-09-19|Zg_bJPa0mVI|13194|147|0
2026-09-19|ZBFx2fzZMYc|206055|503|24
2026-09-19|xH5HKnUGbEk|16542|244|6
2026-09-19|6sLGm61NzYI|2164|7|1
2026-09-19|wmluyZkfFVU|433749|4670|313
2026-09-19|RriPPYiarPM|2078|14|1
2026-09-19|sG4o_Zce6cQ|3251|14|1
2026-09-19|HrLvaeE0Ro8|3280|11|2
2026-09-19|9iOYtpCWcbc|4314|27|2
2026-09-19|Hv6RgpEMTCA|1195|6|1
2026-09-19|WHucBRcdpaE|5147|21|1
2026-09-19|4PmGlgb9CO8|2756|20|3
2026-09-19|q-DUnQZY2i0|10893|75|1
2026-09-19|0GvJvLs91O8|2011|14|1
2026-09-19|vgitibMdYo4|3034|17|0
2026-09-19|849pJt_Rn1g|1592349|16824|712
2026-09-19|HKQ0XmGrRkA|38117|196|0
2026-09-19|WwcTgrY58j0|160746|1092|42
2026-09-19|2MNzxwGOpRA|72165|847|26
2026-09-19|ch0cMduQwz4|951279|9920|151
2026-09-19|6WFG79TPvxE|4025|35|2
2026-09-19|0mvqXWKzCkk|808951|983|349
2026-09-19|IrNThTearYQ|63389|147|17
2026-09-19|W7R-Udg2E2k|2011|22|0
2026-09-19|Keph-aRFJAo|62675|131|29
2026-09-19|_6K48XjiKHo|2845|18|0
2026-09-19|zILkmmLUv_A|16974|258|16
2026-09-19|gPEgidr7Yus|72678|272|46
2026-09-19|jcq_iDpD-zQ|12525|48|1
2026-09-19|0tSlsOPZG2M|242677|446|40
2026-09-19|hR9NbWkbNfE|46197|186|8
2026-09-19|SvDqlE3txXY|25095|123|6
2026-09-19|Pei0YEaldO8|8819|9|1
2026-09-19|ip22vIidbU0|11783|44|3
2026-09-19|PmCb9CvLHoQ|13070|52|0
2026-09-19|EkChcxW6cjc|2883|29|2
2026-09-19|WJRJ7JpknGo|21854|247|3
2026-09-19|JnVIOepdweg|289608|2011|140
2026-09-19|PpMNSx5gUmw|291744|793|193
2026-09-19|aTJ_X4Emjt0|338295|597|121
2026-09-19|Ma0PsMLioFo|4|0|0
2026-09-19|Fp7MEtfzlJI|398|0|0
2026-09-19|AQTe4f2WxFI|12027|58|0
2026-09-19|97Ysz6DPGQQ|803385|4586|127
2026-09-19|WE0Ddp40z5w|33663|224|1
2026-09-19|kObkc3tqJOY|30545|329|30
2026-09-19|PXul4IIjG78|123012|967|3
2026-09-19|eAaPBW62xco|1120|45|2
2026-09-19|pAJr0lsXaow|667|0|0
2026-09-19|RrVBXZoTfLE|11|0|0
2026-09-19|kwTGm_kO144|47|0|0
2026-09-19|GK-m0dNYzAM|1267|3|0
2026-09-19|c5QJoXyI7EE|1151|33|1
2026-09-19|55-vM6kAV_M|29016|64|0
2026-09-19|hIMcDC4YiyI|232705|622|7
2026-09-19|Yn-JSdKwKLY|488803|1000|16
2026-09-19|aIygEf0pX7E|2258|33|0
2026-09-19|m5HbrB6Z0Jg|4127|33|0
2026-09-19|QlQS8hsp-FU|98594|241|36
2026-09-19|xebIKQLqjE8|54672|196|15
2026-09-19|nP1xjFX86Po|9957246|64568|4237
2026-09-19|yzxFEfRnCLI|20789|11|0
2026-09-19|z43-lEK0U6Q|47767|489|16
2026-09-19|XM6fafSacSE|37971|402|4
2026-09-19|sXaIx-x4Z24|109236|1452|50
2026-09-19|T2ydBkwc5XA|80334|294|13
2026-09-19|9lP6O3KudB0|28460|199|6
2026-09-19|nAe_pB0zK-Q|38425|207|7
2026-09-19|F18ZLr-blsw|35840|165|14
2026-09-19|EqzzVZmcyGo|39514|161|2
2026-09-19|4pkaTep1neI|52081|205|12
2026-09-19|JmkHzG1_8aQ|16219|16|1
2026-09-19|gfEVuYJxsLY|44113|175|8
2026-09-19|dP-SYT6qnAY|69067|235|32
2026-09-19|KRiepLwAKrc|22981|91|9
2026-09-19|v1tDQFeaL3U|52729|122|4
2026-09-19|nYDNkb5nYiQ|2843|27|1
2026-09-19|S28UmHLe-Ek|2953|26|0
2026-09-19|nGJNwlQtiHE|13258|60|3
2026-09-19|lQswz-3UMHk|2059|20|0
2026-09-19|VFPbvueSU8g|1691|10|1
2026-09-19|7E60E63bX_Q|70806|62|2
2026-09-19|bKQ-3FzfEAg|349635|8740|1472
2026-09-19|M4ycGgur-d4|5950|33|1
2026-09-19|0H5qM79G354|2998|3|0
2026-09-19|dJeLvH7p-Rs|7657|139|6
2026-09-19|HN-pG0qnl1Y|64667|196|13
2026-09-19|ff87YuGWnIQ|1339|6|0
2026-09-19|vUdXm13k3Sc|31775|284|2
2026-09-19|Is54QLSUv4Q|23392|154|3
2026-09-19|RixkbNauCz8|33136|94|23
2026-09-19|0CwgNqKdFWs|93635|259|18
2026-09-19|QtFEicaNqlM|359027|1051|58
2026-09-19|wL4aFd1cqPQ|115728|219|17
2026-09-19|PIECs0BCv1w|1184|0|1
2026-09-19|hBFfJxcHdz4|12989|24|4
2026-09-19|w52gmej7BOk|141|0|0
2026-09-19|dwSqyAUNUu0|102|0|1
2026-09-19|8UWMuGMa3DM|153|0|0
2026-09-19|ePBZ8oF-0WI|1459345|4298|1050
2026-09-19|R-XE8IdSdsE|5426|32|5
2026-09-19|8JHawr3bsmw|3277|78|0
2026-09-19|Q56eMrpsJqQ|11387|163|0
2026-09-19|fBPSYS1julE|142|0|0
2026-09-19|uTaSQUL68Es|65719|229|5
2026-09-19|MRgPf4v39Aw|105562|355|28
2026-09-19|JsL1L2PMjZ0|29715|175|1
2026-09-19|aQKm7ki5NNM|38214|322|25
2026-09-19|2kIv5kYvG2Y|159087|415|40
2026-09-19|m4oh5ubNwpw|62538|190|39
2026-09-19|2AZa7K7Zy0k|92119|300|7
2026-09-19|sGYNoeMhuHk|120188|327|52
2026-09-19|my6YT1qZ7b0|96311|307|21
2026-09-19|dbl1aXd6uXE|326944|815|71
2026-09-19|7eq4LRfaTRA|28261|181|9
2026-09-19|RK85lhWp3rQ|81096|687|9
2026-09-19|JCNVpgwffyM|38232|129|17
2026-09-19|RApBZ6iXH50|67075|820|13
2026-09-19|AS6eCeBIzAQ|100982|591|89
2026-09-19|ZJcrb8m03sI|14645|211|4
2026-09-19|P86dzTtph_I|728246|1118|48
2026-09-19|HkRucTW1M1A|1959|6|0
2026-09-19|PY1p37c5g6I|3076|32|0
2026-09-19|mg1rNqP4dHE|177839|719|139
2026-09-19|wxtQIy0339k|19380|37|4
2026-09-19|reCjQnvawug|153613|2382|65
2026-09-19|BmOGtdh5y34|17763|79|6
2026-09-19|GXq8Pj0Mo_E|360768|3377|1301
2026-09-19|C25ZB43mUsQ|3320114|26455|1352
2026-09-19|WcJ4mRDtsVw|16493|28|1
2026-09-19|KUClJSp105c|906792|3876|86
2026-09-19|WR7e4y6LyW4|63634|68|3
2026-09-19|7VcFpBSLtuw|317339|2184|29
2026-09-19|6O9qvXDUDo4|3163|20|2
2026-09-19|CkNRJzKs9Cs|418221|1493|114
2026-09-19|876ID_fXavI|6032|69|3
2026-09-19|Si8FIL2LWrc|228200|505|82
2026-09-19|L76LZWne82w|72265|156|6
2026-09-19|SFR6lHFk7hg|10804|9|1
2026-09-19|uEU2Pvr3i0s|3403|16|1
2026-09-19|lG-0jy8BOtU|1955|0|1
2026-09-19|wG6mkHirEYk|7559|111|2
2026-09-19|sDNxGQrkuS0|166242|941|2
2026-09-19|fKIJttin7vw|5689|24|0
2026-09-19|xdhlE54lk-E|50325|241|102
2026-09-19|8kSd-B4c5Pw|16253|131|1
2026-09-19|TF9scFyx47I|16039|64|6
2026-09-19|8DFiddCzpSA|70092|668|11
2026-09-20|_AIE3pBgzUA|112611|590|13
2026-09-20|i7LbkR4Iggk|18923|159|2
2026-09-20|Jint7t-Mb54|67930|96|14
2026-09-20|MtCIEhoxkUU|3669|38|1
2026-09-20|uUW2uyyWzdY|664803|1274|139
2026-09-20|QrHPsUiJILQ|164062|1320|27
2026-09-20|X35K6yI0Wpc|203271|1922|50
2026-09-20|n5TH5TICs2Q|45657|197|37
2026-09-20|JRFzrY0UfSU|233|1|0
2026-09-20|tsRPpGVmRi4|6663|11|0
2026-09-20|8iyvOdyHW8s|6365|70|32
2026-09-20|KScreXt5yuE|4|1|1
2026-09-20|73DF6Z6dAYo|8283|17|21
2026-09-20|YkiX0NR0_uw|144|0|0
2026-09-20|Tnz2aUEziR0|9623|128|11
2026-09-20|YFbCgHojt4M|70440|362|94
2026-09-20|Mozzg8YS2vg|48867|242|25
2026-09-20|3xTet9NRY2c|22380|285|3
2026-09-20|Xh7Cd-TNRuE|25366|161|61
2026-09-20|XI32Aza-cvw|54784|288|39
2026-09-20|NQJjtdMlI3U|54933|240|27
2026-09-20|0LEUD19OdYs|59962|203|24
2026-09-20|O2MlWkpe5_Q|40085|134|8
2026-09-20|ldQE4WWFZ9Q|75390|375|45
2026-09-20|fD07gcGTy6g|73252|371|5
2026-09-20|NBQRRj8Zx38|56796|388|9
2026-09-20|vXjt4R9aYOM|371225|785|34
2026-09-20|7Y14e-mEopw|17333|168|3
2026-09-20|anocmDXLlIY|113660|1659|122
2026-09-20|ezRoEK2ttw0|2815213|31065|1955
2026-09-20|TBsCN6N0_0Q|1305|22|1
2026-09-20|sVbotLFsSQo|22613|254|17
2026-09-20|yDPmrAXiYbc|37684|258|6
2026-09-20|0XzYFNHUM58|76612|249|41
2026-09-20|QnM9NeEbIJQ|8453|70|3
2026-09-20|nf2alxq8T_Q|12958|155|1
2026-09-20|oz_y8sQaFSg|20755|211|3
2026-09-20|KMHh013i818|32176|152|143
2026-09-20|fz0XGow1Ax4|56190|229|302
2026-09-20|JkVQZaKcHxA|11167|194|7
2026-09-20|lokY-ycpH7c|221953|573|33
2026-09-20|rozy7-MtfVU|259052|839|29
2026-09-20|6W1TR9w2BE4|15479|36|4
2026-09-20|lAC16drDKKQ|794337|2715|267
2026-09-20|_1XyQrC5WeA|31919|312|10
2026-09-20|z0ihuKDvr4U|224700|1810|745
2026-09-20|6BRKN4RVuWk|12769|164|18
2026-09-20|BREp4MmGbsQ|3187|84|3
2026-09-20|-epcwqap7Wk|2092|10|0
2026-09-20|qYr-XUP-d5A|2160|15|1
2026-09-20|3IZ3OudNPP8|7595|103|2
2026-09-20|Vz4PQM-frk0|3876|82|1
2026-09-20|z9hj7ggJ-Xw|294721|3135|199
2026-09-20|B7RBS6tKzbI|144037|393|41
2026-09-20|ooJP6-l_QOs|326686|8301|547
2026-09-20|vVJMGGxhOjo|5424|17|1
2026-09-20|yWJRTxpP52M|279673|3449|514
2026-09-20|UNt9_KQ3GFI|58830|145|9
2026-09-20|bgfX4HXTd4w|115914|415|56
2026-09-20|0zmuB7W-nW0|18565|125|1
2026-09-20|-J83elSvWNE|2499|37|0
2026-09-20|KqG3-vTGrEw|31919|289|42
2026-09-20|n7rktQvsK1M|1614|10|0
2026-09-20|yECDMZJqqhg|3369|34|0
2026-09-20|JGeTgGMONOQ|1392|21|1
2026-09-20|rsmoIsRLOgo|5151|23|0
2026-09-20|QVt8epfNxbI|2852|34|0
2026-09-20|RxCRG3FDJuU|1309|17|0
2026-09-20|9KWiMOLqpBs|16769|162|1
2026-09-20|kS4magpMnnY|2035|24|0
2026-09-20|T9Un9P61KaI|800|15|0
2026-09-20|N1zaA407Qy0|15651|41|1
2026-09-20|aX8jyuIoZfQ|2711|20|0
2026-09-20|OUC675XZJVA|54754|177|2
2026-09-20|qZT5eUgVQv8|1613|29|0
2026-09-20|D2c1J5oMP5E|12216|45|5
2026-09-20|l7dwFrVFosA|9|0|0
2026-09-20|P5znuzaAfeY|8|0|0
2026-09-20|qZy47wH9jFg|8|0|0
2026-09-20|4hjeNRCRKGQ|14|0|0
2026-09-20|Injpq84UZ74|1285|0|0
2026-09-20|jk0eUFNxF3w|84732|450|0
2026-09-20|LjTXDI-9sw8|45060|65|0
2026-09-20|s3BIHLakSpM|28742|15|0
2026-09-20|X3lwPsfpVlA|41346|207|5
2026-09-20|6vujmmlCWOA|130294|1561|93
2026-09-20|DFJTeQvp05M|97408|572|7
2026-09-20|MazrywC5DiY|4990|114|1
2026-09-20|ryAzSC6irkU|16765|145|2
2026-09-20|mxVmBKuqEmA|3522|36|1
2026-09-20|quuNvc0__qc|8391|78|0
2026-09-20|NsRkW1-pbmE|40181|103|13
2026-09-20|0m3laxamSlk|63341|221|30
2026-09-20|MZa2QqIdr1U|81388|632|151
2026-09-20|LEKlxX385m0|134937|605|7
2026-09-20|A0xPLoJilB8|43743|150|10
2026-09-20|tZwguHBR9Zo|274974|747|20
2026-09-20|ia2jmMeNGLE|17677|175|13
2026-09-20|HtgxW1GOy9k|25656|160|3
2026-09-20|NS0O9ilsIYk|2442|6|0
2026-09-20|B8o4Lk8-ir0|27487|123|2
2026-09-20|qoy_PSQ5oCs|28789|180|3
2026-09-20|RBbaKKC6qYE|9391|415|49
2026-09-20|4bk7O4ToXro|9658|199|13
2026-09-20|y7aSnxatYP4|75664|398|32
2026-09-20|tQbewRXkdzk|19398|68|14
2026-09-20|h2k-_VcLbbk|61303|285|26
2026-09-20|UZokCFeZ7D0|12098|83|12
2026-09-20|pFqNQGqSaUU|39390|195|29
2026-09-20|ck4KesysqPw|20209|102|20
2026-09-20|DGV8bhCUqFM|42007|244|20
2026-09-20|FDTR_2blPdo|82758|425|61
2026-09-20|CTjCAAOgHgI|21508|69|18
2026-09-20|teYRZqiNH-A|70671|281|54
2026-09-20|CafP7V7Pc9U|160816|295|22
2026-09-20|waIiNz2Dx5k|61053|284|8
2026-09-20|KYG51RX5VYY|184705|756|11
2026-09-20|y3SUZvpeBPU|12645|19|1
2026-09-20|0Sy2UqnqHAI|11868|23|0
2026-09-20|Gzg2Yq_XnH8|1623|5|0
2026-09-20|2rQCTmVEvuk|148691|852|40
2026-09-20|hPTAB8LzUac|892|12|4
2026-09-20|GnforEH-lng|27795|273|4
2026-09-20|_4vTTWUpr0M|1467247|3488|835
2026-09-20|0B8wJL84ukY|21505|162|4
2026-09-20|gGztXdfSPmA|838851|1618|105
2026-09-20|XrDS2zt4X00|305212|891|22
2026-09-20|kiGf4lXX6gM|88101|213|17
2026-09-20|8GbiTcQONsQ|52452|141|16
2026-09-20|nxZZ61MfmN4|19184|143|3
2026-09-20|UcokQVSRDWM|221773|973|53
2026-09-20|0aTeYI4G8Go|7627|31|9
2026-09-20|V8OzjDP37ds|5450|15|4
2026-09-20|MEEE74I8m20|3142|58|1
2026-09-20|bZjwRZ0d69U|169470|1616|54
2026-09-20|4fAz_nQt_EM|8971|12|2
2026-09-20|gKuZc70qOTY|33813|68|21
2026-09-20|zL52VmTpmCs|6129|41|0
2026-09-20|YaolRzI8yg0|73792|331|25
2026-09-20|w2j1ArDD2gU|391792|745|173
2026-09-20|WfPeKkKetSY|1194|2|0
2026-09-20|FCLXhrYtOis|52557|164|49
2026-09-20|iRUQPuBHdTI|1304|11|0
2026-09-20|QSzy5uCKCUo|20408|79|9
2026-09-20|W1g_oR5TNFE|35775|92|2
2026-09-20|Px1VSED-1nk|17977|32|3
2026-09-20|AV7RLRZ2WlY|128683|622|6
2026-09-20|WTGdClpskM4|375178|3837|56
2026-09-20|_ypY6Cqi9hQ|326480|1728|29
2026-09-20|844376ykg2M|417533|647|21
2026-09-20|mGc4nfc8mGA|465901|846|2
2026-09-20|HQbQTGFr2kE|20914|159|4
2026-09-20|r7Lgzkc-wjk|828963|3113|40
2026-09-20|43lPZ9oitBc|28058|209|4
2026-09-20|-B3xWzMh3pQ|37751|479|5
2026-09-20|lElhgaOmAxw|193067|1806|231
2026-09-20|W4KReV8Tv20|173289|3007|399
2026-09-20|clgV6m818mc|3346|37|2
2026-09-20|hsg1uwri690|82237|652|29
2026-09-20|MQ1L9z9CO-s|12223|17|4
2026-09-20|TTJeSSoMDl8|8776|57|1
2026-09-20|cdPXdyk55HE|30375|371|9
2026-09-20|-3_VdvIheMY|4131|31|1
2026-09-20|jADHpoC7tqU|10318|6|0
2026-09-20|91-5sseDvss|2090|8|0
2026-09-20|Yt-euLS8n3E|3297|17|0
2026-09-20|MY47A97X5r0|13280|87|2
2026-09-20|9BMtyA7t02Y|8650|38|1
2026-09-20|n8-vhhXY9lk|109379|395|50
2026-09-20|2UwGFywmvS0|111250|286|42
2026-09-20|wAK1Jt_s11s|13471|8|0
2026-09-20|gER4ZbLZPAk|17030|18|1
2026-09-20|ulKhg4G89Ss|9885|7|0
2026-09-20|vrTpO80cXR0|18739|149|1
2026-09-20|20mfaxBfNzA|13978|94|1
2026-09-20|-W1Z3QiflHg|32240|140|12
2026-09-20|GY9JUvnyD8Q|15198|22|3
2026-09-20|ANYSfcRAgUc|57623|222|4
2026-09-20|BBlQv95dJ9c|35485|140|7
2026-09-20|rnGiujAcejk|32825|153|5
2026-09-20|Iaj7MihUDdY|43454|174|15
2026-09-20|zapD6PxET5M|17526|77|5
2026-09-20|QfOK3EKFiAg|16266|73|7
2026-09-20|Hb6BfN7Beak|74367|205|29
2026-09-20|DWZnD9DBePQ|122043|661|72
2026-09-20|aD83D7fs7nc|274887|1263|133
2026-09-20|G_XFfy0WxtU|14350|30|1
2026-09-20|c8F3wSg_MUM|12701|17|3
2026-09-20|2_nQ1VR7stM|13746|16|2
2026-09-20|MUz7PkoYDsk|6313|169|4
2026-09-20|gwFkLJq8xg0|100786|280|12
2026-09-20|NdFa-cpEgAs|21026|40|2
2026-09-20|cA8FuCa2cIM|42522|146|553
2026-09-20|pj7TdVueFSo|67115|16|2
2026-09-20|jAX73nwzdO4|8914|105|2
2026-09-20|xQqK1Ap5n7Y|25839|78|0
2026-09-20|E1unq_eRQHc|14855|60|0
2026-09-20|AbzdXXkiDTI|12411|47|0
2026-09-20|W2VuOhVL_Eo|229228|437|19
2026-09-20|EdCgqgrDd_s|13400|47|55
2026-09-20|SZDTpRZZ84o|60603|21|3
2026-09-20|mTF0jISpcg0|81027|667|161
2026-09-20|lnwBmPbodHQ|10563|107|9
2026-09-20|AQD1mj-3fGs|24329|65|3
2026-09-20|cgN_rK-mVNk|33213|339|10
2026-09-20|1sWs-YbM5JY|36808|276|8
2026-09-20|EmZ3NtOF2GQ|229817|551|201
2026-09-20|rj6b6Mlu37I|18988|203|4
2026-09-20|DDKQM8WSqfU|6632|54|2
2026-09-20|XrRYbkAiQ6c|11654|71|2
2026-09-20|_CqsF1phi-0|226682|466|26
2026-09-20|3-w8ynPOQRA|165135|569|6
2026-09-20|5MmzkVQT7Ho|18050|161|4
2026-09-20|sLGRbyuC-j4|39240|555|4
2026-09-20|RnetBTnYzEY|384893|1392|780
2026-09-20|z70g_N396fo|72790|545|123
2026-09-20|NDc1Fl_4lCM|11047|14|1
2026-09-20|Y7eYBYxI6II|3715|9|1
2026-09-20|FWCVX1URRsU|8180|54|4
2026-09-20|nOljTFXyPXg|10249|186|11
2026-09-20|ZGKXjUokxBc|1637|7|0
2026-09-20|7Qc2-nuRCrA|2175|14|3
2026-09-20|6OWWQjooIIM|271|6|0
2026-09-20|XupQXj4OtME|2591|74|1
2026-09-20|TX-12pF48ko|956|12|0
2026-09-20|fJKahgCDs_E|4176|72|7
2026-09-20|fx9UNcijMJs|3150|26|13
2026-09-20|jlKVOh0kPqc|6987|48|1
2026-09-20|2ShNjCecDlQ|1048|0|0
2026-09-20|Uozv-9RxmG0|98|0|0
2026-09-20|SWBsT38wjEs|63|0|0
2026-09-20|HrquZTXM4PE|1928|19|2
2026-09-20|gpPpe3_QB6Q|95|0|0
2026-09-20|BRb8m7isr_k|7|0|0
2026-09-20|uKMTFZTZSD4|109589|279|5
2026-09-20|UezMftS_u5Q|195602|2172|52
2026-09-20|obPmp7SQp-M|37|0|1
2026-09-20|dgZhjs4EuLk|203677|490|19
2026-09-20|cYvDbSiaP9w|25343|175|2
2026-09-20|8TB684QphLo|43|0|0
2026-09-20|BceUZUpVs6o|37491|354|0
2026-09-20|eN9Z-Lb38cQ|2157|27|0
2026-09-20|0usAknw2wFQ|13896|155|2
2026-09-20|ZLM4u_A6BL0|34122|192|0
2026-09-20|SRjTyMtBV54|588076|961|195
2026-09-20|Zv7VzmITwH4|8244|4|1
2026-09-20|sRLOtuUfmvU|18053|128|1
2026-09-20|MolkLlcw1hU|30312|143|10
2026-09-20|6y7Y8jEcmrQ|234471|837|36
2026-09-20|ebiUkUdVRRc|520163|2281|61
2026-09-20|1L_YY5ZoztM|272209|2847|565
2026-09-20|BENUwXEy37Q|17057|29|2
2026-09-20|lymvGtnlopY|7772|38|0
2026-09-20|57OiO0pS8iU|29793|141|1
2026-09-20|fhJpS1DJJNY|8956|47|1
2026-09-20|VcyI9LSpQoQ|4506|29|3
2026-09-20|_HF4FV4-HaQ|911214|5486|65
2026-09-20|xmX6hh4FN6Y|3487|16|4
2026-09-20|XY0FdOoy13A|356634|4606|1272
2026-09-20|cPwT97Lltr0|5826|68|0
2026-09-20|UYvoslzq8y4|180242|1165|25
2026-09-20|Cma-vNqaKhw|30118|551|13
2026-09-20|XsZ_XSfG8_0|162793|906|14
2026-09-20|j6NZWtqzaWA|30633|172|3
2026-09-20|ahl5hbcXTLQ|78447|309|0
2026-09-20|kz7vOKHvNoo|88152|430|11
2026-09-20|VkI39Lrz5Gw|1889|7|0
2026-09-20|lhSgLEF98KM|133923|1236|59
2026-09-20|jJwTV5HKmlg|86447|289|10
2026-09-20|vu8dsj0RrLI|406771|2179|96
2026-09-20|LDQVOyUsBZs|28228|132|7
2026-09-20|IvcB5C3fCmo|35164|176|9
2026-09-20|nQfiqkgRLZc|21635|107|7
2026-09-20|lFyn4J5dcdw|19026|96|7
2026-09-20|hdvGBhO6oaU|54394|26|0
2026-09-20|NEv9tdAk06Q|81333|242|14
2026-09-20|gYB5I1xf9S8|55556|21|1
2026-09-20|r4PZ-9q6Zgw|48801|178|30
2026-09-20|WMdMCW1yl9s|1824|8|1
2026-09-20|7tEA55K-9CM|5793|20|0
2026-09-20|ry0ZuFRw6Dk|27577|332|8
2026-09-20|RV8Gl6X2UjE|22573|120|4
2026-09-20|h9z2KxrCJXo|62485|208|15
2026-09-20|T4_jY2CAqJY|25726|180|3
2026-09-20|dZPVmnEYFNI|127578|377|15
2026-09-20|mSTdONshq8U|31044|180|10
2026-09-20|1gwqq3sTq6w|21010|159|4
2026-09-20|fTgG9oo3jJI|48793|206|7
2026-09-20|wonAd6JGops|86040|349|41
2026-09-20|HxodLQI8DQE|39541|216|11
2026-09-20|Azq1agLnAi0|24917|132|8
2026-09-20|MEOex1PLfgQ|48702|18|0
2026-09-20|EO3hyzzuIYo|243370|2890|81
2026-09-20|cJUMdxtNoEw|570082|4000|250
2026-09-20|gFp8Vs5_SjE|646959|5555|216
2026-09-20|IgyU7Ttv1jQ|400688|3455|111
2026-09-20|4Ze0LaTCOzI|303968|1247|52
2026-09-20|NrOI23ITdeM|636858|5077|156
2026-09-20|_gsZIplf8G0|14220|304|10
2026-09-20|Oo6HK7UHOVE|41822|129|14
2026-09-20|faSPpACV358|22201|57|1
2026-09-20|V0G5AgwtmB0|3417|36|0
2026-09-20|jETAmZfPze4|3958|28|0
2026-09-20|h9sIHBev_Oo|86370|165|11
2026-09-20|uPxiKZou-uk|57788|300|347
2026-09-20|14kUSoO7zec|9585|45|1
2026-09-20|6Yjy7YFFfC4|63419|25|0
2026-09-20|4ao2nxLsP3c|78650|27|0
2026-09-20|SGgGaRpt5bw|6114|28|0
2026-09-20|VTeptHauZvY|6335|27|0
2026-09-20|mKjKe70jsBs|8991|31|0
2026-09-20|DcMaPEFQSJU|63078|21|0
2026-09-20|ddPyXVODv5I|5728|18|0
2026-09-20|Xv9T60z0UX8|57514|33|7
2026-09-20|Hp14WGEtX6w|60|0|0
2026-09-20|CNpGIrrmx18|218436|1597|385
2026-09-20|BKX4VQT8Mkc|5535|92|2
2026-09-20|fALG1pQ_pm8|69675|38|3
2026-09-20|W_h_W0n6a-E|61592|31|0
2026-09-20|x23PkYIlQqE|62487|14|2
2026-09-20|kEbdXUZJ_2c|136|0|1
2026-09-20|1wVOKEAygrE|169334|354|3
2026-09-20|04_CKUwbAqU|38617|134|23
2026-09-20|Ded0ugttqNg|955890|3892|276
2026-09-20|X9WG3g-sH5A|60736|250|3
2026-09-20|_vF-5FoYCxo|22464|228|3
2026-09-20|WNqMXaAIyC8|53|0|0
2026-09-20|9464APy6ZFo|8|0|0
2026-09-20|pGbLJGM4IRg|1879|22|1
2026-09-20|cYMTSCgTPWo|311372|813|708
2026-09-20|M5DupoonqGo|65968|983|51
2026-09-20|NaeczpuuruI|9826|171|0
2026-09-20|7Cq_3gg2GvQ|9554|120|14
2026-09-20|N53X4PQnptw|2726|56|1
2026-09-20|uaQbE-ufEtQ|11198|158|2
2026-09-20|unRqrRGF3Vk|3708|38|6
2026-09-20|wQC2PEDVPyw|436951|2640|267
2026-09-20|nrKo4m1Kst0|448007|5375|325
2026-09-20|EwIMxvJytnw|365627|1816|33
2026-09-20|i9T7vIvvxMo|10986|49|1
2026-09-20|iqCYQv5-nmk|5575|12|0
2026-09-20|9qQbUQ6xVAw|8751|23|1
2026-09-20|pCroOYGCjII|67763|16|0
2026-09-20|g1iIeHaxgcI|56779|380|44
2026-09-20|4RSJa_biF6Y|255939|1616|364
2026-09-20|gBNxSq4GJi8|512821|4716|150
2026-09-20|P6gdmhAhjNY|100005|938|15
2026-09-20|dds8OArPk4M|203566|1312|48
2026-09-20|v7sfQ90al90|336434|4819|522
2026-09-20|lEaEMJSnZL8|692534|3303|344
2026-09-20|k03TVsMLMic|262347|1591|40
2026-09-20|DxdbhwZMcjU|63702|285|19
2026-09-20|17PP7nKfkm0|565294|3545|214
2026-09-20|e03Dgo1B6DI|6156875|8173|1628
2026-09-20|vj1XfGAbdlc|30959|235|1
2026-09-20|9Id1J9d06KM|3918|14|0
2026-09-20|7IiaLJD0eRE|4172|33|4
2026-09-20|i0KqOxeD2Jc|2768|24|0
2026-09-20|8EvIlrwEGsU|9763|99|0
2026-09-20|6W-xKuFftIc|3517|52|0
2026-09-20|LIdd2yAsnkM|78643|248|1
2026-09-20|WPzuijWIULM|16437|146|1
2026-09-20|j1WV-wHonZA|2191|20|0
2026-09-20|t9I7Tz0W4fI|26062|315|7
2026-09-20|tKr42NL1iPA|1490|25|0
2026-09-20|edVetDN_zjc|31139|133|1
2026-09-20|6wFQB2i6NuM|14098|177|6
2026-09-20|tLbCtCHaY6k|31343|520|7
2026-09-20|U6M8XZwGMkA|27777|197|4
2026-09-20|chQBMv4Iupw|92113|1636|84
2026-09-20|B7K8V-cNTG4|22779|56|0
2026-09-20|ZCGL6PKOKao|4193|14|1
2026-09-20|qAP1ag09zFk|3449|18|0
2026-09-20|r7als387hGY|13889|263|8
2026-09-20|0G_VEuCxnds|270019|2174|71
2026-09-20|FpVzQFPf4qA|472906|1253|711
2026-09-20|x-K63v4kLJg|44939|152|2
2026-09-20|UF11Y0sdPVk|8295|47|0
2026-09-20|CJBIOeafSk4|1937|9|1
2026-09-20|_AD3Qd7wSPI|15189|367|18
2026-09-20|hdxCjyUmvLk|93505|954|54
2026-09-20|B4gXLcro4ws|239099|4423|314
2026-09-20|cy0DMsi40kQ|279251|841|113
2026-09-20|F_mIIeuKCRg|9174|61|0
2026-09-20|2uePuJ18I-U|534|0|8
2026-09-20|K0Gf6eQaOSQ|110444|467|6
2026-09-20|W8hMc5R5Rc4|1305|10|0
2026-09-20|xKg6DPz92-w|410307|2217|146
2026-09-20|4rwgDk0yakA|9107|60|2
2026-09-20|MNOi1lzt3jc|37711|235|13
2026-09-20|OISGGLKci9g|5077|31|0
2026-09-20|Hns4HdTJ_0E|450715|1675|33
2026-09-20|BT7KN5rvrjQ|2597|7|0
2026-09-20|Mc8iXx5M1Sc|222276|948|27
2026-09-20|Sc_7-nnZpmI|71907|630|37
2026-09-20|5jAfifSOUM4|97303|234|21
2026-09-20|hRsM1HI-ka8|20048|8|1
2026-09-20|rbmU9A476LA|32480|162|5
2026-09-20|9HRcJqzFgSY|33915|69|2
2026-09-20|ayxXxkI47S4|32534|129|8
2026-09-20|2TvhJiRqYSE|33038|173|8
2026-09-20|akVgLUvf6ko|21620|116|6
2026-09-20|YA-tE0qMtSM|144407|335|35
2026-09-20|pYrebRs0OcM|44733|221|5
2026-09-20|WuL0Nm75O5E|95433|299|19
2026-09-20|g7jikFbRQZk|173841|361|17
2026-09-20|R-hc-j02pjo|48823|236|12
2026-09-20|O221h-WX3bA|50842|171|6
2026-09-20|KDoOag_2yK8|47387|174|5
2026-09-20|vyudaxDHJOg|81377|223|8
2026-09-20|peJaC-AgsB0|4601|10|0
2026-09-20|L1pDj9FjCy4|33044|169|3
2026-09-20|7BEA1I9aS3I|56988|211|34
2026-09-20|QaULZYVv7gY|327896|1270|107
2026-09-20|bjQTgQLxgn4|20429|19|0
2026-09-20|PlULloYbjcw|9805|14|0
2026-09-20|KBdPTd2DYws|3147|21|0
2026-09-20|81heqp3_D08|3179|21|0
2026-09-20|UqhxVIGt_h0|179848|645|199
2026-09-20|s98zu-uqJ7I|57036|537|11
2026-09-20|YhAXTPrsPMM|237804|691|94
2026-09-20|Lfi6uqHglkQ|53998|892|47
2026-09-20|aFto5hhOw40|19168|55|0
2026-09-20|LPONeSjs3NM|5652|25|0
2026-09-20|741QObpbHO0|46267|101|7
2026-09-20|NKUAad32apw|2596|14|1
2026-09-20|bO7pFEbNJdI|9852|34|0
2026-09-20|e-7TOgnMCSk|13386|38|0
2026-09-20|6mvPAqjKOMQ|2807|10|0
2026-09-20|LQI0cSaILns|3571|11|0
2026-09-20|L5k8NxFZDeE|20662|37|2
2026-09-20|Fv1GB6Z_tvY|55280|517|12
2026-09-20|2FwYVNLkrrY|5523|31|1
2026-09-20|bZrsptTg9QU|31238|416|11
2026-09-20|zqrBKgC5Vz0|171678|2204|143
2026-09-20|ddhd-S8BY3k|220579|872|152
2026-09-20|fJuUVPSZhn0|1386335|21605|34
2026-09-20|HNrnqSiP1Dg|792587|6048|944
2026-09-20|GMDwCzB1mBI|131952|783|77
2026-09-20|ush5h815XqI|1385334|2893|806
2026-09-20|ZBFx2fzZMYc|212486|522|24
2026-09-20|xH5HKnUGbEk|16946|255|6
2026-09-20|KOGpmFlbvfg|1589|17|0
2026-09-20|enuBy6ES2pA|155116|458|20
2026-09-20|PfBUUzI77u4|369|0|0
2026-09-20|xa3_unH_iFY|69603|359|32
2026-09-20|gMgRpoLTnPM|223|0|0
2026-09-20|0aduQcMsJjY|1190|5|4
2026-09-20|S6ta6DqWw0I|44|0|0
2026-09-20|sJlySrDJXQs|63|0|0
2026-09-20|kXPMb7ajTtM|199|0|0
2026-09-20|NJEryscSPrI|1782|0|0
2026-09-20|HywONopxd2s|190552|902|44
2026-09-20|1s3CahucpSA|35528|147|1
2026-09-20|2UzodgV4vM0|600369|1903|17
2026-09-20|CREvCYFHAUY|51883|244|4
2026-09-20|YeDxNqZk1hU|238493|751|529
2026-09-20|Zn5ArvCtNQc|67934|139|141
2026-09-20|ZTbgBpnkgms|70136|309|179
2026-09-20|rbZB5q3Fluk|181521|2304|92
2026-09-20|NEFr_qe_UeI|3572|10|0
2026-09-20|5bIl51ZgVJo|6411|153|16
2026-09-20|Zg_bJPa0mVI|14480|158|0
2026-09-20|YGzLbwPDdwI|48167|1817|65
2026-09-20|n2X-QeGZyog|520604|1727|158
2026-09-20|CxQYjBVqfN8|15349|141|35
2026-09-20|jIrHr4BVN20|1171|1|0
2026-09-20|KRiepLwAKrc|23168|91|9
2026-09-20|RrVBXZoTfLE|22|0|0
2026-09-20|lQswz-3UMHk|2062|20|0
2026-09-20|ZJcrb8m03sI|15244|217|4
2026-09-20|ip22vIidbU0|12515|45|3
2026-09-20|M4ycGgur-d4|6183|36|1
2026-09-20|yzxFEfRnCLI|20416|11|0
2026-09-20|z43-lEK0U6Q|50262|537|16
2026-09-20|XM6fafSacSE|38963|410|4
2026-09-20|sXaIx-x4Z24|111967|1508|51
2026-09-20|T2ydBkwc5XA|78999|295|13
2026-09-20|S28UmHLe-Ek|2980|26|0
2026-09-20|9lP6O3KudB0|28575|201|6
2026-09-20|nAe_pB0zK-Q|38097|207|7
2026-09-20|F18ZLr-blsw|35572|165|14
2026-09-20|EqzzVZmcyGo|39074|163|2
2026-09-20|xebIKQLqjE8|54012|197|15
2026-09-20|4pkaTep1neI|52757|206|12
2026-09-20|gfEVuYJxsLY|43560|175|8
2026-09-20|nYDNkb5nYiQ|2859|27|1
2026-09-20|dP-SYT6qnAY|68442|235|32
2026-09-20|nGJNwlQtiHE|13857|62|3
2026-09-20|pAJr0lsXaow|706|1|0
2026-09-20|v1tDQFeaL3U|53971|124|4
2026-09-20|aIygEf0pX7E|2237|33|0
2026-09-20|m5HbrB6Z0Jg|4160|33|0
2026-09-20|QlQS8hsp-FU|102952|245|36
2026-09-20|JmkHzG1_8aQ|17592|17|1
2026-09-20|VFPbvueSU8g|1700|10|1
2026-09-20|7E60E63bX_Q|122580|89|2
2026-09-20|kObkc3tqJOY|30872|331|30
2026-09-21|zmHGyUJ8Bko|108879|905|143
2026-09-21|PM9PYyNMX08|91496|354|10
2026-09-21|YHIEzhxNnmE|1876|11|0
2026-09-21|9XvjUGVBVwc|1560|10|1
2026-09-21|2M-R9KONE9E|3113|10|0
2026-09-21|ipp2WYmFJQ4|8721|206|3
2026-09-21|feYGFdXmiTc|8173|111|2
2026-09-21|_DvVMl7AQOU|248800|629|262
2026-09-21|7rrNoOctYgA|37435|329|1
2026-09-21|Z49lMut2CnY|8598|71|0
2026-09-21|ko90LrM7h44|2016|13|0
2026-09-21|XPlvGMIK8wg|14998|117|2
2026-09-21|p5Q2XqL0y_4|16509|231|4
2026-09-21|MFCYLvIz0_g|12901|29|0
2026-09-21|qejtE4RG9CQ|23728|63|30
2026-09-21|4HsK_-QQE5Y|328|38|3
2026-09-21|DcST-XbCuCI|174343|1324|1186
2026-09-21|6VOGsnwi-Jw|136222|412|95
2026-09-21|PPbnjINdqBw|307427|723|59
2026-09-21|cCCIee7YrT0|94492|281|20
2026-09-21|P1lRQfd9L2s|75265|241|30
2026-09-21|CDb5vioYlaY|34493|632|70
2026-09-21|O0wuJqTbGtQ|193811|506|28
2026-09-21|0x0ZIkiOy2w|40175|366|18
2026-09-21|vqmdVzeUNMw|22670|237|2
2026-09-21|siEy9NCxeb0|161286|375|12
2026-09-21|eojlyG1oa2s|198773|1081|63
2026-09-21|59Q-qxjBNTA|104547|202|11
2026-09-21|VEToVzEkA4U|2016|93|31
2026-09-21|gJa5ZPOIHSU|4060|23|0
2026-09-21|q0F02ghVrkI|1347|19|0
2026-09-21|bgvMfAc2UUw|18098|164|4
2026-09-21|-L1ezEDzA8A|366180|3930|347
2026-09-21|uvcpylgYDSU|753152|149802|12138
2026-09-21|9wF7zd0nBvA|151685|724|160
2026-09-21|0gY3htNKFac|16076|154|14
2026-09-21|trg0FfiHois|7046|106|6
2026-09-21|b6k3ObYS7og|81505|533|25
2026-09-21|5nR_9GozJD8|35800|413|15
2026-09-21|D3wvC2VMaIM|1486|1|0
2026-09-21|trnQ7dvE1t0|50958|586|85
2026-09-21|rrtT_Q6EH1g|1995|4|0
2026-09-21|OgT6B9BADYo|397|4|0
2026-09-21|bSP2va2xnpk|27182|112|6
2026-09-21|zs9rbbWnabE|81691|933|17
2026-09-21|rzjRZybjaKE|8014|96|0
2026-09-21|YOUTbNpoFSc|7742|44|0
2026-09-21|hU-4TTpLl3w|10432|13|1
2026-09-21|zMlYt7MVIWE|165802|1589|553
2026-09-21|_u6J6o4uJ-k|8405|49|4
2026-09-21|ZHS7EQllvXg|100229|840|669
2026-09-21|yR6A9XtnPs0|37498|127|126
2026-09-21|hN7mbVKLSsA|62914|353|232
2026-09-21|oVXwUnd5Q9A|78050|654|153
2026-09-21|wtSEtWQYM8E|231585|1758|45
2026-09-21|YvPMi2VbZjo|34024|28|0
2026-09-21|5elgntIjGu4|25176|118|1
2026-09-21|QGsRfEZtn4U|6180|70|0
2026-09-21|cELasRZeCiA|52376|526|31
2026-09-21|gRk7VLMEd88|318859|754|127
2026-09-21|6IkBRIBvqYM|1427|17|1
2026-09-21|MZdKVlFz62U|5691|53|0
2026-09-21|-ysZGtUoeU0|31392|122|13
2026-09-21|1eBcHqNsU_I|17986|65|10
2026-09-21|emZHAPV7NZk|56477|162|54
2026-09-21|bhTTvROClP8|23107|112|16
2026-09-21|Yt1cBf1Bf48|24133|94|11
2026-09-21|PbqZ9vt-2wQ|37623|171|14
2026-09-21|acrxjcS5ksw|32692|128|28
2026-09-21|KbYf5TaBRzE|115478|603|87
2026-09-21|YS-wGw2r6jo|8601|70|0
2026-09-21|K2Y9rpvvDmg|6|0|0
2026-09-21|7faUUqjnLRU|1529|18|0
2026-09-21|J_Ig46zoDVE|1049|8|0
2026-09-21|O8Xyy-KEOw4|241018|739|32
2026-09-21|6tPZf1mEUhc|1432|26|2
2026-09-21|w47WLVT7Utk|2078|36|3
2026-09-21|O8eozdRYGPU|1148|12|0
2026-09-21|YuYmr8wZkFY|901|18|0
2026-09-21|B-uU51xCD4Q|5328|51|0
2026-09-21|EzsrgKzqUqw|17801|20|3
2026-09-21|WxpMRo81h9o|2422|24|1
2026-09-21|HVIn8XyPbZg|30887|125|4
2026-09-21|VZcwPfEa2ls|1199|23|0
2026-09-21|TNGdktR_E9I|58073|287|10
2026-09-21|d5JqZxXGVJ8|2440|43|2
2026-09-21|MOdmOgKLApY|10|0|0
2026-09-21|vEwAUc1VqL8|21778|97|32
2026-09-21|aQBdr7tWiTk|1432|0|0
2026-09-21|OGOgS3hpbz4|1360|0|0
2026-09-21|uGttLeDs7eU|13064|102|69
2026-09-21|R1dosdJlnCI|962508|4878|107
2026-09-21|nRjOO8SbrMs|2682|6|0
2026-09-21|iyF6lixZhyU|11204|32|4
2026-09-21|Ents4zpbgmk|81|0|0
2026-09-21|Dy0nLdE1HB8|46769|168|18
2026-09-21|SufTEG9VHTo|488382|2510|291
2026-09-21|Qw2iuXhhYvM|105061|340|56
2026-09-21|Oh_oWMRxJCQ|64822|289|29
2026-09-21|z3Ahmc020rk|34009|131|22
2026-09-21|EUFMXKZ0mQs|63095|243|27
2026-09-21|FcfJk-1YlcA|1176|5|0
2026-09-21|eCwr3Wj4_hg|28996|128|28
2026-09-21|pbb9CNXnW3M|478|0|0
2026-09-21|alPwrAXZdfY|1263|20|0
2026-09-21|c8Tet05wTbo|9|0|0
2026-09-21|lAC16drDKKQ|1080750|3474|354
2026-09-21|RxCRG3FDJuU|2189|21|1
2026-09-21|A0xPLoJilB8|47285|156|11
2026-09-21|9KWiMOLqpBs|176598|966|11
2026-09-21|QVt8epfNxbI|5845|47|0
2026-09-21|YkiX0NR0_uw|298|0|0
2026-09-21|n7rktQvsK1M|8435|50|1
2026-09-21|LEKlxX385m0|139363|651|8
2026-09-21|yECDMZJqqhg|4812|37|0
2026-09-21|tsRPpGVmRi4|8239|14|0
2026-09-21|quuNvc0__qc|26288|179|1
2026-09-21|rsmoIsRLOgo|8179|32|0
2026-09-21|kS4magpMnnY|4991|33|0
2026-09-21|s3BIHLakSpM|29055|15|0
2026-09-21|ia2jmMeNGLE|18648|197|18
2026-09-21|LjTXDI-9sw8|45131|65|0
2026-09-21|73DF6Z6dAYo|22792|41|34
2026-09-21|lokY-ycpH7c|360293|816|50
2026-09-21|6vujmmlCWOA|181514|2198|123
2026-09-21|8iyvOdyHW8s|18022|101|69
2026-09-21|n5TH5TICs2Q|153019|391|110
2026-09-21|rozy7-MtfVU|268953|877|30
2026-09-21|6W1TR9w2BE4|18887|43|6
2026-09-21|anocmDXLlIY|162274|1943|141
2026-09-21|-J83elSvWNE|5110|51|1
2026-09-21|_AIE3pBgzUA|163317|882|15
2026-09-21|MZa2QqIdr1U|118462|828|228
2026-09-21|DFJTeQvp05M|102760|581|7
2026-09-21|qoy_PSQ5oCs|44597|285|4
2026-09-21|T9Un9P61KaI|1790|18|0
2026-09-21|NS0O9ilsIYk|5516|18|0
2026-09-21|HtgxW1GOy9k|25874|162|3
2026-09-21|vVJMGGxhOjo|8870|28|1
2026-09-21|JGeTgGMONOQ|1390|21|1
2026-09-21|MazrywC5DiY|16116|343|2
2026-09-21|D2c1J5oMP5E|19396|60|5
2026-09-21|X3lwPsfpVlA|73343|326|11
2026-09-21|jk0eUFNxF3w|117932|588|0
2026-09-21|qZT5eUgVQv8|3818|35|0
2026-09-21|OUC675XZJVA|137773|311|14
2026-09-21|aX8jyuIoZfQ|4674|23|0
2026-09-21|N1zaA407Qy0|28261|63|3
2026-09-21|ryAzSC6irkU|22413|164|4
2026-09-21|ezRoEK2ttw0|3453701|32102|1991
2026-09-21|mxVmBKuqEmA|22153|116|2
2026-09-21|QrHPsUiJILQ|233318|1690|38
2026-09-21|O2MlWkpe5_Q|53025|153|10
2026-09-21|ldQE4WWFZ9Q|77353|377|45
2026-09-21|fD07gcGTy6g|82836|407|7
2026-09-21|0zmuB7W-nW0|20265|134|1
2026-09-21|vXjt4R9aYOM|412258|871|37
2026-09-21|X35K6yI0Wpc|334570|2830|58
2026-09-21|uUW2uyyWzdY|1227313|1848|191
2026-09-21|NQJjtdMlI3U|78304|280|33
2026-09-21|MtCIEhoxkUU|6037|60|7
2026-09-21|7Y14e-mEopw|19289|233|3
2026-09-21|bgfX4HXTd4w|126659|421|56
2026-09-21|YFbCgHojt4M|129211|533|123
2026-09-21|Vz4PQM-frk0|4691|102|1
2026-09-21|KqG3-vTGrEw|89581|502|60
2026-09-21|0LEUD19OdYs|74012|221|27
2026-09-21|XI32Aza-cvw|70622|313|43
2026-09-21|-epcwqap7Wk|3010|15|0
2026-09-21|B7RBS6tKzbI|176969|458|43
2026-09-21|Injpq84UZ74|1343|0|0
2026-09-21|4hjeNRCRKGQ|19|0|0
2026-09-21|qZy47wH9jFg|94|0|0
2026-09-21|P5znuzaAfeY|146|0|0
2026-09-21|l7dwFrVFosA|48|0|0
2026-09-21|z9hj7ggJ-Xw|358367|3789|215
2026-09-21|yWJRTxpP52M|462533|4494|615
2026-09-21|TBsCN6N0_0Q|2963|31|1
2026-09-21|z0ihuKDvr4U|1003160|4034|1426
2026-09-21|i7LbkR4Iggk|31490|238|2
2026-09-21|Tnz2aUEziR0|15169|189|14
2026-09-21|Mozzg8YS2vg|114101|421|43
2026-09-21|3xTet9NRY2c|46886|414|4
2026-09-21|Xh7Cd-TNRuE|33421|174|66
2026-09-21|qYr-XUP-d5A|5775|16|1
2026-09-21|3IZ3OudNPP8|9842|146|2
2026-09-21|Jint7t-Mb54|68065|96|14
2026-09-21|DGV8bhCUqFM|80469|379|23
2026-09-21|JRFzrY0UfSU|280|1|0
2026-09-21|nf2alxq8T_Q|17601|228|2
2026-09-21|oz_y8sQaFSg|33332|322|4
2026-09-21|tQbewRXkdzk|32415|103|18
2026-09-21|CTjCAAOgHgI|46166|111|24
2026-09-21|FDTR_2blPdo|132678|544|55
2026-09-21|B8o4Lk8-ir0|50405|186|7
2026-09-21|yDPmrAXiYbc|44310|283|6
2026-09-21|NsRkW1-pbmE|64519|148|16
2026-09-21|sVbotLFsSQo|26981|292|18
2026-09-21|_1XyQrC5WeA|47204|381|17
2026-09-21|6BRKN4RVuWk|24994|259|25
2026-09-21|BREp4MmGbsQ|8407|147|4
2026-09-21|ooJP6-l_QOs|399445|9868|615
2026-09-21|0XzYFNHUM58|131295|361|57
2026-09-21|QnM9NeEbIJQ|12194|122|5
2026-09-21|NBQRRj8Zx38|68386|439|9
2026-09-21|fz0XGow1Ax4|76240|286|360
2026-09-21|KScreXt5yuE|4|1|1
2026-09-21|RBbaKKC6qYE|268439|1263|170
2026-09-21|4bk7O4ToXro|167711|568|45
2026-09-21|0m3laxamSlk|117773|309|39
2026-09-21|teYRZqiNH-A|139688|471|83
2026-09-21|JkVQZaKcHxA|15459|218|8
2026-09-21|y7aSnxatYP4|85324|445|35
2026-09-21|UNt9_KQ3GFI|63581|157|9
2026-09-21|KMHh013i818|45981|207|189
2026-09-21|tZwguHBR9Zo|608560|1050|39
2026-09-21|h2k-_VcLbbk|180944|551|30
2026-09-21|UZokCFeZ7D0|17444|105|12
2026-09-21|pFqNQGqSaUU|85916|343|40
2026-09-21|ck4KesysqPw|43148|162|24
2026-09-21|DDKQM8WSqfU|7548|60|2
2026-09-21|gGztXdfSPmA|917925|1771|115
2026-09-21|XrRYbkAiQ6c|12168|72|2
2026-09-21|FWCVX1URRsU|9019|59|4
2026-09-21|GnforEH-lng|40485|350|9
2026-09-21|gpPpe3_QB6Q|104|0|0
2026-09-21|2rQCTmVEvuk|161228|895|43
2026-09-21|4fAz_nQt_EM|15137|21|2
2026-09-21|clgV6m818mc|3370|38|2
2026-09-21|NdFa-cpEgAs|21045|42|3
2026-09-21|lElhgaOmAxw|201750|1833|235
2026-09-21|zL52VmTpmCs|8062|56|0
2026-09-21|gKuZc70qOTY|42818|83|24
2026-09-21|bZjwRZ0d69U|204430|1977|61
2026-09-21|-B3xWzMh3pQ|39062|485|5
2026-09-21|MEEE74I8m20|4605|86|1
2026-09-21|V8OzjDP37ds|6608|18|4
2026-09-21|0aTeYI4G8Go|8544|32|9
2026-09-21|hsg1uwri690|99735|790|34
2026-09-21|Px1VSED-1nk|20441|33|3
2026-09-21|MQ1L9z9CO-s|13293|18|4
2026-09-21|W4KReV8Tv20|189374|3202|425
2026-09-21|43lPZ9oitBc|29266|215|4
2026-09-21|MUz7PkoYDsk|7131|178|5
2026-09-21|UcokQVSRDWM|249796|1108|67
2026-09-21|YaolRzI8yg0|90420|376|35
2026-09-21|w2j1ArDD2gU|363907|747|173
2026-09-21|WfPeKkKetSY|1246|2|0
2026-09-21|FCLXhrYtOis|53890|165|50
2026-09-21|iRUQPuBHdTI|1316|11|0
2026-09-21|QSzy5uCKCUo|29994|111|13
2026-09-21|W1g_oR5TNFE|44742|109|2
2026-09-21|r7Lgzkc-wjk|944927|3575|47
2026-09-21|AV7RLRZ2WlY|156858|767|8
2026-09-21|WTGdClpskM4|468054|4988|68
2026-09-21|_ypY6Cqi9hQ|358847|1859|29
2026-09-21|844376ykg2M|428942|655|21
2026-09-21|mGc4nfc8mGA|572108|1047|3
2026-09-21|HQbQTGFr2kE|21308|161|4
2026-09-21|GY9JUvnyD8Q|20747|25|3
2026-09-21|2_nQ1VR7stM|13860|17|2
2026-09-21|kiGf4lXX6gM|97005|223|18
2026-09-21|91-5sseDvss|2268|8|0
2026-09-21|wAK1Jt_s11s|18803|11|0
2026-09-21|2UwGFywmvS0|149810|357|51
2026-09-21|n8-vhhXY9lk|361673|831|109
2026-09-21|9BMtyA7t02Y|9327|40|1
2026-09-21|MY47A97X5r0|14747|90|2
2026-09-21|Yt-euLS8n3E|3627|17|0
2026-09-21|jADHpoC7tqU|13389|8|0
2026-09-21|ulKhg4G89Ss|10448|7|0
2026-09-21|-3_VdvIheMY|4525|35|1
2026-09-21|TTJeSSoMDl8|9668|61|1
2026-09-21|nxZZ61MfmN4|24376|180|3
2026-09-21|y3SUZvpeBPU|13285|19|1
2026-09-21|0Sy2UqnqHAI|17652|34|0
2026-09-21|0B8wJL84ukY|28552|200|4
2026-09-21|gER4ZbLZPAk|17426|18|1
2026-09-21|vrTpO80cXR0|20646|154|1
2026-09-21|G_XFfy0WxtU|13798|30|1
2026-09-21|QfOK3EKFiAg|17330|75|7
2026-09-21|aD83D7fs7nc|280623|1268|131
2026-09-21|DWZnD9DBePQ|127044|666|73
2026-09-21|Hb6BfN7Beak|86994|223|30
2026-09-21|gwFkLJq8xg0|106800|288|12
2026-09-21|8GbiTcQONsQ|57885|145|17
2026-09-21|6OWWQjooIIM|311|6|0
2026-09-21|zapD6PxET5M|18358|78|5
2026-09-21|20mfaxBfNzA|15366|99|1
2026-09-21|Iaj7MihUDdY|46195|177|15
2026-09-21|rnGiujAcejk|34752|156|5
2026-09-21|BBlQv95dJ9c|40947|147|7
2026-09-21|ANYSfcRAgUc|63357|228|4
2026-09-21|-W1Z3QiflHg|34109|144|12
2026-09-21|cdPXdyk55HE|40934|459|10
2026-09-21|nOljTFXyPXg|28942|227|13
2026-09-21|c8F3wSg_MUM|12481|17|3
2026-09-21|XupQXj4OtME|3247|87|1
2026-09-21|XrDS2zt4X00|427642|1219|29
2026-09-21|rj6b6Mlu37I|27387|255|5
2026-09-21|8TB684QphLo|43|0|0
2026-09-21|waIiNz2Dx5k|75262|331|9
2026-09-21|CafP7V7Pc9U|238655|469|33
2026-09-21|jlKVOh0kPqc|10619|61|1
2026-09-21|HrquZTXM4PE|2009|21|2
2026-09-21|_4vTTWUpr0M|1646084|3823|881
2026-09-21|Y7eYBYxI6II|4586|11|2
2026-09-21|NDc1Fl_4lCM|14976|20|1
2026-09-21|z70g_N396fo|91777|693|156
2026-09-21|RnetBTnYzEY|599020|1806|836
2026-09-21|sLGRbyuC-j4|46347|618|4
2026-09-21|hPTAB8LzUac|1472|12|4
2026-09-21|5MmzkVQT7Ho|23276|199|4
2026-09-21|cA8FuCa2cIM|49532|165|568
2026-09-21|jAX73nwzdO4|10669|133|2
2026-09-21|xQqK1Ap5n7Y|29364|84|0
2026-09-21|E1unq_eRQHc|16269|67|0
2026-09-21|AbzdXXkiDTI|13870|55|0
2026-09-21|cgN_rK-mVNk|41030|396|13
2026-09-21|Gzg2Yq_XnH8|1629|6|0
2026-09-21|1sWs-YbM5JY|46926|305|11
2026-09-21|mTF0jISpcg0|88466|699|167
2026-09-21|2ShNjCecDlQ|1196|0|0
2026-09-21|obPmp7SQp-M|42|0|1
2026-09-21|BRb8m7isr_k|10|0|0
2026-09-21|KYG51RX5VYY|254339|1030|17
2026-09-21|lnwBmPbodHQ|13301|117|9
2026-09-21|7Qc2-nuRCrA|2683|19|4
2026-09-21|ZGKXjUokxBc|1725|7|0
2026-09-21|fx9UNcijMJs|4140|33|16
2026-09-21|AQD1mj-3fGs|27613|74|3
2026-09-21|_CqsF1phi-0|388882|656|36
2026-09-21|W2VuOhVL_Eo|389162|571|25
2026-09-21|fJKahgCDs_E|5019|79|7
2026-09-21|eN9Z-Lb38cQ|2659|28|0
2026-09-21|uKMTFZTZSD4|352636|574|19
2026-09-21|cYvDbSiaP9w|33776|239|2
2026-09-21|EdCgqgrDd_s|17008|73|67
2026-09-21|pj7TdVueFSo|197138|17|2
2026-09-21|SZDTpRZZ84o|78982|24|3
2026-09-21|TX-12pF48ko|1532|14|0
2026-09-21|dgZhjs4EuLk|493265|1078|34
2026-09-21|Uozv-9RxmG0|109|0|0
2026-09-21|SWBsT38wjEs|82|0|0
2026-09-21|UezMftS_u5Q|209368|2354|53
2026-09-21|BceUZUpVs6o|42122|389|0
2026-09-21|3-w8ynPOQRA|225339|883|9
2026-09-21|EmZ3NtOF2GQ|280609|612|241
2026-09-21|IvcB5C3fCmo|36161|177|9
2026-09-21|mKjKe70jsBs|9547|31|0
2026-09-21|ddPyXVODv5I|6210|18|0
2026-09-21|LDQVOyUsBZs|28792|132|7
2026-09-21|Azq1agLnAi0|26043|132|8
2026-09-21|9qQbUQ6xVAw|10029|25|1
2026-09-21|VTeptHauZvY|6702|27|0
2026-09-21|SGgGaRpt5bw|6304|28|0
2026-09-21|unRqrRGF3Vk|4021|38|6
2026-09-21|uaQbE-ufEtQ|11777|162|2
2026-09-21|N53X4PQnptw|2938|61|1
2026-09-21|pGbLJGM4IRg|2006|26|1
2026-09-21|VcyI9LSpQoQ|4673|29|3
2026-09-21|fhJpS1DJJNY|9626|48|1
2026-09-21|BENUwXEy37Q|18556|34|2
2026-09-21|Zv7VzmITwH4|8533|5|1
2026-09-21|lymvGtnlopY|8671|38|0
2026-09-21|Oo6HK7UHOVE|50678|145|14
2026-09-21|faSPpACV358|23823|62|1
2026-09-21|V0G5AgwtmB0|3497|37|0
2026-09-21|jETAmZfPze4|4488|28|0
2026-09-21|h9sIHBev_Oo|109257|205|13
2026-09-21|14kUSoO7zec|10267|48|1
2026-09-21|nQfiqkgRLZc|22414|108|7
2026-09-21|mSTdONshq8U|31585|181|11
2026-09-21|lFyn4J5dcdw|19860|96|7
2026-09-21|Cma-vNqaKhw|30068|550|13
2026-09-21|gFp8Vs5_SjE|681958|5851|229
2026-09-21|EO3hyzzuIYo|257078|3048|82
2026-09-21|vu8dsj0RrLI|428977|2306|101
2026-09-21|UYvoslzq8y4|194648|1282|26
2026-09-21|XY0FdOoy13A|368362|4863|1326
2026-09-21|1L_YY5ZoztM|272849|2871|565
2026-09-21|xmX6hh4FN6Y|4371|16|5
2026-09-21|_HF4FV4-HaQ|1021369|5906|70
2026-09-21|57OiO0pS8iU|30194|141|1
2026-09-21|lhSgLEF98KM|164033|1430|63
2026-09-21|XsZ_XSfG8_0|240515|1660|23
2026-09-21|4Ze0LaTCOzI|332800|1359|59
2026-09-21|j6NZWtqzaWA|31150|175|3
2026-09-21|ahl5hbcXTLQ|79972|317|0
2026-09-21|kz7vOKHvNoo|96784|453|13
2026-09-21|VkI39Lrz5Gw|2040|8|0
2026-09-21|cPwT97Lltr0|11760|114|1
2026-09-21|ebiUkUdVRRc|557200|2401|65
2026-09-21|0usAknw2wFQ|16428|174|2
2026-09-21|MolkLlcw1hU|30385|145|10
2026-09-21|sRLOtuUfmvU|18389|129|1
2026-09-21|ZLM4u_A6BL0|34491|192|0
2026-09-21|IgyU7Ttv1jQ|413766|3573|112
2026-09-21|NrOI23ITdeM|669840|5289|160
2026-09-21|NEv9tdAk06Q|83088|244|15
2026-09-21|h9z2KxrCJXo|63928|210|15
2026-09-21|r4PZ-9q6Zgw|50237|179|31
2026-09-21|RV8Gl6X2UjE|23395|122|5
2026-09-21|CNpGIrrmx18|231057|1739|406
2026-09-21|1gwqq3sTq6w|21969|160|5
2026-09-21|fTgG9oo3jJI|50581|210|7
2026-09-21|HxodLQI8DQE|41308|220|11
2026-09-21|jJwTV5HKmlg|90853|296|10
2026-09-21|wonAd6JGops|93554|368|42
2026-09-21|dZPVmnEYFNI|137014|385|15
2026-09-21|T4_jY2CAqJY|27304|197|3
2026-09-21|ry0ZuFRw6Dk|28486|341|8
2026-09-21|_gsZIplf8G0|15043|318|10
2026-09-21|7tEA55K-9CM|7149|21|0
2026-09-21|WMdMCW1yl9s|1924|8|1
2026-09-21|gYB5I1xf9S8|75752|25|2
2026-09-21|hdvGBhO6oaU|74057|31|0
2026-09-21|MEOex1PLfgQ|68610|20|0
2026-09-21|Xv9T60z0UX8|81531|42|7
2026-09-21|DcMaPEFQSJU|87597|25|0
2026-09-21|4ao2nxLsP3c|113046|31|0
2026-09-21|6Yjy7YFFfC4|82979|28|0
2026-09-21|iqCYQv5-nmk|6000|13|0
2026-09-21|cJUMdxtNoEw|593448|4220|255
2026-09-21|uPxiKZou-uk|62852|302|356
2026-09-21|WNqMXaAIyC8|55|0|0
2026-09-21|P6gdmhAhjNY|109315|1024|15
2026-09-21|wQC2PEDVPyw|500396|2932|287
2026-09-21|Ded0ugttqNg|1065700|4223|301
2026-09-21|dds8OArPk4M|217445|1418|48
2026-09-21|k03TVsMLMic|280403|1715|48
2026-09-21|nrKo4m1Kst0|473708|5697|338
2026-09-21|EwIMxvJytnw|388327|1938|30
2026-09-21|4RSJa_biF6Y|276853|1707|376
2026-09-21|lEaEMJSnZL8|736234|3460|362
2026-09-21|17PP7nKfkm0|595547|3714|218
2026-09-21|DxdbhwZMcjU|72873|297|19
2026-09-21|BKX4VQT8Mkc|5951|98|2
2026-09-21|NaeczpuuruI|11230|194|0
2026-09-21|pCroOYGCjII|91971|20|0
2026-09-21|fALG1pQ_pm8|93133|41|4
2026-09-21|W_h_W0n6a-E|87986|37|0
2026-09-21|x23PkYIlQqE|82010|17|2
2026-09-21|M5DupoonqGo|66033|1129|58
2026-09-21|cYMTSCgTPWo|369732|877|732
2026-09-21|Hp14WGEtX6w|100|0|0
2026-09-21|i9T7vIvvxMo|12119|54|1
2026-09-21|kEbdXUZJ_2c|156|0|1
2026-09-21|04_CKUwbAqU|44591|157|29
2026-09-21|7Cq_3gg2GvQ|11310|138|16
2026-09-21|6y7Y8jEcmrQ|269659|900|36
2026-09-21|1wVOKEAygrE|197155|438|3
2026-09-21|X9WG3g-sH5A|63743|255|2
2026-09-21|g1iIeHaxgcI|68916|456|55
2026-09-21|gBNxSq4GJi8|560859|5102|160
2026-09-21|9464APy6ZFo|8|0|0
2026-09-21|v7sfQ90al90|385050|5263|558
2026-09-21|SRjTyMtBV54|577413|982|197
2026-09-21|_vF-5FoYCxo|25645|238|3
2026-09-21|Fv1GB6Z_tvY|64951|592|12
2026-09-21|FpVzQFPf4qA|475882|1276|718
2026-09-21|zqrBKgC5Vz0|176739|2324|149
2026-09-21|U6M8XZwGMkA|28959|199|4
2026-09-21|Sc_7-nnZpmI|72540|636|37
2026-09-21|chQBMv4Iupw|93992|1659|85
2026-09-21|vj1XfGAbdlc|31011|235|1
2026-09-21|5bIl51ZgVJo|6566|157|16
2026-09-21|rbZB5q3Fluk|182628|2331|92
2026-09-21|UqhxVIGt_h0|180938|664|202
2026-09-21|Mc8iXx5M1Sc|205427|949|27
2026-09-21|YhAXTPrsPMM|234477|708|94
2026-09-21|Lfi6uqHglkQ|55351|912|49
2026-09-21|B4gXLcro4ws|244351|4524|316
2026-09-21|KOGpmFlbvfg|1556|17|0
2026-09-21|2uePuJ18I-U|537|0|8
2026-09-21|t9I7Tz0W4fI|25839|316|7
2026-09-21|B7K8V-cNTG4|22732|57|0
2026-09-21|ddhd-S8BY3k|223961|896|168
2026-09-21|e03Dgo1B6DI|6314383|8368|1658
2026-09-21|WPzuijWIULM|16631|147|1
2026-09-21|j1WV-wHonZA|2038|20|0
2026-09-21|YGzLbwPDdwI|57980|2421|66
2026-09-21|tKr42NL1iPA|1455|25|0
2026-09-21|edVetDN_zjc|33404|141|1
2026-09-21|6wFQB2i6NuM|14124|180|6
2026-09-21|xKg6DPz92-w|422283|2408|154
2026-09-21|jIrHr4BVN20|1144|1|0
2026-09-21|tLbCtCHaY6k|34662|542|7
2026-09-21|K0Gf6eQaOSQ|127950|563|9
2026-09-21|r7als387hGY|15037|283|9
2026-09-21|YeDxNqZk1hU|243293|761|534
2026-09-21|LIdd2yAsnkM|85978|279|1
2026-09-21|L5k8NxFZDeE|19923|38|2
2026-09-21|QaULZYVv7gY|315425|1300|111
2026-09-21|aFto5hhOw40|18289|55|0
2026-09-21|KDoOag_2yK8|45288|175|5
2026-09-21|vyudaxDHJOg|77259|226|9
2026-09-21|L1pDj9FjCy4|31651|169|4
2026-09-21|7BEA1I9aS3I|54734|211|34
2026-09-22|qkHUxIte4BE|3225|38|1
2026-09-22|huZhhNw9Ves|13324|39|1
2026-09-22|-35VEGT6v38|1659|11|2
2026-09-22|4tw4nPrNS4Y|3031|16|0
2026-09-22|QGwfBuRvn8Q|1826|15|1
2026-09-22|UizHbzxbgdg|4015|23|0
2026-09-22|dqNzG_RkliM|3950|20|0
2026-09-22|nfQi928x280|7182|34|0
2026-09-22|Rp7o2PLpigc|4133|36|3
2026-09-22|5xCSSGvW_uQ|7580|49|1
2026-09-22|3RSMna4opU0|2584|4|0
2026-09-22|abZIMDU65OM|1140|8|0
2026-09-22|PNtSnXekN2Y|3808|16|0
2026-09-22|GuTqOhk7ONk|2350|12|0
2026-09-22|sFCydkVAosE|11215|59|2
2026-09-22|n0VfVeIOYwU|1305|76|5
2026-09-22|tUa2h-tcTXc|68404|677|76
2026-09-22|Pr3Ls3co27s|3744|31|1
2026-09-22|_3Ao7hnC1O0|8565|15|5
2026-09-22|jT6wCyQlyPI|5113|70|0
2026-09-22|hBJl0HBVatY|7482|156|12
2026-09-22|TE8GJoyI3o8|220|15|0
2026-09-22|uCDHn52Da-Q|182175|649|594
2026-09-22|-e85csGrmj4|90030|287|69
2026-09-22|GAWsCgI48jg|55407|159|9
2026-09-22|ZF4_ZsJYIcg|14548|121|5
2026-09-22|nFbVfY07c3s|3082|39|0
2026-09-22|Y4E0fsAB_Us|3136|40|0
2026-09-22|xqy0U2fLjpI|1942|18|0
2026-09-22|WXfB28CNU9c|84|6|0
2026-09-22|zkoc-X6pmjI|1164|3|0
2026-09-22|x8ymIrfZXTo|6585|48|5
2026-09-22|nAaCJH1DBvM|66663|11|4
2026-09-22|WHLl2QyGCIw|3119|48|1
2026-09-22|TGQ3wO6covk|686|3|0
2026-09-22|1A_sqHFxEUg|748|1|0
2026-09-22|69P2Wx14-yE|503|1|0
2026-09-22|ykIp0oEj8vE|653|1|0
2026-09-22|a65hCCEOvkc|4110|42|1
2026-09-22|NB5aRd7jBR8|156891|405|62
2026-09-22|IFqJFHV0rok|24400|267|13
2026-09-22|jea0-hC0XiI|12491|62|0
2026-09-22|Ad955WsTqNY|18919|264|2
2026-09-22|yEQwO7cQT3s|17240|74|0
2026-09-22|OGv2pefRfsI|514280|2928|145
2026-09-22|ygc10Av0gIc|380440|1041|21
2026-09-22|Lu80utRkOsY|533852|1745|157
2026-09-22|cNrosDkJ6NU|10486|53|2
2026-09-22|6MwkLYWoeS0|146615|577|78
2026-09-22|bKo9A8JuXcs|87670|557|49
2026-09-22|qqbeB0FgFek|4261|35|0
2026-09-22|kOuBBjZnCQE|16|1|0
2026-09-22|p6v30GmHp2E|13932|77|16
2026-09-22|AMq7TcWIvmE|549565|1938|250
2026-09-22|zX6gOnw1hgQ|324570|3201|335
2026-09-22|dvXjPlWYZTg|31581|65|10
2026-09-22|H9ehDMGlucc|44741|128|5
2026-09-22|1s5OD2Y6yPs|17360|36|6
2026-09-22|3tL28ltzC_A|32563|242|10
2026-09-22|Y9334x8lYVA|9870|42|0
2026-09-22|AiJdbrw0ihg|60125|1302|79
2026-09-22|PsdQ-PCVY74|72253|194|1
2026-09-22|uQ5ii1EZO3k|147637|1311|118
2026-09-22|81tw4OLtYOA|1155534|9228|5260
2026-09-22|EQFXa1yVC98|55065|651|74
2026-09-22|jDmHA_wULfA|502240|2210|439
2026-09-22|UskjeMssPAY|793|6|0
2026-09-22|QXrSefbc2lA|7382|18|6
2026-09-22|etZIHcjaH8k|11210|64|0
2026-09-22|GueNJq_j5lg|147229|1673|7
2026-09-22|15XNR-oAMiQ|22425|119|1
2026-09-22|eOZuwLbhvi8|143477|401|4
2026-09-22|UwrxVpgYgzk|117790|157|1
2026-09-22|q6_lfEmLAJA|31920|248|8
2026-09-22|16buiT4DK1I|1238|28|3
2026-09-22|vx7D1MpTdVU|4140|84|0
2026-09-22|g-3xD03cu8g|41992|138|2
2026-09-22|-nI8TXBPfmc|26142|227|1
2026-09-22|z6knuZM9OGg|22145|433|21
2026-09-22|zNBcuIjCMFs|366|8|5
2026-09-22|T9Z8eSUycso|33962|87|6
2026-09-22|gKaPsv138Bk|48|0|0
2026-09-22|3An5pGsUWG8|13278|12|2
2026-09-22|V8Vwr0nId4E|15771|69|6
2026-09-22|A_VefY6zRDI|46486|133|11
2026-09-22|tuFe7b7jajU|1120|19|0
2026-09-22|CPBMJAdqU2E|3353|68|0
2026-09-22|vpt1qciSERQ|9398|136|5
2026-09-22|QBUrKla0DYo|914|6|2
2026-09-22|vnb0TewNtEw|3788|27|1
2026-09-22|J_Zg8EguRKs|2164|15|3
2026-09-22|S3Lt5lyUBX4|1020|9|1
2026-09-22|G599cUVhOC4|1006|2|1
2026-09-22|A4X4tygMleQ|1819|5|1
2026-09-22|qiXVQKp649k|1300|12|2
2026-09-22|tAgvyNK_WO0|3331|19|2
2026-09-22|Nj8s9Miw7AA|1620|5|1
2026-09-22|KZX-mzNv1B0|1988|55|6
2026-09-22|K1nv2BQmcuE|11833|16|0
2026-09-22|sPRyyej_VLs|7777|4|0
2026-09-22|m5A-no2y5rw|15126|131|1
2026-09-22|hJ5E6eHJO0Q|17797|183|10
2026-09-22|ACWcmFdoooI|65987|677|85
2026-09-22|63Q7D-94C60|5|0|0
2026-09-22|ggjS80smeQQ|3207|25|1
2026-09-22|_LQ5DFu-bTM|55657|229|4
2026-09-22|zs9rbbWnabE|125458|1402|20
2026-09-22|B-uU51xCD4Q|11591|70|1
2026-09-22|YuYmr8wZkFY|1711|21|1
2026-09-22|O8eozdRYGPU|2005|12|1
2026-09-22|FcfJk-1YlcA|1176|5|0
2026-09-22|bhTTvROClP8|38171|138|18
2026-09-22|p5Q2XqL0y_4|17848|241|4
2026-09-22|SufTEG9VHTo|604045|2897|319
2026-09-22|PM9PYyNMX08|97831|381|10
2026-09-22|zMlYt7MVIWE|167600|1619|559
2026-09-22|w47WLVT7Utk|3307|40|4
2026-09-22|XPlvGMIK8wg|15012|118|2
2026-09-22|9wF7zd0nBvA|198537|874|172
2026-09-22|uGttLeDs7eU|13304|103|73
2026-09-22|-L1ezEDzA8A|416669|4418|386
2026-09-22|MZdKVlFz62U|34022|177|1
2026-09-22|emZHAPV7NZk|108042|258|81
2026-09-22|bSP2va2xnpk|36464|139|8
2026-09-22|nRjOO8SbrMs|2510|6|0
2026-09-22|OgT6B9BADYo|456|5|0
2026-09-22|1eBcHqNsU_I|27124|83|14
2026-09-22|WxpMRo81h9o|4533|32|2
2026-09-22|J_Ig46zoDVE|117083|661|1
2026-09-22|YOUTbNpoFSc|10497|59|1
2026-09-22|Yt1cBf1Bf48|47385|123|12
2026-09-22|bgvMfAc2UUw|21613|176|4
2026-09-22|hU-4TTpLl3w|12070|20|4
2026-09-22|K2Y9rpvvDmg|18|0|0
2026-09-22|MFCYLvIz0_g|15116|38|2
2026-09-22|MOdmOgKLApY|148|0|0
2026-09-22|c8Tet05wTbo|21|0|0
2026-09-22|pbb9CNXnW3M|1194|0|0
2026-09-22|OGOgS3hpbz4|1516|0|0
2026-09-22|qejtE4RG9CQ|36454|85|53
2026-09-22|Ents4zpbgmk|163|0|0
2026-09-22|ko90LrM7h44|10003|70|0
2026-09-22|VZcwPfEa2ls|2120|25|1
2026-09-22|aQBdr7tWiTk|1761|0|0
2026-09-22|TNGdktR_E9I|140199|498|26
2026-09-22|HVIn8XyPbZg|80170|252|7
2026-09-22|O8Xyy-KEOw4|618904|1355|57
2026-09-22|d5JqZxXGVJ8|4591|56|3
2026-09-22|EzsrgKzqUqw|21215|23|3
2026-09-22|-ysZGtUoeU0|54988|160|14
2026-09-22|PbqZ9vt-2wQ|47994|199|15
2026-09-22|rrtT_Q6EH1g|2121|4|0
2026-09-22|acrxjcS5ksw|42404|139|36
2026-09-22|eojlyG1oa2s|198731|1102|64
2026-09-22|siEy9NCxeb0|160167|375|12
2026-09-22|D3wvC2VMaIM|1566|1|0
2026-09-22|0x0ZIkiOy2w|42103|381|18
2026-09-22|O0wuJqTbGtQ|186582|509|28
2026-09-22|CDb5vioYlaY|35362|652|71
2026-09-22|P1lRQfd9L2s|76279|241|30
2026-09-22|cCCIee7YrT0|98369|290|20
2026-09-22|ZHS7EQllvXg|124358|923|756
2026-09-22|yR6A9XtnPs0|44163|137|140
2026-09-22|zmHGyUJ8Bko|127082|1004|162
2026-09-22|hN7mbVKLSsA|72809|403|257
2026-09-22|oVXwUnd5Q9A|89886|750|166
2026-09-22|PPbnjINdqBw|324843|727|60
2026-09-22|6IkBRIBvqYM|2161|22|1
2026-09-22|6VOGsnwi-Jw|148785|442|101
2026-09-22|rzjRZybjaKE|10669|117|0
2026-09-22|feYGFdXmiTc|11007|145|3
2026-09-22|QGsRfEZtn4U|19222|112|0
2026-09-22|5elgntIjGu4|30056|138|1
2026-09-22|YvPMi2VbZjo|34201|30|0
2026-09-22|wtSEtWQYM8E|277980|2317|56
2026-09-22|4HsK_-QQE5Y|173185|765|36
2026-09-22|VEToVzEkA4U|495557|2466|635
2026-09-22|YHIEzhxNnmE|2313|10|0
2026-09-22|9XvjUGVBVwc|1802|11|1
2026-09-22|2M-R9KONE9E|3862|12|0
2026-09-22|ipp2WYmFJQ4|11747|273|7
2026-09-22|q0F02ghVrkI|3057|36|0
2026-09-22|vqmdVzeUNMw|29884|295|2
2026-09-22|6tPZf1mEUhc|2063|34|3
2026-09-22|b6k3ObYS7og|135311|739|31
2026-09-22|iyF6lixZhyU|14484|37|4
2026-09-22|DcST-XbCuCI|936194|3969|2663
2026-09-22|vEwAUc1VqL8|38487|143|45
2026-09-22|Dy0nLdE1HB8|74871|235|27
2026-09-22|uvcpylgYDSU|1401702|233493|13542
2026-09-22|gRk7VLMEd88|389547|835|142
2026-09-22|eCwr3Wj4_hg|44467|154|38
2026-09-22|EUFMXKZ0mQs|138703|337|40
2026-09-22|z3Ahmc020rk|64701|182|30
2026-09-22|alPwrAXZdfY|1512|23|0
2026-09-22|Qw2iuXhhYvM|247427|556|89
2026-09-22|0gY3htNKFac|100007|389|21
2026-09-22|trg0FfiHois|12671|181|8
2026-09-22|Oh_oWMRxJCQ|119214|416|46
2026-09-22|5nR_9GozJD8|49873|489|18
2026-09-22|cELasRZeCiA|54729|539|32
2026-09-22|gJa5ZPOIHSU|22861|110|0
2026-09-22|_DvVMl7AQOU|324176|798|300
2026-09-22|7rrNoOctYgA|37223|330|1
2026-09-22|7faUUqjnLRU|2807|22|2
2026-09-22|Z49lMut2CnY|9376|71|0
2026-09-22|trnQ7dvE1t0|53765|614|88
2026-09-22|59Q-qxjBNTA|105295|205|12
2026-09-22|R1dosdJlnCI|973630|4964|103
2026-09-22|KbYf5TaBRzE|192590|813|109
2026-09-22|_u6J6o4uJ-k|10389|56|4
2026-09-22|YS-wGw2r6jo|24490|136|1
2026-09-22|T9Un9P61KaI|1892|19|1
2026-09-22|N1zaA407Qy0|37196|71|6
2026-09-22|aX8jyuIoZfQ|4928|23|1
2026-09-22|qYr-XUP-d5A|6615|17|2
2026-09-22|OUC675XZJVA|172452|350|14
2026-09-22|qZT5eUgVQv8|4222|38|1
2026-09-22|D2c1J5oMP5E|22808|62|7
2026-09-22|3IZ3OudNPP8|10586|164|2
2026-09-22|Vz4PQM-frk0|4934|111|1
2026-09-22|-epcwqap7Wk|4293|19|0
2026-09-22|LjTXDI-9sw8|45171|65|0
2026-09-22|z0ihuKDvr4U|1084080|4380|1468
2026-09-22|JkVQZaKcHxA|16489|236|8
2026-09-22|ezRoEK2ttw0|4096493|32930|2018
2026-09-22|6W1TR9w2BE4|21934|45|6
2026-09-22|9KWiMOLqpBs|292417|1535|24
2026-09-22|ia2jmMeNGLE|18741|206|18
2026-09-22|-J83elSvWNE|6354|54|1
2026-09-22|A0xPLoJilB8|52760|165|14
2026-09-22|jk0eUFNxF3w|122025|612|0
2026-09-22|s3BIHLakSpM|29309|15|0
2026-09-22|DFJTeQvp05M|111182|593|5
2026-09-22|MazrywC5DiY|27587|558|3
2026-09-22|tZwguHBR9Zo|747198|1204|44
2026-09-22|vVJMGGxhOjo|11998|39|1
2026-09-22|MZa2QqIdr1U|145170|988|266
2026-09-22|6vujmmlCWOA|214562|2524|144
2026-09-22|73DF6Z6dAYo|30141|46|46
2026-09-22|ooJP6-l_QOs|451270|10964|652
2026-09-22|UNt9_KQ3GFI|72444|180|9
2026-09-22|qoy_PSQ5oCs|49706|322|4
2026-09-22|NBQRRj8Zx38|69877|449|9
2026-09-22|fz0XGow1Ax4|83847|312|381
2026-09-22|YFbCgHojt4M|169242|616|147
2026-09-22|Jint7t-Mb54|68132|96|14
2026-09-22|JRFzrY0UfSU|296|1|0
2026-09-22|KScreXt5yuE|4|1|1
2026-09-22|y7aSnxatYP4|92976|471|35
2026-09-22|yDPmrAXiYbc|45570|292|7
2026-09-22|NS0O9ilsIYk|8712|32|0
2026-09-22|0XzYFNHUM58|152871|402|63
2026-09-22|QnM9NeEbIJQ|13906|140|8
2026-09-22|nf2alxq8T_Q|18712|241|2
2026-09-22|oz_y8sQaFSg|37420|358|5
2026-09-22|JGeTgGMONOQ|1391|21|1
2026-09-22|HtgxW1GOy9k|26187|164|3
2026-09-22|kS4magpMnnY|5191|33|1
2026-09-22|_AIE3pBgzUA|281346|1568|21
2026-09-22|RxCRG3FDJuU|2292|21|2
2026-09-22|tsRPpGVmRi4|14313|31|0
2026-09-22|KMHh013i818|50394|216|197
2026-09-22|sVbotLFsSQo|28864|316|19
2026-09-22|_1XyQrC5WeA|49298|390|17
2026-09-22|6BRKN4RVuWk|27971|312|27
2026-09-22|BREp4MmGbsQ|10867|161|4
2026-09-22|0LEUD19OdYs|82255|230|28
2026-09-22|YkiX0NR0_uw|608|2|0
2026-09-22|bgfX4HXTd4w|130294|422|57
2026-09-22|O2MlWkpe5_Q|57868|156|10
2026-09-22|ldQE4WWFZ9Q|78636|378|45
2026-09-22|fD07gcGTy6g|89260|460|7
2026-09-22|0zmuB7W-nW0|20974|139|1
2026-09-22|vXjt4R9aYOM|427846|904|41
2026-09-22|QVt8epfNxbI|8251|72|2
2026-09-22|MtCIEhoxkUU|6887|69|7
2026-09-22|uUW2uyyWzdY|1462490|2410|216
2026-09-22|QrHPsUiJILQ|248445|1793|41
2026-09-22|X35K6yI0Wpc|379869|3216|64
2026-09-22|NQJjtdMlI3U|99025|294|33
2026-09-22|XI32Aza-cvw|76595|322|43
2026-09-22|Xh7Cd-TNRuE|35307|183|67
2026-09-22|3xTet9NRY2c|48907|438|4
2026-09-22|TBsCN6N0_0Q|3810|38|1
2026-09-22|Mozzg8YS2vg|126280|460|45
2026-09-22|Tnz2aUEziR0|16233|211|16
2026-09-22|i7LbkR4Iggk|34232|278|3
2026-09-22|l7dwFrVFosA|98|0|0
2026-09-22|P5znuzaAfeY|149|0|0
2026-09-22|qZy47wH9jFg|171|0|0
2026-09-22|4hjeNRCRKGQ|26|0|0
2026-09-22|Injpq84UZ74|1396|0|0
2026-09-22|7Y14e-mEopw|20089|259|3
2026-09-22|ryAzSC6irkU|23757|176|4
2026-09-22|ck4KesysqPw|57050|193|26
2026-09-22|lokY-ycpH7c|442533|952|58
2026-09-22|yECDMZJqqhg|5106|37|1
2026-09-22|quuNvc0__qc|28780|193|2
2026-09-22|rsmoIsRLOgo|8745|35|1
2026-09-22|KqG3-vTGrEw|107162|568|60
2026-09-22|NsRkW1-pbmE|72733|164|18
2026-09-22|B8o4Lk8-ir0|66673|213|7
2026-09-22|DGV8bhCUqFM|89856|394|23
2026-09-22|FDTR_2blPdo|152710|571|60
2026-09-22|CTjCAAOgHgI|56316|124|28
2026-09-22|rozy7-MtfVU|276401|904|30
2026-09-22|tQbewRXkdzk|41033|120|21
2026-09-22|X3lwPsfpVlA|88011|407|15
2026-09-22|lAC16drDKKQ|1296433|4026|413
2026-09-22|pFqNQGqSaUU|125498|426|45
2026-09-22|mxVmBKuqEmA|24415|121|2
2026-09-22|UZokCFeZ7D0|18859|110|13
2026-09-22|anocmDXLlIY|194833|2120|153
2026-09-22|h2k-_VcLbbk|210532|605|38
2026-09-22|teYRZqiNH-A|162935|517|95
2026-09-22|n5TH5TICs2Q|217425|509|176
2026-09-22|0m3laxamSlk|129750|312|40
2026-09-22|8iyvOdyHW8s|21984|113|80
2026-09-22|4bk7O4ToXro|172459|572|46
2026-09-22|RBbaKKC6qYE|283565|1301|179
2026-09-22|yWJRTxpP52M|499116|4695|627
2026-09-22|LEKlxX385m0|143258|688|10
2026-09-22|B7RBS6tKzbI|187358|489|44
2026-09-22|z9hj7ggJ-Xw|388315|4029|222
2026-09-22|n7rktQvsK1M|11251|67|2
2026-09-22|DDKQM8WSqfU|7759|62|2
2026-09-22|6OWWQjooIIM|336|6|0
2026-09-22|nOljTFXyPXg|32988|252|13
2026-09-22|FWCVX1URRsU|9013|62|4
2026-09-22|XrRYbkAiQ6c|11933|74|2
2026-09-22|Uozv-9RxmG0|134|0|0
2026-09-22|4fAz_nQt_EM|17236|24|2
2026-09-22|GnforEH-lng|45689|396|10
2026-09-22|ZGKXjUokxBc|1732|7|0
2026-09-22|clgV6m818mc|3413|39|2
2026-09-22|NdFa-cpEgAs|21166|43|3
2026-09-22|lElhgaOmAxw|202983|1841|236
2026-09-22|zL52VmTpmCs|8549|60|0
2026-09-22|gKuZc70qOTY|48560|95|24
2026-09-22|bZjwRZ0d69U|232515|2249|64
2026-09-22|-B3xWzMh3pQ|39371|487|6
2026-09-22|MEEE74I8m20|5055|97|1
2026-09-22|V8OzjDP37ds|7431|18|4
2026-09-22|0aTeYI4G8Go|12174|36|11
2026-09-22|hsg1uwri690|106312|831|38
2026-09-22|Px1VSED-1nk|21907|36|3
2026-09-22|MQ1L9z9CO-s|13270|18|4
2026-09-22|W4KReV8Tv20|199334|3345|445
2026-09-22|43lPZ9oitBc|29448|217|4
2026-09-22|2_nQ1VR7stM|14200|17|2
2026-09-22|UcokQVSRDWM|275105|1252|80
2026-09-22|YaolRzI8yg0|99396|403|41
2026-09-22|w2j1ArDD2gU|364764|752|172
2026-09-22|WfPeKkKetSY|1269|3|0
2026-09-22|FCLXhrYtOis|54381|165|50
2026-09-22|iRUQPuBHdTI|1319|11|0
2026-09-22|QSzy5uCKCUo|36937|130|15
2026-09-22|W1g_oR5TNFE|47227|117|2
2026-09-22|r7Lgzkc-wjk|991150|3770|49
2026-09-22|AV7RLRZ2WlY|175254|858|9
2026-09-22|WTGdClpskM4|563975|6214|83
2026-09-22|_ypY6Cqi9hQ|365121|1895|30
2026-09-22|844376ykg2M|427396|657|21
2026-09-22|mGc4nfc8mGA|582173|1065|3
2026-09-22|HQbQTGFr2kE|21277|160|4
2026-09-22|MUz7PkoYDsk|7241|178|5
2026-09-22|c8F3wSg_MUM|12969|18|3
2026-09-22|2rQCTmVEvuk|169800|923|43
2026-09-22|jADHpoC7tqU|16322|9|1
2026-09-22|2UwGFywmvS0|165731|385|57
2026-09-22|n8-vhhXY9lk|472211|1070|143
2026-09-22|9BMtyA7t02Y|9495|40|1
2026-09-22|MY47A97X5r0|15497|92|2
2026-09-22|Yt-euLS8n3E|3687|17|0
2026-09-22|91-5sseDvss|2318|8|0
2026-09-22|-3_VdvIheMY|4667|36|1
2026-09-22|gER4ZbLZPAk|17520|18|1
2026-09-22|TTJeSSoMDl8|9957|62|1
2026-09-22|nxZZ61MfmN4|27135|189|3
2026-09-22|y3SUZvpeBPU|13331|19|1
2026-09-22|0Sy2UqnqHAI|20717|41|0
2026-09-22|0B8wJL84ukY|30067|207|4
2026-09-22|kiGf4lXX6gM|97408|235|19
2026-09-22|wAK1Jt_s11s|18888|11|0
2026-09-22|ulKhg4G89Ss|10806|7|0
2026-09-22|G_XFfy0WxtU|13904|31|1
2026-09-22|zapD6PxET5M|19411|79|5
2026-09-22|aD83D7fs7nc|282775|1269|132
2026-09-22|DWZnD9DBePQ|129720|669|76
2026-09-22|Hb6BfN7Beak|103835|246|31
2026-09-22|gwFkLJq8xg0|114408|300|14
2026-09-22|8GbiTcQONsQ|64919|154|17
2026-09-22|QfOK3EKFiAg|18046|76|7
2026-09-22|Iaj7MihUDdY|49114|183|15
2026-09-22|vrTpO80cXR0|21430|164|1
2026-09-22|rnGiujAcejk|36654|159|6
2026-09-22|BBlQv95dJ9c|46349|153|7
2026-09-22|ANYSfcRAgUc|69383|236|4
2026-09-22|-W1Z3QiflHg|36747|147|12
2026-09-22|cdPXdyk55HE|45708|506|10
2026-09-22|20mfaxBfNzA|15888|102|1
2026-09-22|7Qc2-nuRCrA|3633|24|5
2026-09-22|GY9JUvnyD8Q|21644|25|3
2026-09-22|_CqsF1phi-0|535687|763|45
2026-09-22|E1unq_eRQHc|16835|69|0
2026-09-22|z70g_N396fo|104833|780|165
2026-09-22|RnetBTnYzEY|819839|2208|867
2026-09-22|sLGRbyuC-j4|53511|673|4
2026-09-22|5MmzkVQT7Ho|27998|257|4
2026-09-22|cA8FuCa2cIM|53359|170|574
2026-09-22|jAX73nwzdO4|11056|140|2
2026-09-22|xQqK1Ap5n7Y|30748|88|0
2026-09-22|AbzdXXkiDTI|14409|57|0
2026-09-22|Y7eYBYxI6II|4767|12|2
2026-09-22|cgN_rK-mVNk|44867|419|13
2026-09-22|1sWs-YbM5JY|49429|330|12
2026-09-22|EmZ3NtOF2GQ|297433|637|267
2026-09-22|mTF0jISpcg0|90668|707|168
2026-09-22|jlKVOh0kPqc|13139|74|1
2026-09-22|UezMftS_u5Q|213858|2423|57
2026-09-22|BceUZUpVs6o|44672|419|0
2026-09-22|NDc1Fl_4lCM|17643|20|0
2026-09-22|XupQXj4OtME|3469|91|1
2026-09-22|KYG51RX5VYY|292342|1165|21
2026-09-22|fJKahgCDs_E|5664|80|7
2026-09-22|dgZhjs4EuLk|689617|1473|41
2026-09-22|cYvDbSiaP9w|34917|240|2
2026-09-22|uKMTFZTZSD4|541735|810|29
2026-09-22|gGztXdfSPmA|884030|1818|115
2026-09-22|HrquZTXM4PE|2019|21|2
2026-09-22|lnwBmPbodHQ|14229|121|9
2026-09-22|AQD1mj-3fGs|28549|75|3
2026-09-22|eN9Z-Lb38cQ|3352|34|0
2026-09-22|TX-12pF48ko|1655|15|0
2026-09-22|W2VuOhVL_Eo|537630|693|30
2026-09-22|XrDS2zt4X00|469649|1326|34
2026-09-22|_4vTTWUpr0M|1777338|4079|896
2026-09-22|CafP7V7Pc9U|282464|559|33
2026-09-22|gpPpe3_QB6Q|105|0|0
2026-09-22|SWBsT38wjEs|82|0|0
2026-09-22|fx9UNcijMJs|28003|32|18
2026-09-22|3-w8ynPOQRA|382312|1511|23
2026-09-22|rj6b6Mlu37I|109119|400|7
2026-09-22|waIiNz2Dx5k|85085|356|10
2026-09-22|pj7TdVueFSo|297493|27|3
2026-09-22|Gzg2Yq_XnH8|1647|6|0
2026-09-22|8TB684QphLo|42|0|0
2026-09-22|obPmp7SQp-M|49|0|1
2026-09-22|BRb8m7isr_k|19|0|0
2026-09-22|SZDTpRZZ84o|88225|29|3
2026-09-22|2ShNjCecDlQ|1228|0|0
2026-09-22|EdCgqgrDd_s|18154|79|72
2026-09-22|hPTAB8LzUac|1704|12|4
2026-09-22|DcMaPEFQSJU|123787|37|1
2026-09-22|Xv9T60z0UX8|118785|58|8
2026-09-22|VcyI9LSpQoQ|4591|29|3
2026-09-22|h9sIHBev_Oo|119835|236|17
2026-09-22|faSPpACV358|24328|64|1
2026-09-22|4ao2nxLsP3c|149285|36|0
2026-09-22|V0G5AgwtmB0|3464|37|0
2026-09-22|6Yjy7YFFfC4|109165|37|1
2026-09-22|Oo6HK7UHOVE|57020|162|14
2026-09-22|lymvGtnlopY|8566|38|0
2026-09-22|MEOex1PLfgQ|80878|20|0
2026-09-22|Zv7VzmITwH4|8589|6|1
2026-09-22|BENUwXEy37Q|19507|43|2
2026-09-22|fhJpS1DJJNY|10033|51|1
2026-09-22|jETAmZfPze4|4601|31|0
2026-09-22|MolkLlcw1hU|30374|145|10
2026-09-22|0usAknw2wFQ|17733|184|2
2026-09-22|EO3hyzzuIYo|262270|3134|85
2026-09-22|lhSgLEF98KM|175576|1525|63
2026-09-22|uPxiKZou-uk|65239|305|357
2026-09-22|4Ze0LaTCOzI|345813|1423|60
2026-09-22|IgyU7Ttv1jQ|419746|3675|115
2026-09-22|xmX6hh4FN6Y|4605|16|5
2026-09-22|cYMTSCgTPWo|397952|912|761
2026-09-22|gFp8Vs5_SjE|700402|6046|237
2026-09-22|vu8dsj0RrLI|436289|2357|102
2026-09-22|SGgGaRpt5bw|6239|29|0
2026-09-22|unRqrRGF3Vk|4031|40|6
2026-09-22|uaQbE-ufEtQ|11646|166|2
2026-09-22|N53X4PQnptw|2898|63|1
2026-09-22|UYvoslzq8y4|199927|1343|27
2026-09-22|pGbLJGM4IRg|2038|27|1
2026-09-22|ZLM4u_A6BL0|34619|193|0
2026-09-22|sRLOtuUfmvU|18351|129|1
2026-09-22|14kUSoO7zec|10012|48|1
2026-09-22|ddPyXVODv5I|6055|18|0
2026-09-22|VTeptHauZvY|6688|28|0
2026-09-22|HxodLQI8DQE|41620|224|11
2026-09-22|lFyn4J5dcdw|19852|96|7
2026-09-22|NEv9tdAk06Q|83742|249|15
2026-09-22|r4PZ-9q6Zgw|51021|181|31
2026-09-22|RV8Gl6X2UjE|22783|124|5
2026-09-22|mSTdONshq8U|31548|183|11
2026-09-22|1gwqq3sTq6w|22114|163|5
2026-09-22|fTgG9oo3jJI|50659|212|7
2026-09-23|VImEJNcAyoE|29054|518|8
2026-09-23|u8HhSfqSWZQ|1347|2|0
2026-09-23|FZFy_lTNvVE|19375|393|17
2026-09-23|viBSSahidFI|379813|1908|304
2026-09-23|JHZd6zC6Q84|52509|164|74
2026-09-23|_D9aPDn5dMI|4000|119|6
2026-09-23|yevAAH7sjgY|84588|641|4
2026-09-23|MdJjn1PqK6Y|20252|182|1
2026-09-23|DCD2SMajvyM|227040|1799|60
2026-09-23|59Y0cm5sa1I|5742|40|0
2026-09-23|mAE64SG_K3o|43204|563|5
2026-09-23|nFw4GeeHeUY|13366|175|4
2026-09-23|qen-eR1oqB8|307|3|4
2026-09-23|Lsp8cn6uP94|1938|4|0
2026-09-23|Nb19nQR46aI|1369|8|0
2026-09-23|okEDN-bKBSk|1318|19|0
2026-09-23|Kr68zihTmoU|17890|55|10
2026-09-23|U6ivbTm18Qo|20470|111|3
2026-09-23|qzo1Pe7T4Vk|85|4|1
2026-09-23|6A71Lg-9CKc|2046|30|0
2026-09-23|-mIrV6Nesa4|1486|6|0
2026-09-23|zQRn0qmFEiU|6253|13|1
2026-09-23|KggddXeSCFU|343|18|2
2026-09-23|8LBTw7XxONs|5101|26|1
2026-09-23|vN5SmdNX_Qc|31425|232|0
2026-09-23|WJqPmfLrbh4|4327|81|0
2026-09-23|ZzDH10GmJCA|4584|48|0
2026-09-23|8O77ZsPH7DU|5528|5|0
2026-09-23|d-8R2qkJUEw|14971|12|1
2026-09-23|JVX2ZG-NJVg|5840|47|0
2026-09-23|gpsDifukYgU|2745|38|1
2026-09-23|5drgHpz-9no|4034|7|2
2026-09-23|U9cwhJUKvSs|7312|186|11
2026-09-23|6XEH6HVkvFk|2765|93|21
2026-09-23|BIg-1YIgd6g|159337|498|102
2026-09-23|P0yYzKcmzrY|293527|892|136
2026-09-23|1j8VnwzpZOM|22506|696|14
2026-09-23|2HMzu1U_huU|39268|174|17
2026-09-23|PlPCLn1Pu08|41259|152|9
2026-09-23|e38mHPZuUDI|546507|3708|373
2026-09-23|ItnNUvuGoJ8|13341|129|54
2026-09-23|iu1oeFHpDSg|121295|670|333
2026-09-23|nNAAjWU7Rj4|2634|33|3
2026-09-23|EVKxQFoCVYU|501277|1838|166
2026-09-23|OV2mzCq5qtA|240636|1032|51
2026-09-23|apKgZaNbg58|102151|284|221
2026-09-23|L6TbyHJQxCE|9236|142|0
2026-09-23|fLlx1f5VkJs|70145|304|15
2026-09-23|HHRdGAY8aQ0|2337|8|0
2026-09-23|FYQ-ZIEvVSs|19957|131|3
2026-09-23|jW43SZM8oAs|14602|181|1
2026-09-23|3XvwOoxVwNA|40174|260|3
2026-09-23|AhK6DPZFRXw|158515|2012|82
2026-09-23|O3JQIZAu1jw|6252|47|0
2026-09-23|x398uKa8rAs|17475|287|3
2026-09-23|TKM1boGgsJQ|10028|141|2
2026-09-23|7831JWXroKI|294843|1335|28
2026-09-23|yVEJgXuW1B8|12446|185|3
2026-09-23|OC4oVN3t9ys|73874|574|50
2026-09-23|pYfyA3tOLWY|534942|7559|747
2026-09-23|zSpPhaNMAlE|0|0|0
2026-09-23|vDvTNCLVTvA|1316|8|0
2026-09-23|z3ESJEl_KAg|7|1|0
2026-09-23|jAZFXBp6KP0|833|11|0
2026-09-23|cCGpi3wfy6A|919|1|0
2026-09-23|TxoQFRIfhCE|5792|97|0
2026-09-23|vyH-PsdVrhU|4081|113|4
2026-09-23|lO3sgTg5vYg|4221|45|0
2026-09-23|YT1wNL8gIM0|1292|8|0
2026-09-23|Ds3CkNmFRlc|11|0|0
2026-09-23|ho2upUeAh8w|77636|185|19
2026-09-23|x21OtTOOraM|39148|138|11
2026-09-23|gSnAKdiZ_ww|487|6|0
2026-09-23|eZuCv_FkepM|1693|12|0
2026-09-23|bhsZtPGFU3E|2037|97|8
2026-09-23|-OXyGh2AGiE|756|1|0
2026-09-23|8v6D7gOXhqQ|731|4|0
2026-09-23|qJsim2riz_k|4197|39|4
2026-09-23|EJ1Aoz8SbH4|1299|14|0
2026-09-23|rMtA_Yy0wpE|2357|26|0
2026-09-23|sotILakrwoI|18388|248|7
2026-09-23|Zz8omQu3QF0|17162|149|11
2026-09-23|8B40h-5uHoE|3183|19|0
2026-09-23|hBXiwCMPA9o|1458|16|1
2026-09-23|Um-M2hvgPys|2168|9|0
2026-09-23|RzyGc-qkuLg|2128|10|0
2026-09-23|QKhODCIAMaA|53|3|0
2026-09-23|LIuxBJvx8zE|2|0|0
2026-09-23|qMtHQIcZwa4|15377|16|4
2026-09-23|7O4_GZejfpw|18|0|0
2026-09-23|4n28FE0K6PI|3|0|0
2026-09-23|zgS7f6OR1CI|1406|28|0
2026-09-23|x7grcwmqatg|159117|1410|68
2026-09-23|i2hamrZC8Ws|19859|47|3
2026-09-23|jimKbdT1r0k|8149|121|0
2026-09-23|xJMweDw1Ijw|4436|27|0
2026-09-23|AvpIFJigz7A|2148|39|0
2026-09-23|aTcfHTM68No|1181|17|1
2026-09-23|kSY0RM35WQA|1424|24|0
2026-09-23|NB5aRd7jBR8|230328|543|70
2026-09-23|PsdQ-PCVY74|104676|252|1
2026-09-23|ggjS80smeQQ|5546|28|1
2026-09-23|vnb0TewNtEw|5801|30|1
2026-09-23|dvXjPlWYZTg|35544|69|13
2026-09-23|1s5OD2Y6yPs|27020|56|9
2026-09-23|J_Zg8EguRKs|3321|18|3
2026-09-23|S3Lt5lyUBX4|2188|10|1
2026-09-23|A_VefY6zRDI|136450|267|19
2026-09-23|AiJdbrw0ihg|76752|1336|80
2026-09-23|QXrSefbc2lA|12144|26|8
2026-09-23|uQ5ii1EZO3k|184773|1623|132
2026-09-23|QBUrKla0DYo|1645|6|2
2026-09-23|G599cUVhOC4|2144|5|1
2026-09-23|UskjeMssPAY|834|6|0
2026-09-23|A4X4tygMleQ|3138|11|1
2026-09-23|H9ehDMGlucc|126814|292|16
2026-09-23|qiXVQKp649k|2205|20|2
2026-09-23|jT6wCyQlyPI|8564|118|0
2026-09-23|p6v30GmHp2E|18659|83|22
2026-09-23|x8ymIrfZXTo|8735|57|13
2026-09-23|_LQ5DFu-bTM|67110|256|5
2026-09-23|bKo9A8JuXcs|144491|885|62
2026-09-23|Lu80utRkOsY|626175|1898|174
2026-09-23|3RSMna4opU0|11905|9|1
2026-09-23|_3Ao7hnC1O0|14486|23|7
2026-09-23|-35VEGT6v38|2934|14|2
2026-09-23|6MwkLYWoeS0|167345|622|80
2026-09-23|gKaPsv138Bk|212|0|0
2026-09-23|4tw4nPrNS4Y|6027|27|1
2026-09-23|QGwfBuRvn8Q|2255|17|1
2026-09-23|UizHbzxbgdg|9040|29|0
2026-09-23|63Q7D-94C60|25|0|0
2026-09-23|cNrosDkJ6NU|24440|92|3
2026-09-23|jea0-hC0XiI|12738|62|0
2026-09-23|81tw4OLtYOA|1438042|10874|7741
2026-09-23|3tL28ltzC_A|57734|442|18
2026-09-23|dqNzG_RkliM|7040|31|0
2026-09-23|V8Vwr0nId4E|41963|123|6
2026-09-23|kOuBBjZnCQE|744|6|0
2026-09-23|3An5pGsUWG8|22800|24|2
2026-09-23|g-3xD03cu8g|42364|141|2
2026-09-23|AMq7TcWIvmE|558619|1961|251
2026-09-23|T9Z8eSUycso|37264|94|6
2026-09-23|zX6gOnw1hgQ|345683|3283|345
2026-09-23|tAgvyNK_WO0|4952|22|2
2026-09-23|Ad955WsTqNY|19025|264|2
2026-09-23|ygc10Av0gIc|431186|1190|22
2026-09-23|16buiT4DK1I|4882|131|5
2026-09-23|OGv2pefRfsI|549958|3067|151
2026-09-23|ykIp0oEj8vE|838|1|0
2026-09-23|69P2Wx14-yE|661|2|0
2026-09-23|1A_sqHFxEUg|877|2|0
2026-09-23|TGQ3wO6covk|847|3|0
2026-09-23|WHLl2QyGCIw|4058|61|3
2026-09-23|nAaCJH1DBvM|123199|11|4
2026-09-23|q6_lfEmLAJA|43182|314|10
2026-09-23|UwrxVpgYgzk|122925|167|1
2026-09-23|vpt1qciSERQ|19734|206|6
2026-09-23|CPBMJAdqU2E|5414|88|0
2026-09-23|tuFe7b7jajU|2357|34|8
2026-09-23|WXfB28CNU9c|13977|151|4
2026-09-23|TE8GJoyI3o8|2464|52|1
2026-09-23|xqy0U2fLjpI|2413|20|0
2026-09-23|Y4E0fsAB_Us|3724|44|1
2026-09-23|nFbVfY07c3s|3886|47|0
2026-09-23|ZF4_ZsJYIcg|24210|157|6
2026-09-23|GAWsCgI48jg|199138|461|24
2026-09-23|-e85csGrmj4|107350|316|80
2026-09-23|uCDHn52Da-Q|247546|825|707
2026-09-23|z6knuZM9OGg|44630|696|28
2026-09-23|IFqJFHV0rok|35101|420|14
2026-09-23|etZIHcjaH8k|17552|93|0
2026-09-23|qkHUxIte4BE|6658|49|1
2026-09-23|GueNJq_j5lg|155386|1772|8
2026-09-23|eOZuwLbhvi8|155446|427|5
2026-09-23|zNBcuIjCMFs|5272|36|14
2026-09-23|zkoc-X6pmjI|1403|4|0
2026-09-23|vx7D1MpTdVU|21431|400|0
2026-09-23|hJ5E6eHJO0Q|22150|213|13
2026-09-23|yEQwO7cQT3s|19434|74|0
2026-09-23|qqbeB0FgFek|5038|46|0
2026-09-23|Y9334x8lYVA|12018|51|1
2026-09-23|15XNR-oAMiQ|24433|124|1
2026-09-23|hBJl0HBVatY|380828|1009|36
2026-09-23|a65hCCEOvkc|5391|49|1
2026-09-23|Pr3Ls3co27s|5544|42|1
2026-09-23|tUa2h-tcTXc|94820|828|108
2026-09-23|n0VfVeIOYwU|1572|80|6
2026-09-23|EQFXa1yVC98|73598|780|83
2026-09-23|jDmHA_wULfA|553962|2308|454
2026-09-23|K1nv2BQmcuE|15080|17|0
2026-09-23|ACWcmFdoooI|81092|768|94
2026-09-23|Nj8s9Miw7AA|3137|9|1
2026-09-23|m5A-no2y5rw|21044|196|3
2026-09-23|abZIMDU65OM|1912|14|0
2026-09-23|-nI8TXBPfmc|28465|252|1
2026-09-23|nfQi928x280|9437|45|0
2026-09-23|KZX-mzNv1B0|34087|264|90
2026-09-23|Rp7o2PLpigc|4922|39|3
2026-09-23|huZhhNw9Ves|15333|50|2
2026-09-23|5xCSSGvW_uQ|8888|54|1
2026-09-23|PNtSnXekN2Y|4422|22|0
2026-09-23|GuTqOhk7ONk|3090|15|0
2026-09-23|sFCydkVAosE|13085|62|2
2026-09-23|sPRyyej_VLs|10531|6|1
2026-09-23|TNGdktR_E9I|156414|542|28
2026-09-23|O8Xyy-KEOw4|792724|1588|63
2026-09-23|vqmdVzeUNMw|33919|320|2
2026-09-23|0x0ZIkiOy2w|43294|390|18
2026-09-23|2M-R9KONE9E|4127|12|0
2026-09-23|cCCIee7YrT0|99581|293|20
2026-09-23|VZcwPfEa2ls|2229|25|1
2026-09-23|P1lRQfd9L2s|76470|243|30
2026-09-23|6VOGsnwi-Jw|155954|455|103
2026-09-23|PPbnjINdqBw|325482|730|60
2026-09-23|CDb5vioYlaY|38117|678|71
2026-09-23|ipp2WYmFJQ4|13122|298|8
2026-09-23|O0wuJqTbGtQ|186921|509|28
2026-09-23|9XvjUGVBVwc|1859|11|1
2026-09-23|gRk7VLMEd88|409883|871|150
2026-09-23|XPlvGMIK8wg|15030|119|2
2026-09-23|p5Q2XqL0y_4|18497|243|4
2026-09-23|ko90LrM7h44|13588|82|0
2026-09-23|R1dosdJlnCI|986852|5046|105
2026-09-23|Z49lMut2CnY|9519|72|0
2026-09-23|zMlYt7MVIWE|168726|1621|559
2026-09-23|eojlyG1oa2s|207679|1152|66
2026-09-23|iyF6lixZhyU|16332|44|4
2026-09-23|trnQ7dvE1t0|56732|647|89
2026-09-23|rrtT_Q6EH1g|2211|4|0
2026-09-23|D3wvC2VMaIM|1591|2|0
2026-09-23|nRjOO8SbrMs|2544|6|0
2026-09-23|5nR_9GozJD8|58763|526|18
2026-09-23|YHIEzhxNnmE|2439|10|0
2026-09-23|uGttLeDs7eU|13507|104|77
2026-09-23|FcfJk-1YlcA|1176|5|0
2026-09-23|J_Ig46zoDVE|194186|1149|2
2026-09-23|EzsrgKzqUqw|25654|31|3
2026-09-23|ZHS7EQllvXg|148231|1002|809
2026-09-23|yR6A9XtnPs0|51232|147|147
2026-09-23|zmHGyUJ8Bko|137095|1062|164
2026-09-23|hN7mbVKLSsA|78938|422|265
2026-09-23|oVXwUnd5Q9A|98407|798|178
2026-09-23|d5JqZxXGVJ8|4791|56|3
2026-09-23|4HsK_-QQE5Y|287418|886|42
2026-09-23|VEToVzEkA4U|665941|2957|758
2026-09-23|siEy9NCxeb0|160326|376|12
2026-09-23|feYGFdXmiTc|12616|160|4
2026-09-23|HVIn8XyPbZg|86749|275|9
2026-09-23|9wF7zd0nBvA|212527|915|181
2026-09-23|zs9rbbWnabE|167266|2081|28
2026-09-23|alPwrAXZdfY|1648|25|0
2026-09-23|6tPZf1mEUhc|2289|35|3
2026-09-23|6IkBRIBvqYM|2401|24|1
2026-09-23|q0F02ghVrkI|3307|38|0
2026-09-23|bgvMfAc2UUw|22542|181|4
2026-09-23|b6k3ObYS7og|158736|812|33
2026-09-23|_DvVMl7AQOU|397379|922|337
2026-09-23|trg0FfiHois|15042|218|8
2026-09-23|0gY3htNKFac|644464|1045|56
2026-09-23|DcST-XbCuCI|1071536|4331|2827
2026-09-23|uvcpylgYDSU|1660569|243585|14127
2026-09-23|OgT6B9BADYo|525|5|0
2026-09-23|-L1ezEDzA8A|450589|4671|403
2026-09-23|YOUTbNpoFSc|14869|72|3
2026-09-23|hU-4TTpLl3w|14139|20|4
2026-09-23|Qw2iuXhhYvM|322651|651|97
2026-09-23|Oh_oWMRxJCQ|130616|445|52
2026-09-23|z3Ahmc020rk|71555|197|33
2026-09-23|EUFMXKZ0mQs|161313|382|47
2026-09-23|eCwr3Wj4_hg|51159|168|41
2026-09-23|Dy0nLdE1HB8|88411|264|30
2026-09-23|vEwAUc1VqL8|45802|162|51
2026-09-23|-ysZGtUoeU0|68756|188|16
2026-09-23|K2Y9rpvvDmg|27|0|0
2026-09-23|MOdmOgKLApY|187|0|0
2026-09-23|c8Tet05wTbo|22|0|0
2026-09-23|pbb9CNXnW3M|1218|0|0
2026-09-23|OGOgS3hpbz4|1549|0|0
2026-09-23|aQBdr7tWiTk|1896|0|0
2026-09-23|Ents4zpbgmk|200|0|0
2026-09-23|WxpMRo81h9o|4771|32|2
2026-09-23|bSP2va2xnpk|44390|152|8
2026-09-23|_u6J6o4uJ-k|13423|63|5
2026-09-23|rzjRZybjaKE|12117|134|0
2026-09-23|cELasRZeCiA|55939|546|33
2026-09-23|gJa5ZPOIHSU|24630|128|0
2026-09-23|7rrNoOctYgA|37346|332|1
2026-09-23|Yt1cBf1Bf48|58461|140|16
2026-09-23|PbqZ9vt-2wQ|53765|213|17
2026-09-23|acrxjcS5ksw|45950|146|38
2026-09-23|KbYf5TaBRzE|226010|891|119
2026-09-23|YS-wGw2r6jo|25314|137|2
2026-09-23|7faUUqjnLRU|2920|22|2
2026-09-23|MZdKVlFz62U|45874|209|1
2026-09-23|w47WLVT7Utk|3420|40|4
2026-09-23|bhTTvROClP8|41215|147|22
2026-09-23|emZHAPV7NZk|147744|331|97
2026-09-23|1eBcHqNsU_I|32742|86|17
2026-09-23|O8eozdRYGPU|2111|12|1
2026-09-23|YuYmr8wZkFY|1836|21|1
2026-09-23|B-uU51xCD4Q|12782|74|1
2026-09-23|SufTEG9VHTo|870167|3536|364
2026-09-23|59Q-qxjBNTA|106238|211|12
2026-09-23|qejtE4RG9CQ|44057|103|62
2026-09-23|5elgntIjGu4|31961|143|1
2026-09-23|MFCYLvIz0_g|17679|39|2
2026-09-23|wtSEtWQYM8E|347745|3002|68
2026-09-23|QGsRfEZtn4U|21499|123|0
2026-09-23|YvPMi2VbZjo|34558|30|0
2026-09-23|PM9PYyNMX08|106484|410|12
2026-09-23|MazrywC5DiY|30055|579|3
2026-09-23|ooJP6-l_QOs|490621|11655|666
2026-09-23|nf2alxq8T_Q|20626|252|2
2026-09-23|oz_y8sQaFSg|42686|402|5
2026-09-23|6vujmmlCWOA|240618|2769|172
2026-09-23|tZwguHBR9Zo|940684|1306|50
2026-09-23|ezRoEK2ttw0|4741471|33557|2058
2026-09-23|ia2jmMeNGLE|18926|209|18
2026-09-23|ryAzSC6irkU|25019|178|4
2026-09-23|DFJTeQvp05M|117687|604|5
2026-09-23|qoy_PSQ5oCs|55522|343|4
2026-09-23|jk0eUFNxF3w|123891|623|0
2026-09-23|6W1TR9w2BE4|24651|51|6
2026-09-23|-J83elSvWNE|7306|59|1
2026-09-23|vVJMGGxhOjo|13014|42|1
2026-09-23|LjTXDI-9sw8|45216|65|0
2026-09-23|A0xPLoJilB8|60831|175|15
2026-09-23|s3BIHLakSpM|29443|15|0
2026-09-23|CTjCAAOgHgI|59609|126|29
2026-09-23|NS0O9ilsIYk|10119|36|0
2026-09-23|7Y14e-mEopw|20902|278|3
2026-09-23|FDTR_2blPdo|160064|584|60
2026-09-23|0XzYFNHUM58|164240|411|63
2026-09-23|tQbewRXkdzk|43504|128|22
2026-09-23|ck4KesysqPw|60660|196|26
2026-09-23|pFqNQGqSaUU|140257|456|51
2026-09-23|UZokCFeZ7D0|19407|114|13
2026-09-23|h2k-_VcLbbk|226611|629|40
2026-09-23|teYRZqiNH-A|176704|547|101
2026-09-23|0m3laxamSlk|136455|316|40
2026-09-23|4bk7O4ToXro|186252|587|48
2026-09-23|RBbaKKC6qYE|314581|1333|176
2026-09-23|bgfX4HXTd4w|130624|421|57
2026-09-23|vXjt4R9aYOM|434939|923|42
2026-09-23|B8o4Lk8-ir0|71546|231|7
2026-09-23|0zmuB7W-nW0|21361|143|1
2026-09-23|fD07gcGTy6g|92553|482|7
2026-09-23|ldQE4WWFZ9Q|78609|377|45
2026-09-23|O2MlWkpe5_Q|58626|156|10
2026-09-23|0LEUD19OdYs|84804|234|28
2026-09-23|NQJjtdMlI3U|106276|300|34
2026-09-23|XI32Aza-cvw|80225|331|44
2026-09-23|Xh7Cd-TNRuE|36044|186|69
2026-09-23|3xTet9NRY2c|50078|445|4
2026-09-23|Mozzg8YS2vg|135391|481|46
2026-09-23|Tnz2aUEziR0|17005|219|16
2026-09-23|i7LbkR4Iggk|35899|306|3
2026-09-23|DGV8bhCUqFM|97112|411|24
2026-09-23|NsRkW1-pbmE|75833|168|18
2026-09-23|73DF6Z6dAYo|35482|51|48
2026-09-23|qZT5eUgVQv8|4487|42|1
2026-09-23|HtgxW1GOy9k|26758|164|3
2026-09-23|JGeTgGMONOQ|1392|21|1
2026-09-23|KScreXt5yuE|6|1|1
2026-09-23|JRFzrY0UfSU|315|1|0
2026-09-23|UNt9_KQ3GFI|77075|195|9
2026-09-23|Jint7t-Mb54|68228|96|14
2026-09-23|YFbCgHojt4M|206168|678|153
2026-09-23|z0ihuKDvr4U|1172597|4590|1483
2026-09-23|yWJRTxpP52M|525231|4775|639
2026-09-23|B7RBS6tKzbI|191810|493|45
2026-09-23|z9hj7ggJ-Xw|405428|4156|226
2026-09-23|D2c1J5oMP5E|23743|65|7
2026-09-23|OUC675XZJVA|187030|370|16
2026-09-23|KqG3-vTGrEw|132582|656|62
2026-09-23|aX8jyuIoZfQ|4991|24|1
2026-09-23|N1zaA407Qy0|40780|75|6
2026-09-23|T9Un9P61KaI|1974|19|1
2026-09-23|kS4magpMnnY|5633|37|2
2026-09-23|9KWiMOLqpBs|395384|2121|33
2026-09-23|RxCRG3FDJuU|3107|41|3
2026-09-23|QVt8epfNxbI|15308|115|3
2026-09-23|rsmoIsRLOgo|9882|37|1
2026-09-23|quuNvc0__qc|32392|202|2
2026-09-23|yECDMZJqqhg|5381|40|1
2026-09-23|n7rktQvsK1M|11753|68|2
2026-09-23|mxVmBKuqEmA|24864|123|2
2026-09-23|QnM9NeEbIJQ|15161|147|8
2026-09-23|qZy47wH9jFg|182|0|0
2026-09-23|yDPmrAXiYbc|46588|295|7
2026-09-23|-epcwqap7Wk|5019|22|0
2026-09-23|3IZ3OudNPP8|11169|182|2
2026-09-23|Vz4PQM-frk0|5136|127|1
2026-09-23|_AIE3pBgzUA|401114|1967|24
2026-09-23|MZa2QqIdr1U|153832|1030|290
2026-09-23|rozy7-MtfVU|285634|937|31
2026-09-23|anocmDXLlIY|208291|2158|154
2026-09-23|8iyvOdyHW8s|26924|121|85
2026-09-23|n5TH5TICs2Q|267180|577|217
2026-09-23|LEKlxX385m0|150572|719|10
2026-09-23|X3lwPsfpVlA|102388|497|19
2026-09-23|BREp4MmGbsQ|11894|163|5
2026-09-23|6BRKN4RVuWk|29690|343|29
2026-09-23|_1XyQrC5WeA|50239|396|17
2026-09-23|sVbotLFsSQo|30095|327|21
2026-09-23|KMHh013i818|52264|222|203
2026-09-23|NBQRRj8Zx38|70438|450|9
2026-09-23|lAC16drDKKQ|1440073|4336|453
2026-09-23|lokY-ycpH7c|584406|1202|82
2026-09-23|Injpq84UZ74|1470|0|0
2026-09-23|qYr-XUP-d5A|7453|19|2
2026-09-23|4hjeNRCRKGQ|40|0|0
2026-09-23|JkVQZaKcHxA|18118|257|8
2026-09-23|l7dwFrVFosA|137|0|0
2026-09-23|X35K6yI0Wpc|407659|3422|72
2026-09-23|QrHPsUiJILQ|256784|1837|42
2026-09-23|uUW2uyyWzdY|1690996|2783|243
2026-09-23|MtCIEhoxkUU|7767|70|7
2026-09-23|TBsCN6N0_0Q|4140|41|1
2026-09-23|tsRPpGVmRi4|15148|34|0
2026-09-23|fz0XGow1Ax4|88316|322|396
2026-09-23|P5znuzaAfeY|149|0|0
2026-09-23|YkiX0NR0_uw|737|2|0
2026-09-23|y7aSnxatYP4|96409|480|35
2026-09-23|YaolRzI8yg0|104737|412|42
2026-09-23|clgV6m818mc|3428|39|2
2026-09-23|zL52VmTpmCs|8723|60|0
2026-09-23|gKuZc70qOTY|50780|100|24
2026-09-23|WfPeKkKetSY|1291|3|0
2026-09-23|_CqsF1phi-0|646243|840|51
2026-09-23|4fAz_nQt_EM|18813|27|2
2026-09-23|FCLXhrYtOis|54812|165|50
2026-09-23|lElhgaOmAxw|205194|1843|237
2026-09-23|NdFa-cpEgAs|21341|45|3
2026-09-23|w2j1ArDD2gU|367196|757|172
2026-09-23|ZGKXjUokxBc|1837|7|0
2026-09-23|W4KReV8Tv20|205916|3396|454
2026-09-23|bZjwRZ0d69U|256656|2441|66
2026-09-23|iRUQPuBHdTI|1320|11|0
2026-09-23|7Qc2-nuRCrA|3889|29|6
2026-09-23|6OWWQjooIIM|347|6|0
2026-09-23|nOljTFXyPXg|33890|261|13
2026-09-23|UcokQVSRDWM|293211|1329|80
2026-09-23|AV7RLRZ2WlY|194475|934|10
2026-09-23|_ypY6Cqi9hQ|371878|1911|30
2026-09-23|-B3xWzMh3pQ|39701|488|7
2026-09-23|844376ykg2M|427373|657|21
2026-09-23|mGc4nfc8mGA|592232|1081|3
2026-09-23|HQbQTGFr2kE|21606|160|4
2026-09-23|r7Lgzkc-wjk|1025954|3881|49
2026-09-23|43lPZ9oitBc|29537|219|4
2026-09-23|QSzy5uCKCUo|45623|162|17
2026-09-23|WTGdClpskM4|627281|6993|88
2026-09-23|Px1VSED-1nk|24506|41|3
2026-09-23|MEEE74I8m20|5157|97|1
2026-09-23|V8OzjDP37ds|7658|19|4
2026-09-23|cdPXdyk55HE|48188|525|10
2026-09-23|20mfaxBfNzA|16354|105|1
2026-09-23|vrTpO80cXR0|22646|169|1
2026-09-23|ulKhg4G89Ss|10792|7|0
2026-09-23|gER4ZbLZPAk|17531|18|1
2026-09-23|GnforEH-lng|57591|471|11
2026-09-23|wAK1Jt_s11s|19117|11|0
2026-09-23|2rQCTmVEvuk|177596|945|43
2026-09-23|2UwGFywmvS0|179302|406|61
2026-09-23|n8-vhhXY9lk|621328|1296|188
2026-09-23|9BMtyA7t02Y|9528|40|1
2026-09-23|MY47A97X5r0|15723|93|2
2026-09-23|Yt-euLS8n3E|3713|17|0
2026-09-23|0B8wJL84ukY|31678|216|4
2026-09-23|0Sy2UqnqHAI|22164|48|0
2026-09-23|y3SUZvpeBPU|13350|19|1
2026-09-23|nxZZ61MfmN4|28596|200|3
2026-09-23|91-5sseDvss|2328|8|0
2026-09-23|jADHpoC7tqU|17615|10|1
2026-09-23|-3_VdvIheMY|4709|39|1
2026-09-23|TTJeSSoMDl8|10145|64|1
2026-09-23|-W1Z3QiflHg|40196|151|12
2026-09-23|ANYSfcRAgUc|78869|242|4
2026-09-23|BBlQv95dJ9c|50992|156|8
2026-09-23|2_nQ1VR7stM|14277|17|2
2026-09-23|0aTeYI4G8Go|15243|37|11
2026-09-23|FWCVX1URRsU|9117|63|4
2026-09-23|XrRYbkAiQ6c|12103|74|2
2026-09-23|DDKQM8WSqfU|7885|63|2
2026-09-23|hsg1uwri690|111148|863|38
2026-09-23|EdCgqgrDd_s|18971|80|73
2026-09-23|MQ1L9z9CO-s|13434|18|4
2026-09-23|GY9JUvnyD8Q|22675|27|3
2026-09-23|MUz7PkoYDsk|7405|180|5
2026-09-23|c8F3wSg_MUM|13464|19|3
2026-09-23|rnGiujAcejk|39003|163|6
2026-09-23|G_XFfy0WxtU|14005|31|1
2026-09-23|aD83D7fs7nc|284066|1272|132
2026-09-23|DWZnD9DBePQ|131151|672|75
2026-09-23|Hb6BfN7Beak|122328|262|34
2026-09-23|gwFkLJq8xg0|123492|304|14
2026-09-23|8GbiTcQONsQ|80780|160|18
2026-09-24|K5gJTC7qLls|21632|76|8
2026-09-24|8iffW9UkIvI|1380|17|1
2026-09-24|gRKCHk06E9U|3067|27|2
2026-09-24|asRlQpC9NYw|5863|13|5
2026-09-24|PRldmvpUE1M|256|3|1
2026-09-24|OagTRZi-zNk|3183|121|5
2026-09-24|jfYpFI7Amj8|139278|296|26
2026-09-24|9Wa2ud4TLRY|6208|440|16
2026-09-24|tSCUiOBbS2M|2070|8|1
2026-09-24|S_4n3-5WE9o|2408|10|0
2026-09-24|mvBF1LqI5uI|546|10|0
2026-09-24|g0fxXUA6exc|85485|691|25
2026-09-24|RHQLhp4L39I|932|12|0
2026-09-24|LQWiMzu6h4E|2381|33|2
2026-09-24|YwCbVweVf_k|1724|8|0
2026-09-24|qOQ60xLinFY|1652|8|0
2026-09-24|boGkRFsG890|8102|26|0
2026-09-24|gwGZsSnxqGw|8580|81|1
2026-09-24|cF_c1MRfucE|826|6|1
2026-09-24|nnT7hBpynJg|10203|110|10
2026-09-24|GcZ9XSxXrlw|3489|10|15
2026-09-24|RzoYKmRE64A|1186|7|0
2026-09-24|mCMu2VaT7Pk|1354|5|0
2026-09-24|D765ZPYpbvs|1639|13|0
2026-09-24|zUL-IYUutjM|3625|25|3
2026-09-24|XTev-MpViq8|3168|8|0
2026-09-24|tMsY4hhjo1A|21009|117|52
2026-09-24|_pnrY51GOOk|6291|8|2
2026-09-24|zZwUVzxqOIg|3244|15|0
2026-09-24|8Cy4Jo-96Wk|154200|44|78
2026-09-24|aJ5NKOzcxTE|31142|11|0
2026-09-24|pMIJJJtg9Ek|2092|35|55
2026-09-24|9v3Auxg8vww|133|2|0
2026-09-24|m6ff0uD36Q8|33284|276|31
2026-09-24|Yd7Og8fF6dY|173205|511|61
2026-09-24|WeGX2Zdcsoo|2610|5|0
2026-09-24|HNE73vND-p4|3744|2|0
2026-09-24|LfZdOUD5mRk|997|3|1
2026-09-24|mE8yrHFjatQ|49495|524|158
2026-09-24|-pOWXSqTxF0|34569|155|33
2026-09-24|LxlTwNX0EV0|27419|148|63
2026-09-24|N6MzUQMClKE|13551|139|0
2026-09-24|uQ-HT1tEnRs|44244|691|29
2026-09-24|pxg8UryxiWc|111459|778|75
2026-09-24|Y0o8wnTcCsM|4467|30|4
2026-09-24|eZ-jBXmDNhw|4548|59|0
2026-09-24|GNDRhoR2XsM|71850|610|0
2026-09-24|es1544GGRoM|19034|183|1
2026-09-24|EOKcp-WvWhQ|3235|59|0
2026-09-24|Mg_t74uCJwM|9388|171|0
2026-09-24|gpcf7wwioYQ|22055|129|5
2026-09-24|_wiyCZB7Sv0|214114|701|57
2026-09-24|A1fbyvR9DSg|270248|479|46
2026-09-24|ckEkCacMIiA|34725|153|8
2026-09-24|cNlSFQZzh-Y|7616|185|12
2026-09-24|t-6d4hr1Iso|12943|40|3
2026-09-24|F4x8pwbMH0M|20193|85|27
2026-09-24|rFRHaqz55_s|1229661|5447|461
2026-09-24|3IAtA-rucmc|25077|78|15
2026-09-24|Mq3JeeCSFOk|9421|68|5
2026-09-24|p79OmUwOLY4|149016|1840|267
2026-09-24|XxESEsLgZA4|575593|3324|559
2026-09-24|QlrBAF-A4B4|152226|756|27
2026-09-24|OK_VkQa7F9Y|7088|313|16
2026-09-24|Hs6i4LQvWao|4181|36|1
2026-09-24|Ut1Uj7mAJ6A|13965|88|1
2026-09-24|YjzKW6tGIHo|7903|49|0
2026-09-24|c2RGlmvzg1s|7095|115|4
2026-09-24|gwXWeR7t2No|46803|1295|165
2026-09-24|y4WWxbasOPA|1392|49|11
2026-09-24|sC_OTIZObiU|204716|873|134
2026-09-24|5s59iCsv4IY|43709|2212|249
2026-09-24|ZN02P7uvMiU|18759|3557|182
2026-09-24|8kE2T75QGWI|174100|441|82
2026-09-24|-riazWEe3Ik|138765|1674|168
2026-09-24|jHpuEGZ8fbo|460437|4507|2098
2026-09-24|ZEBkfRxoHbQ|322576|5806|711
2026-09-24|3RwRrxiG5j4|1033778|27971|1352
2026-09-24|C-NKIKiQCNE|1156972|5907|804
2026-09-24|XStBaE8Rp6Q|320599|868|46
2026-09-24|ho2Rc8hXr3U|26156|292|9
2026-09-24|mWVyr1UEalE|50|8|0
2026-09-24|NM7DwDhurhc|19138|272|49
2026-09-24|eXuxEdVIZnE|52368|77|1
2026-09-24|oM5T6llg75k|1132|35|5
2026-09-24|ff-R1sNjowE|3896|86|23
2026-09-24|Dcm5Gldztlg|17209|181|6
2026-09-24|GDJ4wcdocVM|1158|20|1
2026-09-24|gvzaD6v0Jo4|1206|18|1
2026-09-24|MruUJmL_Bjk|2012|27|2
2026-09-24|3qaWa_tR6F4|1862|19|1
2026-09-24|1TL8IXXTgpk|10|0|0
2026-09-24|-NhxJRAqBow|13335|55|4
2026-09-24|fm-78eFgK20|38025|110|6
2026-09-24|B-cCMhDLDso|55885|1128|41
2026-09-24|WoQ7rdSzXFI|26495|427|5
2026-09-24|FZ7pIV1Qzew|78665|446|0
2026-09-24|PxFggJ8t2EM|7|0|0
2026-09-24|PPGHV8t03F0|3|0|0
2026-09-24|k1N5RkUzEk4|7298|27|2
2026-09-24|gkSeD_ZLlEg|15061|35|2
2026-09-24|n-xjZWHQzXw|2975|29|3
2026-09-24|wnEvslpjGZ8|5726|44|0
2026-09-24|WVnZNI2ghW4|11690|13|0
2026-09-24|Um9FH0CFK7A|18|0|0
2026-09-24|iuazwzDUiO0|10402|5|0
2026-09-24|CPjn22o97VA|6539|1|4
2026-09-24|QQqv6hwIJBw|9874|9|2
2026-09-24|byH09jXvaVI|7373|49|0
2026-09-24|I1opcHDBQVw|5822|22|1
2026-09-24|TNtsY3KZ7HA|9362|65|1
2026-09-24|c7SMJXXM3I0|13054|15|0
2026-09-24|-DTlIWK6do8|7767|38|1
2026-09-24|3Z6HSaYlOKs|1353|12|0
2026-09-24|7nsH_BYM4aM|4442|19|0
2026-09-24|A6iz5L8tyUQ|1944|20|0
2026-09-24|AkFVy8lo1p4|11981|21|1
2026-09-24|O6KIZcy1J4w|6064|10|3
2026-09-24|5Q77wBUHJoA|3062|15|0
2026-09-24|mbgXx4Tb7uQ|4543|9|1
2026-09-24|yVEJgXuW1B8|33313|420|3
2026-09-24|jimKbdT1r0k|9218|133|0
2026-09-24|EVKxQFoCVYU|534199|1926|177
2026-09-24|nFw4GeeHeUY|14851|191|4
2026-09-24|fLlx1f5VkJs|141970|663|33
2026-09-24|qJsim2riz_k|7635|46|6
2026-09-24|YT1wNL8gIM0|2211|8|1
2026-09-24|FYQ-ZIEvVSs|41589|200|4
2026-09-24|EJ1Aoz8SbH4|2366|19|2
2026-09-24|3XvwOoxVwNA|40488|262|3
2026-09-24|8B40h-5uHoE|5576|23|1
2026-09-24|7831JWXroKI|390246|1801|32
2026-09-24|hBXiwCMPA9o|2099|17|2
2026-09-24|Um-M2hvgPys|3962|9|2
2026-09-24|8LBTw7XxONs|6032|28|2
2026-09-24|QKhODCIAMaA|15510|22|3
2026-09-24|LIuxBJvx8zE|20149|15|2
2026-09-24|PlPCLn1Pu08|51096|172|15
2026-09-24|qMtHQIcZwa4|18406|17|5
2026-09-24|x7grcwmqatg|174780|1518|69
2026-09-24|i2hamrZC8Ws|21703|48|4
2026-09-24|RzyGc-qkuLg|3720|14|0
2026-09-24|2HMzu1U_huU|75944|332|27
2026-09-24|e38mHPZuUDI|567502|3822|378
2026-09-24|mAE64SG_K3o|54329|646|12
2026-09-24|1j8VnwzpZOM|29218|797|27
2026-09-24|apKgZaNbg58|131440|341|286
2026-09-24|ho2upUeAh8w|132122|246|28
2026-09-24|x21OtTOOraM|108753|270|35
2026-09-24|gSnAKdiZ_ww|846|6|1
2026-09-24|ItnNUvuGoJ8|14497|132|55
2026-09-24|vyH-PsdVrhU|6416|212|6
2026-09-24|L6TbyHJQxCE|13206|185|1
2026-09-24|HHRdGAY8aQ0|5479|18|0
2026-09-24|OV2mzCq5qtA|265167|1109|51
2026-09-24|Kr68zihTmoU|20116|61|13
2026-09-24|iu1oeFHpDSg|232699|1076|536
2026-09-24|8v6D7gOXhqQ|1310|4|1
2026-09-24|u8HhSfqSWZQ|1709|3|0
2026-09-24|okEDN-bKBSk|1770|33|0
2026-09-24|Nb19nQR46aI|1702|11|0
2026-09-24|Lsp8cn6uP94|2662|6|0
2026-09-24|qen-eR1oqB8|29994|88|60
2026-09-24|AhK6DPZFRXw|413308|4511|192
2026-09-24|7O4_GZejfpw|92|0|0
2026-09-24|Ds3CkNmFRlc|30|0|0
2026-09-24|4n28FE0K6PI|304|0|0
2026-09-24|eZuCv_FkepM|2887|13|0
2026-09-24|-OXyGh2AGiE|1451|3|1
2026-09-24|jW43SZM8oAs|85044|488|2
2026-09-24|VImEJNcAyoE|40611|607|12
2026-09-24|nNAAjWU7Rj4|7293|60|3
2026-09-24|TxoQFRIfhCE|7288|127|0
2026-09-24|_D9aPDn5dMI|5857|150|6
2026-09-24|zSpPhaNMAlE|3|0|0
2026-09-24|z3ESJEl_KAg|96|2|0
2026-09-24|jAZFXBp6KP0|1748|16|1
2026-09-24|cCGpi3wfy6A|951|1|0
2026-09-24|rMtA_Yy0wpE|3305|26|0
2026-09-24|AvpIFJigz7A|5106|79|1
2026-09-24|zgS7f6OR1CI|1882|30|1
2026-09-24|kSY0RM35WQA|1944|30|1
2026-09-24|59Y0cm5sa1I|6709|43|0
2026-09-24|aTcfHTM68No|2415|23|2
2026-09-24|lO3sgTg5vYg|5130|53|0
2026-09-24|U6ivbTm18Qo|24947|137|3
2026-09-24|5drgHpz-9no|4589|7|2
2026-09-24|viBSSahidFI|536121|2450|419
2026-09-24|gpsDifukYgU|3562|55|1
2026-09-24|JVX2ZG-NJVg|7897|64|0
2026-09-24|d-8R2qkJUEw|17671|14|1
2026-09-24|8O77ZsPH7DU|8352|10|0
2026-09-24|ZzDH10GmJCA|5873|58|0
2026-09-24|WJqPmfLrbh4|5708|104|0
2026-09-24|BIg-1YIgd6g|192210|568|108
2026-09-24|vN5SmdNX_Qc|38492|285|2
2026-09-24|qzo1Pe7T4Vk|79058|435|57
2026-09-24|6A71Lg-9CKc|2529|33|1
2026-09-24|-mIrV6Nesa4|2096|10|0
2026-09-24|zQRn0qmFEiU|9004|17|1
2026-09-24|KggddXeSCFU|430|19|2
2026-09-24|JHZd6zC6Q84|88958|196|109
2026-09-24|xJMweDw1Ijw|4529|30|0
2026-09-24|FZFy_lTNvVE|41699|700|30
2026-09-24|sotILakrwoI|22860|289|8
2026-09-24|x398uKa8rAs|29470|375|3
2026-09-24|U9cwhJUKvSs|12549|276|13
2026-09-24|P0yYzKcmzrY|458182|1119|161
2026-09-24|O3JQIZAu1jw|25439|145|0
2026-09-24|OC4oVN3t9ys|74565|575|51
2026-09-24|yevAAH7sjgY|108627|729|5
2026-09-24|vDvTNCLVTvA|1614|11|0
2026-09-24|Zz8omQu3QF0|19966|167|12
2026-09-24|TKM1boGgsJQ|13137|179|2
2026-09-24|DCD2SMajvyM|353310|2517|98
2026-09-24|6XEH6HVkvFk|136126|718|92
2026-09-24|bhsZtPGFU3E|20608|271|43
2026-09-24|pYfyA3tOLWY|682164|8713|793
2026-09-24|MdJjn1PqK6Y|31214|338|4
2026-09-24|GuTqOhk7ONk|3369|16|0
2026-09-24|81tw4OLtYOA|1542224|11687|9408
2026-09-24|PNtSnXekN2Y|4614|22|0
2026-09-24|sFCydkVAosE|13702|66|2
2026-09-24|ygc10Av0gIc|452179|1302|23
2026-09-24|Ad955WsTqNY|19062|265|2
2026-09-24|uCDHn52Da-Q|287988|904|752
2026-09-24|GAWsCgI48jg|259293|530|31
2026-09-24|a65hCCEOvkc|8791|60|2
2026-09-24|Pr3Ls3co27s|7092|64|1
2026-09-24|tUa2h-tcTXc|104598|910|122
2026-09-24|n0VfVeIOYwU|1753|88|7
2026-09-24|nFbVfY07c3s|4924|64|0
2026-09-24|ZF4_ZsJYIcg|28578|170|7
2026-09-24|-e85csGrmj4|136873|337|107
2026-09-24|EQFXa1yVC98|84975|823|89
2026-09-24|TE8GJoyI3o8|3166|62|1
2026-09-24|Y4E0fsAB_Us|4006|49|1
2026-09-24|ykIp0oEj8vE|896|2|0
2026-09-24|yEQwO7cQT3s|22728|90|0
2026-09-24|Lu80utRkOsY|713242|2027|180
2026-09-24|nfQi928x280|11499|47|0
2026-09-24|qqbeB0FgFek|5107|46|0
2026-09-24|-nI8TXBPfmc|32117|278|1
2026-09-24|Rp7o2PLpigc|6133|55|3
2026-09-24|huZhhNw9Ves|16394|54|2
2026-09-24|5xCSSGvW_uQ|12357|63|1
2026-09-24|Y9334x8lYVA|15792|66|2
2026-09-24|zkoc-X6pmjI|1478|5|0
2026-09-24|abZIMDU65OM|2206|14|0
2026-09-24|xqy0U2fLjpI|3159|22|0
2026-09-24|69P2Wx14-yE|691|3|0
2026-09-24|1A_sqHFxEUg|926|3|0
2026-09-24|q6_lfEmLAJA|50327|360|16
2026-09-24|OGv2pefRfsI|576620|3170|155
2026-09-24|TGQ3wO6covk|1624|9|0
2026-09-24|15XNR-oAMiQ|25142|130|1
2026-09-24|bKo9A8JuXcs|172989|1001|70
2026-09-24|WHLl2QyGCIw|4387|63|3
2026-09-24|nAaCJH1DBvM|155812|13|4
2026-09-24|WXfB28CNU9c|22630|193|7
2026-09-24|zNBcuIjCMFs|7116|50|19
2026-09-24|vx7D1MpTdVU|24072|440|0
2026-09-24|cNrosDkJ6NU|31921|136|3
2026-09-24|3tL28ltzC_A|91268|789|20
2026-09-24|16buiT4DK1I|9780|245|7
2026-09-24|PsdQ-PCVY74|139920|324|2
2026-09-24|jea0-hC0XiI|12950|63|0
2026-09-24|QXrSefbc2lA|13184|28|8
2026-09-24|uQ5ii1EZO3k|204374|1797|134
2026-09-24|UskjeMssPAY|852|7|0
2026-09-24|AiJdbrw0ihg|91683|1363|81
2026-09-24|NB5aRd7jBR8|243991|582|70
2026-09-24|hBJl0HBVatY|879420|1891|53
2026-09-24|z6knuZM9OGg|51122|755|31
2026-09-24|IFqJFHV0rok|38363|441|17
2026-09-24|dqNzG_RkliM|7678|32|0
2026-09-24|UizHbzxbgdg|10026|30|0
2026-09-24|QGwfBuRvn8Q|2411|18|1
2026-09-24|4tw4nPrNS4Y|6915|30|3
2026-09-24|-35VEGT6v38|3456|22|2
2026-09-24|tuFe7b7jajU|2718|34|8
2026-09-24|CPBMJAdqU2E|5807|93|0
2026-09-24|vpt1qciSERQ|20797|211|6
2026-09-24|_3Ao7hnC1O0|16675|26|7
2026-09-24|3RSMna4opU0|12694|12|1
2026-09-24|KZX-mzNv1B0|49050|322|145
2026-09-24|m5A-no2y5rw|22561|208|5
2026-09-24|hJ5E6eHJO0Q|23967|234|14
2026-09-24|ACWcmFdoooI|90944|815|97
2026-09-24|x8ymIrfZXTo|11456|62|18
2026-09-24|63Q7D-94C60|34|0|0
2026-09-24|gKaPsv138Bk|218|0|0
2026-09-24|_LQ5DFu-bTM|83876|293|6
2026-09-24|g-3xD03cu8g|42782|145|2
2026-09-24|sPRyyej_VLs|11141|9|1
2026-09-24|K1nv2BQmcuE|15293|17|0
2026-09-24|GueNJq_j5lg|160694|1815|8
2026-09-24|1s5OD2Y6yPs|31156|68|9
2026-09-24|Nj8s9Miw7AA|3413|10|1
2026-09-24|3An5pGsUWG8|34141|46|4
2026-09-24|jDmHA_wULfA|594048|2375|467
2026-09-24|etZIHcjaH8k|22236|109|1
2026-09-24|qkHUxIte4BE|10262|53|1
2026-09-24|eOZuwLbhvi8|165330|444|5
2026-09-24|dvXjPlWYZTg|39385|77|13
2026-09-24|UwrxVpgYgzk|127809|174|1
2026-09-24|H9ehDMGlucc|155616|346|20
2026-09-24|jT6wCyQlyPI|9957|132|1
2026-09-24|AMq7TcWIvmE|565567|1974|251
2026-09-24|p6v30GmHp2E|19605|85|26
2026-09-24|kOuBBjZnCQE|1260|11|0
2026-09-24|A_VefY6zRDI|161670|305|23
2026-09-24|V8Vwr0nId4E|46273|134|6
2026-09-24|QBUrKla0DYo|1685|6|2
2026-09-24|J_Zg8EguRKs|3406|19|3
2026-09-24|qiXVQKp649k|2307|21|2
2026-09-24|tAgvyNK_WO0|5196|22|2
2026-09-24|A4X4tygMleQ|3274|12|1
2026-09-24|G599cUVhOC4|2251|6|1
2026-09-24|S3Lt5lyUBX4|2283|10|1
2026-09-24|T9Z8eSUycso|40943|101|6
2026-09-24|vnb0TewNtEw|6030|30|1
2026-09-24|ggjS80smeQQ|5806|30|1
2026-09-24|zX6gOnw1hgQ|364153|3384|354
2026-09-24|6MwkLYWoeS0|175245|632|81
2026-09-24|4HsK_-QQE5Y|373329|926|44
2026-09-24|yR6A9XtnPs0|53852|150|150
2026-09-24|oVXwUnd5Q9A|104280|829|180
2026-09-24|hN7mbVKLSsA|82969|435|273
2026-09-24|zmHGyUJ8Bko|147319|1099|170
2026-09-24|rrtT_Q6EH1g|2235|5|0
2026-09-24|ZHS7EQllvXg|161522|1036|846
2026-09-24|trnQ7dvE1t0|59077|663|90
2026-09-24|5nR_9GozJD8|62805|547|19
2026-09-24|gRk7VLMEd88|417001|873|147
2026-09-24|zMlYt7MVIWE|169253|1623|561
2026-09-24|D3wvC2VMaIM|1605|2|0
2026-09-24|Ents4zpbgmk|208|0|0
2026-09-24|ko90LrM7h44|14802|88|0
2026-09-24|feYGFdXmiTc|13158|164|4
2026-09-24|YOUTbNpoFSc|16301|73|3
2026-09-24|zs9rbbWnabE|184699|2332|36
2026-09-24|bgvMfAc2UUw|23016|187|4
2026-09-24|9wF7zd0nBvA|221938|941|186
2026-09-24|-L1ezEDzA8A|476421|4928|410
2026-09-24|_u6J6o4uJ-k|14992|65|6
2026-09-24|wtSEtWQYM8E|374336|3212|72
2026-09-24|YvPMi2VbZjo|34778|30|0
2026-09-24|5elgntIjGu4|33847|151|1
2026-09-24|QGsRfEZtn4U|23133|131|0
2026-09-24|rzjRZybjaKE|14086|152|0
2026-09-24|gJa5ZPOIHSU|25540|131|0
2026-09-24|7rrNoOctYgA|37444|332|1
2026-09-24|Z49lMut2CnY|9648|74|0
2026-09-24|XPlvGMIK8wg|15046|119|2
2026-09-24|p5Q2XqL0y_4|19533|260|4
2026-09-24|R1dosdJlnCI|997279|5126|106
2026-09-24|iyF6lixZhyU|18512|46|4
2026-09-24|nRjOO8SbrMs|2577|6|0
2026-09-24|uGttLeDs7eU|13691|104|77
2026-09-24|FcfJk-1YlcA|1176|5|0
2026-09-24|hU-4TTpLl3w|15189|21|4
2026-09-24|_DvVMl7AQOU|434889|979|345
2026-09-24|PM9PYyNMX08|118630|447|12
2026-09-24|YHIEzhxNnmE|2944|11|0
2026-09-24|J_Ig46zoDVE|362241|1931|2
2026-09-24|EzsrgKzqUqw|30447|36|3
2026-09-24|d5JqZxXGVJ8|4812|56|3
2026-09-24|O8Xyy-KEOw4|955735|1714|68
2026-09-24|TNGdktR_E9I|174302|568|30
2026-09-24|VZcwPfEa2ls|2388|29|1
2026-09-24|HVIn8XyPbZg|91402|293|13
2026-09-24|WxpMRo81h9o|4815|34|2
2026-09-24|B-uU51xCD4Q|13340|75|1
2026-09-24|YuYmr8wZkFY|2098|22|1
2026-09-24|O8eozdRYGPU|2535|17|2
2026-09-24|w47WLVT7Utk|3437|40|4
2026-09-24|MZdKVlFz62U|53596|223|1
2026-09-24|7faUUqjnLRU|3171|27|2
2026-09-24|YS-wGw2r6jo|26142|143|2
2026-09-24|KbYf5TaBRzE|245442|953|122
2026-09-24|acrxjcS5ksw|48307|148|38
2026-09-24|PbqZ9vt-2wQ|59699|227|17
2026-09-24|Yt1cBf1Bf48|65565|154|17
2026-09-24|cELasRZeCiA|56780|552|33
2026-09-24|59Q-qxjBNTA|106547|211|12
2026-09-24|VEToVzEkA4U|804855|3220|837
2026-09-24|eojlyG1oa2s|214224|1188|67
2026-09-24|9XvjUGVBVwc|1998|13|2
2026-09-24|2M-R9KONE9E|4522|12|0
2026-09-24|trg0FfiHois|16831|243|8
2026-09-24|b6k3ObYS7og|174800|863|36
2026-09-24|6tPZf1mEUhc|2761|48|3
2026-09-24|alPwrAXZdfY|1793|26|1
2026-09-24|EUFMXKZ0mQs|174389|411|52
2026-09-24|eCwr3Wj4_hg|55731|173|42
2026-09-24|Dy0nLdE1HB8|96055|288|31
2026-09-24|vEwAUc1VqL8|49918|173|53
2026-09-24|-ysZGtUoeU0|81213|211|19
2026-09-24|SufTEG9VHTo|1026369|3809|389
2026-09-24|qejtE4RG9CQ|50348|121|69
2026-09-24|MFCYLvIz0_g|19174|40|2
2026-09-24|aQBdr7tWiTk|2031|0|0
2026-09-24|DcST-XbCuCI|1151332|4487|2874
2026-09-24|OGOgS3hpbz4|1565|0|0
2026-09-24|pbb9CNXnW3M|1239|0|0
2026-09-24|c8Tet05wTbo|23|0|0
2026-09-24|MOdmOgKLApY|201|0|0
2026-09-24|K2Y9rpvvDmg|27|0|0
2026-09-24|Oh_oWMRxJCQ|139439|479|57
2026-09-24|Qw2iuXhhYvM|353146|694|109
2026-09-24|6IkBRIBvqYM|2548|24|1
2026-09-24|q0F02ghVrkI|3558|38|0
2026-09-24|uvcpylgYDSU|1733419|266562|14326
2026-09-24|OgT6B9BADYo|601|5|0
2026-09-24|bSP2va2xnpk|49545|157|8
2026-09-24|0gY3htNKFac|1228430|1730|90
2026-09-24|z3Ahmc020rk|76092|212|33
2026-09-24|P1lRQfd9L2s|76638|243|30
2026-09-24|vqmdVzeUNMw|34998|330|2
2026-09-24|O0wuJqTbGtQ|186987|509|28
2026-09-24|CDb5vioYlaY|41052|699|75
2026-09-24|siEy9NCxeb0|160425|375|12
2026-09-24|cCCIee7YrT0|100431|296|20
2026-09-24|1eBcHqNsU_I|36267|89|18
2026-09-24|emZHAPV7NZk|186790|384|116
2026-09-24|PPbnjINdqBw|326185|732|60
2026-09-24|bhTTvROClP8|44010|154|22
2026-09-24|6VOGsnwi-Jw|162080|464|105
2026-09-24|0x0ZIkiOy2w|44103|395|18
2026-09-24|ipp2WYmFJQ4|13736|304|9
2026-09-24|aX8jyuIoZfQ|5015|25|1
2026-09-24|RxCRG3FDJuU|3243|42|3
2026-09-24|LjTXDI-9sw8|45247|65|0
2026-09-24|rsmoIsRLOgo|10145|40|1
2026-09-24|QVt8epfNxbI|21166|159|4
2026-09-24|UNt9_KQ3GFI|82609|200|10
2026-09-24|6vujmmlCWOA|257447|2884|175
2026-09-24|9KWiMOLqpBs|471644|2480|36
2026-09-24|ryAzSC6irkU|25507|180|4
2026-09-24|kS4magpMnnY|6178|42|2
2026-09-24|DFJTeQvp05M|120037|606|5
2026-09-24|D2c1J5oMP5E|25069|69|7
2026-09-24|T9Un9P61KaI|1997|19|1
2026-09-24|qZT5eUgVQv8|4701|45|1
2026-09-24|N1zaA407Qy0|43474|78|6
2026-09-24|OUC675XZJVA|211334|398|17
2026-09-24|z0ihuKDvr4U|1268928|4732|1503
2026-09-24|73DF6Z6dAYo|38557|57|48
2026-09-24|yECDMZJqqhg|5446|40|1
2026-09-24|-J83elSvWNE|8569|63|1
2026-09-24|tsRPpGVmRi4|15559|35|0
2026-09-24|ooJP6-l_QOs|522100|12184|686
2026-09-24|A0xPLoJilB8|65071|178|16
2026-09-24|ezRoEK2ttw0|5299540|34345|2082
2026-09-24|6W1TR9w2BE4|27086|54|6
2026-09-24|ia2jmMeNGLE|18987|209|18
2026-09-24|jk0eUFNxF3w|126145|640|0
2026-09-24|uUW2uyyWzdY|1885466|3043|255
2026-09-24|QrHPsUiJILQ|262033|1866|44
2026-09-24|X35K6yI0Wpc|427909|3573|77
2026-09-24|s3BIHLakSpM|29461|15|0
2026-09-24|tZwguHBR9Zo|1096797|1383|54
2026-09-24|MazrywC5DiY|31164|589|3
2026-09-24|vVJMGGxhOjo|16168|54|1
2026-09-24|quuNvc0__qc|33908|211|2
2026-09-24|mxVmBKuqEmA|24984|123|2
2026-09-24|n7rktQvsK1M|11963|71|2
2026-09-24|yWJRTxpP52M|555390|4857|652
2026-09-24|Jint7t-Mb54|68325|96|14
2026-09-24|bgfX4HXTd4w|131069|423|57
2026-09-24|7Y14e-mEopw|21277|286|3
2026-09-24|YFbCgHojt4M|236294|719|156
2026-09-24|vXjt4R9aYOM|443132|937|42
2026-09-24|0zmuB7W-nW0|21681|146|1
2026-09-24|fD07gcGTy6g|94785|487|7
2026-09-24|ldQE4WWFZ9Q|78712|377|45
2026-09-24|O2MlWkpe5_Q|59094|156|10
2026-09-24|0LEUD19OdYs|86399|237|28
2026-09-24|NQJjtdMlI3U|110600|305|34
2026-09-24|XI32Aza-cvw|83290|338|45
2026-09-24|Xh7Cd-TNRuE|36435|186|68
2026-09-24|3xTet9NRY2c|50839|451|4
2026-09-24|Mozzg8YS2vg|141986|496|47
2026-09-24|Tnz2aUEziR0|17304|227|16
2026-09-24|i7LbkR4Iggk|36327|313|3
2026-09-24|z9hj7ggJ-Xw|418814|4273|233
2026-09-24|B7RBS6tKzbI|196402|502|45
2026-09-24|JRFzrY0UfSU|330|1|0
2026-09-24|RBbaKKC6qYE|334563|1357|178
2026-09-24|4bk7O4ToXro|194572|589|49
2026-09-24|CTjCAAOgHgI|61957|129|30
2026-09-24|KqG3-vTGrEw|146093|706|64
2026-09-24|NsRkW1-pbmE|78866|173|18
2026-09-24|B8o4Lk8-ir0|75010|240|7
2026-09-24|DGV8bhCUqFM|104237|421|24
2026-09-24|FDTR_2blPdo|166110|601|60
2026-09-24|qoy_PSQ5oCs|59921|369|5
2026-09-24|NS0O9ilsIYk|11082|38|0
2026-09-24|HtgxW1GOy9k|27010|165|3
2026-09-25|rC0kOA2qKzw|77354|346|14
2026-09-25|i-sy1RRgTik|6586|133|0
2026-09-25|nDkPm4pELvw|246120|1030|94
2026-09-25|57CvNA9pXq4|72646|440|18
2026-09-25|Ockk2HPXO9o|35393|231|3
2026-09-25|koU0s7to5Os|150619|1150|27
2026-09-25|Y0unNViVfQo|21414|186|8
2026-09-25|zqpIQc64zPQ|78275|438|42
2026-09-25|RxehZT9ejk0|68667|494|9
2026-09-25|H_NVzVlvJsw|103449|1038|50
2026-09-25|erTg1G5izSA|69010|649|19
2026-09-25|rXasRdN1jXI|57166|560|16
2026-09-25|zNRGtiv27ps|74693|641|10
2026-09-25|DuEKPTi7A9Q|219180|1875|109
2026-09-25|YOcpLe2gomI|166|1|0
2026-09-25|b1f9CZO6DB8|260253|694|101
2026-09-25|UCrJoSbAuKQ|1019517|3840|221
2026-09-25|dFXXLvTBexc|63005|163|115
2026-09-25|oGeua2VCK0g|283877|1580|186
2026-09-25|dLRtkL9SEUM|117066|892|74
2026-09-25|H16X0414rZM|87900|391|17
2026-09-25|gXhXM9hEIvo|161|4|0
2026-09-25|YbCDYu6qM8Q|111677|1016|409
2026-09-25|bgioMqct-jE|14469|160|15
2026-09-25|VaNDKJ4X_rM|10861|18|1
2026-09-25|U_U2YzjtP3c|3496|20|1
2026-09-25|fGfN5mZpue0|10667|82|34
2026-09-25|CWSLcUW78s4|2787|19|0
2026-09-25|SOEZy8tilOk|1196|12|0
2026-09-25|00OOkw9Otqs|108850|661|626
2026-09-25|A_84PmNC3u8|547|2|1
2026-09-25|og09paKc82s|6046|11|1
2026-09-25|_IaQ1pj7XSI|4710|14|0
2026-09-25|gzg84EnzPdM|7313|153|8
2026-09-25|fDdq5CuDdwU|4140|17|6
2026-09-25|Xy66g3RVcn0|3078|12|4
2026-09-25|TX4muB_u9Hs|1175|2|0
2026-09-25|kNi9Pm0UvJ4|1368|14|0
2026-09-25|fWXLLHN_AXc|1252|4|0
2026-09-25|0yozRdOsugg|27129|86|7
2026-09-25|dio9nadT3xs|5638|27|5
2026-09-25|92guCM0NsA0|71870|341|58
2026-09-25|PHkxLgDZOFk|1741|0|0
2026-09-25|arCdeMcD6dI|9324|26|0
2026-09-25|H84b0gNUozg|275591|246|41
2026-09-25|N90Iamdb-60|741257|2030|37
2026-09-25|WBXPNvzSlYg|1969|19|1
2026-09-25|F_y3adkIGj0|466498|1504|208
2026-09-25|EjO8Hk1i4i0|616057|1717|42
2026-09-25|zBBH63k4Prc|383890|1119|80
2026-09-25|3E-MHoFIZcA|22502|332|4
2026-09-25|uPdCiFwynv4|318313|571|15
2026-09-25|a519-EQuOP0|29762|174|2
2026-09-25|UcRtBeJB54Q|19870|66|0
2026-09-25|CzTcZFo5X-I|23917|239|0
2026-09-25|jQtTgbO_hQc|16492|155|0
2026-09-25|jRR1-yuOdyY|4122|207|1
2026-09-25|WU3GQb9kC8o|17824|140|0
2026-09-25|YPFw8LmV9lE|8593|187|0
2026-09-25|F0yXnVXg_5c|39602|182|6
2026-09-25|3t9Umw-dZnQ|5782|29|4
2026-09-25|D9Qfi4DU_FI|1143394|13649|1851
2026-09-25|ycEAj3VPX0E|236073|2557|200
2026-09-25|hTOw0FmYQsg|4098|163|10
2026-09-25|vzLP0Sb8hME|16393|172|3
2026-09-25|hQ09PLcoAdE|127548|1458|141
2026-09-25|rpfYwTj5MBQ|8051|144|5
2026-09-25|u_lGEvSgkoU|7402|173|13
2026-09-25|UxI52T1D1QM|459530|913|127
2026-09-25|gnwzvmta50o|493016|1002|261
2026-09-25|Vv4FshI8lwU|293722|2328|537
2026-09-25|92_FDraPIxE|455|0|0
2026-09-25|Nu2_ks5HTD0|162298|499|95
2026-09-25|HRuhYAIlBSA|4|0|0
2026-09-25|KQM9hYlMXsI|3726305|0|3230
2026-09-25|r3jSwIm9LQc|1674|4|0
2026-09-25|zSWJHPsFQd0|67|1|0
2026-09-25|SNUGC77Spc8|173|7|0
2026-09-25|9njp_B-oR7s|672|7|1
2026-09-25|_nmLoCji5yo|662356|625|31
2026-09-25|gHJUpWGCR-I|5078|91|0
2026-09-25|UpH4L-eexcM|5786|28|0
2026-09-25|XiJ5MW6aqIs|4961|31|0
2026-09-25|05tyg-TW6LI|4981|8|2
2026-09-25|LNy9zMOIyKw|6471|17|0
2026-09-25|MCy8Fqmiqmc|4574|23|0
2026-09-25|CgdCMKeuhiI|7946|5|1
2026-09-25|W1T1ENyCc98|10002|3|0
2026-09-25|Fv6hE7c1ZQk|9098|10|1
2026-09-25|RAh_h3W705Y|7571|20|0
2026-09-25|l2zA-d_zdnE|15863|37|9
2026-09-25|xZxce8QLCzw|10780|7|0
2026-09-25|uLRvgH0WSDQ|7473|31|1
2026-09-25|aq3K85FGD0E|5247|21|0
2026-09-25|24gYjW7z3r8|7209|1|0
2026-09-25|_4YkR2sOn_Y|9129|0|0
2026-09-25|KkyQTYm2g58|1354|25|1
2026-09-25|R9BBqy9GvSw|1340|20|1
2026-09-25|Wt4vopHYVZk|3276|66|0
2026-09-25|7qImJAjmvgg|1116|28|2
2026-09-25|y2-0UF35FDU|9351|37|1
2026-09-25|_AnZuGaXJ_U|11449|5|0
2026-09-25|e-Ojdd5qewk|2382|51|0
2026-09-25|45CLG3w0FcI|9650|10|0
2026-09-25|lfk1q2RTnDg|7|0|0
2026-09-25|D4TnCyzXg4k|3|0|0
2026-09-25|QdF58mDmkFg|2|0|0
2026-09-25|aDZpzNMOB2w|3|0|0
2026-09-25|KEoTHL8Pz2k|32|0|0
2026-09-25|4PN-weOMA1A|17|0|0
2026-09-25|5M8Ifb1U2vs|39140|550|2
2026-09-25|5eobQHsdqwU|4553|15|1
2026-09-25|L7UTyQVR_ts|19104|271|3
2026-09-25|K7yc7nWCah0|7366|107|8
2026-09-25|Hs6i4LQvWao|8514|71|1
2026-09-25|Ut1Uj7mAJ6A|16046|94|2
2026-09-25|3IAtA-rucmc|52432|157|23
2026-09-25|OK_VkQa7F9Y|55252|1052|65
2026-09-25|GNDRhoR2XsM|82673|690|0
2026-09-25|EOKcp-WvWhQ|6412|156|0
2026-09-25|gpcf7wwioYQ|41884|222|7
2026-09-25|K5gJTC7qLls|26123|85|9
2026-09-25|WeGX2Zdcsoo|18867|13|0
2026-09-25|mWVyr1UEalE|1577|12|0
2026-09-25|A1fbyvR9DSg|485844|636|55
2026-09-25|t-6d4hr1Iso|37700|89|6
2026-09-25|_wiyCZB7Sv0|309431|917|68
2026-09-25|Y0o8wnTcCsM|13220|73|4
2026-09-25|ckEkCacMIiA|155810|489|19
2026-09-25|F4x8pwbMH0M|24620|98|31
2026-09-25|Mg_t74uCJwM|57495|280|7
2026-09-25|rFRHaqz55_s|1334759|5810|484
2026-09-25|Mq3JeeCSFOk|27691|143|12
2026-09-25|p79OmUwOLY4|289958|2923|395
2026-09-25|XxESEsLgZA4|757268|4594|685
2026-09-25|QlrBAF-A4B4|221870|1419|55
2026-09-25|es1544GGRoM|28004|195|1
2026-09-25|YjzKW6tGIHo|10879|60|0
2026-09-25|k1N5RkUzEk4|11610|38|3
2026-09-25|-riazWEe3Ik|196524|2179|200
2026-09-25|8kE2T75QGWI|227007|538|91
2026-09-25|n-xjZWHQzXw|4371|35|3
2026-09-25|wnEvslpjGZ8|8219|58|0
2026-09-25|WVnZNI2ghW4|14617|17|1
2026-09-25|D765ZPYpbvs|2677|17|0
2026-09-25|LxlTwNX0EV0|39987|193|74
2026-09-25|-pOWXSqTxF0|47912|206|39
2026-09-25|mE8yrHFjatQ|76590|651|170
2026-09-25|LfZdOUD5mRk|1225|4|1
2026-09-25|QQqv6hwIJBw|13168|15|3
2026-09-25|byH09jXvaVI|13396|74|1
2026-09-25|HNE73vND-p4|5269|3|0
2026-09-25|-DTlIWK6do8|11444|47|1
2026-09-25|7nsH_BYM4aM|7112|21|0
2026-09-25|c7SMJXXM3I0|15391|16|0
2026-09-25|I1opcHDBQVw|10487|29|1
2026-09-25|CPjn22o97VA|8349|1|4
2026-09-25|iuazwzDUiO0|13193|5|0
2026-09-25|zUL-IYUutjM|5462|29|3
2026-09-25|m6ff0uD36Q8|47755|373|40
2026-09-25|mCMu2VaT7Pk|1606|5|0
2026-09-25|RzoYKmRE64A|1476|7|0
2026-09-25|GcZ9XSxXrlw|6425|21|18
2026-09-25|qOQ60xLinFY|4083|15|0
2026-09-25|5s59iCsv4IY|80106|2553|269
2026-09-25|Yd7Og8fF6dY|254236|633|66
2026-09-25|gkSeD_ZLlEg|46199|81|4
2026-09-25|sC_OTIZObiU|289419|1053|157
2026-09-25|cF_c1MRfucE|122891|496|52
2026-09-25|ff-R1sNjowE|174807|1105|335
2026-09-25|gwGZsSnxqGw|29027|280|5
2026-09-25|boGkRFsG890|12845|44|0
2026-09-25|YwCbVweVf_k|4305|22|0
2026-09-25|OagTRZi-zNk|5179|194|6
2026-09-25|LQWiMzu6h4E|12612|137|4
2026-09-25|RHQLhp4L39I|3083|42|0
2026-09-25|mvBF1LqI5uI|1145|14|0
2026-09-25|8iffW9UkIvI|2150|23|1
2026-09-25|S_4n3-5WE9o|5598|27|0
2026-09-25|tSCUiOBbS2M|3449|13|1
2026-09-25|9Wa2ud4TLRY|46432|1334|32
2026-09-25|jfYpFI7Amj8|220916|437|36
2026-09-25|TNtsY3KZ7HA|15558|95|2
2026-09-25|Um9FH0CFK7A|5048|3|0
2026-09-25|FZ7pIV1Qzew|101977|539|0
2026-09-25|aJ5NKOzcxTE|313689|16|0
2026-09-25|1TL8IXXTgpk|12|0|0
2026-09-25|oM5T6llg75k|2339|54|8
2026-09-25|XTev-MpViq8|41385|10|0
2026-09-25|tMsY4hhjo1A|26257|144|64
2026-09-25|_pnrY51GOOk|11836|18|2
2026-09-25|zZwUVzxqOIg|4866|22|0
2026-09-25|8Cy4Jo-96Wk|369085|48|80
2026-09-25|pMIJJJtg9Ek|32162|124|213
2026-09-25|c2RGlmvzg1s|13206|180|5
2026-09-25|gRKCHk06E9U|4552|42|2
2026-09-25|asRlQpC9NYw|9285|25|7
2026-09-25|PRldmvpUE1M|26756|201|39
2026-09-25|nnT7hBpynJg|13263|150|17
2026-09-25|N6MzUQMClKE|19664|165|4
2026-09-25|g0fxXUA6exc|454834|1992|48
2026-09-25|uQ-HT1tEnRs|86334|1075|39
2026-09-25|PxFggJ8t2EM|21|0|0
2026-09-25|PPGHV8t03F0|8|0|0
2026-09-25|pxg8UryxiWc|192813|1071|96
2026-09-25|Dcm5Gldztlg|29074|411|14
2026-09-25|3qaWa_tR6F4|4079|76|2
2026-09-25|MruUJmL_Bjk|4930|71|2
2026-09-25|gvzaD6v0Jo4|2230|40|1
2026-09-25|3Z6HSaYlOKs|2137|18|1
2026-09-25|GDJ4wcdocVM|2766|31|3
2026-09-25|-NhxJRAqBow|24468|80|4
2026-09-25|fm-78eFgK20|74054|160|9
2026-09-25|B-cCMhDLDso|81274|1570|50
2026-09-25|A6iz5L8tyUQ|2683|39|0
2026-09-25|AkFVy8lo1p4|16917|26|1
2026-09-25|mbgXx4Tb7uQ|6930|9|1
2026-09-25|O6KIZcy1J4w|9088|13|3
2026-09-25|5Q77wBUHJoA|4259|29|0
2026-09-25|WoQ7rdSzXFI|31462|477|7
2026-09-25|eZ-jBXmDNhw|19405|130|0
2026-09-25|cNlSFQZzh-Y|11891|213|15
2026-09-25|9v3Auxg8vww|1603|7|0
2026-09-25|3RwRrxiG5j4|1718509|35793|1544
2026-09-25|jHpuEGZ8fbo|614260|5520|2571
2026-09-25|ZEBkfRxoHbQ|1116513|8256|1987
2026-09-25|ZN02P7uvMiU|37831|4546|228
2026-09-25|C-NKIKiQCNE|1925526|7743|1056
2026-09-25|eXuxEdVIZnE|81473|119|3
2026-09-25|XStBaE8Rp6Q|336034|911|47
2026-09-25|NM7DwDhurhc|25926|329|63
2026-09-25|y4WWxbasOPA|2504|69|16
2026-09-25|ho2Rc8hXr3U|27330|302|9
2026-09-25|gwXWeR7t2No|75370|1567|190
2026-09-25|yevAAH7sjgY|117371|760|5
2026-09-25|MdJjn1PqK6Y|34140|347|4
2026-09-25|DCD2SMajvyM|376201|2627|103
2026-09-25|Zz8omQu3QF0|21132|174|13
2026-09-25|3XvwOoxVwNA|40523|262|3
2026-09-25|sotILakrwoI|24771|307|8
2026-09-25|4n28FE0K6PI|652|0|0
2026-09-25|bhsZtPGFU3E|24655|297|50
2026-09-25|BIg-1YIgd6g|200260|590|108
2026-09-25|cCGpi3wfy6A|961|1|0
2026-09-25|pYfyA3tOLWY|801644|9523|966
2026-09-25|z3ESJEl_KAg|258|2|0
2026-09-25|fLlx1f5VkJs|175289|821|40
2026-09-25|Kr68zihTmoU|22154|66|13
2026-09-25|zSpPhaNMAlE|3|0|0
2026-09-25|AhK6DPZFRXw|434137|4750|197
2026-09-25|viBSSahidFI|682426|2664|460
2026-09-25|FZFy_lTNvVE|51227|803|33
2026-09-25|AvpIFJigz7A|6890|107|2
2026-09-25|L6TbyHJQxCE|29636|327|1
2026-09-25|HHRdGAY8aQ0|9070|40|1
2026-09-25|jW43SZM8oAs|141455|671|2
2026-09-25|rMtA_Yy0wpE|3612|27|0
2026-09-25|nNAAjWU7Rj4|9147|71|3
2026-09-25|O3JQIZAu1jw|29875|154|0
2026-09-25|x398uKa8rAs|35885|381|3
2026-09-25|P0yYzKcmzrY|500434|1194|170
2026-09-25|TKM1boGgsJQ|16399|211|2
2026-09-25|OC4oVN3t9ys|74938|575|52
2026-09-25|7O4_GZejfpw|155|0|0
2026-09-25|Ds3CkNmFRlc|81|0|0
2026-09-25|PlPCLn1Pu08|57520|189|18
2026-09-25|ItnNUvuGoJ8|15076|133|56
2026-09-25|LIuxBJvx8zE|20448|17|2
2026-09-25|Lsp8cn6uP94|3129|17|0
2026-09-25|_D9aPDn5dMI|7207|184|6
2026-09-25|Nb19nQR46aI|1844|14|0
2026-09-25|Um-M2hvgPys|4222|9|2
2026-09-25|RzyGc-qkuLg|4445|14|0
2026-09-25|QKhODCIAMaA|15899|23|3
2026-09-25|xJMweDw1Ijw|4604|32|0
2026-09-25|VImEJNcAyoE|43596|643|12
2026-09-25|jimKbdT1r0k|9371|135|0
2026-09-25|i2hamrZC8Ws|22757|48|4
2026-09-25|okEDN-bKBSk|2120|40|0
2026-09-25|x7grcwmqatg|191298|1649|70
2026-09-25|qMtHQIcZwa4|28207|22|9
2026-09-25|vyH-PsdVrhU|7350|232|6
2026-09-25|qen-eR1oqB8|33953|99|58
2026-09-25|nFw4GeeHeUY|15489|197|4
2026-09-25|2HMzu1U_huU|111416|467|35
2026-09-25|-OXyGh2AGiE|1602|3|1
2026-09-25|1j8VnwzpZOM|33621|864|27
2026-09-25|u8HhSfqSWZQ|1871|3|0
2026-09-25|ho2upUeAh8w|150466|267|29
2026-09-25|x21OtTOOraM|134843|337|44
2026-09-25|gSnAKdiZ_ww|929|7|1
2026-09-25|eZuCv_FkepM|3048|13|0
2026-09-25|8v6D7gOXhqQ|1469|4|1
2026-09-25|mAE64SG_K3o|61680|739|14
2026-09-25|qJsim2riz_k|8250|45|6
2026-09-25|YT1wNL8gIM0|2400|8|1
2026-09-25|EJ1Aoz8SbH4|2566|19|2
2026-09-25|8B40h-5uHoE|5927|24|1
2026-09-25|hBXiwCMPA9o|2251|17|2
2026-09-25|59Y0cm5sa1I|7333|47|0
2026-09-25|JHZd6zC6Q84|139251|238|161
2026-09-25|FYQ-ZIEvVSs|55995|222|4
2026-09-25|OV2mzCq5qtA|282981|1172|51
2026-09-25|e38mHPZuUDI|582801|3899|384
2026-09-25|6A71Lg-9CKc|3100|35|1
2026-09-25|-mIrV6Nesa4|2865|15|0
2026-09-25|zQRn0qmFEiU|9527|17|1
2026-09-25|KggddXeSCFU|467|21|2
2026-09-25|6XEH6HVkvFk|168097|933|114
2026-09-25|8LBTw7XxONs|6535|29|2
2026-09-25|U9cwhJUKvSs|16166|357|19
2026-09-25|vDvTNCLVTvA|1740|13|0
2026-09-25|EVKxQFoCVYU|555113|1987|187
2026-09-25|gpsDifukYgU|3667|55|1
2026-09-25|apKgZaNbg58|157803|371|326
2026-09-25|5drgHpz-9no|5004|7|2
2026-09-25|jAZFXBp6KP0|1995|17|1
2026-09-25|iu1oeFHpDSg|338081|1450|691
2026-09-25|TxoQFRIfhCE|8620|149|0
2026-09-25|U6ivbTm18Qo|25443|139|3
2026-09-25|vN5SmdNX_Qc|41158|298|2
2026-09-25|qzo1Pe7T4Vk|86986|456|58
2026-09-25|lO3sgTg5vYg|5279|57|0
2026-09-25|JVX2ZG-NJVg|8174|66|0
2026-09-25|zgS7f6OR1CI|1999|32|1
2026-09-25|yVEJgXuW1B8|75229|566|4
2026-09-25|WJqPmfLrbh4|5958|106|0
2026-09-25|ZzDH10GmJCA|6147|59|0
2026-09-25|8O77ZsPH7DU|11190|12|0
2026-09-25|d-8R2qkJUEw|19223|19|1
2026-09-25|7831JWXroKI|489072|2281|36
2026-09-25|aTcfHTM68No|2827|25|2
2026-09-25|kSY0RM35WQA|2171|33|1
2026-09-25|nFbVfY07c3s|5037|66|0
2026-09-25|nfQi928x280|13347|49|0
2026-09-25|Rp7o2PLpigc|6848|65|3
2026-09-25|huZhhNw9Ves|17785|54|2
2026-09-25|-35VEGT6v38|3701|23|2
2026-09-25|5xCSSGvW_uQ|15529|63|1
2026-09-25|4tw4nPrNS4Y|7340|31|3
2026-09-25|ZF4_ZsJYIcg|29620|174|8
2026-09-25|TGQ3wO6covk|5067|11|1
2026-09-25|xqy0U2fLjpI|3676|22|0
2026-09-25|TE8GJoyI3o8|3659|65|1
2026-09-25|dvXjPlWYZTg|41381|79|14
2026-09-25|QGwfBuRvn8Q|2519|20|1
2026-09-25|GueNJq_j5lg|163834|1849|8
2026-09-25|zNBcuIjCMFs|8437|54|20
2026-09-25|WXfB28CNU9c|30368|229|13
2026-09-25|nAaCJH1DBvM|208171|13|4
2026-09-25|abZIMDU65OM|2322|14|0
2026-09-25|zkoc-X6pmjI|1501|5|0
2026-09-25|ykIp0oEj8vE|918|2|0
2026-09-25|69P2Wx14-yE|711|3|0
2026-09-25|WHLl2QyGCIw|4568|66|3
2026-09-25|1A_sqHFxEUg|965|3|0
2026-09-25|Y4E0fsAB_Us|4629|56|1
2026-09-25|hBJl0HBVatY|1258942|2647|65
2026-09-25|PNtSnXekN2Y|4700|22|0
2026-09-25|81tw4OLtYOA|1597539|12058|10780
2026-09-25|eOZuwLbhvi8|169143|452|6
2026-09-25|3tL28ltzC_A|104940|888|20
2026-09-25|UwrxVpgYgzk|128967|175|1
2026-09-25|3RSMna4opU0|13389|13|1
2026-09-25|PsdQ-PCVY74|170227|370|3
2026-09-25|ygc10Av0gIc|484980|1395|24
2026-09-25|_3Ao7hnC1O0|18437|29|7
2026-09-25|x8ymIrfZXTo|13298|69|21
2026-09-25|q6_lfEmLAJA|51535|365|17
2026-09-25|vx7D1MpTdVU|25892|444|0
2026-09-25|QXrSefbc2lA|14505|34|8
2026-09-25|-nI8TXBPfmc|34062|290|1
2026-09-25|6MwkLYWoeS0|178107|639|81
2026-09-25|GuTqOhk7ONk|3460|16|0
2026-09-25|a65hCCEOvkc|9583|66|2
2026-09-25|Pr3Ls3co27s|8508|71|2
2026-09-25|tUa2h-tcTXc|112813|949|127
2026-09-25|n0VfVeIOYwU|1829|88|9
2026-09-25|EQFXa1yVC98|93754|868|93
2026-09-25|15XNR-oAMiQ|25850|130|1
2026-09-25|Y9334x8lYVA|19145|78|3
2026-09-25|qqbeB0FgFek|5139|46|0
2026-09-25|-e85csGrmj4|142678|353|113
2026-09-25|UskjeMssPAY|871|7|0
2026-09-25|H9ehDMGlucc|170377|381|21
2026-09-25|sFCydkVAosE|14125|69|2
2026-09-25|GAWsCgI48jg|273411|543|31
2026-09-25|Lu80utRkOsY|784975|2119|186
2026-09-25|uCDHn52Da-Q|323602|973|797
2026-09-25|tuFe7b7jajU|2961|37|8
2026-09-25|jDmHA_wULfA|627139|2442|482
2026-09-25|UizHbzxbgdg|10935|31|0
2026-09-25|1s5OD2Y6yPs|35645|75|10
2026-09-25|63Q7D-94C60|55|0|0
2026-09-25|zX6gOnw1hgQ|385323|3480|363
2026-09-25|G599cUVhOC4|2278|6|1
2026-09-25|T9Z8eSUycso|43704|109|9
2026-09-25|3An5pGsUWG8|61631|130|5
2026-09-25|V8Vwr0nId4E|48393|138|6
2026-09-25|A_VefY6zRDI|171814|332|24
2026-09-25|hJ5E6eHJO0Q|24955|251|15
2026-09-25|QBUrKla0DYo|1705|6|2
2026-09-25|m5A-no2y5rw|23322|213|6
2026-09-25|KZX-mzNv1B0|76621|403|199
2026-09-25|z6knuZM9OGg|54752|802|33
2026-09-25|IFqJFHV0rok|39710|453|17
2026-09-25|g-3xD03cu8g|42891|146|2
2026-09-25|_LQ5DFu-bTM|95449|310|6
2026-09-25|16buiT4DK1I|12192|290|7
2026-09-25|ggjS80smeQQ|6001|32|2
2026-09-25|vnb0TewNtEw|6085|30|1
2026-09-25|J_Zg8EguRKs|3490|20|3
2026-09-25|S3Lt5lyUBX4|2309|10|1
2026-09-25|etZIHcjaH8k|28423|122|1
2026-09-25|gKaPsv138Bk|236|0|0
2026-09-25|CPBMJAdqU2E|6058|95|0
2026-09-25|sPRyyej_VLs|12302|12|1
2026-09-25|dqNzG_RkliM|8187|33|0
2026-09-25|NB5aRd7jBR8|252019|602|70
2026-09-25|AiJdbrw0ihg|104556|1379|81
2026-09-25|Ad955WsTqNY|19087|265|2
2026-09-25|yEQwO7cQT3s|23689|95|0
2026-09-25|OGv2pefRfsI|597925|3230|155
2026-09-25|cNrosDkJ6NU|39424|162|5
2026-09-25|jea0-hC0XiI|13298|63|0
2026-09-25|kOuBBjZnCQE|2710|15|0
2026-09-25|p6v30GmHp2E|20782|86|30
2026-09-25|jT6wCyQlyPI|10426|141|1
2026-09-25|AMq7TcWIvmE|568864|1978|248
2026-09-25|uQ5ii1EZO3k|218230|1922|139
2026-09-25|qkHUxIte4BE|13165|59|1
2026-09-25|bKo9A8JuXcs|191829|1104|71
2026-09-25|vpt1qciSERQ|21835|218|6
2026-09-25|Nj8s9Miw7AA|3542|11|1
2026-09-25|tAgvyNK_WO0|5336|23|2
2026-09-25|A4X4tygMleQ|3331|12|1
2026-09-25|ACWcmFdoooI|98828|855|98
2026-09-25|K1nv2BQmcuE|15365|17|0
2026-09-25|qiXVQKp649k|2410|23|2
2026-09-25|4HsK_-QQE5Y|472743|988|46
2026-09-25|VEToVzEkA4U|917295|3441|868
2026-09-25|5nR_9GozJD8|64141|567|20
2026-09-25|trnQ7dvE1t0|61211|678|92
2026-09-25|YHIEzhxNnmE|3094|11|0
2026-09-25|gRk7VLMEd88|426020|888|149
2026-09-25|oVXwUnd5Q9A|107879|850|187
2026-09-25|zmHGyUJ8Bko|156516|1147|172
2026-09-25|ZHS7EQllvXg|170374|1068|852
2026-09-25|yR6A9XtnPs0|55725|151|153
2026-09-25|rrtT_Q6EH1g|2243|5|0
2026-09-25|zMlYt7MVIWE|169801|1624|562
2026-09-25|D3wvC2VMaIM|1613|3|0
2026-09-25|hN7mbVKLSsA|85665|452|279
2026-09-25|MOdmOgKLApY|216|0|0
2026-09-25|ko90LrM7h44|15425|90|0
2026-09-25|PM9PYyNMX08|126658|464|13
2026-09-25|hU-4TTpLl3w|15742|22|4
2026-09-25|YOUTbNpoFSc|17288|75|3
2026-09-25|zs9rbbWnabE|203911|2575|37
2026-09-25|bgvMfAc2UUw|23616|197|4
2026-09-25|9wF7zd0nBvA|229363|968|187
2026-09-25|-L1ezEDzA8A|495881|5053|413
2026-09-25|_u6J6o4uJ-k|16361|65|6
2026-09-25|wtSEtWQYM8E|379983|3233|73
2026-09-25|YvPMi2VbZjo|34844|30|0
2026-09-25|5elgntIjGu4|35945|161|1
2026-09-25|QGsRfEZtn4U|24697|137|0
2026-09-25|rzjRZybjaKE|14692|154|0
2026-09-25|gJa5ZPOIHSU|26202|133|0
2026-09-25|7rrNoOctYgA|37615|333|1
2026-09-25|Z49lMut2CnY|9880|75|0
2026-09-25|XPlvGMIK8wg|15065|119|2
2026-09-25|R1dosdJlnCI|1003585|5170|106
2026-09-25|iyF6lixZhyU|19705|49|4
2026-09-25|nRjOO8SbrMs|2607|6|0
2026-09-25|uGttLeDs7eU|13874|104|77
2026-09-25|FcfJk-1YlcA|1177|5|0
2026-09-25|feYGFdXmiTc|13612|166|4
2026-09-25|2M-R9KONE9E|4624|12|0
2026-09-25|_DvVMl7AQOU|464183|1015|363
2026-09-25|YuYmr8wZkFY|2115|22|1
2026-09-25|J_Ig46zoDVE|587018|2889|2
2026-09-25|EzsrgKzqUqw|50430|52|3
2026-09-25|d5JqZxXGVJ8|4840|56|3
2026-09-25|O8Xyy-KEOw4|1081785|1826|77
2026-09-25|TNGdktR_E9I|184680|593|32
2026-09-25|VZcwPfEa2ls|2398|29|1
2026-09-25|HVIn8XyPbZg|94498|305|13
2026-09-25|WxpMRo81h9o|4831|34|2
2026-09-25|B-uU51xCD4Q|13559|75|1
2026-09-25|O8eozdRYGPU|2614|17|2
2026-09-25|59Q-qxjBNTA|106859|212|12
2026-09-25|w47WLVT7Utk|3447|40|4
2026-09-25|MZdKVlFz62U|60841|254|1
2026-09-25|7faUUqjnLRU|3198|27|2
2026-09-25|YS-wGw2r6jo|26479|144|2
2026-09-25|KbYf5TaBRzE|257939|975|125
2026-09-25|acrxjcS5ksw|50909|150|38
2026-09-25|PbqZ9vt-2wQ|63272|232|17
2026-09-25|Yt1cBf1Bf48|68764|157|19
